canonical_name,original_column,years,rationale,caveats
ADMCON4,ADMCON4__IC__00010536__DC2ACD04E656,"[2004,2005,2006,2007,2008,2009,2010,2011,2012,2013]",IC 2013→ADM 2014 has equal full definitions and equal boundary code meanings; same variable number.,"[""Code repertoire changes in 2016 (4 removed, 5 added); code 3 wording changes in 2022 from neither required nor recommended to not considered even if submitted. Preserve year-specific code meanings.""]"
ADMCON4,ADMCON4__ADM__00010536__52447A17EC3A,"[2014,2015,2016,2017,2018,2019,2020,2021,2022,2023,2024]",IC 2013→ADM 2014 has equal full definitions and equal boundary code meanings; same variable number.,"[""Code repertoire changes in 2016 (4 removed, 5 added); code 3 wording changes in 2022 from neither required nor recommended to not considered even if submitted. Preserve year-specific code meanings.""]"
ADMCON8,ADMCON8__IC__00010556__CB5C7825B4AA,"[2004,2005,2006,2007,2008,2009,2010,2011,2012,2013]",IC 2013→ADM 2014 has equal full definitions and equal boundary code meanings; same variable number.,"[""Code repertoire changes in 2016 (4 removed, 5 added); code 3 wording changes in 2022 from neither required nor recommended to not considered even if submitted. Preserve year-specific code meanings."",""TOEFL becomes the broader English Proficiency Test in 2022.""]"
ADMCON8,ADMCON8__ADM__00010556__FAB7E3CF94F4,"[2014,2015,2016,2017,2018,2019,2020,2021,2022,2023,2024]",IC 2013→ADM 2014 has equal full definitions and equal boundary code meanings; same variable number.,"[""Code repertoire changes in 2016 (4 removed, 5 added); code 3 wording changes in 2022 from neither required nor recommended to not considered even if submitted. Preserve year-specific code meanings."",""TOEFL becomes the broader English Proficiency Test in 2022.""]"
AGRNT_A,AGRNT_A__SFA__00070321__63622AA44B6B,[2008],SFA 2008→SFA_P 2009 retains the same number and core full definition after annual-cohort normalization and removal of the old perturbation notice.,"[""Old source has an explicit disclosure-perturbation notice. 2014 wording changes received/receiving to awarded within the later column. Preserve that reporting-basis caveat; no assertion of whole-series measurement invariance. 2024 SFA maps to the later column.""]"
AGRNT_A,AGRNT_A__SFA_P__00070321__516B07129244,"[2009,2010,2011,2012,2013,2014,2015,2016,2017,2018,2019,2020,2021,2022,2023,2024]",SFA 2008→SFA_P 2009 retains the same number and core full definition after annual-cohort normalization and removal of the old perturbation notice.,"[""Old source has an explicit disclosure-perturbation notice. 2014 wording changes received/receiving to awarded within the later column. Preserve that reporting-basis caveat; no assertion of whole-series measurement invariance. 2024 SFA maps to the later column.""]"
AGRNT_N,AGRNT_N__SFA__00070311__F61310F8F94D,[2008],SFA 2008→SFA_P 2009 retains the same number and core full definition after annual-cohort normalization and removal of the old perturbation notice.,"[""Old source has an explicit disclosure-perturbation notice. 2014 wording changes received/receiving to awarded within the later column. Preserve that reporting-basis caveat; no assertion of whole-series measurement invariance. 2024 SFA maps to the later column.""]"
AGRNT_N,AGRNT_N__SFA_P__00070311__7772381601BE,"[2009,2010,2011,2012,2013,2014,2015,2016,2017,2018,2019,2020,2021,2022,2023,2024]",SFA 2008→SFA_P 2009 retains the same number and core full definition after annual-cohort normalization and removal of the old perturbation notice.,"[""Old source has an explicit disclosure-perturbation notice. 2014 wording changes received/receiving to awarded within the later column. Preserve that reporting-basis caveat; no assertion of whole-series measurement invariance. 2024 SFA maps to the later column.""]"
AGRNT_P,AGRNT_P__SFA__00070316__73E234ED3E6C,[2008],SFA 2008→SFA_P 2009 retains the same number and core full definition after annual-cohort normalization and removal of the old perturbation notice.,"[""Old source has an explicit disclosure-perturbation notice. 2014 wording changes received/receiving to awarded within the later column. Preserve that reporting-basis caveat; no assertion of whole-series measurement invariance. 2024 SFA maps to the later column.""]"
AGRNT_P,AGRNT_P__SFA_P__00070316__6D2CBF72DB63,"[2009,2010,2011,2012,2013,2014,2015,2016,2017,2018,2019,2020,2021,2022,2023,2024]",SFA 2008→SFA_P 2009 retains the same number and core full definition after annual-cohort normalization and removal of the old perturbation notice.,"[""Old source has an explicit disclosure-perturbation notice. 2014 wording changes received/receiving to awarded within the later column. Preserve that reporting-basis caveat; no assertion of whole-series measurement invariance. 2024 SFA maps to the later column.""]"
ANYAIDN,ANYAIDN__SFA__00070196__8166A49A2EED,"[2004,2005,2006,2007,2008]",SFA 2008→SFA_P 2009 retains the same number and core full definition after annual-cohort normalization and removal of the old perturbation notice.,"[""Old source has an explicit disclosure-perturbation notice. 2014 wording changes received/receiving to awarded within the later column. Preserve that reporting-basis caveat; no assertion of whole-series measurement invariance. 2024 SFA maps to the later column.""]"
ANYAIDN,ANYAIDN__SFA_P__00070196__9C746E21D858,"[2009,2010,2011,2012,2013,2014,2015,2016,2017,2018,2019,2020,2021,2022,2023,2024]",SFA 2008→SFA_P 2009 retains the same number and core full definition after annual-cohort normalization and removal of the old perturbation notice.,"[""Old source has an explicit disclosure-perturbation notice. 2014 wording changes received/receiving to awarded within the later column. Preserve that reporting-basis caveat; no assertion of whole-series measurement invariance. 2024 SFA maps to the later column.""]"
ANYAIDP,ANYAIDP__SFA__00070201__321131AD8897,"[2004,2005,2006,2007,2008]",SFA 2008→SFA_P 2009 retains the same number and core full definition after annual-cohort normalization and removal of the old perturbation notice.,"[""Old source has an explicit disclosure-perturbation notice. 2014 wording changes received/receiving to awarded within the later column. Preserve that reporting-basis caveat; no assertion of whole-series measurement invariance. 2024 SFA maps to the later column.""]"
ANYAIDP,ANYAIDP__SFA_P__00070201__3029359FB165,"[2009,2010,2011,2012,2013,2014,2015,2016,2017,2018,2019,2020,2021,2022,2023,2024]",SFA 2008→SFA_P 2009 retains the same number and core full definition after annual-cohort normalization and removal of the old perturbation notice.,"[""Old source has an explicit disclosure-perturbation notice. 2014 wording changes received/receiving to awarded within the later column. Preserve that reporting-basis caveat; no assertion of whole-series measurement invariance. 2024 SFA maps to the later column.""]"
CINDFAM,CINDFAM__IC_AY__00011601__91CB9C79E2C8,"[2004,2005]","IC_AY 2004–2005 to DRVIC 2006: same variable number, population, academic-year position, cost components and explicit formula. Boundary full definitions match after annual-period normalization. 2024 DRVCOST already maps into the DRVIC column.","[""Keep all nine residence and living-arrangement measures distinct. Later room/board wording becomes food/housing; preserve annual source metadata.""]"
CINDFAM,CINDFAM__DRVIC__00011601__237F5A40827B,"[2006,2007,2008,2009,2010,2011,2012,2013,2014,2015,2016,2017,2018,2019,2020,2021,2022,2023,2024]","IC_AY 2004–2005 to DRVIC 2006: same variable number, population, academic-year position, cost components and explicit formula. Boundary full definitions match after annual-period normalization. 2024 DRVCOST already maps into the DRVIC column.","[""Keep all nine residence and living-arrangement measures distinct. Later room/board wording becomes food/housing; preserve annual source metadata.""]"
CINDOFF,CINDOFF__IC_AY__00011586__9094F303B2B1,"[2004,2005]","IC_AY 2004–2005 to DRVIC 2006: same variable number, population, academic-year position, cost components and explicit formula. Boundary full definitions match after annual-period normalization. 2024 DRVCOST already maps into the DRVIC column.","[""Keep all nine residence and living-arrangement measures distinct. Later room/board wording becomes food/housing; preserve annual source metadata.""]"
CINDOFF,CINDOFF__DRVIC__00011586__19FE4A3E9D6C,"[2006,2007,2008,2009,2010,2011,2012,2013,2014,2015,2016,2017,2018,2019,2020,2021,2022,2023,2024]","IC_AY 2004–2005 to DRVIC 2006: same variable number, population, academic-year position, cost components and explicit formula. Boundary full definitions match after annual-period normalization. 2024 DRVCOST already maps into the DRVIC column.","[""Keep all nine residence and living-arrangement measures distinct. Later room/board wording becomes food/housing; preserve annual source metadata.""]"
CINDON,CINDON__IC_AY__00011571__22E03F167FAB,"[2004,2005]","IC_AY 2004–2005 to DRVIC 2006: same variable number, population, academic-year position, cost components and explicit formula. Boundary full definitions match after annual-period normalization. 2024 DRVCOST already maps into the DRVIC column.","[""Keep all nine residence and living-arrangement measures distinct. Later room/board wording becomes food/housing; preserve annual source metadata.""]"
CINDON,CINDON__DRVIC__00011571__FEB6F443AB40,"[2006,2007,2008,2009,2010,2011,2012,2013,2014,2015,2016,2017,2018,2019,2020,2021,2022,2023,2024]","IC_AY 2004–2005 to DRVIC 2006: same variable number, population, academic-year position, cost components and explicit formula. Boundary full definitions match after annual-period normalization. 2024 DRVCOST already maps into the DRVIC column.","[""Keep all nine residence and living-arrangement measures distinct. Later room/board wording becomes food/housing; preserve annual source metadata.""]"
CINSFAM,CINSFAM__IC_AY__00011606__8357789F66A4,"[2004,2005]","IC_AY 2004–2005 to DRVIC 2006: same variable number, population, academic-year position, cost components and explicit formula. Boundary full definitions match after annual-period normalization. 2024 DRVCOST already maps into the DRVIC column.","[""Keep all nine residence and living-arrangement measures distinct. Later room/board wording becomes food/housing; preserve annual source metadata.""]"
CINSFAM,CINSFAM__DRVIC__00011606__259EC43F650D,"[2006,2007,2008,2009,2010,2011,2012,2013,2014,2015,2016,2017,2018,2019,2020,2021,2022,2023,2024]","IC_AY 2004–2005 to DRVIC 2006: same variable number, population, academic-year position, cost components and explicit formula. Boundary full definitions match after annual-period normalization. 2024 DRVCOST already maps into the DRVIC column.","[""Keep all nine residence and living-arrangement measures distinct. Later room/board wording becomes food/housing; preserve annual source metadata.""]"
CINSOFF,CINSOFF__IC_AY__00011591__E4F11296FE61,"[2004,2005]","IC_AY 2004–2005 to DRVIC 2006: same variable number, population, academic-year position, cost components and explicit formula. Boundary full definitions match after annual-period normalization. 2024 DRVCOST already maps into the DRVIC column.","[""Keep all nine residence and living-arrangement measures distinct. Later room/board wording becomes food/housing; preserve annual source metadata.""]"
CINSOFF,CINSOFF__DRVIC__00011591__EEDFD8BF2AA3,"[2006,2007,2008,2009,2010,2011,2012,2013,2014,2015,2016,2017,2018,2019,2020,2021,2022,2023,2024]","IC_AY 2004–2005 to DRVIC 2006: same variable number, population, academic-year position, cost components and explicit formula. Boundary full definitions match after annual-period normalization. 2024 DRVCOST already maps into the DRVIC column.","[""Keep all nine residence and living-arrangement measures distinct. Later room/board wording becomes food/housing; preserve annual source metadata.""]"
CINSON,CINSON__IC_AY__00011576__5C64BAA0523B,"[2004,2005]","IC_AY 2004–2005 to DRVIC 2006: same variable number, population, academic-year position, cost components and explicit formula. Boundary full definitions match after annual-period normalization. 2024 DRVCOST already maps into the DRVIC column.","[""Keep all nine residence and living-arrangement measures distinct. Later room/board wording becomes food/housing; preserve annual source metadata.""]"
CINSON,CINSON__DRVIC__00011576__00ED8A1BEBF7,"[2006,2007,2008,2009,2010,2011,2012,2013,2014,2015,2016,2017,2018,2019,2020,2021,2022,2023,2024]","IC_AY 2004–2005 to DRVIC 2006: same variable number, population, academic-year position, cost components and explicit formula. Boundary full definitions match after annual-period normalization. 2024 DRVCOST already maps into the DRVIC column.","[""Keep all nine residence and living-arrangement measures distinct. Later room/board wording becomes food/housing; preserve annual source metadata.""]"
COTSFAM,COTSFAM__IC_AY__00011611__4F374B821054,"[2004,2005]","IC_AY 2004–2005 to DRVIC 2006: same variable number, population, academic-year position, cost components and explicit formula. Boundary full definitions match after annual-period normalization. 2024 DRVCOST already maps into the DRVIC column.","[""Keep all nine residence and living-arrangement measures distinct. Later room/board wording becomes food/housing; preserve annual source metadata.""]"
COTSFAM,COTSFAM__DRVIC__00011611__7A57AE2D335B,"[2006,2007,2008,2009,2010,2011,2012,2013,2014,2015,2016,2017,2018,2019,2020,2021,2022,2023,2024]","IC_AY 2004–2005 to DRVIC 2006: same variable number, population, academic-year position, cost components and explicit formula. Boundary full definitions match after annual-period normalization. 2024 DRVCOST already maps into the DRVIC column.","[""Keep all nine residence and living-arrangement measures distinct. Later room/board wording becomes food/housing; preserve annual source metadata.""]"
COTSOFF,COTSOFF__IC_AY__00011596__F13C894D06BF,"[2004,2005]","IC_AY 2004–2005 to DRVIC 2006: same variable number, population, academic-year position, cost components and explicit formula. Boundary full definitions match after annual-period normalization. 2024 DRVCOST already maps into the DRVIC column.","[""Keep all nine residence and living-arrangement measures distinct. Later room/board wording becomes food/housing; preserve annual source metadata.""]"
COTSOFF,COTSOFF__DRVIC__00011596__5BC6CB49C4E5,"[2006,2007,2008,2009,2010,2011,2012,2013,2014,2015,2016,2017,2018,2019,2020,2021,2022,2023,2024]","IC_AY 2004–2005 to DRVIC 2006: same variable number, population, academic-year position, cost components and explicit formula. Boundary full definitions match after annual-period normalization. 2024 DRVCOST already maps into the DRVIC column.","[""Keep all nine residence and living-arrangement measures distinct. Later room/board wording becomes food/housing; preserve annual source metadata.""]"
COTSON,COTSON__IC_AY__00011581__64ED7DD8270A,"[2004,2005]","IC_AY 2004–2005 to DRVIC 2006: same variable number, population, academic-year position, cost components and explicit formula. Boundary full definitions match after annual-period normalization. 2024 DRVCOST already maps into the DRVIC column.","[""Keep all nine residence and living-arrangement measures distinct. Later room/board wording becomes food/housing; preserve annual source metadata.""]"
COTSON,COTSON__DRVIC__00011581__5E54C4601E32,"[2006,2007,2008,2009,2010,2011,2012,2013,2014,2015,2016,2017,2018,2019,2020,2021,2022,2023,2024]","IC_AY 2004–2005 to DRVIC 2006: same variable number, population, academic-year position, cost components and explicit formula. Boundary full definitions match after annual-period normalization. 2024 DRVCOST already maps into the DRVIC column.","[""Keep all nine residence and living-arrangement measures distinct. Later room/board wording becomes food/housing; preserve annual source metadata.""]"
DFRCUSCG,DFRCUSCG__CUSTOMCG__00016000__ADEF7C31903E,[2010],"Same-number source-table relocation with matching full boundary definition after annual-period normalization. CUSTOMCG 2010 and HD 2011 have identical meanings for all four codes (1, 2, -1, -2).",[]
DFRCUSCG,DFRCUSCG__HD__00016000__95607880F445,"[2011,2012,2013,2014,2015,2016,2017,2018,2019,2020,2021,2022,2023,2024]","Same-number source-table relocation with matching full boundary definition after annual-period normalization. CUSTOMCG 2010 and HD 2011 have identical meanings for all four codes (1, 2, -1, -2).",[]
F1SYSNAM_2006_2024,F1SYSNAM__FLAGS__00016071__B025E5C7E58F,"[2006,2007,2008,2009]",Same 16071 definition at FLAGS 2009→HD 2010; 60071 remains separate and the later 2012 definition change is retained in annual metadata.,"[""HD definition becomes multi-institution/multi-campus organization in 2012 and explicitly excludes single-institution owner, corporate name, governing board and coordinating systems.""]"
F1SYSNAM_2006_2024,F1SYSNAM__HD__00016071__CDF351E00584,"[2010,2011,2012,2013,2014,2015,2016,2017,2018,2019,2020,2021,2022,2023,2024]",Same 16071 definition at FLAGS 2009→HD 2010; 60071 remains separate and the later 2012 definition change is retained in annual metadata.,"[""HD definition becomes multi-institution/multi-campus organization in 2012 and explicitly excludes single-institution owner, corporate name, governing board and coordinating systems.""]"
FGRNT_A,FGRNT_A__SFA__00070216__B9AAF5AA4772,"[2004,2005,2006,2007,2008]",SFA 2008→SFA_P 2009 retains the same number and core full definition after annual-cohort normalization and removal of the old perturbation notice.,"[""Old source has an explicit disclosure-perturbation notice. 2014 wording changes received/receiving to awarded within the later column. Preserve that reporting-basis caveat; no assertion of whole-series measurement invariance. 2024 SFA maps to the later column.""]"
FGRNT_A,FGRNT_A__SFA_P__00070216__A44C9F2D3A23,"[2009,2010,2011,2012,2013,2014,2015,2016,2017,2018,2019,2020,2021,2022,2023,2024]",SFA 2008→SFA_P 2009 retains the same number and core full definition after annual-cohort normalization and removal of the old perturbation notice.,"[""Old source has an explicit disclosure-perturbation notice. 2014 wording changes received/receiving to awarded within the later column. Preserve that reporting-basis caveat; no assertion of whole-series measurement invariance. 2024 SFA maps to the later column.""]"
FGRNT_N,FGRNT_N__SFA__00070206__9FA37745D2DB,"[2004,2005,2006,2007,2008]",SFA 2008→SFA_P 2009 retains the same number and core full definition after annual-cohort normalization and removal of the old perturbation notice.,"[""Old source has an explicit disclosure-perturbation notice. 2014 wording changes received/receiving to awarded within the later column. Preserve that reporting-basis caveat; no assertion of whole-series measurement invariance. 2024 SFA maps to the later column.""]"
FGRNT_N,FGRNT_N__SFA_P__00070206__8A619698EC6E,"[2009,2010,2011,2012,2013,2014,2015,2016,2017,2018,2019,2020,2021,2022,2023,2024]",SFA 2008→SFA_P 2009 retains the same number and core full definition after annual-cohort normalization and removal of the old perturbation notice.,"[""Old source has an explicit disclosure-perturbation notice. 2014 wording changes received/receiving to awarded within the later column. Preserve that reporting-basis caveat; no assertion of whole-series measurement invariance. 2024 SFA maps to the later column.""]"
FGRNT_P,FGRNT_P__SFA__00070211__72C4B437412C,"[2004,2005,2006,2007,2008]",SFA 2008→SFA_P 2009 retains the same number and core full definition after annual-cohort normalization and removal of the old perturbation notice.,"[""Old source has an explicit disclosure-perturbation notice. 2014 wording changes received/receiving to awarded within the later column. Preserve that reporting-basis caveat; no assertion of whole-series measurement invariance. 2024 SFA maps to the later column.""]"
FGRNT_P,FGRNT_P__SFA_P__00070211__6854879C86ED,"[2009,2010,2011,2012,2013,2014,2015,2016,2017,2018,2019,2020,2021,2022,2023,2024]",SFA 2008→SFA_P 2009 retains the same number and core full definition after annual-cohort normalization and removal of the old perturbation notice.,"[""Old source has an explicit disclosure-perturbation notice. 2014 wording changes received/receiving to awarded within the later column. Preserve that reporting-basis caveat; no assertion of whole-series measurement invariance. 2024 SFA maps to the later column.""]"
FLOAN_A,FLOAN_A__SFA__00070366__65B6C34182B6,[2008],SFA 2008→SFA_P 2009 retains the same number and core full definition after annual-cohort normalization and removal of the old perturbation notice.,"[""Old source has an explicit disclosure-perturbation notice. 2014 wording changes received/receiving to awarded within the later column. Preserve that reporting-basis caveat; no assertion of whole-series measurement invariance. 2024 SFA maps to the later column.""]"
FLOAN_A,FLOAN_A__SFA_P__00070366__7359E5980342,"[2009,2010,2011,2012,2013,2014,2015,2016,2017,2018,2019,2020,2021,2022,2023,2024]",SFA 2008→SFA_P 2009 retains the same number and core full definition after annual-cohort normalization and removal of the old perturbation notice.,"[""Old source has an explicit disclosure-perturbation notice. 2014 wording changes received/receiving to awarded within the later column. Preserve that reporting-basis caveat; no assertion of whole-series measurement invariance. 2024 SFA maps to the later column.""]"
FLOAN_N,FLOAN_N__SFA__00070356__795D1F3B5AC7,[2008],SFA 2008→SFA_P 2009 retains the same number and core full definition after annual-cohort normalization and removal of the old perturbation notice.,"[""Old source has an explicit disclosure-perturbation notice. 2014 wording changes received/receiving to awarded within the later column. Preserve that reporting-basis caveat; no assertion of whole-series measurement invariance. 2024 SFA maps to the later column.""]"
FLOAN_N,FLOAN_N__SFA_P__00070356__8885517A3C9A,"[2009,2010,2011,2012,2013,2014,2015,2016,2017,2018,2019,2020,2021,2022,2023,2024]",SFA 2008→SFA_P 2009 retains the same number and core full definition after annual-cohort normalization and removal of the old perturbation notice.,"[""Old source has an explicit disclosure-perturbation notice. 2014 wording changes received/receiving to awarded within the later column. Preserve that reporting-basis caveat; no assertion of whole-series measurement invariance. 2024 SFA maps to the later column.""]"
FLOAN_P,FLOAN_P__SFA__00070361__2CE265A8DA69,[2008],SFA 2008→SFA_P 2009 retains the same number and core full definition after annual-cohort normalization and removal of the old perturbation notice.,"[""Old source has an explicit disclosure-perturbation notice. 2014 wording changes received/receiving to awarded within the later column. Preserve that reporting-basis caveat; no assertion of whole-series measurement invariance. 2024 SFA maps to the later column.""]"
FLOAN_P,FLOAN_P__SFA_P__00070361__A9AEB207431F,"[2009,2010,2011,2012,2013,2014,2015,2016,2017,2018,2019,2020,2021,2022,2023,2024]",SFA 2008→SFA_P 2009 retains the same number and core full definition after annual-cohort normalization and removal of the old perturbation notice.,"[""Old source has an explicit disclosure-perturbation notice. 2014 wording changes received/receiving to awarded within the later column. Preserve that reporting-basis caveat; no assertion of whole-series measurement invariance. 2024 SFA maps to the later column.""]"
FTE12MN,FTE12MN__DFR__00023365__998387260B98,"[2004,2005]","DFR 2005→DRVEF 2006 describes the same undergraduate/graduate credit/contact-hour divisors, reported-FTE option and estimated first-professional FTE. Text is reorganized and expanded, not an exact normalized match.","[""Later definitions replace estimated first-professional FTE with reported doctoral professional-practice FTE. The source-table join is compatible, but the full series needs a methodology-era note.""]"
FTE12MN,FTE12MN__DRVEF__00023365__D19CDB73F482,"[2006,2007,2008,2009,2010,2011,2012,2013,2014,2015,2016,2017,2018,2019,2020,2021,2022,2023,2024]","DFR 2005→DRVEF 2006 describes the same undergraduate/graduate credit/contact-hour divisors, reported-FTE option and estimated first-professional FTE. Text is reorganized and expanded, not an exact normalized match.","[""Later definitions replace estimated first-professional FTE with reported doctoral professional-practice FTE. The source-table join is compatible, but the full series needs a methodology-era note.""]"
FTE,FTE__DFR__00020061__FB7D3229593E,"[2004,2005]",Same-number source-table relocation with matching full boundary definition after annual-period normalization.,"[""Do not combine fall FTE, 12-month headcount, and undergraduate-only headcount with each other.""]"
FTE,FTE__DRVEF__00020061__075195670360,"[2006,2007,2008,2009,2010,2011,2012,2013,2014,2015,2016,2017,2018,2019,2020,2021,2022,2023,2024]",Same-number source-table relocation with matching full boundary definition after annual-period normalization.,"[""Do not combine fall FTE, 12-month headcount, and undergraduate-only headcount with each other.""]"
GBA4RTT,GBA4RTT__DFR__00081027__808434351D9A,"[2004,2005]","DFR→GR200→DRVGR retains the same graduation/transfer numerator, adjusted cohort denominator, duration, sex/race subset, variable number and annual cohort relationship. Boundary text differs by calendar/table year; GBA6RTW also renames the women-total source field, and GBATRRT has an editorial correction.","[""Keep four-, five-, six-year rates, transfer-out rates, and demographic subsets distinct. Earlier metadata contains disclosure perturbation notices; retain annual metadata.""]"
GBA4RTT,GBA4RTT__GR200__00081027__74536CF2EB11,"[2006,2007,2008,2009]","DFR→GR200→DRVGR retains the same graduation/transfer numerator, adjusted cohort denominator, duration, sex/race subset, variable number and annual cohort relationship. Boundary text differs by calendar/table year; GBA6RTW also renames the women-total source field, and GBATRRT has an editorial correction.","[""Keep four-, five-, six-year rates, transfer-out rates, and demographic subsets distinct. Earlier metadata contains disclosure perturbation notices; retain annual metadata.""]"
GBA4RTT,GBA4RTT__DRVGR__00081027__460439B06CD3,"[2010,2011,2012,2013,2014,2015,2016,2017,2018,2019,2020,2021,2022,2023,2024]","DFR→GR200→DRVGR retains the same graduation/transfer numerator, adjusted cohort denominator, duration, sex/race subset, variable number and annual cohort relationship. Boundary text differs by calendar/table year; GBA6RTW also renames the women-total source field, and GBATRRT has an editorial correction.","[""Keep four-, five-, six-year rates, transfer-out rates, and demographic subsets distinct. Earlier metadata contains disclosure perturbation notices; retain annual metadata.""]"
GBA5RTT,GBA5RTT__DFR__00081029__38363671F2F3,"[2004,2005]","DFR→GR200→DRVGR retains the same graduation/transfer numerator, adjusted cohort denominator, duration, sex/race subset, variable number and annual cohort relationship. Boundary text differs by calendar/table year; GBA6RTW also renames the women-total source field, and GBATRRT has an editorial correction.","[""Keep four-, five-, six-year rates, transfer-out rates, and demographic subsets distinct. Earlier metadata contains disclosure perturbation notices; retain annual metadata.""]"
GBA5RTT,GBA5RTT__GR200__00081029__5D1EED0CC8CA,"[2006,2007,2008,2009]","DFR→GR200→DRVGR retains the same graduation/transfer numerator, adjusted cohort denominator, duration, sex/race subset, variable number and annual cohort relationship. Boundary text differs by calendar/table year; GBA6RTW also renames the women-total source field, and GBATRRT has an editorial correction.","[""Keep four-, five-, six-year rates, transfer-out rates, and demographic subsets distinct. Earlier metadata contains disclosure perturbation notices; retain annual metadata.""]"
GBA5RTT,GBA5RTT__DRVGR__00081029__E9F8B6155100,"[2010,2011,2012,2013,2014,2015,2016,2017,2018,2019,2020,2021,2022,2023,2024]","DFR→GR200→DRVGR retains the same graduation/transfer numerator, adjusted cohort denominator, duration, sex/race subset, variable number and annual cohort relationship. Boundary text differs by calendar/table year; GBA6RTW also renames the women-total source field, and GBATRRT has an editorial correction.","[""Keep four-, five-, six-year rates, transfer-out rates, and demographic subsets distinct. Earlier metadata contains disclosure perturbation notices; retain annual metadata.""]"
GBA6RT2M,GBA6RT2M__GR200__00081066__02AE7B819668,"[2008,2009]","DFR→GR200→DRVGR retains the same graduation/transfer numerator, adjusted cohort denominator, duration, sex/race subset, variable number and annual cohort relationship. Boundary text differs by calendar/table year; GBA6RTW also renames the women-total source field, and GBATRRT has an editorial correction.","[""Keep four-, five-, six-year rates, transfer-out rates, and demographic subsets distinct. Earlier metadata contains disclosure perturbation notices; retain annual metadata."",""Race reporting changes across the historical span; older combined categories and optional/new reporting regimes require explicit year metadata. Source-table equivalence at the join does not establish race-population invariance across all years.""]"
GBA6RT2M,GBA6RT2M__DRVGR__00081066__D1846A017FB0,"[2010,2011,2012,2013,2014,2015,2016,2017,2018,2019,2020,2021,2022,2023,2024]","DFR→GR200→DRVGR retains the same graduation/transfer numerator, adjusted cohort denominator, duration, sex/race subset, variable number and annual cohort relationship. Boundary text differs by calendar/table year; GBA6RTW also renames the women-total source field, and GBATRRT has an editorial correction.","[""Keep four-, five-, six-year rates, transfer-out rates, and demographic subsets distinct. Earlier metadata contains disclosure perturbation notices; retain annual metadata."",""Race reporting changes across the historical span; older combined categories and optional/new reporting regimes require explicit year metadata. Source-table equivalence at the join does not establish race-population invariance across all years.""]"
GBA6RTAN,GBA6RTAN__DFR__00081045__B260E9F6BCEB,"[2004,2005]","DFR→GR200→DRVGR retains the same graduation/transfer numerator, adjusted cohort denominator, duration, sex/race subset, variable number and annual cohort relationship. Boundary text differs by calendar/table year; GBA6RTW also renames the women-total source field, and GBATRRT has an editorial correction.","[""Keep four-, five-, six-year rates, transfer-out rates, and demographic subsets distinct. Earlier metadata contains disclosure perturbation notices; retain annual metadata."",""Race reporting changes across the historical span; older combined categories and optional/new reporting regimes require explicit year metadata. Source-table equivalence at the join does not establish race-population invariance across all years.""]"
GBA6RTAN,GBA6RTAN__GR200__00081045__98EFBAC84086,"[2006,2007,2008,2009]","DFR→GR200→DRVGR retains the same graduation/transfer numerator, adjusted cohort denominator, duration, sex/race subset, variable number and annual cohort relationship. Boundary text differs by calendar/table year; GBA6RTW also renames the women-total source field, and GBATRRT has an editorial correction.","[""Keep four-, five-, six-year rates, transfer-out rates, and demographic subsets distinct. Earlier metadata contains disclosure perturbation notices; retain annual metadata."",""Race reporting changes across the historical span; older combined categories and optional/new reporting regimes require explicit year metadata. Source-table equivalence at the join does not establish race-population invariance across all years.""]"
GBA6RTAN,GBA6RTAN__DRVGR__00081045__6EDD6720DBE8,"[2010,2011,2012,2013,2014,2015,2016,2017,2018,2019,2020,2021,2022,2023,2024]","DFR→GR200→DRVGR retains the same graduation/transfer numerator, adjusted cohort denominator, duration, sex/race subset, variable number and annual cohort relationship. Boundary text differs by calendar/table year; GBA6RTW also renames the women-total source field, and GBATRRT has an editorial correction.","[""Keep four-, five-, six-year rates, transfer-out rates, and demographic subsets distinct. Earlier metadata contains disclosure perturbation notices; retain annual metadata."",""Race reporting changes across the historical span; older combined categories and optional/new reporting regimes require explicit year metadata. Source-table equivalence at the join does not establish race-population invariance across all years.""]"
GBA6RTAP,GBA6RTAP__DFR__00081043__8E7AF6AA320F,"[2004,2005]","DFR→GR200→DRVGR retains the same graduation/transfer numerator, adjusted cohort denominator, duration, sex/race subset, variable number and annual cohort relationship. Boundary text differs by calendar/table year; GBA6RTW also renames the women-total source field, and GBATRRT has an editorial correction.","[""Keep four-, five-, six-year rates, transfer-out rates, and demographic subsets distinct. Earlier metadata contains disclosure perturbation notices; retain annual metadata."",""Race reporting changes across the historical span; older combined categories and optional/new reporting regimes require explicit year metadata. Source-table equivalence at the join does not establish race-population invariance across all years.""]"
GBA6RTAP,GBA6RTAP__GR200__00081043__F70E253EE085,"[2006,2007,2008,2009]","DFR→GR200→DRVGR retains the same graduation/transfer numerator, adjusted cohort denominator, duration, sex/race subset, variable number and annual cohort relationship. Boundary text differs by calendar/table year; GBA6RTW also renames the women-total source field, and GBATRRT has an editorial correction.","[""Keep four-, five-, six-year rates, transfer-out rates, and demographic subsets distinct. Earlier metadata contains disclosure perturbation notices; retain annual metadata."",""Race reporting changes across the historical span; older combined categories and optional/new reporting regimes require explicit year metadata. Source-table equivalence at the join does not establish race-population invariance across all years.""]"
GBA6RTAP,GBA6RTAP__DRVGR__00081043__E5B227F63603,"[2010,2011,2012,2013,2014,2015,2016,2017,2018,2019,2020,2021,2022,2023,2024]","DFR→GR200→DRVGR retains the same graduation/transfer numerator, adjusted cohort denominator, duration, sex/race subset, variable number and annual cohort relationship. Boundary text differs by calendar/table year; GBA6RTW also renames the women-total source field, and GBATRRT has an editorial correction.","[""Keep four-, five-, six-year rates, transfer-out rates, and demographic subsets distinct. Earlier metadata contains disclosure perturbation notices; retain annual metadata."",""Race reporting changes across the historical span; older combined categories and optional/new reporting regimes require explicit year metadata. Source-table equivalence at the join does not establish race-population invariance across all years.""]"
GBA6RTBK,GBA6RTBK__DFR__00081039__F2207EFBD892,"[2004,2005]","DFR→GR200→DRVGR retains the same graduation/transfer numerator, adjusted cohort denominator, duration, sex/race subset, variable number and annual cohort relationship. Boundary text differs by calendar/table year; GBA6RTW also renames the women-total source field, and GBATRRT has an editorial correction.","[""Keep four-, five-, six-year rates, transfer-out rates, and demographic subsets distinct. Earlier metadata contains disclosure perturbation notices; retain annual metadata."",""Race reporting changes across the historical span; older combined categories and optional/new reporting regimes require explicit year metadata. Source-table equivalence at the join does not establish race-population invariance across all years.""]"
GBA6RTBK,GBA6RTBK__GR200__00081039__05DA18E18865,"[2006,2007,2008,2009]","DFR→GR200→DRVGR retains the same graduation/transfer numerator, adjusted cohort denominator, duration, sex/race subset, variable number and annual cohort relationship. Boundary text differs by calendar/table year; GBA6RTW also renames the women-total source field, and GBATRRT has an editorial correction.","[""Keep four-, five-, six-year rates, transfer-out rates, and demographic subsets distinct. Earlier metadata contains disclosure perturbation notices; retain annual metadata."",""Race reporting changes across the historical span; older combined categories and optional/new reporting regimes require explicit year metadata. Source-table equivalence at the join does not establish race-population invariance across all years.""]"
GBA6RTBK,GBA6RTBK__DRVGR__00081039__DFE0FD18EA4A,"[2010,2011,2012,2013,2014,2015,2016,2017,2018,2019,2020,2021,2022,2023,2024]","DFR→GR200→DRVGR retains the same graduation/transfer numerator, adjusted cohort denominator, duration, sex/race subset, variable number and annual cohort relationship. Boundary text differs by calendar/table year; GBA6RTW also renames the women-total source field, and GBATRRT has an editorial correction.","[""Keep four-, five-, six-year rates, transfer-out rates, and demographic subsets distinct. Earlier metadata contains disclosure perturbation notices; retain annual metadata."",""Race reporting changes across the historical span; older combined categories and optional/new reporting regimes require explicit year metadata. Source-table equivalence at the join does not establish race-population invariance across all years.""]"
GBA6RTHS,GBA6RTHS__DFR__00081041__5A5CDC9382FD,"[2004,2005]","DFR→GR200→DRVGR retains the same graduation/transfer numerator, adjusted cohort denominator, duration, sex/race subset, variable number and annual cohort relationship. Boundary text differs by calendar/table year; GBA6RTW also renames the women-total source field, and GBATRRT has an editorial correction.","[""Keep four-, five-, six-year rates, transfer-out rates, and demographic subsets distinct. Earlier metadata contains disclosure perturbation notices; retain annual metadata."",""Race reporting changes across the historical span; older combined categories and optional/new reporting regimes require explicit year metadata. Source-table equivalence at the join does not establish race-population invariance across all years.""]"
GBA6RTHS,GBA6RTHS__GR200__00081041__63B11049711F,"[2006,2007,2008,2009]","DFR→GR200→DRVGR retains the same graduation/transfer numerator, adjusted cohort denominator, duration, sex/race subset, variable number and annual cohort relationship. Boundary text differs by calendar/table year; GBA6RTW also renames the women-total source field, and GBATRRT has an editorial correction.","[""Keep four-, five-, six-year rates, transfer-out rates, and demographic subsets distinct. Earlier metadata contains disclosure perturbation notices; retain annual metadata."",""Race reporting changes across the historical span; older combined categories and optional/new reporting regimes require explicit year metadata. Source-table equivalence at the join does not establish race-population invariance across all years.""]"
GBA6RTHS,GBA6RTHS__DRVGR__00081041__34C3E9C00980,"[2010,2011,2012,2013,2014,2015,2016,2017,2018,2019,2020,2021,2022,2023,2024]","DFR→GR200→DRVGR retains the same graduation/transfer numerator, adjusted cohort denominator, duration, sex/race subset, variable number and annual cohort relationship. Boundary text differs by calendar/table year; GBA6RTW also renames the women-total source field, and GBATRRT has an editorial correction.","[""Keep four-, five-, six-year rates, transfer-out rates, and demographic subsets distinct. Earlier metadata contains disclosure perturbation notices; retain annual metadata."",""Race reporting changes across the historical span; older combined categories and optional/new reporting regimes require explicit year metadata. Source-table equivalence at the join does not establish race-population invariance across all years.""]"
GBA6RTM,GBA6RTM__DFR__00081033__0F5E12F1FF18,"[2004,2005]","DFR→GR200→DRVGR retains the same graduation/transfer numerator, adjusted cohort denominator, duration, sex/race subset, variable number and annual cohort relationship. Boundary text differs by calendar/table year; GBA6RTW also renames the women-total source field, and GBATRRT has an editorial correction.","[""Keep four-, five-, six-year rates, transfer-out rates, and demographic subsets distinct. Earlier metadata contains disclosure perturbation notices; retain annual metadata.""]"
GBA6RTM,GBA6RTM__GR200__00081033__CA2ECAB16AB0,"[2006,2007,2008,2009]","DFR→GR200→DRVGR retains the same graduation/transfer numerator, adjusted cohort denominator, duration, sex/race subset, variable number and annual cohort relationship. Boundary text differs by calendar/table year; GBA6RTW also renames the women-total source field, and GBATRRT has an editorial correction.","[""Keep four-, five-, six-year rates, transfer-out rates, and demographic subsets distinct. Earlier metadata contains disclosure perturbation notices; retain annual metadata.""]"
GBA6RTM,GBA6RTM__DRVGR__00081033__E0D2510F934A,"[2010,2011,2012,2013,2014,2015,2016,2017,2018,2019,2020,2021,2022,2023,2024]","DFR→GR200→DRVGR retains the same graduation/transfer numerator, adjusted cohort denominator, duration, sex/race subset, variable number and annual cohort relationship. Boundary text differs by calendar/table year; GBA6RTW also renames the women-total source field, and GBATRRT has an editorial correction.","[""Keep four-, five-, six-year rates, transfer-out rates, and demographic subsets distinct. Earlier metadata contains disclosure perturbation notices; retain annual metadata.""]"
GBA6RTNR,GBA6RTNR__DFR__00081049__31D20B4AA2C7,"[2004,2005]","DFR→GR200→DRVGR retains the same graduation/transfer numerator, adjusted cohort denominator, duration, sex/race subset, variable number and annual cohort relationship. Boundary text differs by calendar/table year; GBA6RTW also renames the women-total source field, and GBATRRT has an editorial correction.","[""Keep four-, five-, six-year rates, transfer-out rates, and demographic subsets distinct. Earlier metadata contains disclosure perturbation notices; retain annual metadata.""]"
GBA6RTNR,GBA6RTNR__GR200__00081049__494C56830CE0,"[2006,2007,2008,2009]","DFR→GR200→DRVGR retains the same graduation/transfer numerator, adjusted cohort denominator, duration, sex/race subset, variable number and annual cohort relationship. Boundary text differs by calendar/table year; GBA6RTW also renames the women-total source field, and GBATRRT has an editorial correction.","[""Keep four-, five-, six-year rates, transfer-out rates, and demographic subsets distinct. Earlier metadata contains disclosure perturbation notices; retain annual metadata.""]"
GBA6RTNR,GBA6RTNR__DRVGR__00081049__B440531E7959,"[2010,2011,2012,2013,2014,2015,2016,2017,2018,2019,2020,2021,2022,2023,2024]","DFR→GR200→DRVGR retains the same graduation/transfer numerator, adjusted cohort denominator, duration, sex/race subset, variable number and annual cohort relationship. Boundary text differs by calendar/table year; GBA6RTW also renames the women-total source field, and GBATRRT has an editorial correction.","[""Keep four-, five-, six-year rates, transfer-out rates, and demographic subsets distinct. Earlier metadata contains disclosure perturbation notices; retain annual metadata.""]"
GBA6RTT,GBA6RTT__DFR__00081031__AF91AC8EA0A0,"[2004,2005]","DFR→GR200→DRVGR retains the same graduation/transfer numerator, adjusted cohort denominator, duration, sex/race subset, variable number and annual cohort relationship. Boundary text differs by calendar/table year; GBA6RTW also renames the women-total source field, and GBATRRT has an editorial correction.","[""Keep four-, five-, six-year rates, transfer-out rates, and demographic subsets distinct. Earlier metadata contains disclosure perturbation notices; retain annual metadata.""]"
GBA6RTT,GBA6RTT__GR200__00081031__4572F9BB289C,"[2006,2007,2008,2009]","DFR→GR200→DRVGR retains the same graduation/transfer numerator, adjusted cohort denominator, duration, sex/race subset, variable number and annual cohort relationship. Boundary text differs by calendar/table year; GBA6RTW also renames the women-total source field, and GBATRRT has an editorial correction.","[""Keep four-, five-, six-year rates, transfer-out rates, and demographic subsets distinct. Earlier metadata contains disclosure perturbation notices; retain annual metadata.""]"
GBA6RTT,GBA6RTT__DRVGR__00081031__B5B0F3467396,"[2010,2011,2012,2013,2014,2015,2016,2017,2018,2019,2020,2021,2022,2023,2024]","DFR→GR200→DRVGR retains the same graduation/transfer numerator, adjusted cohort denominator, duration, sex/race subset, variable number and annual cohort relationship. Boundary text differs by calendar/table year; GBA6RTW also renames the women-total source field, and GBATRRT has an editorial correction.","[""Keep four-, five-, six-year rates, transfer-out rates, and demographic subsets distinct. Earlier metadata contains disclosure perturbation notices; retain annual metadata.""]"
GBA6RTUN,GBA6RTUN__DFR__00081047__60B45D86A32B,"[2004,2005]","DFR→GR200→DRVGR retains the same graduation/transfer numerator, adjusted cohort denominator, duration, sex/race subset, variable number and annual cohort relationship. Boundary text differs by calendar/table year; GBA6RTW also renames the women-total source field, and GBATRRT has an editorial correction.","[""Keep four-, five-, six-year rates, transfer-out rates, and demographic subsets distinct. Earlier metadata contains disclosure perturbation notices; retain annual metadata."",""Race reporting changes across the historical span; older combined categories and optional/new reporting regimes require explicit year metadata. Source-table equivalence at the join does not establish race-population invariance across all years.""]"
GBA6RTUN,GBA6RTUN__GR200__00081047__5CB33DC1CB86,"[2006,2007,2008,2009]","DFR→GR200→DRVGR retains the same graduation/transfer numerator, adjusted cohort denominator, duration, sex/race subset, variable number and annual cohort relationship. Boundary text differs by calendar/table year; GBA6RTW also renames the women-total source field, and GBATRRT has an editorial correction.","[""Keep four-, five-, six-year rates, transfer-out rates, and demographic subsets distinct. Earlier metadata contains disclosure perturbation notices; retain annual metadata."",""Race reporting changes across the historical span; older combined categories and optional/new reporting regimes require explicit year metadata. Source-table equivalence at the join does not establish race-population invariance across all years.""]"
GBA6RTUN,GBA6RTUN__DRVGR__00081047__2D356B146B1E,"[2010,2011,2012,2013,2014,2015,2016,2017,2018,2019,2020,2021,2022,2023,2024]","DFR→GR200→DRVGR retains the same graduation/transfer numerator, adjusted cohort denominator, duration, sex/race subset, variable number and annual cohort relationship. Boundary text differs by calendar/table year; GBA6RTW also renames the women-total source field, and GBATRRT has an editorial correction.","[""Keep four-, five-, six-year rates, transfer-out rates, and demographic subsets distinct. Earlier metadata contains disclosure perturbation notices; retain annual metadata."",""Race reporting changes across the historical span; older combined categories and optional/new reporting regimes require explicit year metadata. Source-table equivalence at the join does not establish race-population invariance across all years.""]"
GBA6RTWH,GBA6RTWH__DFR__00081037__7DC724C0FF7B,"[2004,2005]","DFR→GR200→DRVGR retains the same graduation/transfer numerator, adjusted cohort denominator, duration, sex/race subset, variable number and annual cohort relationship. Boundary text differs by calendar/table year; GBA6RTW also renames the women-total source field, and GBATRRT has an editorial correction.","[""Keep four-, five-, six-year rates, transfer-out rates, and demographic subsets distinct. Earlier metadata contains disclosure perturbation notices; retain annual metadata."",""Race reporting changes across the historical span; older combined categories and optional/new reporting regimes require explicit year metadata. Source-table equivalence at the join does not establish race-population invariance across all years.""]"
GBA6RTWH,GBA6RTWH__GR200__00081037__15B57B6EDC58,"[2006,2007,2008,2009]","DFR→GR200→DRVGR retains the same graduation/transfer numerator, adjusted cohort denominator, duration, sex/race subset, variable number and annual cohort relationship. Boundary text differs by calendar/table year; GBA6RTW also renames the women-total source field, and GBATRRT has an editorial correction.","[""Keep four-, five-, six-year rates, transfer-out rates, and demographic subsets distinct. Earlier metadata contains disclosure perturbation notices; retain annual metadata."",""Race reporting changes across the historical span; older combined categories and optional/new reporting regimes require explicit year metadata. Source-table equivalence at the join does not establish race-population invariance across all years.""]"
GBA6RTWH,GBA6RTWH__DRVGR__00081037__CB53B2D98E80,"[2010,2011,2012,2013,2014,2015,2016,2017,2018,2019,2020,2021,2022,2023,2024]","DFR→GR200→DRVGR retains the same graduation/transfer numerator, adjusted cohort denominator, duration, sex/race subset, variable number and annual cohort relationship. Boundary text differs by calendar/table year; GBA6RTW also renames the women-total source field, and GBATRRT has an editorial correction.","[""Keep four-, five-, six-year rates, transfer-out rates, and demographic subsets distinct. Earlier metadata contains disclosure perturbation notices; retain annual metadata."",""Race reporting changes across the historical span; older combined categories and optional/new reporting regimes require explicit year metadata. Source-table equivalence at the join does not establish race-population invariance across all years.""]"
GBA6RTW,GBA6RTW__DFR__00081035__34FE8A8B062F,"[2004,2005]","DFR→GR200→DRVGR retains the same graduation/transfer numerator, adjusted cohort denominator, duration, sex/race subset, variable number and annual cohort relationship. Boundary text differs by calendar/table year; GBA6RTW also renames the women-total source field, and GBATRRT has an editorial correction.","[""Keep four-, five-, six-year rates, transfer-out rates, and demographic subsets distinct. Earlier metadata contains disclosure perturbation notices; retain annual metadata.""]"
GBA6RTW,GBA6RTW__GR200__00081035__034903F31DA2,"[2006,2007,2008,2009]","DFR→GR200→DRVGR retains the same graduation/transfer numerator, adjusted cohort denominator, duration, sex/race subset, variable number and annual cohort relationship. Boundary text differs by calendar/table year; GBA6RTW also renames the women-total source field, and GBATRRT has an editorial correction.","[""Keep four-, five-, six-year rates, transfer-out rates, and demographic subsets distinct. Earlier metadata contains disclosure perturbation notices; retain annual metadata.""]"
GBA6RTW,GBA6RTW__DRVGR__00081035__D834AB182861,"[2010,2011,2012,2013,2014,2015,2016,2017,2018,2019,2020,2021,2022,2023,2024]","DFR→GR200→DRVGR retains the same graduation/transfer numerator, adjusted cohort denominator, duration, sex/race subset, variable number and annual cohort relationship. Boundary text differs by calendar/table year; GBA6RTW also renames the women-total source field, and GBATRRT has an editorial correction.","[""Keep four-, five-, six-year rates, transfer-out rates, and demographic subsets distinct. Earlier metadata contains disclosure perturbation notices; retain annual metadata.""]"
GBATRRT,GBATRRT__DFR__00081051__825EC20A1C44,"[2004,2005]","DFR→GR200→DRVGR retains the same graduation/transfer numerator, adjusted cohort denominator, duration, sex/race subset, variable number and annual cohort relationship. Boundary text differs by calendar/table year; GBA6RTW also renames the women-total source field, and GBATRRT has an editorial correction.","[""Keep four-, five-, six-year rates, transfer-out rates, and demographic subsets distinct. Earlier metadata contains disclosure perturbation notices; retain annual metadata.""]"
GBATRRT,GBATRRT__GR200__00081051__EA06783C1893,"[2006,2007,2008,2009]","DFR→GR200→DRVGR retains the same graduation/transfer numerator, adjusted cohort denominator, duration, sex/race subset, variable number and annual cohort relationship. Boundary text differs by calendar/table year; GBA6RTW also renames the women-total source field, and GBATRRT has an editorial correction.","[""Keep four-, five-, six-year rates, transfer-out rates, and demographic subsets distinct. Earlier metadata contains disclosure perturbation notices; retain annual metadata.""]"
GBATRRT,GBATRRT__DRVGR__00081051__FC8A48E25B74,"[2010,2011,2012,2013,2014,2015,2016,2017,2018,2019,2020,2021,2022,2023,2024]","DFR→GR200→DRVGR retains the same graduation/transfer numerator, adjusted cohort denominator, duration, sex/race subset, variable number and annual cohort relationship. Boundary text differs by calendar/table year; GBA6RTW also renames the women-total source field, and GBATRRT has an editorial correction.","[""Keep four-, five-, six-year rates, transfer-out rates, and demographic subsets distinct. Earlier metadata contains disclosure perturbation notices; retain annual metadata.""]"
GRRTNR,GRRTNR__DFR__00081019__53EC591E6C98,"[2004,2005]","DFR→GR200→DRVGR retains the same graduation/transfer numerator, adjusted cohort denominator, duration, sex/race subset, variable number and annual cohort relationship. Boundary text differs by calendar/table year; GBA6RTW also renames the women-total source field, and GBATRRT has an editorial correction.","[""Keep four-, five-, six-year rates, transfer-out rates, and demographic subsets distinct. Earlier metadata contains disclosure perturbation notices; retain annual metadata.""]"
GRRTNR,GRRTNR__GR200__00081019__67041EF78190,"[2006,2007,2008,2009]","DFR→GR200→DRVGR retains the same graduation/transfer numerator, adjusted cohort denominator, duration, sex/race subset, variable number and annual cohort relationship. Boundary text differs by calendar/table year; GBA6RTW also renames the women-total source field, and GBATRRT has an editorial correction.","[""Keep four-, five-, six-year rates, transfer-out rates, and demographic subsets distinct. Earlier metadata contains disclosure perturbation notices; retain annual metadata.""]"
GRRTNR,GRRTNR__DRVGR__00081019__D84960F34F69,"[2010,2011,2012,2013,2014,2015,2016,2017,2018,2019,2020,2021,2022,2023,2024]","DFR→GR200→DRVGR retains the same graduation/transfer numerator, adjusted cohort denominator, duration, sex/race subset, variable number and annual cohort relationship. Boundary text differs by calendar/table year; GBA6RTW also renames the women-total source field, and GBATRRT has an editorial correction.","[""Keep four-, five-, six-year rates, transfer-out rates, and demographic subsets distinct. Earlier metadata contains disclosure perturbation notices; retain annual metadata.""]"
IGRNT_A,IGRNT_A__SFA__00070246__5A871F7CF741,"[2004,2005,2006,2007,2008]",SFA 2008→SFA_P 2009 retains the same number and core full definition after annual-cohort normalization and removal of the old perturbation notice.,"[""Old source has an explicit disclosure-perturbation notice. 2014 wording changes received/receiving to awarded within the later column. Preserve that reporting-basis caveat; no assertion of whole-series measurement invariance. 2024 SFA maps to the later column.""]"
IGRNT_A,IGRNT_A__SFA_P__00070246__1F4182AE6E2D,"[2009,2010,2011,2012,2013,2014,2015,2016,2017,2018,2019,2020,2021,2022,2023,2024]",SFA 2008→SFA_P 2009 retains the same number and core full definition after annual-cohort normalization and removal of the old perturbation notice.,"[""Old source has an explicit disclosure-perturbation notice. 2014 wording changes received/receiving to awarded within the later column. Preserve that reporting-basis caveat; no assertion of whole-series measurement invariance. 2024 SFA maps to the later column.""]"
IGRNT_N,IGRNT_N__SFA__00070236__FA126C66B925,"[2004,2005,2006,2007,2008]",SFA 2008→SFA_P 2009 retains the same number and core full definition after annual-cohort normalization and removal of the old perturbation notice.,"[""Old source has an explicit disclosure-perturbation notice. 2014 wording changes received/receiving to awarded within the later column. Preserve that reporting-basis caveat; no assertion of whole-series measurement invariance. 2024 SFA maps to the later column.""]"
IGRNT_N,IGRNT_N__SFA_P__00070236__4B0668A4E245,"[2009,2010,2011,2012,2013,2014,2015,2016,2017,2018,2019,2020,2021,2022,2023,2024]",SFA 2008→SFA_P 2009 retains the same number and core full definition after annual-cohort normalization and removal of the old perturbation notice.,"[""Old source has an explicit disclosure-perturbation notice. 2014 wording changes received/receiving to awarded within the later column. Preserve that reporting-basis caveat; no assertion of whole-series measurement invariance. 2024 SFA maps to the later column.""]"
IGRNT_P,IGRNT_P__SFA__00070241__824DFFD4EFA6,"[2004,2005,2006,2007,2008]",SFA 2008→SFA_P 2009 retains the same number and core full definition after annual-cohort normalization and removal of the old perturbation notice.,"[""Old source has an explicit disclosure-perturbation notice. 2014 wording changes received/receiving to awarded within the later column. Preserve that reporting-basis caveat; no assertion of whole-series measurement invariance. 2024 SFA maps to the later column.""]"
IGRNT_P,IGRNT_P__SFA_P__00070241__C988B60A751A,"[2009,2010,2011,2012,2013,2014,2015,2016,2017,2018,2019,2020,2021,2022,2023,2024]",SFA 2008→SFA_P 2009 retains the same number and core full definition after annual-cohort normalization and removal of the old perturbation notice.,"[""Old source has an explicit disclosure-perturbation notice. 2014 wording changes received/receiving to awarded within the later column. Preserve that reporting-basis caveat; no assertion of whole-series measurement invariance. 2024 SFA maps to the later column.""]"
LOAN_A,LOAN_A__SFA__00070261__4DCA295212E1,"[2004,2005,2006,2007,2008]",SFA 2008→SFA_P 2009 retains the same number and core full definition after annual-cohort normalization and removal of the old perturbation notice.,"[""Old source has an explicit disclosure-perturbation notice. 2014 wording changes received/receiving to awarded within the later column. Preserve that reporting-basis caveat; no assertion of whole-series measurement invariance. 2024 SFA maps to the later column.""]"
LOAN_A,LOAN_A__SFA_P__00070261__785B5A2F13FF,"[2009,2010,2011,2012,2013,2014,2015,2016,2017,2018,2019,2020,2021,2022,2023,2024]",SFA 2008→SFA_P 2009 retains the same number and core full definition after annual-cohort normalization and removal of the old perturbation notice.,"[""Old source has an explicit disclosure-perturbation notice. 2014 wording changes received/receiving to awarded within the later column. Preserve that reporting-basis caveat; no assertion of whole-series measurement invariance. 2024 SFA maps to the later column.""]"
LOAN_N,LOAN_N__SFA__00070251__15D7090377D6,"[2004,2005,2006,2007,2008]",SFA 2008→SFA_P 2009 retains the same number and core full definition after annual-cohort normalization and removal of the old perturbation notice.,"[""Old source has an explicit disclosure-perturbation notice. 2014 wording changes received/receiving to awarded within the later column. Preserve that reporting-basis caveat; no assertion of whole-series measurement invariance. 2024 SFA maps to the later column.""]"
LOAN_N,LOAN_N__SFA_P__00070251__693A87D05E92,"[2009,2010,2011,2012,2013,2014,2015,2016,2017,2018,2019,2020,2021,2022,2023,2024]",SFA 2008→SFA_P 2009 retains the same number and core full definition after annual-cohort normalization and removal of the old perturbation notice.,"[""Old source has an explicit disclosure-perturbation notice. 2014 wording changes received/receiving to awarded within the later column. Preserve that reporting-basis caveat; no assertion of whole-series measurement invariance. 2024 SFA maps to the later column.""]"
LOAN_P,LOAN_P__SFA__00070256__DCDE290C257A,"[2004,2005,2006,2007,2008]",SFA 2008→SFA_P 2009 retains the same number and core full definition after annual-cohort normalization and removal of the old perturbation notice.,"[""Old source has an explicit disclosure-perturbation notice. 2014 wording changes received/receiving to awarded within the later column. Preserve that reporting-basis caveat; no assertion of whole-series measurement invariance. 2024 SFA maps to the later column.""]"
LOAN_P,LOAN_P__SFA_P__00070256__88845B92CADA,"[2009,2010,2011,2012,2013,2014,2015,2016,2017,2018,2019,2020,2021,2022,2023,2024]",SFA 2008→SFA_P 2009 retains the same number and core full definition after annual-cohort normalization and removal of the old perturbation notice.,"[""Old source has an explicit disclosure-perturbation notice. 2014 wording changes received/receiving to awarded within the later column. Preserve that reporting-basis caveat; no assertion of whole-series measurement invariance. 2024 SFA maps to the later column.""]"
OFGRT_A,OFGRT_A__SFA__00070351__73E06E066A3C,[2008],SFA 2008→SFA_P 2009 retains the same number and core full definition after annual-cohort normalization and removal of the old perturbation notice.,"[""Old source has an explicit disclosure-perturbation notice. 2014 wording changes received/receiving to awarded within the later column. Preserve that reporting-basis caveat; no assertion of whole-series measurement invariance. 2024 SFA maps to the later column.""]"
OFGRT_A,OFGRT_A__SFA_P__00070351__3DD90321F045,"[2009,2010,2011,2012,2013,2014,2015,2016,2017,2018,2019,2020,2021,2022,2023,2024]",SFA 2008→SFA_P 2009 retains the same number and core full definition after annual-cohort normalization and removal of the old perturbation notice.,"[""Old source has an explicit disclosure-perturbation notice. 2014 wording changes received/receiving to awarded within the later column. Preserve that reporting-basis caveat; no assertion of whole-series measurement invariance. 2024 SFA maps to the later column.""]"
OFGRT_N,OFGRT_N__SFA__00070341__0830ECF5357C,[2008],SFA 2008→SFA_P 2009 retains the same number and core full definition after annual-cohort normalization and removal of the old perturbation notice.,"[""Old source has an explicit disclosure-perturbation notice. 2014 wording changes received/receiving to awarded within the later column. Preserve that reporting-basis caveat; no assertion of whole-series measurement invariance. 2024 SFA maps to the later column.""]"
OFGRT_N,OFGRT_N__SFA_P__00070341__31E149257E89,"[2009,2010,2011,2012,2013,2014,2015,2016,2017,2018,2019,2020,2021,2022,2023,2024]",SFA 2008→SFA_P 2009 retains the same number and core full definition after annual-cohort normalization and removal of the old perturbation notice.,"[""Old source has an explicit disclosure-perturbation notice. 2014 wording changes received/receiving to awarded within the later column. Preserve that reporting-basis caveat; no assertion of whole-series measurement invariance. 2024 SFA maps to the later column.""]"
OFGRT_P,OFGRT_P__SFA__00070346__F36B91ABD6C4,[2008],SFA 2008→SFA_P 2009 retains the same number and core full definition after annual-cohort normalization and removal of the old perturbation notice.,"[""Old source has an explicit disclosure-perturbation notice. 2014 wording changes received/receiving to awarded within the later column. Preserve that reporting-basis caveat; no assertion of whole-series measurement invariance. 2024 SFA maps to the later column.""]"
OFGRT_P,OFGRT_P__SFA_P__00070346__F206221D684E,"[2009,2010,2011,2012,2013,2014,2015,2016,2017,2018,2019,2020,2021,2022,2023,2024]",SFA 2008→SFA_P 2009 retains the same number and core full definition after annual-cohort normalization and removal of the old perturbation notice.,"[""Old source has an explicit disclosure-perturbation notice. 2014 wording changes received/receiving to awarded within the later column. Preserve that reporting-basis caveat; no assertion of whole-series measurement invariance. 2024 SFA maps to the later column.""]"
OLOAN_A,OLOAN_A__SFA__00070381__C677145E568C,[2008],SFA 2008→SFA_P 2009 retains the same number and core full definition after annual-cohort normalization and removal of the old perturbation notice.,"[""Old source has an explicit disclosure-perturbation notice. 2014 wording changes received/receiving to awarded within the later column. Preserve that reporting-basis caveat; no assertion of whole-series measurement invariance. 2024 SFA maps to the later column.""]"
OLOAN_A,OLOAN_A__SFA_P__00070381__59C3439C3DDF,"[2009,2010,2011,2012,2013,2014,2015,2016,2017,2018,2019,2020,2021,2022,2023,2024]",SFA 2008→SFA_P 2009 retains the same number and core full definition after annual-cohort normalization and removal of the old perturbation notice.,"[""Old source has an explicit disclosure-perturbation notice. 2014 wording changes received/receiving to awarded within the later column. Preserve that reporting-basis caveat; no assertion of whole-series measurement invariance. 2024 SFA maps to the later column.""]"
OLOAN_N,OLOAN_N__SFA__00070371__44F8CA8AA3BE,[2008],SFA 2008→SFA_P 2009 retains the same number and core full definition after annual-cohort normalization and removal of the old perturbation notice.,"[""Old source has an explicit disclosure-perturbation notice. 2014 wording changes received/receiving to awarded within the later column. Preserve that reporting-basis caveat; no assertion of whole-series measurement invariance. 2024 SFA maps to the later column.""]"
OLOAN_N,OLOAN_N__SFA_P__00070371__998B77A1614F,"[2009,2010,2011,2012,2013,2014,2015,2016,2017,2018,2019,2020,2021,2022,2023,2024]",SFA 2008→SFA_P 2009 retains the same number and core full definition after annual-cohort normalization and removal of the old perturbation notice.,"[""Old source has an explicit disclosure-perturbation notice. 2014 wording changes received/receiving to awarded within the later column. Preserve that reporting-basis caveat; no assertion of whole-series measurement invariance. 2024 SFA maps to the later column.""]"
OLOAN_P,OLOAN_P__SFA__00070376__6E84DBF6CED4,[2008],SFA 2008→SFA_P 2009 retains the same number and core full definition after annual-cohort normalization and removal of the old perturbation notice.,"[""Old source has an explicit disclosure-perturbation notice. 2014 wording changes received/receiving to awarded within the later column. Preserve that reporting-basis caveat; no assertion of whole-series measurement invariance. 2024 SFA maps to the later column.""]"
OLOAN_P,OLOAN_P__SFA_P__00070376__5F155D73990C,"[2009,2010,2011,2012,2013,2014,2015,2016,2017,2018,2019,2020,2021,2022,2023,2024]",SFA 2008→SFA_P 2009 retains the same number and core full definition after annual-cohort normalization and removal of the old perturbation notice.,"[""Old source has an explicit disclosure-perturbation notice. 2014 wording changes received/receiving to awarded within the later column. Preserve that reporting-basis caveat; no assertion of whole-series measurement invariance. 2024 SFA maps to the later column.""]"
PCTENRAN,PCTENRAN__DFR__00023335__96ED5B752E85,"[2004,2005]",DFR 2005→DRVEF 2006 full definitions and formula agree; same variable number.,"[""Later race reporting changes. For PCTENRAP, the numerator becomes the sum of Asian and Native Hawaiian/Other Pacific Islander fields, while the historical numerator was one combined category. Preserve classification-era metadata.""]"
PCTENRAN,PCTENRAN__DRVEF__00023335__B73FFBE3C3E5,"[2006,2007,2008,2009,2010,2011,2012,2013,2014,2015,2016,2017,2018,2019,2020,2021,2022,2023,2024]",DFR 2005→DRVEF 2006 full definitions and formula agree; same variable number.,"[""Later race reporting changes. For PCTENRAP, the numerator becomes the sum of Asian and Native Hawaiian/Other Pacific Islander fields, while the historical numerator was one combined category. Preserve classification-era metadata.""]"
PCTENRAP,PCTENRAP__DFR__00023330__746E2BC65331,"[2004,2005]",DFR 2005→DRVEF 2006 full definitions and formula agree; same variable number.,"[""Later race reporting changes. For PCTENRAP, the numerator becomes the sum of Asian and Native Hawaiian/Other Pacific Islander fields, while the historical numerator was one combined category. Preserve classification-era metadata.""]"
PCTENRAP,PCTENRAP__DRVEF__00023330__848D8488E2B2,"[2006,2007,2008,2009,2010,2011,2012,2013,2014,2015,2016,2017,2018,2019,2020,2021,2022,2023,2024]",DFR 2005→DRVEF 2006 full definitions and formula agree; same variable number.,"[""Later race reporting changes. For PCTENRAP, the numerator becomes the sum of Asian and Native Hawaiian/Other Pacific Islander fields, while the historical numerator was one combined category. Preserve classification-era metadata.""]"
PCTENRBK,PCTENRBK__DFR__00023320__2781A92DD3D6,"[2004,2005]",DFR 2005→DRVEF 2006 full definitions and formula agree; same variable number.,"[""Later race reporting changes. For PCTENRAP, the numerator becomes the sum of Asian and Native Hawaiian/Other Pacific Islander fields, while the historical numerator was one combined category. Preserve classification-era metadata.""]"
PCTENRBK,PCTENRBK__DRVEF__00023320__02CB21CB26B8,"[2006,2007,2008,2009,2010,2011,2012,2013,2014,2015,2016,2017,2018,2019,2020,2021,2022,2023,2024]",DFR 2005→DRVEF 2006 full definitions and formula agree; same variable number.,"[""Later race reporting changes. For PCTENRAP, the numerator becomes the sum of Asian and Native Hawaiian/Other Pacific Islander fields, while the historical numerator was one combined category. Preserve classification-era metadata.""]"
PCTENRHS,PCTENRHS__DFR__00023325__FB4B3EDF7695,"[2004,2005]",DFR 2005→DRVEF 2006 full definitions and formula agree; same variable number.,"[""Later race reporting changes. For PCTENRAP, the numerator becomes the sum of Asian and Native Hawaiian/Other Pacific Islander fields, while the historical numerator was one combined category. Preserve classification-era metadata.""]"
PCTENRHS,PCTENRHS__DRVEF__00023325__21F9E09C774C,"[2006,2007,2008,2009,2010,2011,2012,2013,2014,2015,2016,2017,2018,2019,2020,2021,2022,2023,2024]",DFR 2005→DRVEF 2006 full definitions and formula agree; same variable number.,"[""Later race reporting changes. For PCTENRAP, the numerator becomes the sum of Asian and Native Hawaiian/Other Pacific Islander fields, while the historical numerator was one combined category. Preserve classification-era metadata.""]"
PCTENRNR,PCTENRNR__DFR__00023345__F27AB77CEF11,"[2004,2005]",DFR 2005→DRVEF 2006 full definitions and formula agree; same variable number.,"[""Later race reporting changes. For PCTENRAP, the numerator becomes the sum of Asian and Native Hawaiian/Other Pacific Islander fields, while the historical numerator was one combined category. Preserve classification-era metadata.""]"
PCTENRNR,PCTENRNR__DRVEF__00023345__258334ECD2D2,"[2006,2007,2008,2009,2010,2011,2012,2013,2014,2015,2016,2017,2018,2019,2020,2021,2022,2023,2024]",DFR 2005→DRVEF 2006 full definitions and formula agree; same variable number.,"[""Later race reporting changes. For PCTENRAP, the numerator becomes the sum of Asian and Native Hawaiian/Other Pacific Islander fields, while the historical numerator was one combined category. Preserve classification-era metadata.""]"
PCTENRWH,PCTENRWH__DFR__00023315__B48FAF23B343,"[2004,2005]",DFR 2005→DRVEF 2006 full definitions and formula agree; same variable number.,"[""Later race reporting changes. For PCTENRAP, the numerator becomes the sum of Asian and Native Hawaiian/Other Pacific Islander fields, while the historical numerator was one combined category. Preserve classification-era metadata.""]"
PCTENRWH,PCTENRWH__DRVEF__00023315__EEE3E0B33C66,"[2006,2007,2008,2009,2010,2011,2012,2013,2014,2015,2016,2017,2018,2019,2020,2021,2022,2023,2024]",DFR 2005→DRVEF 2006 full definitions and formula agree; same variable number.,"[""Later race reporting changes. For PCTENRAP, the numerator becomes the sum of Asian and Native Hawaiian/Other Pacific Islander fields, while the historical numerator was one combined category. Preserve classification-era metadata.""]"
PGRNT_A,PGRNT_A__SFA__00070336__C97041515F04,[2008],SFA 2008→SFA_P 2009 retains the same number and core full definition after annual-cohort normalization and removal of the old perturbation notice.,"[""Old source has an explicit disclosure-perturbation notice. 2014 wording changes received/receiving to awarded within the later column. Preserve that reporting-basis caveat; no assertion of whole-series measurement invariance. 2024 SFA maps to the later column.""]"
PGRNT_A,PGRNT_A__SFA_P__00070336__58371BC76411,"[2009,2010,2011,2012,2013,2014,2015,2016,2017,2018,2019,2020,2021,2022,2023,2024]",SFA 2008→SFA_P 2009 retains the same number and core full definition after annual-cohort normalization and removal of the old perturbation notice.,"[""Old source has an explicit disclosure-perturbation notice. 2014 wording changes received/receiving to awarded within the later column. Preserve that reporting-basis caveat; no assertion of whole-series measurement invariance. 2024 SFA maps to the later column.""]"
PGRNT_N,PGRNT_N__SFA__00070326__9D0898F0460A,[2008],SFA 2008→SFA_P 2009 retains the same number and core full definition after annual-cohort normalization and removal of the old perturbation notice.,"[""Old source has an explicit disclosure-perturbation notice. 2014 wording changes received/receiving to awarded within the later column. Preserve that reporting-basis caveat; no assertion of whole-series measurement invariance. 2024 SFA maps to the later column.""]"
PGRNT_N,PGRNT_N__SFA_P__00070326__C7F9332BE1B9,"[2009,2010,2011,2012,2013,2014,2015,2016,2017,2018,2019,2020,2021,2022,2023,2024]",SFA 2008→SFA_P 2009 retains the same number and core full definition after annual-cohort normalization and removal of the old perturbation notice.,"[""Old source has an explicit disclosure-perturbation notice. 2014 wording changes received/receiving to awarded within the later column. Preserve that reporting-basis caveat; no assertion of whole-series measurement invariance. 2024 SFA maps to the later column.""]"
PGRNT_P,PGRNT_P__SFA__00070331__829FD255BC60,[2008],SFA 2008→SFA_P 2009 retains the same number and core full definition after annual-cohort normalization and removal of the old perturbation notice.,"[""Old source has an explicit disclosure-perturbation notice. 2014 wording changes received/receiving to awarded within the later column. Preserve that reporting-basis caveat; no assertion of whole-series measurement invariance. 2024 SFA maps to the later column.""]"
PGRNT_P,PGRNT_P__SFA_P__00070331__68C7460741C4,"[2009,2010,2011,2012,2013,2014,2015,2016,2017,2018,2019,2020,2021,2022,2023,2024]",SFA 2008→SFA_P 2009 retains the same number and core full definition after annual-cohort normalization and removal of the old perturbation notice.,"[""Old source has an explicit disclosure-perturbation notice. 2014 wording changes received/receiving to awarded within the later column. Preserve that reporting-basis caveat; no assertion of whole-series measurement invariance. 2024 SFA maps to the later column.""]"
SALASSC_PRE2012,SALASSC__DFR__00040405__B15677623313,"[2004,2005]",Same 404xx definition and salary conversion formula; 408xx column remains separate.,"[""Retain the 2012 formula break unless a separate harmonization design explicitly handles it. Old forms already excluded medical-school faculty; this audit does not claim that medical exclusion was newly introduced in 2012.""]"
SALASSC_PRE2012,SALASSC__DRVHR__00040405__19A127757836,"[2006,2007,2008,2009,2010,2011]",Same 404xx definition and salary conversion formula; 408xx column remains separate.,"[""Retain the 2012 formula break unless a separate harmonization design explicitly handles it. Old forms already excluded medical-school faculty; this audit does not claim that medical exclusion was newly introduced in 2012.""]"
SALASST_PRE2012,SALASST__DFR__00040407__0C25EDB18959,"[2004,2005]",Same 404xx definition and salary conversion formula; 408xx column remains separate.,"[""Retain the 2012 formula break unless a separate harmonization design explicitly handles it. Old forms already excluded medical-school faculty; this audit does not claim that medical exclusion was newly introduced in 2012.""]"
SALASST_PRE2012,SALASST__DRVHR__00040407__15F642694D6C,"[2006,2007,2008,2009,2010,2011]",Same 404xx definition and salary conversion formula; 408xx column remains separate.,"[""Retain the 2012 formula break unless a separate harmonization design explicitly handles it. Old forms already excluded medical-school faculty; this audit does not claim that medical exclusion was newly introduced in 2012.""]"
SALINST_PRE2012,SALINST__DFR__00040409__7C89206B39FC,"[2004,2005]",Same 404xx definition and salary conversion formula; 408xx column remains separate.,"[""Retain the 2012 formula break unless a separate harmonization design explicitly handles it. Old forms already excluded medical-school faculty; this audit does not claim that medical exclusion was newly introduced in 2012.""]"
SALINST_PRE2012,SALINST__DRVHR__00040409__5708BE3CB156,"[2006,2007,2008,2009,2010,2011]",Same 404xx definition and salary conversion formula; 408xx column remains separate.,"[""Retain the 2012 formula break unless a separate harmonization design explicitly handles it. Old forms already excluded medical-school faculty; this audit does not claim that medical exclusion was newly introduced in 2012.""]"
SALLECT_PRE2012,SALLECT__DFR__00040411__D6926F3177F1,"[2004,2005]",Same 404xx definition and salary conversion formula; 408xx column remains separate.,"[""Retain the 2012 formula break unless a separate harmonization design explicitly handles it. Old forms already excluded medical-school faculty; this audit does not claim that medical exclusion was newly introduced in 2012.""]"
SALLECT_PRE2012,SALLECT__DRVHR__00040411__6C22F5DA5F35,"[2006,2007,2008,2009,2010,2011]",Same 404xx definition and salary conversion formula; 408xx column remains separate.,"[""Retain the 2012 formula break unless a separate harmonization design explicitly handles it. Old forms already excluded medical-school faculty; this audit does not claim that medical exclusion was newly introduced in 2012.""]"
SALNRNK_PRE2012,SALNRNK__DFR__00040413__7C17F767DF8A,"[2004,2005]",Same 404xx definition and salary conversion formula; 408xx column remains separate.,"[""Retain the 2012 formula break unless a separate harmonization design explicitly handles it. Old forms already excluded medical-school faculty; this audit does not claim that medical exclusion was newly introduced in 2012.""]"
SALNRNK_PRE2012,SALNRNK__DRVHR__00040413__26B451FD4EE3,"[2006,2007,2008,2009,2010,2011]",Same 404xx definition and salary conversion formula; 408xx column remains separate.,"[""Retain the 2012 formula break unless a separate harmonization design explicitly handles it. Old forms already excluded medical-school faculty; this audit does not claim that medical exclusion was newly introduced in 2012.""]"
SALPROF_PRE2012,SALPROF__DFR__00040403__F6DB376FDF1E,"[2004,2005]",Same 404xx definition and salary conversion formula; 408xx column remains separate.,"[""Retain the 2012 formula break unless a separate harmonization design explicitly handles it. Old forms already excluded medical-school faculty; this audit does not claim that medical exclusion was newly introduced in 2012.""]"
SALPROF_PRE2012,SALPROF__DRVHR__00040403__485218EFB63B,"[2006,2007,2008,2009,2010,2011]",Same 404xx definition and salary conversion formula; 408xx column remains separate.,"[""Retain the 2012 formula break unless a separate harmonization design explicitly handles it. Old forms already excluded medical-school faculty; this audit does not claim that medical exclusion was newly introduced in 2012.""]"
SALTOTL_PRE2012,SALTOTL__DFR__00040401__C72ADCFD3459,"[2004,2005]",Same 404xx definition and salary conversion formula; 408xx column remains separate.,"[""Retain the 2012 formula break unless a separate harmonization design explicitly handles it. Old forms already excluded medical-school faculty; this audit does not claim that medical exclusion was newly introduced in 2012.""]"
SALTOTL_PRE2012,SALTOTL__DRVHR__00040401__9D8333877A88,"[2006,2007,2008,2009,2010,2011]",Same 404xx definition and salary conversion formula; 408xx column remains separate.,"[""Retain the 2012 formula break unless a separate harmonization design explicitly handles it. Old forms already excluded medical-school faculty; this audit does not claim that medical exclusion was newly introduced in 2012.""]"
SATMT25,SATMT25__IC__00010641__50A5141ABF96,"[2004,2005,2006,2007,2008,2009,2010,2011,2012,2013]","IC 2013→ADM 2014 full definitions agree, with same score percentile, population and variable number.","[""2017 source titles switch verbal/critical reading to Evidence-Based Reading and Writing. NCES instructed use of the redesigned 2016 SAT for both sections. Full long descriptions retain stale SAT I wording, so equality of that text alone is insufficient for score comparability. No score concordance has been applied.""]"
SATMT25,SATMT25__ADM__00010641__EB0C3DE618DD,"[2014,2015,2016,2017,2018,2019,2020,2021,2022,2023,2024]","IC 2013→ADM 2014 full definitions agree, with same score percentile, population and variable number.","[""2017 source titles switch verbal/critical reading to Evidence-Based Reading and Writing. NCES instructed use of the redesigned 2016 SAT for both sections. Full long descriptions retain stale SAT I wording, so equality of that text alone is insufficient for score comparability. No score concordance has been applied.""]"
SATMT75,SATMT75__IC__00010646__26A1E06CA86D,"[2004,2005,2006,2007,2008,2009,2010,2011,2012,2013]","IC 2013→ADM 2014 full definitions agree, with same score percentile, population and variable number.","[""2017 source titles switch verbal/critical reading to Evidence-Based Reading and Writing. NCES instructed use of the redesigned 2016 SAT for both sections. Full long descriptions retain stale SAT I wording, so equality of that text alone is insufficient for score comparability. No score concordance has been applied.""]"
SATMT75,SATMT75__ADM__00010646__10A86162374D,"[2014,2015,2016,2017,2018,2019,2020,2021,2022,2023,2024]","IC 2013→ADM 2014 full definitions agree, with same score percentile, population and variable number.","[""2017 source titles switch verbal/critical reading to Evidence-Based Reading and Writing. NCES instructed use of the redesigned 2016 SAT for both sections. Full long descriptions retain stale SAT I wording, so equality of that text alone is insufficient for score comparability. No score concordance has been applied.""]"
SATVR25,SATVR25__IC__00010631__B51CDE396E62,"[2004,2005,2006,2007,2008,2009,2010,2011,2012,2013]","IC 2013→ADM 2014 full definitions agree, with same score percentile, population and variable number.","[""2017 source titles switch verbal/critical reading to Evidence-Based Reading and Writing. NCES instructed use of the redesigned 2016 SAT for both sections. Full long descriptions retain stale SAT I wording, so equality of that text alone is insufficient for score comparability. No score concordance has been applied.""]"
SATVR25,SATVR25__ADM__00010631__A6357D0FA70A,"[2014,2015,2016,2017,2018,2019,2020,2021,2022,2023,2024]","IC 2013→ADM 2014 full definitions agree, with same score percentile, population and variable number.","[""2017 source titles switch verbal/critical reading to Evidence-Based Reading and Writing. NCES instructed use of the redesigned 2016 SAT for both sections. Full long descriptions retain stale SAT I wording, so equality of that text alone is insufficient for score comparability. No score concordance has been applied.""]"
SATVR75,SATVR75__IC__00010636__A82D65BA6EC3,"[2004,2005,2006,2007,2008,2009,2010,2011,2012,2013]","IC 2013→ADM 2014 full definitions agree, with same score percentile, population and variable number.","[""2017 source titles switch verbal/critical reading to Evidence-Based Reading and Writing. NCES instructed use of the redesigned 2016 SAT for both sections. Full long descriptions retain stale SAT I wording, so equality of that text alone is insufficient for score comparability. No score concordance has been applied.""]"
SATVR75,SATVR75__ADM__00010636__1FF40D2F183C,"[2014,2015,2016,2017,2018,2019,2020,2021,2022,2023,2024]","IC 2013→ADM 2014 full definitions agree, with same score percentile, population and variable number.","[""2017 source titles switch verbal/critical reading to Evidence-Based Reading and Writing. NCES instructed use of the redesigned 2016 SAT for both sections. Full long descriptions retain stale SAT I wording, so equality of that text alone is insufficient for score comparability. No score concordance has been applied.""]"
SCFA11N,SCFA11N__SFA__00070136__232629A56F5F,"[2004,2005,2006,2007,2008]",SFA 2008→SFA_P 2009 retains the same number and full definition after annual-cohort normalization.,"[""2011 metadata changes residence wording to tuition-rate paid; source-boundary continuity does not justify treating residence and tuition status as identical in every year. 2024 COST_FINANCIALAID maps to the later column.""]"
SCFA11N,SCFA11N__SFA_P__00070136__2960C63686A5,"[2009,2010,2011,2012,2013,2014,2015,2016,2017,2018,2019,2020,2021,2022,2023,2024]",SFA 2008→SFA_P 2009 retains the same number and full definition after annual-cohort normalization.,"[""2011 metadata changes residence wording to tuition-rate paid; source-boundary continuity does not justify treating residence and tuition status as identical in every year. 2024 COST_FINANCIALAID maps to the later column.""]"
SCFA11P,SCFA11P__SFA__00070141__ECCD83386780,"[2004,2005,2006,2007,2008]",SFA 2008→SFA_P 2009 retains the same number and full definition after annual-cohort normalization.,"[""2011 metadata changes residence wording to tuition-rate paid; source-boundary continuity does not justify treating residence and tuition status as identical in every year. 2024 COST_FINANCIALAID maps to the later column.""]"
SCFA11P,SCFA11P__SFA_P__00070141__CF6DF18DFB46,"[2009,2010,2011,2012,2013,2014,2015,2016,2017,2018,2019,2020,2021,2022,2023,2024]",SFA 2008→SFA_P 2009 retains the same number and full definition after annual-cohort normalization.,"[""2011 metadata changes residence wording to tuition-rate paid; source-boundary continuity does not justify treating residence and tuition status as identical in every year. 2024 COST_FINANCIALAID maps to the later column.""]"
SCFA12N,SCFA12N__SFA__00070146__C29F05F0CFE8,"[2004,2005,2006,2007,2008]",SFA 2008→SFA_P 2009 retains the same number and full definition after annual-cohort normalization.,"[""2011 metadata changes residence wording to tuition-rate paid; source-boundary continuity does not justify treating residence and tuition status as identical in every year. 2024 COST_FINANCIALAID maps to the later column.""]"
SCFA12N,SCFA12N__SFA_P__00070146__8EF4CB9F748E,"[2009,2010,2011,2012,2013,2014,2015,2016,2017,2018,2019,2020,2021,2022,2023,2024]",SFA 2008→SFA_P 2009 retains the same number and full definition after annual-cohort normalization.,"[""2011 metadata changes residence wording to tuition-rate paid; source-boundary continuity does not justify treating residence and tuition status as identical in every year. 2024 COST_FINANCIALAID maps to the later column.""]"
SCFA12P,SCFA12P__SFA__00070151__98B2B974F083,"[2004,2005,2006,2007,2008]",SFA 2008→SFA_P 2009 retains the same number and full definition after annual-cohort normalization.,"[""2011 metadata changes residence wording to tuition-rate paid; source-boundary continuity does not justify treating residence and tuition status as identical in every year. 2024 COST_FINANCIALAID maps to the later column.""]"
SCFA12P,SCFA12P__SFA_P__00070151__9A403C73DEDA,"[2009,2010,2011,2012,2013,2014,2015,2016,2017,2018,2019,2020,2021,2022,2023,2024]",SFA 2008→SFA_P 2009 retains the same number and full definition after annual-cohort normalization.,"[""2011 metadata changes residence wording to tuition-rate paid; source-boundary continuity does not justify treating residence and tuition status as identical in every year. 2024 COST_FINANCIALAID maps to the later column.""]"
SCFA13N,SCFA13N__SFA__00070156__6BCAEE1D7C56,"[2004,2005,2006,2007,2008]",SFA 2008→SFA_P 2009 retains the same number and full definition after annual-cohort normalization.,"[""2011 metadata changes residence wording to tuition-rate paid; source-boundary continuity does not justify treating residence and tuition status as identical in every year. 2024 COST_FINANCIALAID maps to the later column.""]"
SCFA13N,SCFA13N__SFA_P__00070156__0C57E2431B66,"[2009,2010,2011,2012,2013,2014,2015,2016,2017,2018,2019,2020,2021,2022,2023,2024]",SFA 2008→SFA_P 2009 retains the same number and full definition after annual-cohort normalization.,"[""2011 metadata changes residence wording to tuition-rate paid; source-boundary continuity does not justify treating residence and tuition status as identical in every year. 2024 COST_FINANCIALAID maps to the later column.""]"
SCFA13P,SCFA13P__SFA__00070161__B9EB8C57C6C6,"[2004,2005,2006,2007,2008]",SFA 2008→SFA_P 2009 retains the same number and full definition after annual-cohort normalization.,"[""2011 metadata changes residence wording to tuition-rate paid; source-boundary continuity does not justify treating residence and tuition status as identical in every year. 2024 COST_FINANCIALAID maps to the later column.""]"
SCFA13P,SCFA13P__SFA_P__00070161__92BEBEF1BA40,"[2009,2010,2011,2012,2013,2014,2015,2016,2017,2018,2019,2020,2021,2022,2023,2024]",SFA 2008→SFA_P 2009 retains the same number and full definition after annual-cohort normalization.,"[""2011 metadata changes residence wording to tuition-rate paid; source-boundary continuity does not justify treating residence and tuition status as identical in every year. 2024 COST_FINANCIALAID maps to the later column.""]"
SCFA14N,SCFA14N__SFA__00070166__091D1005AAFB,"[2004,2005,2006,2007,2008]",SFA 2008→SFA_P 2009 retains the same number and full definition after annual-cohort normalization.,"[""2011 metadata changes residence wording to tuition-rate paid; source-boundary continuity does not justify treating residence and tuition status as identical in every year. 2024 COST_FINANCIALAID maps to the later column.""]"
SCFA14N,SCFA14N__SFA_P__00070166__32F29BBBF1A0,"[2009,2010,2011,2012,2013,2014,2015,2016,2017,2018,2019,2020,2021,2022,2023,2024]",SFA 2008→SFA_P 2009 retains the same number and full definition after annual-cohort normalization.,"[""2011 metadata changes residence wording to tuition-rate paid; source-boundary continuity does not justify treating residence and tuition status as identical in every year. 2024 COST_FINANCIALAID maps to the later column.""]"
SCFA14P,SCFA14P__SFA__00070171__98EC14461F98,"[2004,2005,2006,2007,2008]",SFA 2008→SFA_P 2009 retains the same number and full definition after annual-cohort normalization.,"[""2011 metadata changes residence wording to tuition-rate paid; source-boundary continuity does not justify treating residence and tuition status as identical in every year. 2024 COST_FINANCIALAID maps to the later column.""]"
SCFA14P,SCFA14P__SFA_P__00070171__D8E827924ED9,"[2009,2010,2011,2012,2013,2014,2015,2016,2017,2018,2019,2020,2021,2022,2023,2024]",SFA 2008→SFA_P 2009 retains the same number and full definition after annual-cohort normalization.,"[""2011 metadata changes residence wording to tuition-rate paid; source-boundary continuity does not justify treating residence and tuition status as identical in every year. 2024 COST_FINANCIALAID maps to the later column.""]"
SCFA1N,SCFA1N__SFA__00070126__AD337BB0803C,"[2004,2005,2006,2007,2008]",SFA 2008→SFA_P 2009 retains the same number and full definition after annual-cohort normalization; counts/percentages retain fall or full-year cohort and undergraduate/FTFT population. 2024 SFA explicitly maps back to the later SFA_P column.,"[""Keep fall and full-year cohorts distinct, as well as total undergraduates, FTFT counts and FTFT percentages.""]"
SCFA1N,SCFA1N__SFA_P__00070126__333E45B5BCDA,"[2009,2010,2011,2012,2013,2014,2015,2016,2017,2018,2019,2020,2021,2022,2023,2024]",SFA 2008→SFA_P 2009 retains the same number and full definition after annual-cohort normalization; counts/percentages retain fall or full-year cohort and undergraduate/FTFT population. 2024 SFA explicitly maps back to the later SFA_P column.,"[""Keep fall and full-year cohorts distinct, as well as total undergraduates, FTFT counts and FTFT percentages.""]"
SCFA1P,SCFA1P__SFA__00070131__518EACC53DA2,"[2004,2005,2006,2007,2008]",SFA 2008→SFA_P 2009 retains the same number and full definition after annual-cohort normalization; counts/percentages retain fall or full-year cohort and undergraduate/FTFT population. 2024 SFA explicitly maps back to the later SFA_P column.,"[""Keep fall and full-year cohorts distinct, as well as total undergraduates, FTFT counts and FTFT percentages.""]"
SCFA1P,SCFA1P__SFA_P__00070131__A90DF6170E34,"[2009,2010,2011,2012,2013,2014,2015,2016,2017,2018,2019,2020,2021,2022,2023,2024]",SFA 2008→SFA_P 2009 retains the same number and full definition after annual-cohort normalization; counts/percentages retain fall or full-year cohort and undergraduate/FTFT population. 2024 SFA explicitly maps back to the later SFA_P column.,"[""Keep fall and full-year cohorts distinct, as well as total undergraduates, FTFT counts and FTFT percentages.""]"
SCFA2,SCFA2__SFA__00070176__0611C5CE1E1F,"[2004,2005,2006,2007,2008]",SFA 2008→SFA_P 2009 retains the same number and full definition after annual-cohort normalization; counts/percentages retain fall or full-year cohort and undergraduate/FTFT population. 2024 SFA explicitly maps back to the later SFA_P column.,"[""Keep fall and full-year cohorts distinct, as well as total undergraduates, FTFT counts and FTFT percentages.""]"
SCFA2,SCFA2__SFA_P__00070176__A64DAD4D82AB,"[2009,2010,2011,2012,2013,2014,2015,2016,2017,2018,2019,2020,2021,2022,2023,2024]",SFA 2008→SFA_P 2009 retains the same number and full definition after annual-cohort normalization; counts/percentages retain fall or full-year cohort and undergraduate/FTFT population. 2024 SFA explicitly maps back to the later SFA_P column.,"[""Keep fall and full-year cohorts distinct, as well as total undergraduates, FTFT counts and FTFT percentages.""]"
SCFY1N,SCFY1N__SFA__00070181__8A9FE038A99F,"[2004,2005,2006,2007,2008]",SFA 2008→SFA_P 2009 retains the same number and full definition after annual-cohort normalization; counts/percentages retain fall or full-year cohort and undergraduate/FTFT population. 2024 SFA explicitly maps back to the later SFA_P column.,"[""Keep fall and full-year cohorts distinct, as well as total undergraduates, FTFT counts and FTFT percentages.""]"
SCFY1N,SCFY1N__SFA_P__00070181__87199A4B1142,"[2009,2010,2011,2012,2013,2014,2015,2016,2017,2018,2019,2020,2021,2022,2023,2024]",SFA 2008→SFA_P 2009 retains the same number and full definition after annual-cohort normalization; counts/percentages retain fall or full-year cohort and undergraduate/FTFT population. 2024 SFA explicitly maps back to the later SFA_P column.,"[""Keep fall and full-year cohorts distinct, as well as total undergraduates, FTFT counts and FTFT percentages.""]"
SCFY1P,SCFY1P__SFA__00070186__B392A1AE9A3E,"[2004,2005,2006,2007,2008]",SFA 2008→SFA_P 2009 retains the same number and full definition after annual-cohort normalization; counts/percentages retain fall or full-year cohort and undergraduate/FTFT population. 2024 SFA explicitly maps back to the later SFA_P column.,"[""Keep fall and full-year cohorts distinct, as well as total undergraduates, FTFT counts and FTFT percentages.""]"
SCFY1P,SCFY1P__SFA_P__00070186__21363DA29931,"[2009,2010,2011,2012,2013,2014,2015,2016,2017,2018,2019,2020,2021,2022,2023,2024]",SFA 2008→SFA_P 2009 retains the same number and full definition after annual-cohort normalization; counts/percentages retain fall or full-year cohort and undergraduate/FTFT population. 2024 SFA explicitly maps back to the later SFA_P column.,"[""Keep fall and full-year cohorts distinct, as well as total undergraduates, FTFT counts and FTFT percentages.""]"
SCFY2,SCFY2__SFA__00070191__7964F2F943B0,"[2004,2005,2006,2007,2008]",SFA 2008→SFA_P 2009 retains the same number and full definition after annual-cohort normalization; counts/percentages retain fall or full-year cohort and undergraduate/FTFT population. 2024 SFA explicitly maps back to the later SFA_P column.,"[""Keep fall and full-year cohorts distinct, as well as total undergraduates, FTFT counts and FTFT percentages.""]"
SCFY2,SCFY2__SFA_P__00070191__3ECFEDF8E81F,"[2009,2010,2011,2012,2013,2014,2015,2016,2017,2018,2019,2020,2021,2022,2023,2024]",SFA 2008→SFA_P 2009 retains the same number and full definition after annual-cohort normalization; counts/percentages retain fall or full-year cohort and undergraduate/FTFT population. 2024 SFA explicitly maps back to the later SFA_P column.,"[""Keep fall and full-year cohorts distinct, as well as total undergraduates, FTFT counts and FTFT percentages.""]"
SGRNT_A,SGRNT_A__SFA__00070231__97E0D5810A5A,"[2004,2005,2006,2007,2008]",SFA 2008→SFA_P 2009 retains the same number and core full definition after annual-cohort normalization and removal of the old perturbation notice.,"[""Old source has an explicit disclosure-perturbation notice. 2014 wording changes received/receiving to awarded within the later column. Preserve that reporting-basis caveat; no assertion of whole-series measurement invariance. 2024 SFA maps to the later column.""]"
SGRNT_A,SGRNT_A__SFA_P__00070231__1E5CD17699BB,"[2009,2010,2011,2012,2013,2014,2015,2016,2017,2018,2019,2020,2021,2022,2023,2024]",SFA 2008→SFA_P 2009 retains the same number and core full definition after annual-cohort normalization and removal of the old perturbation notice.,"[""Old source has an explicit disclosure-perturbation notice. 2014 wording changes received/receiving to awarded within the later column. Preserve that reporting-basis caveat; no assertion of whole-series measurement invariance. 2024 SFA maps to the later column.""]"
SGRNT_N,SGRNT_N__SFA__00070221__0E1566FB50D9,"[2004,2005,2006,2007,2008]",SFA 2008→SFA_P 2009 retains the same number and core full definition after annual-cohort normalization and removal of the old perturbation notice.,"[""Old source has an explicit disclosure-perturbation notice. 2014 wording changes received/receiving to awarded within the later column. Preserve that reporting-basis caveat; no assertion of whole-series measurement invariance. 2024 SFA maps to the later column.""]"
SGRNT_N,SGRNT_N__SFA_P__00070221__4CBF9751C590,"[2009,2010,2011,2012,2013,2014,2015,2016,2017,2018,2019,2020,2021,2022,2023,2024]",SFA 2008→SFA_P 2009 retains the same number and core full definition after annual-cohort normalization and removal of the old perturbation notice.,"[""Old source has an explicit disclosure-perturbation notice. 2014 wording changes received/receiving to awarded within the later column. Preserve that reporting-basis caveat; no assertion of whole-series measurement invariance. 2024 SFA maps to the later column.""]"
SGRNT_P,SGRNT_P__SFA__00070226__9A35B052839B,"[2004,2005,2006,2007,2008]",SFA 2008→SFA_P 2009 retains the same number and core full definition after annual-cohort normalization and removal of the old perturbation notice.,"[""Old source has an explicit disclosure-perturbation notice. 2014 wording changes received/receiving to awarded within the later column. Preserve that reporting-basis caveat; no assertion of whole-series measurement invariance. 2024 SFA maps to the later column.""]"
SGRNT_P,SGRNT_P__SFA_P__00070226__E127A08E7B82,"[2009,2010,2011,2012,2013,2014,2015,2016,2017,2018,2019,2020,2021,2022,2023,2024]",SFA 2008→SFA_P 2009 retains the same number and core full definition after annual-cohort normalization and removal of the old perturbation notice.,"[""Old source has an explicit disclosure-perturbation notice. 2014 wording changes received/receiving to awarded within the later column. Preserve that reporting-basis caveat; no assertion of whole-series measurement invariance. 2024 SFA maps to the later column.""]"
TUFEYR1,TUFEYR1__DFR__00100605__766026F97A05,[2005],Same-number source-table relocation with matching full boundary definition after annual-period normalization.,"[""Keep TUFEYR1/2/3 distinct: each is a different reference-period position, even though each same-named pair can be joined across source families.""]"
TUFEYR1,TUFEYR1__DRVIC__00100605__01423D9BB352,"[2006,2007,2008,2009,2010,2011,2012,2013,2014,2015,2016,2017,2018,2019,2020,2021,2022,2023,2024]",Same-number source-table relocation with matching full boundary definition after annual-period normalization.,"[""Keep TUFEYR1/2/3 distinct: each is a different reference-period position, even though each same-named pair can be joined across source families.""]"
TUFEYR2,TUFEYR2__DFR__00100607__C82CE4493FFC,[2005],Same-number source-table relocation with matching full boundary definition after annual-period normalization.,"[""Keep TUFEYR1/2/3 distinct: each is a different reference-period position, even though each same-named pair can be joined across source families.""]"
TUFEYR2,TUFEYR2__DRVIC__00100607__D8F3122FD8E7,"[2006,2007,2008,2009,2010,2011,2012,2013,2014,2015,2016,2017,2018,2019,2020,2021,2022,2023,2024]",Same-number source-table relocation with matching full boundary definition after annual-period normalization.,"[""Keep TUFEYR1/2/3 distinct: each is a different reference-period position, even though each same-named pair can be joined across source families.""]"
TUFEYR3,TUFEYR3__DFR__00100609__F51414FBDFA0,[2005],Same-number source-table relocation with matching full boundary definition after annual-period normalization.,"[""Keep TUFEYR1/2/3 distinct: each is a different reference-period position, even though each same-named pair can be joined across source families.""]"
TUFEYR3,TUFEYR3__DRVIC__00100609__8C91464BC1AC,"[2006,2007,2008,2009,2010,2011,2012,2013,2014,2015,2016,2017,2018,2019,2020,2021,2022,2023,2024]",Same-number source-table relocation with matching full boundary definition after annual-period normalization.,"[""Keep TUFEYR1/2/3 distinct: each is a different reference-period position, even though each same-named pair can be joined across source families.""]"
UNDUPUG,UNDUPUG__DFR__00023362__4A245EF8EA2F,[2005],Same-number source-table relocation with matching full boundary definition after annual-period normalization.,"[""Do not combine fall FTE, 12-month headcount, and undergraduate-only headcount with each other.""]"
UNDUPUG,UNDUPUG__DRVEF__00023362__D48A5E9E4CFF,"[2006,2007,2008,2009,2010,2011,2012,2013,2014,2015,2016,2017,2018,2019,2020,2021,2022,2023,2024]",Same-number source-table relocation with matching full boundary definition after annual-period normalization.,"[""Do not combine fall FTE, 12-month headcount, and undergraduate-only headcount with each other.""]"
UNDUP,UNDUP__DFR__00023360__B285776C1A20,[2005],Same-number source-table relocation with matching full boundary definition after annual-period normalization.,"[""Do not combine fall FTE, 12-month headcount, and undergraduate-only headcount with each other.""]"
UNDUP,UNDUP__DRVEF__00023360__ED2D6A649A9F,"[2006,2007,2008,2009,2010,2011,2012,2013,2014,2015,2016,2017,2018,2019,2020,2021,2022,2023,2024]",Same-number source-table relocation with matching full boundary definition after annual-period normalization.,"[""Do not combine fall FTE, 12-month headcount, and undergraduate-only headcount with each other.""]"
