contract_id,analysis_column,logical_type,source_variables,transformation,inclusion_reason,first_year,last_year,nullable,status
ipedsdb-panel-2004-2024-mixed-v1,ADMCON1,categorical string,variable_id:nces:ADM:00010521:ADMCON1,identity,2024 exact source mapping; same_source_variable_identity; metadata definitions remain year-specific; no assertion of measurement equivalence.,2024,2024,true,active
ipedsdb-panel-2004-2024-mixed-v1,ADMCON2,categorical string,variable_id:nces:ADM:00010526:ADMCON2,identity,2024 exact source mapping; same_source_variable_identity; metadata definitions remain year-specific; no assertion of measurement equivalence.,2024,2024,true,active
ipedsdb-panel-2004-2024-mixed-v1,ADMCON3,categorical string,variable_id:nces:ADM:00010531:ADMCON3,identity,2024 exact source mapping; same_source_variable_identity; metadata definitions remain year-specific; no assertion of measurement equivalence.,2024,2024,true,active
ipedsdb-panel-2004-2024-mixed-v1,ADMCON4__ADM__00010536__52447A17EC3A,categorical string,variable_id:nces:ADM:00010536:ADMCON4,identity,2024 exact source mapping; same_source_variable_identity; metadata definitions remain year-specific; no assertion of measurement equivalence.,2024,2024,true,active
ipedsdb-panel-2004-2024-mixed-v1,ADMCON5,categorical string,variable_id:nces:ADM:00010541:ADMCON5,identity,2024 exact source mapping; same_source_variable_identity; metadata definitions remain year-specific; no assertion of measurement equivalence.,2024,2024,true,active
ipedsdb-panel-2004-2024-mixed-v1,ADMCON6,categorical string,variable_id:nces:ADM:00010546:ADMCON6,identity,2024 exact source mapping; same_source_variable_identity; metadata definitions remain year-specific; no assertion of measurement equivalence.,2024,2024,true,active
ipedsdb-panel-2004-2024-mixed-v1,ADMCON7,categorical string,variable_id:nces:ADM:00010551:ADMCON7,identity,2024 exact source mapping; same_source_variable_identity; metadata definitions remain year-specific; no assertion of measurement equivalence.,2024,2024,true,active
ipedsdb-panel-2004-2024-mixed-v1,ADMCON8__ADM__00010556__FAB7E3CF94F4,categorical string,variable_id:nces:ADM:00010556:ADMCON8,identity,2024 exact source mapping; same_source_variable_identity; metadata definitions remain year-specific; no assertion of measurement equivalence.,2024,2024,true,active
ipedsdb-panel-2004-2024-mixed-v1,ADMCON9,categorical string,variable_id:nces:ADM:00010559:ADMCON9,identity,2024 exact source mapping; same_source_variable_identity; metadata definitions remain year-specific; no assertion of measurement equivalence.,2024,2024,true,active
ipedsdb-panel-2004-2024-mixed-v1,ADMCON10,categorical string,variable_id:nces:ADM:00010548:ADMCON10,identity,2024 exact source mapping; same_source_variable_identity; metadata definitions remain year-specific; no assertion of measurement equivalence.,2024,2024,true,active
ipedsdb-panel-2004-2024-mixed-v1,ADMCON11,categorical string,variable_id:nces:ADM:00010549:ADMCON11,identity,2024 exact source mapping; same_source_variable_identity; metadata definitions remain year-specific; no assertion of measurement equivalence.,2024,2024,true,active
ipedsdb-panel-2004-2024-mixed-v1,ADMCON12,categorical string,variable_id:nces:ADM:00010550:ADMCON12,identity,2024 exact source mapping; same_source_variable_identity; metadata definitions remain year-specific; no assertion of measurement equivalence.,2024,2024,true,active
ipedsdb-panel-2004-2024-mixed-v1,APPLCN,float,variable_id:nces:ADM:00011016:APPLCN,identity,2024 exact source mapping; same_source_variable_identity; metadata definitions remain year-specific; no assertion of measurement equivalence.,2024,2024,true,active
ipedsdb-panel-2004-2024-mixed-v1,APPLCNM,float,variable_id:nces:ADM:00010566:APPLCNM,identity,2024 exact source mapping; same_source_variable_identity; metadata definitions remain year-specific; no assertion of measurement equivalence.,2024,2024,true,active
ipedsdb-panel-2004-2024-mixed-v1,APPLCNW,float,variable_id:nces:ADM:00010571:APPLCNW,identity,2024 exact source mapping; same_source_variable_identity; metadata definitions remain year-specific; no assertion of measurement equivalence.,2024,2024,true,active
ipedsdb-panel-2004-2024-mixed-v1,APPLCNAN,float,variable_id:nces:ADM:00010573:APPLCNAN,identity,2024 exact source mapping; same_source_variable_identity; metadata definitions remain year-specific; no assertion of measurement equivalence.,2024,2024,true,active
ipedsdb-panel-2004-2024-mixed-v1,APPLCNUN,float,variable_id:nces:ADM:00010574:APPLCNUN,identity,2024 exact source mapping; same_source_variable_identity; metadata definitions remain year-specific; no assertion of measurement equivalence.,2024,2024,true,active
ipedsdb-panel-2004-2024-mixed-v1,ADMSSN,float,variable_id:nces:ADM:00011021:ADMSSN,identity,2024 exact source mapping; same_source_variable_identity; metadata definitions remain year-specific; no assertion of measurement equivalence.,2024,2024,true,active
ipedsdb-panel-2004-2024-mixed-v1,ADMSSNM,float,variable_id:nces:ADM:00010576:ADMSSNM,identity,2024 exact source mapping; same_source_variable_identity; metadata definitions remain year-specific; no assertion of measurement equivalence.,2024,2024,true,active
ipedsdb-panel-2004-2024-mixed-v1,ADMSSNW,float,variable_id:nces:ADM:00010581:ADMSSNW,identity,2024 exact source mapping; same_source_variable_identity; metadata definitions remain year-specific; no assertion of measurement equivalence.,2024,2024,true,active
ipedsdb-panel-2004-2024-mixed-v1,ADMSSNAN,float,variable_id:nces:ADM:00010584:ADMSSNAN,identity,2024 exact source mapping; same_source_variable_identity; metadata definitions remain year-specific; no assertion of measurement equivalence.,2024,2024,true,active
ipedsdb-panel-2004-2024-mixed-v1,ADMSSNUN,float,variable_id:nces:ADM:00010585:ADMSSNUN,identity,2024 exact source mapping; same_source_variable_identity; metadata definitions remain year-specific; no assertion of measurement equivalence.,2024,2024,true,active
ipedsdb-panel-2004-2024-mixed-v1,ENRLT,float,variable_id:nces:ADM:00011011:ENRLT,identity,2024 exact source mapping; same_source_variable_identity; metadata definitions remain year-specific; no assertion of measurement equivalence.,2024,2024,true,active
ipedsdb-panel-2004-2024-mixed-v1,ENRLM,float,variable_id:nces:ADM:00011001:ENRLM,identity,2024 exact source mapping; same_source_variable_identity; metadata definitions remain year-specific; no assertion of measurement equivalence.,2024,2024,true,active
ipedsdb-panel-2004-2024-mixed-v1,ENRLW,float,variable_id:nces:ADM:00011006:ENRLW,identity,2024 exact source mapping; same_source_variable_identity; metadata definitions remain year-specific; no assertion of measurement equivalence.,2024,2024,true,active
ipedsdb-panel-2004-2024-mixed-v1,ENRLAN,float,variable_id:nces:ADM:00011009:ENRLAN,identity,2024 exact source mapping; same_source_variable_identity; metadata definitions remain year-specific; no assertion of measurement equivalence.,2024,2024,true,active
ipedsdb-panel-2004-2024-mixed-v1,ENRLUN,float,variable_id:nces:ADM:00011010:ENRLUN,identity,2024 exact source mapping; same_source_variable_identity; metadata definitions remain year-specific; no assertion of measurement equivalence.,2024,2024,true,active
ipedsdb-panel-2004-2024-mixed-v1,ENRLFT,float,variable_id:nces:ADM:00011026:ENRLFT,identity,2024 exact source mapping; same_source_variable_identity; metadata definitions remain year-specific; no assertion of measurement equivalence.,2024,2024,true,active
ipedsdb-panel-2004-2024-mixed-v1,ENRLFTM,float,variable_id:nces:ADM:00010586:ENRLFTM,identity,2024 exact source mapping; same_source_variable_identity; metadata definitions remain year-specific; no assertion of measurement equivalence.,2024,2024,true,active
ipedsdb-panel-2004-2024-mixed-v1,ENRLFTW,float,variable_id:nces:ADM:00010591:ENRLFTW,identity,2024 exact source mapping; same_source_variable_identity; metadata definitions remain year-specific; no assertion of measurement equivalence.,2024,2024,true,active
ipedsdb-panel-2004-2024-mixed-v1,ENRLFTAN,float,variable_id:nces:ADM:00010594:ENRLFTAN,identity,2024 exact source mapping; same_source_variable_identity; metadata definitions remain year-specific; no assertion of measurement equivalence.,2024,2024,true,active
ipedsdb-panel-2004-2024-mixed-v1,ENRLFTUN,float,variable_id:nces:ADM:00010595:ENRLFTUN,identity,2024 exact source mapping; same_source_variable_identity; metadata definitions remain year-specific; no assertion of measurement equivalence.,2024,2024,true,active
ipedsdb-panel-2004-2024-mixed-v1,ENRLPT,float,variable_id:nces:ADM:00011031:ENRLPT,identity,2024 exact source mapping; same_source_variable_identity; metadata definitions remain year-specific; no assertion of measurement equivalence.,2024,2024,true,active
ipedsdb-panel-2004-2024-mixed-v1,ENRLPTM,float,variable_id:nces:ADM:00010596:ENRLPTM,identity,2024 exact source mapping; same_source_variable_identity; metadata definitions remain year-specific; no assertion of measurement equivalence.,2024,2024,true,active
ipedsdb-panel-2004-2024-mixed-v1,ENRLPTW,float,variable_id:nces:ADM:00010601:ENRLPTW,identity,2024 exact source mapping; same_source_variable_identity; metadata definitions remain year-specific; no assertion of measurement equivalence.,2024,2024,true,active
ipedsdb-panel-2004-2024-mixed-v1,ENRLPTAN,float,variable_id:nces:ADM:00010604:ENRLPTAN,identity,2024 exact source mapping; same_source_variable_identity; metadata definitions remain year-specific; no assertion of measurement equivalence.,2024,2024,true,active
ipedsdb-panel-2004-2024-mixed-v1,ENRLPTUN,float,variable_id:nces:ADM:00010605:ENRLPTUN,identity,2024 exact source mapping; same_source_variable_identity; metadata definitions remain year-specific; no assertion of measurement equivalence.,2024,2024,true,active
ipedsdb-panel-2004-2024-mixed-v1,SATNUM,float,variable_id:nces:ADM:00010611:SATNUM,identity,2024 exact source mapping; same_source_variable_identity; metadata definitions remain year-specific; no assertion of measurement equivalence.,2024,2024,true,active
ipedsdb-panel-2004-2024-mixed-v1,SATPCT,float,variable_id:nces:ADM:00010616:SATPCT,identity,2024 exact source mapping; same_source_variable_identity; metadata definitions remain year-specific; no assertion of measurement equivalence.,2024,2024,true,active
ipedsdb-panel-2004-2024-mixed-v1,ACTNUM,float,variable_id:nces:ADM:00010621:ACTNUM,identity,2024 exact source mapping; same_source_variable_identity; metadata definitions remain year-specific; no assertion of measurement equivalence.,2024,2024,true,active
ipedsdb-panel-2004-2024-mixed-v1,ACTPCT,float,variable_id:nces:ADM:00010626:ACTPCT,identity,2024 exact source mapping; same_source_variable_identity; metadata definitions remain year-specific; no assertion of measurement equivalence.,2024,2024,true,active
ipedsdb-panel-2004-2024-mixed-v1,SATVR25__ADM__00010631__A6357D0FA70A,float,variable_id:nces:ADM:00010631:SATVR25,identity,2024 exact source mapping; same_source_variable_identity; metadata definitions remain year-specific; no assertion of measurement equivalence.,2024,2024,true,active
ipedsdb-panel-2004-2024-mixed-v1,SATVR50,float,variable_id:nces:ADM:00010633:SATVR50,identity,2024 exact source mapping; same_source_variable_identity; metadata definitions remain year-specific; no assertion of measurement equivalence.,2024,2024,true,active
ipedsdb-panel-2004-2024-mixed-v1,SATVR75__ADM__00010636__1FF40D2F183C,float,variable_id:nces:ADM:00010636:SATVR75,identity,2024 exact source mapping; same_source_variable_identity; metadata definitions remain year-specific; no assertion of measurement equivalence.,2024,2024,true,active
ipedsdb-panel-2004-2024-mixed-v1,SATMT25__ADM__00010641__EB0C3DE618DD,float,variable_id:nces:ADM:00010641:SATMT25,identity,2024 exact source mapping; same_source_variable_identity; metadata definitions remain year-specific; no assertion of measurement equivalence.,2024,2024,true,active
ipedsdb-panel-2004-2024-mixed-v1,SATMT50,float,variable_id:nces:ADM:00010642:SATMT50,identity,2024 exact source mapping; same_source_variable_identity; metadata definitions remain year-specific; no assertion of measurement equivalence.,2024,2024,true,active
ipedsdb-panel-2004-2024-mixed-v1,SATMT75__ADM__00010646__10A86162374D,float,variable_id:nces:ADM:00010646:SATMT75,identity,2024 exact source mapping; same_source_variable_identity; metadata definitions remain year-specific; no assertion of measurement equivalence.,2024,2024,true,active
ipedsdb-panel-2004-2024-mixed-v1,ACTCM25,float,variable_id:nces:ADM:00010651:ACTCM25,identity,2024 exact source mapping; same_source_variable_identity; metadata definitions remain year-specific; no assertion of measurement equivalence.,2024,2024,true,active
ipedsdb-panel-2004-2024-mixed-v1,ACTCM50,float,variable_id:nces:ADM:00010653:ACTCM50,identity,2024 exact source mapping; same_source_variable_identity; metadata definitions remain year-specific; no assertion of measurement equivalence.,2024,2024,true,active
ipedsdb-panel-2004-2024-mixed-v1,ACTCM75,float,variable_id:nces:ADM:00010656:ACTCM75,identity,2024 exact source mapping; same_source_variable_identity; metadata definitions remain year-specific; no assertion of measurement equivalence.,2024,2024,true,active
ipedsdb-panel-2004-2024-mixed-v1,ACTEN25,float,variable_id:nces:ADM:00010661:ACTEN25,identity,2024 exact source mapping; same_source_variable_identity; metadata definitions remain year-specific; no assertion of measurement equivalence.,2024,2024,true,active
ipedsdb-panel-2004-2024-mixed-v1,ACTEN50,float,variable_id:nces:ADM:00010663:ACTEN50,identity,2024 exact source mapping; same_source_variable_identity; metadata definitions remain year-specific; no assertion of measurement equivalence.,2024,2024,true,active
ipedsdb-panel-2004-2024-mixed-v1,ACTEN75,float,variable_id:nces:ADM:00010666:ACTEN75,identity,2024 exact source mapping; same_source_variable_identity; metadata definitions remain year-specific; no assertion of measurement equivalence.,2024,2024,true,active
ipedsdb-panel-2004-2024-mixed-v1,ACTMT25,float,variable_id:nces:ADM:00010671:ACTMT25,identity,2024 exact source mapping; same_source_variable_identity; metadata definitions remain year-specific; no assertion of measurement equivalence.,2024,2024,true,active
ipedsdb-panel-2004-2024-mixed-v1,ACTMT50,float,variable_id:nces:ADM:00010673:ACTMT50,identity,2024 exact source mapping; same_source_variable_identity; metadata definitions remain year-specific; no assertion of measurement equivalence.,2024,2024,true,active
ipedsdb-panel-2004-2024-mixed-v1,ACTMT75,float,variable_id:nces:ADM:00010676:ACTMT75,identity,2024 exact source mapping; same_source_variable_identity; metadata definitions remain year-specific; no assertion of measurement equivalence.,2024,2024,true,active
ipedsdb-panel-2004-2024-mixed-v1,LEXP100K,categorical string,variable_id:nces:AL:00160153:LEXP100K,identity,2024 exact source mapping; same_source_variable_identity; metadata definitions remain year-specific; no assertion of measurement equivalence.,2024,2024,true,active
ipedsdb-panel-2004-2024-mixed-v1,LCOLELYN,categorical string,variable_id:nces:AL:00160100:LCOLELYN,identity,2024 exact source mapping; same_source_variable_identity; metadata definitions remain year-specific; no assertion of measurement equivalence.,2024,2024,true,active
ipedsdb-panel-2004-2024-mixed-v1,LPBOOKS,float,variable_id:nces:AL:00160105:LPBOOKS,identity,2024 exact source mapping; same_source_variable_identity; metadata definitions remain year-specific; no assertion of measurement equivalence.,2024,2024,true,active
ipedsdb-panel-2004-2024-mixed-v1,LEBOOKS,float,variable_id:nces:AL:00160110:LEBOOKS,identity,2024 exact source mapping; same_source_variable_identity; metadata definitions remain year-specific; no assertion of measurement equivalence.,2024,2024,true,active
ipedsdb-panel-2004-2024-mixed-v1,LEDATAB,float,variable_id:nces:AL:00160115:LEDATAB,identity,2024 exact source mapping; same_source_variable_identity; metadata definitions remain year-specific; no assertion of measurement equivalence.,2024,2024,true,active
ipedsdb-panel-2004-2024-mixed-v1,LPMEDIA,float,variable_id:nces:AL:00160120:LPMEDIA,identity,2024 exact source mapping; same_source_variable_identity; metadata definitions remain year-specific; no assertion of measurement equivalence.,2024,2024,true,active
ipedsdb-panel-2004-2024-mixed-v1,LEMEDIA,float,variable_id:nces:AL:00160125:LEMEDIA,identity,2024 exact source mapping; same_source_variable_identity; metadata definitions remain year-specific; no assertion of measurement equivalence.,2024,2024,true,active
ipedsdb-panel-2004-2024-mixed-v1,LPSERIA,float,variable_id:nces:AL:00160300:LPSERIA,identity,2024 exact source mapping; same_source_variable_identity; metadata definitions remain year-specific; no assertion of measurement equivalence.,2024,2024,true,active
ipedsdb-panel-2004-2024-mixed-v1,LESERIA,float,variable_id:nces:AL:00160305:LESERIA,identity,2024 exact source mapping; same_source_variable_identity; metadata definitions remain year-specific; no assertion of measurement equivalence.,2024,2024,true,active
ipedsdb-panel-2004-2024-mixed-v1,LPCLLCT,float,variable_id:nces:AL:00160130:LPCLLCT,identity,2024 exact source mapping; same_source_variable_identity; metadata definitions remain year-specific; no assertion of measurement equivalence.,2024,2024,true,active
ipedsdb-panel-2004-2024-mixed-v1,LECLLCT,float,variable_id:nces:AL:00160135:LECLLCT,identity,2024 exact source mapping; same_source_variable_identity; metadata definitions remain year-specific; no assertion of measurement equivalence.,2024,2024,true,active
ipedsdb-panel-2004-2024-mixed-v1,LTCLLCT,float,variable_id:nces:AL:00160136:LTCLLCT,identity,2024 exact source mapping; same_source_variable_identity; metadata definitions remain year-specific; no assertion of measurement equivalence.,2024,2024,true,active
ipedsdb-panel-2004-2024-mixed-v1,LPCRCLT,float,variable_id:nces:AL:00160140:LPCRCLT,identity,2024 exact source mapping; same_source_variable_identity; metadata definitions remain year-specific; no assertion of measurement equivalence.,2024,2024,true,active
ipedsdb-panel-2004-2024-mixed-v1,LECRCLT,float,variable_id:nces:AL:00160145:LECRCLT,identity,2024 exact source mapping; same_source_variable_identity; metadata definitions remain year-specific; no assertion of measurement equivalence.,2024,2024,true,active
ipedsdb-panel-2004-2024-mixed-v1,LTCRCLT,float,variable_id:nces:AL:00160146:LTCRCLT,identity,2024 exact source mapping; same_source_variable_identity; metadata definitions remain year-specific; no assertion of measurement equivalence.,2024,2024,true,active
ipedsdb-panel-2004-2024-mixed-v1,LILLDYN,categorical string,variable_id:nces:AL:00160310:LILLDYN,identity,2024 exact source mapping; same_source_variable_identity; metadata definitions remain year-specific; no assertion of measurement equivalence.,2024,2024,true,active
ipedsdb-panel-2004-2024-mixed-v1,LILLDPR,float,variable_id:nces:AL:00160210:LILLDPR,identity,2024 exact source mapping; same_source_variable_identity; metadata definitions remain year-specific; no assertion of measurement equivalence.,2024,2024,true,active
ipedsdb-panel-2004-2024-mixed-v1,LILLDRC,float,variable_id:nces:AL:00160215:LILLDRC,identity,2024 exact source mapping; same_source_variable_identity; metadata definitions remain year-specific; no assertion of measurement equivalence.,2024,2024,true,active
ipedsdb-panel-2004-2024-mixed-v1,LILSYN,categorical string,variable_id:nces:AL:00160325:LILSYN,identity,2024 exact source mapping; same_source_variable_identity; metadata definitions remain year-specific; no assertion of measurement equivalence.,2024,2024,true,active
ipedsdb-panel-2004-2024-mixed-v1,LSTOTAL,float,variable_id:nces:AL:00160330:LSTOTAL,identity,2024 exact source mapping; same_source_variable_identity; metadata definitions remain year-specific; no assertion of measurement equivalence.,2024,2024,true,active
ipedsdb-panel-2004-2024-mixed-v1,LSLIBRN,float,variable_id:nces:AL:00160335:LSLIBRN,identity,2024 exact source mapping; same_source_variable_identity; metadata definitions remain year-specific; no assertion of measurement equivalence.,2024,2024,true,active
ipedsdb-panel-2004-2024-mixed-v1,LSOPROF,float,variable_id:nces:AL:00160340:LSOPROF,identity,2024 exact source mapping; same_source_variable_identity; metadata definitions remain year-specific; no assertion of measurement equivalence.,2024,2024,true,active
ipedsdb-panel-2004-2024-mixed-v1,LSOPAID,float,variable_id:nces:AL:00160345:LSOPAID,identity,2024 exact source mapping; same_source_variable_identity; metadata definitions remain year-specific; no assertion of measurement equivalence.,2024,2024,true,active
ipedsdb-panel-2004-2024-mixed-v1,LSSTAST,float,variable_id:nces:AL:00160350:LSSTAST,identity,2024 exact source mapping; same_source_variable_identity; metadata definitions remain year-specific; no assertion of measurement equivalence.,2024,2024,true,active
ipedsdb-panel-2004-2024-mixed-v1,LBRANCH,float,variable_id:nces:AL:00160150:LBRANCH,identity,2024 exact source mapping; same_source_variable_identity; metadata definitions remain year-specific; no assertion of measurement equivalence.,2024,2024,true,active
ipedsdb-panel-2004-2024-mixed-v1,LSALWAG,float,variable_id:nces:AL:00160155:LSALWAG,identity,2024 exact source mapping; same_source_variable_identity; metadata definitions remain year-specific; no assertion of measurement equivalence.,2024,2024,true,active
ipedsdb-panel-2004-2024-mixed-v1,LFRNGBYN,categorical string,variable_id:nces:AL:00160160:LFRNGBYN,identity,2024 exact source mapping; same_source_variable_identity; metadata definitions remain year-specific; no assertion of measurement equivalence.,2024,2024,true,active
ipedsdb-panel-2004-2024-mixed-v1,LFRNGBN,float,variable_id:nces:AL:00160165:LFRNGBN,identity,2024 exact source mapping; same_source_variable_identity; metadata definitions remain year-specific; no assertion of measurement equivalence.,2024,2024,true,active
ipedsdb-panel-2004-2024-mixed-v1,LEXMSBB,float,variable_id:nces:AL:00160170:LEXMSBB,identity,2024 exact source mapping; same_source_variable_identity; metadata definitions remain year-specific; no assertion of measurement equivalence.,2024,2024,true,active
ipedsdb-panel-2004-2024-mixed-v1,LEXMSCS,float,variable_id:nces:AL:00160175:LEXMSCS,identity,2024 exact source mapping; same_source_variable_identity; metadata definitions remain year-specific; no assertion of measurement equivalence.,2024,2024,true,active
ipedsdb-panel-2004-2024-mixed-v1,LEXMSOT,float,variable_id:nces:AL:00160180:LEXMSOT,identity,2024 exact source mapping; same_source_variable_identity; metadata definitions remain year-specific; no assertion of measurement equivalence.,2024,2024,true,active
ipedsdb-panel-2004-2024-mixed-v1,LEXMSTL,float,variable_id:nces:AL:00160185:LEXMSTL,identity,2024 exact source mapping; same_source_variable_identity; metadata definitions remain year-specific; no assertion of measurement equivalence.,2024,2024,true,active
ipedsdb-panel-2004-2024-mixed-v1,LEXOMPS,float,variable_id:nces:AL:00160190:LEXOMPS,identity,2024 exact source mapping; same_source_variable_identity; metadata definitions remain year-specific; no assertion of measurement equivalence.,2024,2024,true,active
ipedsdb-panel-2004-2024-mixed-v1,LEXOMOT,float,variable_id:nces:AL:00160195:LEXOMOT,identity,2024 exact source mapping; same_source_variable_identity; metadata definitions remain year-specific; no assertion of measurement equivalence.,2024,2024,true,active
ipedsdb-panel-2004-2024-mixed-v1,LEXOMTL,float,variable_id:nces:AL:00160200:LEXOMTL,identity,2024 exact source mapping; same_source_variable_identity; metadata definitions remain year-specific; no assertion of measurement equivalence.,2024,2024,true,active
ipedsdb-panel-2004-2024-mixed-v1,LEXPTOT,float,variable_id:nces:AL:00160205:LEXPTOT,identity,2024 exact source mapping; same_source_variable_identity; metadata definitions remain year-specific; no assertion of measurement equivalence.,2024,2024,true,active
ipedsdb-panel-2004-2024-mixed-v1,LSWMSOM,float,variable_id:nces:AL:00160206:LSWMSOM,identity,2024 exact source mapping; same_source_variable_identity; metadata definitions remain year-specific; no assertion of measurement equivalence.,2024,2024,true,active
ipedsdb-panel-2004-2024-mixed-v1,CSTOTLT,float,variable_id:nces:C_B:00033100:CSTOTLT,identity,2024 exact source mapping; same_source_variable_identity; metadata definitions remain year-specific; no assertion of measurement equivalence.,2024,2024,true,active
ipedsdb-panel-2004-2024-mixed-v1,CSTOTLM,float,variable_id:nces:C_B:00033101:CSTOTLM,identity,2024 exact source mapping; same_source_variable_identity; metadata definitions remain year-specific; no assertion of measurement equivalence.,2024,2024,true,active
ipedsdb-panel-2004-2024-mixed-v1,CSTOTLW,float,variable_id:nces:C_B:00033102:CSTOTLW,identity,2024 exact source mapping; same_source_variable_identity; metadata definitions remain year-specific; no assertion of measurement equivalence.,2024,2024,true,active
ipedsdb-panel-2004-2024-mixed-v1,CSAIANT,float,variable_id:nces:C_B:00033110:CSAIANT,identity,2024 exact source mapping; same_source_variable_identity; metadata definitions remain year-specific; no assertion of measurement equivalence.,2024,2024,true,active
ipedsdb-panel-2004-2024-mixed-v1,CSAIANM,float,variable_id:nces:C_B:00033111:CSAIANM,identity,2024 exact source mapping; same_source_variable_identity; metadata definitions remain year-specific; no assertion of measurement equivalence.,2024,2024,true,active
ipedsdb-panel-2004-2024-mixed-v1,CSAIANW,float,variable_id:nces:C_B:00033112:CSAIANW,identity,2024 exact source mapping; same_source_variable_identity; metadata definitions remain year-specific; no assertion of measurement equivalence.,2024,2024,true,active
ipedsdb-panel-2004-2024-mixed-v1,CSASIAT,float,variable_id:nces:C_B:00033120:CSASIAT,identity,2024 exact source mapping; same_source_variable_identity; metadata definitions remain year-specific; no assertion of measurement equivalence.,2024,2024,true,active
ipedsdb-panel-2004-2024-mixed-v1,CSASIAM,float,variable_id:nces:C_B:00033121:CSASIAM,identity,2024 exact source mapping; same_source_variable_identity; metadata definitions remain year-specific; no assertion of measurement equivalence.,2024,2024,true,active
ipedsdb-panel-2004-2024-mixed-v1,CSASIAW,float,variable_id:nces:C_B:00033122:CSASIAW,identity,2024 exact source mapping; same_source_variable_identity; metadata definitions remain year-specific; no assertion of measurement equivalence.,2024,2024,true,active
ipedsdb-panel-2004-2024-mixed-v1,CSBKAAT,float,variable_id:nces:C_B:00033130:CSBKAAT,identity,2024 exact source mapping; same_source_variable_identity; metadata definitions remain year-specific; no assertion of measurement equivalence.,2024,2024,true,active
ipedsdb-panel-2004-2024-mixed-v1,CSBKAAM,float,variable_id:nces:C_B:00033131:CSBKAAM,identity,2024 exact source mapping; same_source_variable_identity; metadata definitions remain year-specific; no assertion of measurement equivalence.,2024,2024,true,active
ipedsdb-panel-2004-2024-mixed-v1,CSBKAAW,float,variable_id:nces:C_B:00033132:CSBKAAW,identity,2024 exact source mapping; same_source_variable_identity; metadata definitions remain year-specific; no assertion of measurement equivalence.,2024,2024,true,active
ipedsdb-panel-2004-2024-mixed-v1,CSHISPT,float,variable_id:nces:C_B:00033140:CSHISPT,identity,2024 exact source mapping; same_source_variable_identity; metadata definitions remain year-specific; no assertion of measurement equivalence.,2024,2024,true,active
ipedsdb-panel-2004-2024-mixed-v1,CSHISPM,float,variable_id:nces:C_B:00033141:CSHISPM,identity,2024 exact source mapping; same_source_variable_identity; metadata definitions remain year-specific; no assertion of measurement equivalence.,2024,2024,true,active
ipedsdb-panel-2004-2024-mixed-v1,CSHISPW,float,variable_id:nces:C_B:00033142:CSHISPW,identity,2024 exact source mapping; same_source_variable_identity; metadata definitions remain year-specific; no assertion of measurement equivalence.,2024,2024,true,active
ipedsdb-panel-2004-2024-mixed-v1,CSNHPIT,float,variable_id:nces:C_B:00033150:CSNHPIT,identity,2024 exact source mapping; same_source_variable_identity; metadata definitions remain year-specific; no assertion of measurement equivalence.,2024,2024,true,active
ipedsdb-panel-2004-2024-mixed-v1,CSNHPIM,float,variable_id:nces:C_B:00033151:CSNHPIM,identity,2024 exact source mapping; same_source_variable_identity; metadata definitions remain year-specific; no assertion of measurement equivalence.,2024,2024,true,active
ipedsdb-panel-2004-2024-mixed-v1,CSNHPIW,float,variable_id:nces:C_B:00033152:CSNHPIW,identity,2024 exact source mapping; same_source_variable_identity; metadata definitions remain year-specific; no assertion of measurement equivalence.,2024,2024,true,active
ipedsdb-panel-2004-2024-mixed-v1,CSWHITT,float,variable_id:nces:C_B:00033160:CSWHITT,identity,2024 exact source mapping; same_source_variable_identity; metadata definitions remain year-specific; no assertion of measurement equivalence.,2024,2024,true,active
ipedsdb-panel-2004-2024-mixed-v1,CSWHITM,float,variable_id:nces:C_B:00033161:CSWHITM,identity,2024 exact source mapping; same_source_variable_identity; metadata definitions remain year-specific; no assertion of measurement equivalence.,2024,2024,true,active
ipedsdb-panel-2004-2024-mixed-v1,CSWHITW,float,variable_id:nces:C_B:00033162:CSWHITW,identity,2024 exact source mapping; same_source_variable_identity; metadata definitions remain year-specific; no assertion of measurement equivalence.,2024,2024,true,active
ipedsdb-panel-2004-2024-mixed-v1,CS2MORT,float,variable_id:nces:C_B:00033170:CS2MORT,identity,2024 exact source mapping; same_source_variable_identity; metadata definitions remain year-specific; no assertion of measurement equivalence.,2024,2024,true,active
ipedsdb-panel-2004-2024-mixed-v1,CS2MORM,float,variable_id:nces:C_B:00033171:CS2MORM,identity,2024 exact source mapping; same_source_variable_identity; metadata definitions remain year-specific; no assertion of measurement equivalence.,2024,2024,true,active
ipedsdb-panel-2004-2024-mixed-v1,CS2MORW,float,variable_id:nces:C_B:00033172:CS2MORW,identity,2024 exact source mapping; same_source_variable_identity; metadata definitions remain year-specific; no assertion of measurement equivalence.,2024,2024,true,active
ipedsdb-panel-2004-2024-mixed-v1,CSUNKNT,float,variable_id:nces:C_B:00033180:CSUNKNT,identity,2024 exact source mapping; same_source_variable_identity; metadata definitions remain year-specific; no assertion of measurement equivalence.,2024,2024,true,active
ipedsdb-panel-2004-2024-mixed-v1,CSUNKNM,float,variable_id:nces:C_B:00033181:CSUNKNM,identity,2024 exact source mapping; same_source_variable_identity; metadata definitions remain year-specific; no assertion of measurement equivalence.,2024,2024,true,active
ipedsdb-panel-2004-2024-mixed-v1,CSUNKNW,float,variable_id:nces:C_B:00033182:CSUNKNW,identity,2024 exact source mapping; same_source_variable_identity; metadata definitions remain year-specific; no assertion of measurement equivalence.,2024,2024,true,active
ipedsdb-panel-2004-2024-mixed-v1,CSNRALT,float,variable_id:nces:C_B:00033190:CSNRALT,identity,2024 exact source mapping; same_source_variable_identity; metadata definitions remain year-specific; no assertion of measurement equivalence.,2024,2024,true,active
ipedsdb-panel-2004-2024-mixed-v1,CSNRALM,float,variable_id:nces:C_B:00033191:CSNRALM,identity,2024 exact source mapping; same_source_variable_identity; metadata definitions remain year-specific; no assertion of measurement equivalence.,2024,2024,true,active
ipedsdb-panel-2004-2024-mixed-v1,CSNRALW,float,variable_id:nces:C_B:00033192:CSNRALW,identity,2024 exact source mapping; same_source_variable_identity; metadata definitions remain year-specific; no assertion of measurement equivalence.,2024,2024,true,active
ipedsdb-panel-2004-2024-mixed-v1,CSGUUGUN,float,variable_id:nces:C_B:00035010:CSGUUGUN,identity,2024 exact source mapping; same_source_variable_identity; metadata definitions remain year-specific; no assertion of measurement equivalence.,2024,2024,true,active
ipedsdb-panel-2004-2024-mixed-v1,CSGUUGAG,float,variable_id:nces:C_B:00035015:CSGUUGAG,identity,2024 exact source mapping; same_source_variable_identity; metadata definitions remain year-specific; no assertion of measurement equivalence.,2024,2024,true,active
ipedsdb-panel-2004-2024-mixed-v1,CSGUUGTT,float,variable_id:nces:C_B:00035020:CSGUUGTT,identity,2024 exact source mapping; same_source_variable_identity; metadata definitions remain year-specific; no assertion of measurement equivalence.,2024,2024,true,active
ipedsdb-panel-2004-2024-mixed-v1,CSGUGUN,float,variable_id:nces:C_B:00035025:CSGUGUN,identity,2024 exact source mapping; same_source_variable_identity; metadata definitions remain year-specific; no assertion of measurement equivalence.,2024,2024,true,active
ipedsdb-panel-2004-2024-mixed-v1,CSGUGAG,float,variable_id:nces:C_B:00035030:CSGUGAG,identity,2024 exact source mapping; same_source_variable_identity; metadata definitions remain year-specific; no assertion of measurement equivalence.,2024,2024,true,active
ipedsdb-panel-2004-2024-mixed-v1,CSGUGTOT,float,variable_id:nces:C_B:00035035:CSGUGTOT,identity,2024 exact source mapping; same_source_variable_identity; metadata definitions remain year-specific; no assertion of measurement equivalence.,2024,2024,true,active
ipedsdb-panel-2004-2024-mixed-v1,CSGUTOTUN,float,variable_id:nces:C_B:00035040:CSGUTOTUN,identity,2024 exact source mapping; same_source_variable_identity; metadata definitions remain year-specific; no assertion of measurement equivalence.,2024,2024,true,active
ipedsdb-panel-2004-2024-mixed-v1,CSGUTOTAG,float,variable_id:nces:C_B:00035045:CSGUTOTAG,identity,2024 exact source mapping; same_source_variable_identity; metadata definitions remain year-specific; no assertion of measurement equivalence.,2024,2024,true,active
ipedsdb-panel-2004-2024-mixed-v1,CSGUTOT,float,variable_id:nces:C_B:00035050:CSGUTOT,identity,2024 exact source mapping; same_source_variable_identity; metadata definitions remain year-specific; no assertion of measurement equivalence.,2024,2024,true,active
ipedsdb-panel-2004-2024-mixed-v1,CSGUKN,float,variable_id:nces:C_B:00035055:CSGUKN,identity,2024 exact source mapping; same_source_variable_identity; metadata definitions remain year-specific; no assertion of measurement equivalence.,2024,2024,true,active
ipedsdb-panel-2004-2024-mixed-v1,ROOM,categorical string,variable_id:nces:COST:00010966:ROOM,identity,2024 exact source mapping; exact_2023_number_name_relocated; metadata definitions remain year-specific; no assertion of measurement equivalence.,2024,2024,true,active
ipedsdb-panel-2004-2024-mixed-v1,ROOMCAP,float,variable_id:nces:COST:00010971:ROOMCAP,identity,2024 exact source mapping; exact_2023_number_name_relocated; metadata definitions remain year-specific; no assertion of measurement equivalence.,2024,2024,true,active
ipedsdb-panel-2004-2024-mixed-v1,ALLONCAM,categorical string,variable_id:nces:COST:00015066:ALLONCAM,identity,2024 exact source mapping; exact_2023_number_name_relocated; metadata definitions remain year-specific; no assertion of measurement equivalence.,2024,2024,true,active
ipedsdb-panel-2004-2024-mixed-v1,TUITVARY,categorical string,variable_id:nces:COST:00010961:TUITVARY,identity,2024 exact source mapping; exact_2023_number_name_relocated; metadata definitions remain year-specific; no assertion of measurement equivalence.,2024,2024,true,active
ipedsdb-panel-2004-2024-mixed-v1,BOARD,categorical string,variable_id:nces:COST:00010976:BOARD,identity,2024 exact source mapping; exact_2023_number_name_relocated; metadata definitions remain year-specific; no assertion of measurement equivalence.,2024,2024,true,active
ipedsdb-panel-2004-2024-mixed-v1,MEALSWK,float,variable_id:nces:COST:00010981:MEALSWK,identity,2024 exact source mapping; exact_2023_number_name_relocated; metadata definitions remain year-specific; no assertion of measurement equivalence.,2024,2024,true,active
ipedsdb-panel-2004-2024-mixed-v1,APPLFEEU,float,variable_id:nces:COST:00010911:APPLFEEU,identity,2024 exact source mapping; exact_2023_number_name_relocated; metadata definitions remain year-specific; no assertion of measurement equivalence.,2024,2024,true,active
ipedsdb-panel-2004-2024-mixed-v1,APPFEEUW,categorical string,variable_id:nces:COST:00016171:APPFEEUW,identity,2024 exact source mapping; new_2024_identity; metadata definitions remain year-specific; no assertion of measurement equivalence.,2024,2024,true,active
ipedsdb-panel-2004-2024-mixed-v1,APPLFEEG,float,variable_id:nces:COST:00010916:APPLFEEG,identity,2024 exact source mapping; exact_2023_number_name_relocated; metadata definitions remain year-specific; no assertion of measurement equivalence.,2024,2024,true,active
ipedsdb-panel-2004-2024-mixed-v1,APPFEEGW,categorical string,variable_id:nces:COST:00016176:APPFEEGW,identity,2024 exact source mapping; new_2024_identity; metadata definitions remain year-specific; no assertion of measurement equivalence.,2024,2024,true,active
ipedsdb-panel-2004-2024-mixed-v1,APPLFEED,float,variable_id:nces:COST:00016181:APPLFEED,identity,2024 exact source mapping; new_2024_identity; metadata definitions remain year-specific; no assertion of measurement equivalence.,2024,2024,true,active
ipedsdb-panel-2004-2024-mixed-v1,APPFEEDW,categorical string,variable_id:nces:COST:00016186:APPFEEDW,identity,2024 exact source mapping; new_2024_identity; metadata definitions remain year-specific; no assertion of measurement equivalence.,2024,2024,true,active
ipedsdb-panel-2004-2024-mixed-v1,PRMPGM,categorical string,variable_id:nces:COST:00017021:PRMPGM,identity,2024 exact source mapping; exact_2023_number_name_relocated; metadata definitions remain year-specific; no assertion of measurement equivalence.,2024,2024,true,active
ipedsdb-panel-2004-2024-mixed-v1,TUITPL,categorical string,variable_id:nces:COST:00015241:TUITPL,identity,2024 exact source mapping; exact_2023_number_name_relocated; metadata definitions remain year-specific; no assertion of measurement equivalence.,2024,2024,true,active
ipedsdb-panel-2004-2024-mixed-v1,TUITPL1,categorical string,variable_id:nces:COST:00015244:TUITPL1,identity,2024 exact source mapping; exact_2023_number_name_relocated; metadata definitions remain year-specific; no assertion of measurement equivalence.,2024,2024,true,active
ipedsdb-panel-2004-2024-mixed-v1,TUITPL2,categorical string,variable_id:nces:COST:00015247:TUITPL2,identity,2024 exact source mapping; exact_2023_number_name_relocated; metadata definitions remain year-specific; no assertion of measurement equivalence.,2024,2024,true,active
ipedsdb-panel-2004-2024-mixed-v1,TUITPL3,categorical string,variable_id:nces:COST:00015250:TUITPL3,identity,2024 exact source mapping; exact_2023_number_name_relocated; metadata definitions remain year-specific; no assertion of measurement equivalence.,2024,2024,true,active
ipedsdb-panel-2004-2024-mixed-v1,TUITPL4,categorical string,variable_id:nces:COST:00015253:TUITPL4,identity,2024 exact source mapping; exact_2023_number_name_relocated; metadata definitions remain year-specific; no assertion of measurement equivalence.,2024,2024,true,active
ipedsdb-panel-2004-2024-mixed-v1,FAFSAQ1,categorical string,variable_id:nces:COST:00016191:FAFSAQ1,identity,2024 exact source mapping; new_2024_identity; metadata definitions remain year-specific; no assertion of measurement equivalence.,2024,2024,true,active
ipedsdb-panel-2004-2024-mixed-v1,FAFSAQ2,categorical string,variable_id:nces:COST:00016196:FAFSAQ2,identity,2024 exact source mapping; new_2024_identity; metadata definitions remain year-specific; no assertion of measurement equivalence.,2024,2024,true,active
ipedsdb-panel-2004-2024-mixed-v1,FAFQ2URL,free text,variable_id:nces:COST:00016201:FAFQ2URL,identity,2024 exact source mapping; new_2024_identity; metadata definitions remain year-specific; no assertion of measurement equivalence.,2024,2024,true,active
ipedsdb-panel-2004-2024-mixed-v1,PRGMOFR,float,variable_id:nces:COST:00011246:PRGMOFR,identity,2024 exact source mapping; exact_2023_number_name_relocated; metadata definitions remain year-specific; no assertion of measurement equivalence.,2024,2024,true,active
ipedsdb-panel-2004-2024-mixed-v1,ROOMAMT,float,variable_id:nces:COST:00010986:ROOMAMT,identity,2024 exact source mapping; exact_2023_number_name_relocated; metadata definitions remain year-specific; no assertion of measurement equivalence.,2024,2024,true,active
ipedsdb-panel-2004-2024-mixed-v1,BOARDAMT,float,variable_id:nces:COST:00010991:BOARDAMT,identity,2024 exact source mapping; exact_2023_number_name_relocated; metadata definitions remain year-specific; no assertion of measurement equivalence.,2024,2024,true,active
ipedsdb-panel-2004-2024-mixed-v1,RMBRDAMT,float,variable_id:nces:COST:00010996:RMBRDAMT,identity,2024 exact source mapping; exact_2023_number_name_relocated; metadata definitions remain year-specific; no assertion of measurement equivalence.,2024,2024,true,active
ipedsdb-panel-2004-2024-mixed-v1,TUITION1,float,variable_id:nces:COST:00011616:TUITION1,identity,2024 exact source mapping; exact_2023_number_name_relocated; metadata definitions remain year-specific; no assertion of measurement equivalence.,2024,2024,true,active
ipedsdb-panel-2004-2024-mixed-v1,FEE1,float,variable_id:nces:COST:00011621:FEE1,identity,2024 exact source mapping; exact_2023_number_name_relocated; metadata definitions remain year-specific; no assertion of measurement equivalence.,2024,2024,true,active
ipedsdb-panel-2004-2024-mixed-v1,HRCHG1,float,variable_id:nces:COST:00011626:HRCHG1,identity,2024 exact source mapping; exact_2023_number_name_relocated; metadata definitions remain year-specific; no assertion of measurement equivalence.,2024,2024,true,active
ipedsdb-panel-2004-2024-mixed-v1,HRCHF1,float,variable_id:nces:COST:00016206:HRCHF1,identity,2024 exact source mapping; new_2024_identity; metadata definitions remain year-specific; no assertion of measurement equivalence.,2024,2024,true,active
ipedsdb-panel-2004-2024-mixed-v1,TUITION2,float,variable_id:nces:COST:00011636:TUITION2,identity,2024 exact source mapping; exact_2023_number_name_relocated; metadata definitions remain year-specific; no assertion of measurement equivalence.,2024,2024,true,active
ipedsdb-panel-2004-2024-mixed-v1,FEE2,float,variable_id:nces:COST:00011641:FEE2,identity,2024 exact source mapping; exact_2023_number_name_relocated; metadata definitions remain year-specific; no assertion of measurement equivalence.,2024,2024,true,active
ipedsdb-panel-2004-2024-mixed-v1,HRCHG2,float,variable_id:nces:COST:00011646:HRCHG2,identity,2024 exact source mapping; exact_2023_number_name_relocated; metadata definitions remain year-specific; no assertion of measurement equivalence.,2024,2024,true,active
ipedsdb-panel-2004-2024-mixed-v1,HRCHF2,float,variable_id:nces:COST:00016211:HRCHF2,identity,2024 exact source mapping; new_2024_identity; metadata definitions remain year-specific; no assertion of measurement equivalence.,2024,2024,true,active
ipedsdb-panel-2004-2024-mixed-v1,TUITION3,float,variable_id:nces:COST:00011656:TUITION3,identity,2024 exact source mapping; exact_2023_number_name_relocated; metadata definitions remain year-specific; no assertion of measurement equivalence.,2024,2024,true,active
ipedsdb-panel-2004-2024-mixed-v1,FEE3,float,variable_id:nces:COST:00011661:FEE3,identity,2024 exact source mapping; exact_2023_number_name_relocated; metadata definitions remain year-specific; no assertion of measurement equivalence.,2024,2024,true,active
ipedsdb-panel-2004-2024-mixed-v1,HRCHG3,float,variable_id:nces:COST:00011666:HRCHG3,identity,2024 exact source mapping; exact_2023_number_name_relocated; metadata definitions remain year-specific; no assertion of measurement equivalence.,2024,2024,true,active
ipedsdb-panel-2004-2024-mixed-v1,HRCHF3,float,variable_id:nces:COST:00016216:HRCHF3,identity,2024 exact source mapping; new_2024_identity; metadata definitions remain year-specific; no assertion of measurement equivalence.,2024,2024,true,active
ipedsdb-panel-2004-2024-mixed-v1,TUITION5,float,variable_id:nces:COST:00011676:TUITION5,identity,2024 exact source mapping; exact_2023_number_name_relocated; metadata definitions remain year-specific; no assertion of measurement equivalence.,2024,2024,true,active
ipedsdb-panel-2004-2024-mixed-v1,FEE5,float,variable_id:nces:COST:00011681:FEE5,identity,2024 exact source mapping; exact_2023_number_name_relocated; metadata definitions remain year-specific; no assertion of measurement equivalence.,2024,2024,true,active
ipedsdb-panel-2004-2024-mixed-v1,HRCHG5,float,variable_id:nces:COST:00011686:HRCHG5,identity,2024 exact source mapping; exact_2023_number_name_relocated; metadata definitions remain year-specific; no assertion of measurement equivalence.,2024,2024,true,active
ipedsdb-panel-2004-2024-mixed-v1,HRCHF5,float,variable_id:nces:COST:00016221:HRCHF5,identity,2024 exact source mapping; new_2024_identity; metadata definitions remain year-specific; no assertion of measurement equivalence.,2024,2024,true,active
ipedsdb-panel-2004-2024-mixed-v1,TUITION6,float,variable_id:nces:COST:00011691:TUITION6,identity,2024 exact source mapping; exact_2023_number_name_relocated; metadata definitions remain year-specific; no assertion of measurement equivalence.,2024,2024,true,active
ipedsdb-panel-2004-2024-mixed-v1,FEE6,float,variable_id:nces:COST:00011696:FEE6,identity,2024 exact source mapping; exact_2023_number_name_relocated; metadata definitions remain year-specific; no assertion of measurement equivalence.,2024,2024,true,active
ipedsdb-panel-2004-2024-mixed-v1,HRCHG6,float,variable_id:nces:COST:00011701:HRCHG6,identity,2024 exact source mapping; exact_2023_number_name_relocated; metadata definitions remain year-specific; no assertion of measurement equivalence.,2024,2024,true,active
ipedsdb-panel-2004-2024-mixed-v1,HRCHF6,float,variable_id:nces:COST:00016226:HRCHF6,identity,2024 exact source mapping; new_2024_identity; metadata definitions remain year-specific; no assertion of measurement equivalence.,2024,2024,true,active
ipedsdb-panel-2004-2024-mixed-v1,TUITION7,float,variable_id:nces:COST:00011706:TUITION7,identity,2024 exact source mapping; exact_2023_number_name_relocated; metadata definitions remain year-specific; no assertion of measurement equivalence.,2024,2024,true,active
ipedsdb-panel-2004-2024-mixed-v1,FEE7,float,variable_id:nces:COST:00011711:FEE7,identity,2024 exact source mapping; exact_2023_number_name_relocated; metadata definitions remain year-specific; no assertion of measurement equivalence.,2024,2024,true,active
ipedsdb-panel-2004-2024-mixed-v1,HRCHG7,float,variable_id:nces:COST:00011716:HRCHG7,identity,2024 exact source mapping; exact_2023_number_name_relocated; metadata definitions remain year-specific; no assertion of measurement equivalence.,2024,2024,true,active
ipedsdb-panel-2004-2024-mixed-v1,HRCHF7,float,variable_id:nces:COST:00016231:HRCHF7,identity,2024 exact source mapping; new_2024_identity; metadata definitions remain year-specific; no assertion of measurement equivalence.,2024,2024,true,active
ipedsdb-panel-2004-2024-mixed-v1,ISPROF1,float,variable_id:nces:COST:00011721:ISPROF1,identity,2024 exact source mapping; exact_2023_number_name_relocated; metadata definitions remain year-specific; no assertion of measurement equivalence.,2024,2024,true,active
ipedsdb-panel-2004-2024-mixed-v1,ISPFEE1,float,variable_id:nces:COST:00011726:ISPFEE1,identity,2024 exact source mapping; exact_2023_number_name_relocated; metadata definitions remain year-specific; no assertion of measurement equivalence.,2024,2024,true,active
ipedsdb-panel-2004-2024-mixed-v1,OSPROF1,float,variable_id:nces:COST:00011731:OSPROF1,identity,2024 exact source mapping; exact_2023_number_name_relocated; metadata definitions remain year-specific; no assertion of measurement equivalence.,2024,2024,true,active
ipedsdb-panel-2004-2024-mixed-v1,OSPFEE1,float,variable_id:nces:COST:00011736:OSPFEE1,identity,2024 exact source mapping; exact_2023_number_name_relocated; metadata definitions remain year-specific; no assertion of measurement equivalence.,2024,2024,true,active
ipedsdb-panel-2004-2024-mixed-v1,ISPROF2,float,variable_id:nces:COST:00011741:ISPROF2,identity,2024 exact source mapping; exact_2023_number_name_relocated; metadata definitions remain year-specific; no assertion of measurement equivalence.,2024,2024,true,active
ipedsdb-panel-2004-2024-mixed-v1,ISPFEE2,float,variable_id:nces:COST:00011746:ISPFEE2,identity,2024 exact source mapping; exact_2023_number_name_relocated; metadata definitions remain year-specific; no assertion of measurement equivalence.,2024,2024,true,active
ipedsdb-panel-2004-2024-mixed-v1,OSPROF2,float,variable_id:nces:COST:00011751:OSPROF2,identity,2024 exact source mapping; exact_2023_number_name_relocated; metadata definitions remain year-specific; no assertion of measurement equivalence.,2024,2024,true,active
ipedsdb-panel-2004-2024-mixed-v1,OSPFEE2,float,variable_id:nces:COST:00011756:OSPFEE2,identity,2024 exact source mapping; exact_2023_number_name_relocated; metadata definitions remain year-specific; no assertion of measurement equivalence.,2024,2024,true,active
ipedsdb-panel-2004-2024-mixed-v1,ISPROF3,float,variable_id:nces:COST:00011761:ISPROF3,identity,2024 exact source mapping; exact_2023_number_name_relocated; metadata definitions remain year-specific; no assertion of measurement equivalence.,2024,2024,true,active
ipedsdb-panel-2004-2024-mixed-v1,ISPFEE3,float,variable_id:nces:COST:00011766:ISPFEE3,identity,2024 exact source mapping; exact_2023_number_name_relocated; metadata definitions remain year-specific; no assertion of measurement equivalence.,2024,2024,true,active
ipedsdb-panel-2004-2024-mixed-v1,OSPROF3,float,variable_id:nces:COST:00011771:OSPROF3,identity,2024 exact source mapping; exact_2023_number_name_relocated; metadata definitions remain year-specific; no assertion of measurement equivalence.,2024,2024,true,active
ipedsdb-panel-2004-2024-mixed-v1,OSPFEE3,float,variable_id:nces:COST:00011776:OSPFEE3,identity,2024 exact source mapping; exact_2023_number_name_relocated; metadata definitions remain year-specific; no assertion of measurement equivalence.,2024,2024,true,active
ipedsdb-panel-2004-2024-mixed-v1,ISPROF4,float,variable_id:nces:COST:00011781:ISPROF4,identity,2024 exact source mapping; exact_2023_number_name_relocated; metadata definitions remain year-specific; no assertion of measurement equivalence.,2024,2024,true,active
ipedsdb-panel-2004-2024-mixed-v1,ISPFEE4,float,variable_id:nces:COST:00011786:ISPFEE4,identity,2024 exact source mapping; exact_2023_number_name_relocated; metadata definitions remain year-specific; no assertion of measurement equivalence.,2024,2024,true,active
ipedsdb-panel-2004-2024-mixed-v1,OSPROF4,float,variable_id:nces:COST:00011791:OSPROF4,identity,2024 exact source mapping; exact_2023_number_name_relocated; metadata definitions remain year-specific; no assertion of measurement equivalence.,2024,2024,true,active
ipedsdb-panel-2004-2024-mixed-v1,OSPFEE4,float,variable_id:nces:COST:00011796:OSPFEE4,identity,2024 exact source mapping; exact_2023_number_name_relocated; metadata definitions remain year-specific; no assertion of measurement equivalence.,2024,2024,true,active
ipedsdb-panel-2004-2024-mixed-v1,ISPROF5,float,variable_id:nces:COST:00011801:ISPROF5,identity,2024 exact source mapping; exact_2023_number_name_relocated; metadata definitions remain year-specific; no assertion of measurement equivalence.,2024,2024,true,active
ipedsdb-panel-2004-2024-mixed-v1,ISPFEE5,float,variable_id:nces:COST:00011806:ISPFEE5,identity,2024 exact source mapping; exact_2023_number_name_relocated; metadata definitions remain year-specific; no assertion of measurement equivalence.,2024,2024,true,active
ipedsdb-panel-2004-2024-mixed-v1,OSPROF5,float,variable_id:nces:COST:00011811:OSPROF5,identity,2024 exact source mapping; exact_2023_number_name_relocated; metadata definitions remain year-specific; no assertion of measurement equivalence.,2024,2024,true,active
ipedsdb-panel-2004-2024-mixed-v1,OSPFEE5,float,variable_id:nces:COST:00011816:OSPFEE5,identity,2024 exact source mapping; exact_2023_number_name_relocated; metadata definitions remain year-specific; no assertion of measurement equivalence.,2024,2024,true,active
ipedsdb-panel-2004-2024-mixed-v1,ISPROF6,float,variable_id:nces:COST:00011821:ISPROF6,identity,2024 exact source mapping; exact_2023_number_name_relocated; metadata definitions remain year-specific; no assertion of measurement equivalence.,2024,2024,true,active
ipedsdb-panel-2004-2024-mixed-v1,ISPFEE6,float,variable_id:nces:COST:00011826:ISPFEE6,identity,2024 exact source mapping; exact_2023_number_name_relocated; metadata definitions remain year-specific; no assertion of measurement equivalence.,2024,2024,true,active
ipedsdb-panel-2004-2024-mixed-v1,OSPROF6,float,variable_id:nces:COST:00011831:OSPROF6,identity,2024 exact source mapping; exact_2023_number_name_relocated; metadata definitions remain year-specific; no assertion of measurement equivalence.,2024,2024,true,active
ipedsdb-panel-2004-2024-mixed-v1,OSPFEE6,float,variable_id:nces:COST:00011836:OSPFEE6,identity,2024 exact source mapping; exact_2023_number_name_relocated; metadata definitions remain year-specific; no assertion of measurement equivalence.,2024,2024,true,active
ipedsdb-panel-2004-2024-mixed-v1,ISPROF7,float,variable_id:nces:COST:00011841:ISPROF7,identity,2024 exact source mapping; exact_2023_number_name_relocated; metadata definitions remain year-specific; no assertion of measurement equivalence.,2024,2024,true,active
ipedsdb-panel-2004-2024-mixed-v1,ISPFEE7,float,variable_id:nces:COST:00011846:ISPFEE7,identity,2024 exact source mapping; exact_2023_number_name_relocated; metadata definitions remain year-specific; no assertion of measurement equivalence.,2024,2024,true,active
ipedsdb-panel-2004-2024-mixed-v1,OSPROF7,float,variable_id:nces:COST:00011851:OSPROF7,identity,2024 exact source mapping; exact_2023_number_name_relocated; metadata definitions remain year-specific; no assertion of measurement equivalence.,2024,2024,true,active
ipedsdb-panel-2004-2024-mixed-v1,OSPFEE7,float,variable_id:nces:COST:00011856:OSPFEE7,identity,2024 exact source mapping; exact_2023_number_name_relocated; metadata definitions remain year-specific; no assertion of measurement equivalence.,2024,2024,true,active
ipedsdb-panel-2004-2024-mixed-v1,ISPROF8,float,variable_id:nces:COST:00011861:ISPROF8,identity,2024 exact source mapping; exact_2023_number_name_relocated; metadata definitions remain year-specific; no assertion of measurement equivalence.,2024,2024,true,active
ipedsdb-panel-2004-2024-mixed-v1,ISPFEE8,float,variable_id:nces:COST:00011866:ISPFEE8,identity,2024 exact source mapping; exact_2023_number_name_relocated; metadata definitions remain year-specific; no assertion of measurement equivalence.,2024,2024,true,active
ipedsdb-panel-2004-2024-mixed-v1,OSPROF8,float,variable_id:nces:COST:00011871:OSPROF8,identity,2024 exact source mapping; exact_2023_number_name_relocated; metadata definitions remain year-specific; no assertion of measurement equivalence.,2024,2024,true,active
ipedsdb-panel-2004-2024-mixed-v1,OSPFEE8,float,variable_id:nces:COST:00011876:OSPFEE8,identity,2024 exact source mapping; exact_2023_number_name_relocated; metadata definitions remain year-specific; no assertion of measurement equivalence.,2024,2024,true,active
ipedsdb-panel-2004-2024-mixed-v1,ISPROF9,float,variable_id:nces:COST:00011881:ISPROF9,identity,2024 exact source mapping; exact_2023_number_name_relocated; metadata definitions remain year-specific; no assertion of measurement equivalence.,2024,2024,true,active
ipedsdb-panel-2004-2024-mixed-v1,ISPFEE9,float,variable_id:nces:COST:00011886:ISPFEE9,identity,2024 exact source mapping; exact_2023_number_name_relocated; metadata definitions remain year-specific; no assertion of measurement equivalence.,2024,2024,true,active
ipedsdb-panel-2004-2024-mixed-v1,OSPROF9,float,variable_id:nces:COST:00011891:OSPROF9,identity,2024 exact source mapping; exact_2023_number_name_relocated; metadata definitions remain year-specific; no assertion of measurement equivalence.,2024,2024,true,active
ipedsdb-panel-2004-2024-mixed-v1,OSPFEE9,float,variable_id:nces:COST:00011896:OSPFEE9,identity,2024 exact source mapping; exact_2023_number_name_relocated; metadata definitions remain year-specific; no assertion of measurement equivalence.,2024,2024,true,active
ipedsdb-panel-2004-2024-mixed-v1,CHG1AT0,float,variable_id:nces:COST:00015262:CHG1AT0,identity,2024 exact source mapping; exact_2023_number_name_relocated; metadata definitions remain year-specific; no assertion of measurement equivalence.,2024,2024,true,active
ipedsdb-panel-2004-2024-mixed-v1,CHG1AF0,float,variable_id:nces:COST:00015263:CHG1AF0,identity,2024 exact source mapping; exact_2023_number_name_relocated; metadata definitions remain year-specific; no assertion of measurement equivalence.,2024,2024,true,active
ipedsdb-panel-2004-2024-mixed-v1,CHG1AY0,float,variable_id:nces:COST:00015261:CHG1AY0,identity,2024 exact source mapping; exact_2023_number_name_relocated; metadata definitions remain year-specific; no assertion of measurement equivalence.,2024,2024,true,active
ipedsdb-panel-2004-2024-mixed-v1,CHG1AT1,float,variable_id:nces:COST:00011942:CHG1AT1,identity,2024 exact source mapping; exact_2023_number_name_relocated; metadata definitions remain year-specific; no assertion of measurement equivalence.,2024,2024,true,active
ipedsdb-panel-2004-2024-mixed-v1,CHG1AF1,float,variable_id:nces:COST:00011943:CHG1AF1,identity,2024 exact source mapping; exact_2023_number_name_relocated; metadata definitions remain year-specific; no assertion of measurement equivalence.,2024,2024,true,active
ipedsdb-panel-2004-2024-mixed-v1,CHG1AY1,float,variable_id:nces:COST:00011941:CHG1AY1,identity,2024 exact source mapping; exact_2023_number_name_relocated; metadata definitions remain year-specific; no assertion of measurement equivalence.,2024,2024,true,active
ipedsdb-panel-2004-2024-mixed-v1,CHG1AT2,float,variable_id:nces:COST:00011947:CHG1AT2,identity,2024 exact source mapping; exact_2023_number_name_relocated; metadata definitions remain year-specific; no assertion of measurement equivalence.,2024,2024,true,active
ipedsdb-panel-2004-2024-mixed-v1,CHG1AF2,float,variable_id:nces:COST:00011948:CHG1AF2,identity,2024 exact source mapping; exact_2023_number_name_relocated; metadata definitions remain year-specific; no assertion of measurement equivalence.,2024,2024,true,active
ipedsdb-panel-2004-2024-mixed-v1,CHG1AY2,float,variable_id:nces:COST:00011946:CHG1AY2,identity,2024 exact source mapping; exact_2023_number_name_relocated; metadata definitions remain year-specific; no assertion of measurement equivalence.,2024,2024,true,active
ipedsdb-panel-2004-2024-mixed-v1,CHG1AT3,float,variable_id:nces:COST:00011952:CHG1AT3,identity,2024 exact source mapping; exact_2023_number_name_relocated; metadata definitions remain year-specific; no assertion of measurement equivalence.,2024,2024,true,active
ipedsdb-panel-2004-2024-mixed-v1,CHG1AF3,float,variable_id:nces:COST:00011953:CHG1AF3,identity,2024 exact source mapping; exact_2023_number_name_relocated; metadata definitions remain year-specific; no assertion of measurement equivalence.,2024,2024,true,active
ipedsdb-panel-2004-2024-mixed-v1,CHG1AY3,float,variable_id:nces:COST:00011951:CHG1AY3,identity,2024 exact source mapping; exact_2023_number_name_relocated; metadata definitions remain year-specific; no assertion of measurement equivalence.,2024,2024,true,active
ipedsdb-panel-2004-2024-mixed-v1,CHG1TGTD,float,variable_id:nces:COST:00011954:CHG1TGTD,identity,2024 exact source mapping; exact_2023_number_name_relocated; metadata definitions remain year-specific; no assertion of measurement equivalence.,2024,2024,true,active
ipedsdb-panel-2004-2024-mixed-v1,CHG1FGTD,float,variable_id:nces:COST:00011955:CHG1FGTD,identity,2024 exact source mapping; exact_2023_number_name_relocated; metadata definitions remain year-specific; no assertion of measurement equivalence.,2024,2024,true,active
ipedsdb-panel-2004-2024-mixed-v1,CHG2AT0,float,variable_id:nces:COST:00015272:CHG2AT0,identity,2024 exact source mapping; exact_2023_number_name_relocated; metadata definitions remain year-specific; no assertion of measurement equivalence.,2024,2024,true,active
ipedsdb-panel-2004-2024-mixed-v1,CHG2AF0,float,variable_id:nces:COST:00015273:CHG2AF0,identity,2024 exact source mapping; exact_2023_number_name_relocated; metadata definitions remain year-specific; no assertion of measurement equivalence.,2024,2024,true,active
ipedsdb-panel-2004-2024-mixed-v1,CHG2AY0,float,variable_id:nces:COST:00015271:CHG2AY0,identity,2024 exact source mapping; exact_2023_number_name_relocated; metadata definitions remain year-specific; no assertion of measurement equivalence.,2024,2024,true,active
ipedsdb-panel-2004-2024-mixed-v1,CHG2AT1,float,variable_id:nces:COST:00011957:CHG2AT1,identity,2024 exact source mapping; exact_2023_number_name_relocated; metadata definitions remain year-specific; no assertion of measurement equivalence.,2024,2024,true,active
ipedsdb-panel-2004-2024-mixed-v1,CHG2AF1,float,variable_id:nces:COST:00011958:CHG2AF1,identity,2024 exact source mapping; exact_2023_number_name_relocated; metadata definitions remain year-specific; no assertion of measurement equivalence.,2024,2024,true,active
ipedsdb-panel-2004-2024-mixed-v1,CHG2AY1,float,variable_id:nces:COST:00011956:CHG2AY1,identity,2024 exact source mapping; exact_2023_number_name_relocated; metadata definitions remain year-specific; no assertion of measurement equivalence.,2024,2024,true,active
ipedsdb-panel-2004-2024-mixed-v1,CHG2AT2,float,variable_id:nces:COST:00011962:CHG2AT2,identity,2024 exact source mapping; exact_2023_number_name_relocated; metadata definitions remain year-specific; no assertion of measurement equivalence.,2024,2024,true,active
ipedsdb-panel-2004-2024-mixed-v1,CHG2AF2,float,variable_id:nces:COST:00011963:CHG2AF2,identity,2024 exact source mapping; exact_2023_number_name_relocated; metadata definitions remain year-specific; no assertion of measurement equivalence.,2024,2024,true,active
ipedsdb-panel-2004-2024-mixed-v1,CHG2AY2,float,variable_id:nces:COST:00011961:CHG2AY2,identity,2024 exact source mapping; exact_2023_number_name_relocated; metadata definitions remain year-specific; no assertion of measurement equivalence.,2024,2024,true,active
ipedsdb-panel-2004-2024-mixed-v1,CHG2AT3,float,variable_id:nces:COST:00011967:CHG2AT3,identity,2024 exact source mapping; exact_2023_number_name_relocated; metadata definitions remain year-specific; no assertion of measurement equivalence.,2024,2024,true,active
ipedsdb-panel-2004-2024-mixed-v1,CHG2AF3,float,variable_id:nces:COST:00011968:CHG2AF3,identity,2024 exact source mapping; exact_2023_number_name_relocated; metadata definitions remain year-specific; no assertion of measurement equivalence.,2024,2024,true,active
ipedsdb-panel-2004-2024-mixed-v1,CHG2AY3,float,variable_id:nces:COST:00011966:CHG2AY3,identity,2024 exact source mapping; exact_2023_number_name_relocated; metadata definitions remain year-specific; no assertion of measurement equivalence.,2024,2024,true,active
ipedsdb-panel-2004-2024-mixed-v1,CHG2TGTD,float,variable_id:nces:COST:00011969:CHG2TGTD,identity,2024 exact source mapping; exact_2023_number_name_relocated; metadata definitions remain year-specific; no assertion of measurement equivalence.,2024,2024,true,active
ipedsdb-panel-2004-2024-mixed-v1,CHG2FGTD,float,variable_id:nces:COST:00011970:CHG2FGTD,identity,2024 exact source mapping; exact_2023_number_name_relocated; metadata definitions remain year-specific; no assertion of measurement equivalence.,2024,2024,true,active
ipedsdb-panel-2004-2024-mixed-v1,CHG3AT0,float,variable_id:nces:COST:00015282:CHG3AT0,identity,2024 exact source mapping; exact_2023_number_name_relocated; metadata definitions remain year-specific; no assertion of measurement equivalence.,2024,2024,true,active
ipedsdb-panel-2004-2024-mixed-v1,CHG3AF0,float,variable_id:nces:COST:00015283:CHG3AF0,identity,2024 exact source mapping; exact_2023_number_name_relocated; metadata definitions remain year-specific; no assertion of measurement equivalence.,2024,2024,true,active
ipedsdb-panel-2004-2024-mixed-v1,CHG3AY0,float,variable_id:nces:COST:00015281:CHG3AY0,identity,2024 exact source mapping; exact_2023_number_name_relocated; metadata definitions remain year-specific; no assertion of measurement equivalence.,2024,2024,true,active
ipedsdb-panel-2004-2024-mixed-v1,CHG3AT1,float,variable_id:nces:COST:00011972:CHG3AT1,identity,2024 exact source mapping; exact_2023_number_name_relocated; metadata definitions remain year-specific; no assertion of measurement equivalence.,2024,2024,true,active
ipedsdb-panel-2004-2024-mixed-v1,CHG3AF1,float,variable_id:nces:COST:00011973:CHG3AF1,identity,2024 exact source mapping; exact_2023_number_name_relocated; metadata definitions remain year-specific; no assertion of measurement equivalence.,2024,2024,true,active
ipedsdb-panel-2004-2024-mixed-v1,CHG3AY1,float,variable_id:nces:COST:00011971:CHG3AY1,identity,2024 exact source mapping; exact_2023_number_name_relocated; metadata definitions remain year-specific; no assertion of measurement equivalence.,2024,2024,true,active
ipedsdb-panel-2004-2024-mixed-v1,CHG3AT2,float,variable_id:nces:COST:00011977:CHG3AT2,identity,2024 exact source mapping; exact_2023_number_name_relocated; metadata definitions remain year-specific; no assertion of measurement equivalence.,2024,2024,true,active
ipedsdb-panel-2004-2024-mixed-v1,CHG3AF2,float,variable_id:nces:COST:00011978:CHG3AF2,identity,2024 exact source mapping; exact_2023_number_name_relocated; metadata definitions remain year-specific; no assertion of measurement equivalence.,2024,2024,true,active
ipedsdb-panel-2004-2024-mixed-v1,CHG3AY2,float,variable_id:nces:COST:00011976:CHG3AY2,identity,2024 exact source mapping; exact_2023_number_name_relocated; metadata definitions remain year-specific; no assertion of measurement equivalence.,2024,2024,true,active
ipedsdb-panel-2004-2024-mixed-v1,CHG3AT3,float,variable_id:nces:COST:00011982:CHG3AT3,identity,2024 exact source mapping; exact_2023_number_name_relocated; metadata definitions remain year-specific; no assertion of measurement equivalence.,2024,2024,true,active
ipedsdb-panel-2004-2024-mixed-v1,CHG3AF3,float,variable_id:nces:COST:00011983:CHG3AF3,identity,2024 exact source mapping; exact_2023_number_name_relocated; metadata definitions remain year-specific; no assertion of measurement equivalence.,2024,2024,true,active
ipedsdb-panel-2004-2024-mixed-v1,CHG3AY3,float,variable_id:nces:COST:00011981:CHG3AY3,identity,2024 exact source mapping; exact_2023_number_name_relocated; metadata definitions remain year-specific; no assertion of measurement equivalence.,2024,2024,true,active
ipedsdb-panel-2004-2024-mixed-v1,CHG3TGTD,float,variable_id:nces:COST:00015298:CHG3TGTD,identity,2024 exact source mapping; exact_2023_number_name_relocated; metadata definitions remain year-specific; no assertion of measurement equivalence.,2024,2024,true,active
ipedsdb-panel-2004-2024-mixed-v1,CHG3FGTD,float,variable_id:nces:COST:00015299:CHG3FGTD,identity,2024 exact source mapping; exact_2023_number_name_relocated; metadata definitions remain year-specific; no assertion of measurement equivalence.,2024,2024,true,active
ipedsdb-panel-2004-2024-mixed-v1,CHG4AY0,float,variable_id:nces:COST:00011985:CHG4AY0,identity,2024 exact source mapping; exact_2023_number_name_relocated; metadata definitions remain year-specific; no assertion of measurement equivalence.,2024,2024,true,active
ipedsdb-panel-2004-2024-mixed-v1,CHG4AY1,float,variable_id:nces:COST:00011986:CHG4AY1,identity,2024 exact source mapping; exact_2023_number_name_relocated; metadata definitions remain year-specific; no assertion of measurement equivalence.,2024,2024,true,active
ipedsdb-panel-2004-2024-mixed-v1,CHG4AY2,float,variable_id:nces:COST:00011991:CHG4AY2,identity,2024 exact source mapping; exact_2023_number_name_relocated; metadata definitions remain year-specific; no assertion of measurement equivalence.,2024,2024,true,active
ipedsdb-panel-2004-2024-mixed-v1,CHG4AY3,float,variable_id:nces:COST:00011996:CHG4AY3,identity,2024 exact source mapping; exact_2023_number_name_relocated; metadata definitions remain year-specific; no assertion of measurement equivalence.,2024,2024,true,active
ipedsdb-panel-2004-2024-mixed-v1,CHG5AY0,float,variable_id:nces:COST:00012000:CHG5AY0,identity,2024 exact source mapping; exact_2023_number_name_relocated; metadata definitions remain year-specific; no assertion of measurement equivalence.,2024,2024,true,active
ipedsdb-panel-2004-2024-mixed-v1,CHG5AY1,float,variable_id:nces:COST:00012001:CHG5AY1,identity,2024 exact source mapping; exact_2023_number_name_relocated; metadata definitions remain year-specific; no assertion of measurement equivalence.,2024,2024,true,active
ipedsdb-panel-2004-2024-mixed-v1,CHG5AY2,float,variable_id:nces:COST:00012006:CHG5AY2,identity,2024 exact source mapping; exact_2023_number_name_relocated; metadata definitions remain year-specific; no assertion of measurement equivalence.,2024,2024,true,active
ipedsdb-panel-2004-2024-mixed-v1,CHG5AY3,float,variable_id:nces:COST:00012011:CHG5AY3,identity,2024 exact source mapping; exact_2023_number_name_relocated; metadata definitions remain year-specific; no assertion of measurement equivalence.,2024,2024,true,active
ipedsdb-panel-2004-2024-mixed-v1,CHG6AY0,float,variable_id:nces:COST:00012015:CHG6AY0,identity,2024 exact source mapping; exact_2023_number_name_relocated; metadata definitions remain year-specific; no assertion of measurement equivalence.,2024,2024,true,active
ipedsdb-panel-2004-2024-mixed-v1,CHG6AY1,float,variable_id:nces:COST:00012016:CHG6AY1,identity,2024 exact source mapping; exact_2023_number_name_relocated; metadata definitions remain year-specific; no assertion of measurement equivalence.,2024,2024,true,active
ipedsdb-panel-2004-2024-mixed-v1,CHG6AY2,float,variable_id:nces:COST:00012021:CHG6AY2,identity,2024 exact source mapping; exact_2023_number_name_relocated; metadata definitions remain year-specific; no assertion of measurement equivalence.,2024,2024,true,active
ipedsdb-panel-2004-2024-mixed-v1,CHG6AY3,float,variable_id:nces:COST:00012026:CHG6AY3,identity,2024 exact source mapping; exact_2023_number_name_relocated; metadata definitions remain year-specific; no assertion of measurement equivalence.,2024,2024,true,active
ipedsdb-panel-2004-2024-mixed-v1,CHG7AY0,float,variable_id:nces:COST:00012030:CHG7AY0,identity,2024 exact source mapping; exact_2023_number_name_relocated; metadata definitions remain year-specific; no assertion of measurement equivalence.,2024,2024,true,active
ipedsdb-panel-2004-2024-mixed-v1,CHG7AY1,float,variable_id:nces:COST:00012031:CHG7AY1,identity,2024 exact source mapping; exact_2023_number_name_relocated; metadata definitions remain year-specific; no assertion of measurement equivalence.,2024,2024,true,active
ipedsdb-panel-2004-2024-mixed-v1,CHG7AY2,float,variable_id:nces:COST:00012036:CHG7AY2,identity,2024 exact source mapping; exact_2023_number_name_relocated; metadata definitions remain year-specific; no assertion of measurement equivalence.,2024,2024,true,active
ipedsdb-panel-2004-2024-mixed-v1,CHG7AY3,float,variable_id:nces:COST:00012041:CHG7AY3,identity,2024 exact source mapping; exact_2023_number_name_relocated; metadata definitions remain year-specific; no assertion of measurement equivalence.,2024,2024,true,active
ipedsdb-panel-2004-2024-mixed-v1,CHG8AY0,float,variable_id:nces:COST:00012045:CHG8AY0,identity,2024 exact source mapping; exact_2023_number_name_relocated; metadata definitions remain year-specific; no assertion of measurement equivalence.,2024,2024,true,active
ipedsdb-panel-2004-2024-mixed-v1,CHG8AY1,float,variable_id:nces:COST:00012046:CHG8AY1,identity,2024 exact source mapping; exact_2023_number_name_relocated; metadata definitions remain year-specific; no assertion of measurement equivalence.,2024,2024,true,active
ipedsdb-panel-2004-2024-mixed-v1,CHG8AY2,float,variable_id:nces:COST:00012051:CHG8AY2,identity,2024 exact source mapping; exact_2023_number_name_relocated; metadata definitions remain year-specific; no assertion of measurement equivalence.,2024,2024,true,active
ipedsdb-panel-2004-2024-mixed-v1,CHG8AY3,float,variable_id:nces:COST:00012056:CHG8AY3,identity,2024 exact source mapping; exact_2023_number_name_relocated; metadata definitions remain year-specific; no assertion of measurement equivalence.,2024,2024,true,active
ipedsdb-panel-2004-2024-mixed-v1,CHG10AY0,float,variable_id:nces:COST:00016236:CHG10AY0,identity,2024 exact source mapping; new_2024_identity; metadata definitions remain year-specific; no assertion of measurement equivalence.,2024,2024,true,active
ipedsdb-panel-2004-2024-mixed-v1,CHG10AY1,float,variable_id:nces:COST:00016241:CHG10AY1,identity,2024 exact source mapping; new_2024_identity; metadata definitions remain year-specific; no assertion of measurement equivalence.,2024,2024,true,active
ipedsdb-panel-2004-2024-mixed-v1,CHG10AY2,float,variable_id:nces:COST:00016246:CHG10AY2,identity,2024 exact source mapping; new_2024_identity; metadata definitions remain year-specific; no assertion of measurement equivalence.,2024,2024,true,active
ipedsdb-panel-2004-2024-mixed-v1,CHG10AY3,float,variable_id:nces:COST:00016251:CHG10AY3,identity,2024 exact source mapping; new_2024_identity; metadata definitions remain year-specific; no assertion of measurement equivalence.,2024,2024,true,active
ipedsdb-panel-2004-2024-mixed-v1,CHG9AY0,float,variable_id:nces:COST:00012060:CHG9AY0,identity,2024 exact source mapping; exact_2023_number_name_relocated; metadata definitions remain year-specific; no assertion of measurement equivalence.,2024,2024,true,active
ipedsdb-panel-2004-2024-mixed-v1,CHG9AY1,float,variable_id:nces:COST:00012061:CHG9AY1,identity,2024 exact source mapping; exact_2023_number_name_relocated; metadata definitions remain year-specific; no assertion of measurement equivalence.,2024,2024,true,active
ipedsdb-panel-2004-2024-mixed-v1,CHG9AY2,float,variable_id:nces:COST:00012066:CHG9AY2,identity,2024 exact source mapping; exact_2023_number_name_relocated; metadata definitions remain year-specific; no assertion of measurement equivalence.,2024,2024,true,active
ipedsdb-panel-2004-2024-mixed-v1,CHG9AY3,float,variable_id:nces:COST:00012071:CHG9AY3,identity,2024 exact source mapping; exact_2023_number_name_relocated; metadata definitions remain year-specific; no assertion of measurement equivalence.,2024,2024,true,active
ipedsdb-panel-2004-2024-mixed-v1,CIPCODE1,categorical string,variable_id:nces:COST:00011256:CIPCODE1,identity,2024 exact source mapping; exact_2023_number_name_relocated; metadata definitions remain year-specific; no assertion of measurement equivalence.,2024,2024,true,active
ipedsdb-panel-2004-2024-mixed-v1,CIPTUIT1,float,variable_id:nces:COST:00011368:CIPTUIT1,identity,2024 exact source mapping; exact_2023_number_name_relocated; metadata definitions remain year-specific; no assertion of measurement equivalence.,2024,2024,true,active
ipedsdb-panel-2004-2024-mixed-v1,CIPSUPP1,float,variable_id:nces:COST:00011369:CIPSUPP1,identity,2024 exact source mapping; exact_2023_number_name_relocated; metadata definitions remain year-specific; no assertion of measurement equivalence.,2024,2024,true,active
ipedsdb-panel-2004-2024-mixed-v1,CIPLGTH1,float,variable_id:nces:COST:00011261:CIPLGTH1,identity,2024 exact source mapping; exact_2023_number_name_relocated; metadata definitions remain year-specific; no assertion of measurement equivalence.,2024,2024,true,active
ipedsdb-panel-2004-2024-mixed-v1,PRGMSR1,categorical string,variable_id:nces:COST:00011262:PRGMSR1,identity,2024 exact source mapping; exact_2023_number_name_relocated; metadata definitions remain year-specific; no assertion of measurement equivalence.,2024,2024,true,active
ipedsdb-panel-2004-2024-mixed-v1,MTHCMP1,float,variable_id:nces:COST:00011263:MTHCMP1,identity,2024 exact source mapping; exact_2023_number_name_relocated; metadata definitions remain year-specific; no assertion of measurement equivalence.,2024,2024,true,active
ipedsdb-panel-2004-2024-mixed-v1,WKCMP1,float,variable_id:nces:COST:00011471:WKCMP1,identity,2024 exact source mapping; exact_2023_number_name_relocated; metadata definitions remain year-specific; no assertion of measurement equivalence.,2024,2024,true,active
ipedsdb-panel-2004-2024-mixed-v1,LNAYHR1,float,variable_id:nces:COST:00011476:LNAYHR1,identity,2024 exact source mapping; exact_2023_number_name_relocated; metadata definitions remain year-specific; no assertion of measurement equivalence.,2024,2024,true,active
ipedsdb-panel-2004-2024-mixed-v1,LNAYWK1,float,variable_id:nces:COST:00011481:LNAYWK1,identity,2024 exact source mapping; exact_2023_number_name_relocated; metadata definitions remain year-specific; no assertion of measurement equivalence.,2024,2024,true,active
ipedsdb-panel-2004-2024-mixed-v1,CHG1PY0,float,variable_id:nces:COST:00011265:CHG1PY0,identity,2024 exact source mapping; exact_2023_number_name_relocated; metadata definitions remain year-specific; no assertion of measurement equivalence.,2024,2024,true,active
ipedsdb-panel-2004-2024-mixed-v1,CHG1PY1,float,variable_id:nces:COST:00011266:CHG1PY1,identity,2024 exact source mapping; exact_2023_number_name_relocated; metadata definitions remain year-specific; no assertion of measurement equivalence.,2024,2024,true,active
ipedsdb-panel-2004-2024-mixed-v1,CHG1PY2,float,variable_id:nces:COST:00011271:CHG1PY2,identity,2024 exact source mapping; exact_2023_number_name_relocated; metadata definitions remain year-specific; no assertion of measurement equivalence.,2024,2024,true,active
ipedsdb-panel-2004-2024-mixed-v1,CHG1PY3,float,variable_id:nces:COST:00015031:CHG1PY3,identity,2024 exact source mapping; exact_2023_number_name_relocated; metadata definitions remain year-specific; no assertion of measurement equivalence.,2024,2024,true,active
ipedsdb-panel-2004-2024-mixed-v1,CHG4PY0,float,variable_id:nces:COST:00011280:CHG4PY0,identity,2024 exact source mapping; exact_2023_number_name_relocated; metadata definitions remain year-specific; no assertion of measurement equivalence.,2024,2024,true,active
ipedsdb-panel-2004-2024-mixed-v1,CHG4PY1,float,variable_id:nces:COST:00011281:CHG4PY1,identity,2024 exact source mapping; exact_2023_number_name_relocated; metadata definitions remain year-specific; no assertion of measurement equivalence.,2024,2024,true,active
ipedsdb-panel-2004-2024-mixed-v1,CHG4PY2,float,variable_id:nces:COST:00011286:CHG4PY2,identity,2024 exact source mapping; exact_2023_number_name_relocated; metadata definitions remain year-specific; no assertion of measurement equivalence.,2024,2024,true,active
ipedsdb-panel-2004-2024-mixed-v1,CHG4PY3,float,variable_id:nces:COST:00015035:CHG4PY3,identity,2024 exact source mapping; exact_2023_number_name_relocated; metadata definitions remain year-specific; no assertion of measurement equivalence.,2024,2024,true,active
ipedsdb-panel-2004-2024-mixed-v1,CHG5PY0,float,variable_id:nces:COST:00011294:CHG5PY0,identity,2024 exact source mapping; exact_2023_number_name_relocated; metadata definitions remain year-specific; no assertion of measurement equivalence.,2024,2024,true,active
ipedsdb-panel-2004-2024-mixed-v1,CHG5PY1,float,variable_id:nces:COST:00011296:CHG5PY1,identity,2024 exact source mapping; exact_2023_number_name_relocated; metadata definitions remain year-specific; no assertion of measurement equivalence.,2024,2024,true,active
ipedsdb-panel-2004-2024-mixed-v1,CHG5PY2,float,variable_id:nces:COST:00011301:CHG5PY2,identity,2024 exact source mapping; exact_2023_number_name_relocated; metadata definitions remain year-specific; no assertion of measurement equivalence.,2024,2024,true,active
ipedsdb-panel-2004-2024-mixed-v1,CHG5PY3,float,variable_id:nces:COST:00011306:CHG5PY3,identity,2024 exact source mapping; exact_2023_number_name_relocated; metadata definitions remain year-specific; no assertion of measurement equivalence.,2024,2024,true,active
ipedsdb-panel-2004-2024-mixed-v1,CHG6PY0,float,variable_id:nces:COST:00011309:CHG6PY0,identity,2024 exact source mapping; exact_2023_number_name_relocated; metadata definitions remain year-specific; no assertion of measurement equivalence.,2024,2024,true,active
ipedsdb-panel-2004-2024-mixed-v1,CHG6PY1,float,variable_id:nces:COST:00011311:CHG6PY1,identity,2024 exact source mapping; exact_2023_number_name_relocated; metadata definitions remain year-specific; no assertion of measurement equivalence.,2024,2024,true,active
ipedsdb-panel-2004-2024-mixed-v1,CHG6PY2,float,variable_id:nces:COST:00011316:CHG6PY2,identity,2024 exact source mapping; exact_2023_number_name_relocated; metadata definitions remain year-specific; no assertion of measurement equivalence.,2024,2024,true,active
ipedsdb-panel-2004-2024-mixed-v1,CHG6PY3,float,variable_id:nces:COST:00011321:CHG6PY3,identity,2024 exact source mapping; exact_2023_number_name_relocated; metadata definitions remain year-specific; no assertion of measurement equivalence.,2024,2024,true,active
ipedsdb-panel-2004-2024-mixed-v1,CHG7PY0,float,variable_id:nces:COST:00011324:CHG7PY0,identity,2024 exact source mapping; exact_2023_number_name_relocated; metadata definitions remain year-specific; no assertion of measurement equivalence.,2024,2024,true,active
ipedsdb-panel-2004-2024-mixed-v1,CHG7PY1,float,variable_id:nces:COST:00011326:CHG7PY1,identity,2024 exact source mapping; exact_2023_number_name_relocated; metadata definitions remain year-specific; no assertion of measurement equivalence.,2024,2024,true,active
ipedsdb-panel-2004-2024-mixed-v1,CHG7PY2,float,variable_id:nces:COST:00011331:CHG7PY2,identity,2024 exact source mapping; exact_2023_number_name_relocated; metadata definitions remain year-specific; no assertion of measurement equivalence.,2024,2024,true,active
ipedsdb-panel-2004-2024-mixed-v1,CHG7PY3,float,variable_id:nces:COST:00011336:CHG7PY3,identity,2024 exact source mapping; exact_2023_number_name_relocated; metadata definitions remain year-specific; no assertion of measurement equivalence.,2024,2024,true,active
ipedsdb-panel-2004-2024-mixed-v1,CHG8PY0,float,variable_id:nces:COST:00011339:CHG8PY0,identity,2024 exact source mapping; exact_2023_number_name_relocated; metadata definitions remain year-specific; no assertion of measurement equivalence.,2024,2024,true,active
ipedsdb-panel-2004-2024-mixed-v1,CHG8PY1,float,variable_id:nces:COST:00011341:CHG8PY1,identity,2024 exact source mapping; exact_2023_number_name_relocated; metadata definitions remain year-specific; no assertion of measurement equivalence.,2024,2024,true,active
ipedsdb-panel-2004-2024-mixed-v1,CHG8PY2,float,variable_id:nces:COST:00011346:CHG8PY2,identity,2024 exact source mapping; exact_2023_number_name_relocated; metadata definitions remain year-specific; no assertion of measurement equivalence.,2024,2024,true,active
ipedsdb-panel-2004-2024-mixed-v1,CHG8PY3,float,variable_id:nces:COST:00011351:CHG8PY3,identity,2024 exact source mapping; exact_2023_number_name_relocated; metadata definitions remain year-specific; no assertion of measurement equivalence.,2024,2024,true,active
ipedsdb-panel-2004-2024-mixed-v1,CHG10PY0,float,variable_id:nces:COST:00016256:CHG10PY0,identity,2024 exact source mapping; new_2024_identity; metadata definitions remain year-specific; no assertion of measurement equivalence.,2024,2024,true,active
ipedsdb-panel-2004-2024-mixed-v1,CHG10PY1,float,variable_id:nces:COST:00016261:CHG10PY1,identity,2024 exact source mapping; new_2024_identity; metadata definitions remain year-specific; no assertion of measurement equivalence.,2024,2024,true,active
ipedsdb-panel-2004-2024-mixed-v1,CHG10PY2,float,variable_id:nces:COST:00016266:CHG10PY2,identity,2024 exact source mapping; new_2024_identity; metadata definitions remain year-specific; no assertion of measurement equivalence.,2024,2024,true,active
ipedsdb-panel-2004-2024-mixed-v1,CHG10PY3,float,variable_id:nces:COST:00016271:CHG10PY3,identity,2024 exact source mapping; new_2024_identity; metadata definitions remain year-specific; no assertion of measurement equivalence.,2024,2024,true,active
ipedsdb-panel-2004-2024-mixed-v1,CHG9PY0,float,variable_id:nces:COST:00011354:CHG9PY0,identity,2024 exact source mapping; exact_2023_number_name_relocated; metadata definitions remain year-specific; no assertion of measurement equivalence.,2024,2024,true,active
ipedsdb-panel-2004-2024-mixed-v1,CHG9PY1,float,variable_id:nces:COST:00011356:CHG9PY1,identity,2024 exact source mapping; exact_2023_number_name_relocated; metadata definitions remain year-specific; no assertion of measurement equivalence.,2024,2024,true,active
ipedsdb-panel-2004-2024-mixed-v1,CHG9PY2,float,variable_id:nces:COST:00011361:CHG9PY2,identity,2024 exact source mapping; exact_2023_number_name_relocated; metadata definitions remain year-specific; no assertion of measurement equivalence.,2024,2024,true,active
ipedsdb-panel-2004-2024-mixed-v1,CHG9PY3,float,variable_id:nces:COST:00011366:CHG9PY3,identity,2024 exact source mapping; exact_2023_number_name_relocated; metadata definitions remain year-specific; no assertion of measurement equivalence.,2024,2024,true,active
ipedsdb-panel-2004-2024-mixed-v1,CIPCODE2,categorical string,variable_id:nces:COST:00011371:CIPCODE2,identity,2024 exact source mapping; exact_2023_number_name_relocated; metadata definitions remain year-specific; no assertion of measurement equivalence.,2024,2024,true,active
ipedsdb-panel-2004-2024-mixed-v1,CIPTUIT2,float,variable_id:nces:COST:00011376:CIPTUIT2,identity,2024 exact source mapping; exact_2023_number_name_relocated; metadata definitions remain year-specific; no assertion of measurement equivalence.,2024,2024,true,active
ipedsdb-panel-2004-2024-mixed-v1,CIPSUPP2,float,variable_id:nces:COST:00011381:CIPSUPP2,identity,2024 exact source mapping; exact_2023_number_name_relocated; metadata definitions remain year-specific; no assertion of measurement equivalence.,2024,2024,true,active
ipedsdb-panel-2004-2024-mixed-v1,CIPLGTH2,float,variable_id:nces:COST:00011386:CIPLGTH2,identity,2024 exact source mapping; exact_2023_number_name_relocated; metadata definitions remain year-specific; no assertion of measurement equivalence.,2024,2024,true,active
ipedsdb-panel-2004-2024-mixed-v1,PRGMSR2,categorical string,variable_id:nces:COST:00011388:PRGMSR2,identity,2024 exact source mapping; exact_2023_number_name_relocated; metadata definitions remain year-specific; no assertion of measurement equivalence.,2024,2024,true,active
ipedsdb-panel-2004-2024-mixed-v1,MTHCMP2,float,variable_id:nces:COST:00011389:MTHCMP2,identity,2024 exact source mapping; exact_2023_number_name_relocated; metadata definitions remain year-specific; no assertion of measurement equivalence.,2024,2024,true,active
ipedsdb-panel-2004-2024-mixed-v1,CIPCODE3,categorical string,variable_id:nces:COST:00011391:CIPCODE3,identity,2024 exact source mapping; exact_2023_number_name_relocated; metadata definitions remain year-specific; no assertion of measurement equivalence.,2024,2024,true,active
ipedsdb-panel-2004-2024-mixed-v1,CIPTUIT3,float,variable_id:nces:COST:00011396:CIPTUIT3,identity,2024 exact source mapping; exact_2023_number_name_relocated; metadata definitions remain year-specific; no assertion of measurement equivalence.,2024,2024,true,active
ipedsdb-panel-2004-2024-mixed-v1,CIPSUPP3,float,variable_id:nces:COST:00011401:CIPSUPP3,identity,2024 exact source mapping; exact_2023_number_name_relocated; metadata definitions remain year-specific; no assertion of measurement equivalence.,2024,2024,true,active
ipedsdb-panel-2004-2024-mixed-v1,CIPLGTH3,float,variable_id:nces:COST:00011406:CIPLGTH3,identity,2024 exact source mapping; exact_2023_number_name_relocated; metadata definitions remain year-specific; no assertion of measurement equivalence.,2024,2024,true,active
ipedsdb-panel-2004-2024-mixed-v1,PRGMSR3,categorical string,variable_id:nces:COST:00011408:PRGMSR3,identity,2024 exact source mapping; exact_2023_number_name_relocated; metadata definitions remain year-specific; no assertion of measurement equivalence.,2024,2024,true,active
ipedsdb-panel-2004-2024-mixed-v1,MTHCMP3,float,variable_id:nces:COST:00011409:MTHCMP3,identity,2024 exact source mapping; exact_2023_number_name_relocated; metadata definitions remain year-specific; no assertion of measurement equivalence.,2024,2024,true,active
ipedsdb-panel-2004-2024-mixed-v1,CIPCODE4,categorical string,variable_id:nces:COST:00011411:CIPCODE4,identity,2024 exact source mapping; exact_2023_number_name_relocated; metadata definitions remain year-specific; no assertion of measurement equivalence.,2024,2024,true,active
ipedsdb-panel-2004-2024-mixed-v1,CIPTUIT4,float,variable_id:nces:COST:00011416:CIPTUIT4,identity,2024 exact source mapping; exact_2023_number_name_relocated; metadata definitions remain year-specific; no assertion of measurement equivalence.,2024,2024,true,active
ipedsdb-panel-2004-2024-mixed-v1,CIPSUPP4,float,variable_id:nces:COST:00011421:CIPSUPP4,identity,2024 exact source mapping; exact_2023_number_name_relocated; metadata definitions remain year-specific; no assertion of measurement equivalence.,2024,2024,true,active
ipedsdb-panel-2004-2024-mixed-v1,CIPLGTH4,float,variable_id:nces:COST:00011426:CIPLGTH4,identity,2024 exact source mapping; exact_2023_number_name_relocated; metadata definitions remain year-specific; no assertion of measurement equivalence.,2024,2024,true,active
ipedsdb-panel-2004-2024-mixed-v1,PRGMSR4,categorical string,variable_id:nces:COST:00011428:PRGMSR4,identity,2024 exact source mapping; exact_2023_number_name_relocated; metadata definitions remain year-specific; no assertion of measurement equivalence.,2024,2024,true,active
ipedsdb-panel-2004-2024-mixed-v1,MTHCMP4,float,variable_id:nces:COST:00011429:MTHCMP4,identity,2024 exact source mapping; exact_2023_number_name_relocated; metadata definitions remain year-specific; no assertion of measurement equivalence.,2024,2024,true,active
ipedsdb-panel-2004-2024-mixed-v1,CIPCODE5,categorical string,variable_id:nces:COST:00011431:CIPCODE5,identity,2024 exact source mapping; exact_2023_number_name_relocated; metadata definitions remain year-specific; no assertion of measurement equivalence.,2024,2024,true,active
ipedsdb-panel-2004-2024-mixed-v1,CIPTUIT5,float,variable_id:nces:COST:00011436:CIPTUIT5,identity,2024 exact source mapping; exact_2023_number_name_relocated; metadata definitions remain year-specific; no assertion of measurement equivalence.,2024,2024,true,active
ipedsdb-panel-2004-2024-mixed-v1,CIPSUPP5,float,variable_id:nces:COST:00011441:CIPSUPP5,identity,2024 exact source mapping; exact_2023_number_name_relocated; metadata definitions remain year-specific; no assertion of measurement equivalence.,2024,2024,true,active
ipedsdb-panel-2004-2024-mixed-v1,CIPLGTH5,float,variable_id:nces:COST:00011446:CIPLGTH5,identity,2024 exact source mapping; exact_2023_number_name_relocated; metadata definitions remain year-specific; no assertion of measurement equivalence.,2024,2024,true,active
ipedsdb-panel-2004-2024-mixed-v1,PRGMSR5,categorical string,variable_id:nces:COST:00011448:PRGMSR5,identity,2024 exact source mapping; exact_2023_number_name_relocated; metadata definitions remain year-specific; no assertion of measurement equivalence.,2024,2024,true,active
ipedsdb-panel-2004-2024-mixed-v1,MTHCMP5,float,variable_id:nces:COST:00011449:MTHCMP5,identity,2024 exact source mapping; exact_2023_number_name_relocated; metadata definitions remain year-specific; no assertion of measurement equivalence.,2024,2024,true,active
ipedsdb-panel-2004-2024-mixed-v1,CIPCODE6,categorical string,variable_id:nces:COST:00011451:CIPCODE6,identity,2024 exact source mapping; exact_2023_number_name_relocated; metadata definitions remain year-specific; no assertion of measurement equivalence.,2024,2024,true,active
ipedsdb-panel-2004-2024-mixed-v1,CIPTUIT6,float,variable_id:nces:COST:00011456:CIPTUIT6,identity,2024 exact source mapping; exact_2023_number_name_relocated; metadata definitions remain year-specific; no assertion of measurement equivalence.,2024,2024,true,active
ipedsdb-panel-2004-2024-mixed-v1,CIPSUPP6,float,variable_id:nces:COST:00011461:CIPSUPP6,identity,2024 exact source mapping; exact_2023_number_name_relocated; metadata definitions remain year-specific; no assertion of measurement equivalence.,2024,2024,true,active
ipedsdb-panel-2004-2024-mixed-v1,CIPLGTH6,float,variable_id:nces:COST:00011466:CIPLGTH6,identity,2024 exact source mapping; exact_2023_number_name_relocated; metadata definitions remain year-specific; no assertion of measurement equivalence.,2024,2024,true,active
ipedsdb-panel-2004-2024-mixed-v1,PRGMSR6,categorical string,variable_id:nces:COST:00011468:PRGMSR6,identity,2024 exact source mapping; exact_2023_number_name_relocated; metadata definitions remain year-specific; no assertion of measurement equivalence.,2024,2024,true,active
ipedsdb-panel-2004-2024-mixed-v1,MTHCMP6,float,variable_id:nces:COST:00011469:MTHCMP6,identity,2024 exact source mapping; exact_2023_number_name_relocated; metadata definitions remain year-specific; no assertion of measurement equivalence.,2024,2024,true,active
ipedsdb-panel-2004-2024-mixed-v1,CSCUGFFN,float,variable_id:nces:COST_FINANCIALAID:00073191:CSCUGFFN,identity,2024 exact source mapping; new_2024_identity; metadata definitions remain year-specific; no assertion of measurement equivalence.,2024,2024,true,active
ipedsdb-panel-2004-2024-mixed-v1,CSCFA1N,float,variable_id:nces:COST_FINANCIALAID:00073192:CSCFA1N,identity,2024 exact source mapping; new_2024_identity; metadata definitions remain year-specific; no assertion of measurement equivalence.,2024,2024,true,active
ipedsdb-panel-2004-2024-mixed-v1,SCFA11N__SFA_P__00070136__2960C63686A5,float,variable_id:nces:COST_FINANCIALAID:00070136:SCFA11N,identity,2024 exact source mapping; exact_2023_number_name_relocated; metadata definitions remain year-specific; no assertion of measurement equivalence.,2024,2024,true,active
ipedsdb-panel-2004-2024-mixed-v1,SCFA11P__SFA_P__00070141__CF6DF18DFB46,float,variable_id:nces:COST_FINANCIALAID:00070141:SCFA11P,identity,2024 exact source mapping; exact_2023_number_name_relocated; metadata definitions remain year-specific; no assertion of measurement equivalence.,2024,2024,true,active
ipedsdb-panel-2004-2024-mixed-v1,SCFA12N__SFA_P__00070146__8EF4CB9F748E,float,variable_id:nces:COST_FINANCIALAID:00070146:SCFA12N,identity,2024 exact source mapping; exact_2023_number_name_relocated; metadata definitions remain year-specific; no assertion of measurement equivalence.,2024,2024,true,active
ipedsdb-panel-2004-2024-mixed-v1,SCFA12P__SFA_P__00070151__9A403C73DEDA,float,variable_id:nces:COST_FINANCIALAID:00070151:SCFA12P,identity,2024 exact source mapping; exact_2023_number_name_relocated; metadata definitions remain year-specific; no assertion of measurement equivalence.,2024,2024,true,active
ipedsdb-panel-2004-2024-mixed-v1,SCFA13N__SFA_P__00070156__0C57E2431B66,float,variable_id:nces:COST_FINANCIALAID:00070156:SCFA13N,identity,2024 exact source mapping; exact_2023_number_name_relocated; metadata definitions remain year-specific; no assertion of measurement equivalence.,2024,2024,true,active
ipedsdb-panel-2004-2024-mixed-v1,SCFA13P__SFA_P__00070161__92BEBEF1BA40,float,variable_id:nces:COST_FINANCIALAID:00070161:SCFA13P,identity,2024 exact source mapping; exact_2023_number_name_relocated; metadata definitions remain year-specific; no assertion of measurement equivalence.,2024,2024,true,active
ipedsdb-panel-2004-2024-mixed-v1,SCFA14N__SFA_P__00070166__32F29BBBF1A0,float,variable_id:nces:COST_FINANCIALAID:00070166:SCFA14N,identity,2024 exact source mapping; exact_2023_number_name_relocated; metadata definitions remain year-specific; no assertion of measurement equivalence.,2024,2024,true,active
ipedsdb-panel-2004-2024-mixed-v1,SCFA14P__SFA_P__00070171__D8E827924ED9,float,variable_id:nces:COST_FINANCIALAID:00070171:SCFA14P,identity,2024 exact source mapping; exact_2023_number_name_relocated; metadata definitions remain year-specific; no assertion of measurement equivalence.,2024,2024,true,active
ipedsdb-panel-2004-2024-mixed-v1,CSCFY1N,float,variable_id:nces:COST_FINANCIALAID:00073193:CSCFY1N,identity,2024 exact source mapping; new_2024_identity; metadata definitions remain year-specific; no assertion of measurement equivalence.,2024,2024,true,active
ipedsdb-panel-2004-2024-mixed-v1,GISTN2,float,variable_id:nces:COST_FINANCIALAID:00070496:GISTN2,identity,2024 exact source mapping; exact_2023_number_name_relocated; metadata definitions remain year-specific; no assertion of measurement equivalence.,2024,2024,true,active
ipedsdb-panel-2004-2024-mixed-v1,GISTON2,float,variable_id:nces:COST_FINANCIALAID:00070501:GISTON2,identity,2024 exact source mapping; exact_2023_number_name_relocated; metadata definitions remain year-specific; no assertion of measurement equivalence.,2024,2024,true,active
ipedsdb-panel-2004-2024-mixed-v1,GISTWF2,float,variable_id:nces:COST_FINANCIALAID:00070506:GISTWF2,identity,2024 exact source mapping; exact_2023_number_name_relocated; metadata definitions remain year-specific; no assertion of measurement equivalence.,2024,2024,true,active
ipedsdb-panel-2004-2024-mixed-v1,GISTOF2,float,variable_id:nces:COST_FINANCIALAID:00070511:GISTOF2,identity,2024 exact source mapping; exact_2023_number_name_relocated; metadata definitions remain year-specific; no assertion of measurement equivalence.,2024,2024,true,active
ipedsdb-panel-2004-2024-mixed-v1,GISTUN2,float,variable_id:nces:COST_FINANCIALAID:00070516:GISTUN2,identity,2024 exact source mapping; exact_2023_number_name_relocated; metadata definitions remain year-specific; no assertion of measurement equivalence.,2024,2024,true,active
ipedsdb-panel-2004-2024-mixed-v1,GISTT2,float,variable_id:nces:COST_FINANCIALAID:00070521:GISTT2,identity,2024 exact source mapping; exact_2023_number_name_relocated; metadata definitions remain year-specific; no assertion of measurement equivalence.,2024,2024,true,active
ipedsdb-panel-2004-2024-mixed-v1,GISTA2,float,variable_id:nces:COST_FINANCIALAID:00070526:GISTA2,identity,2024 exact source mapping; exact_2023_number_name_relocated; metadata definitions remain year-specific; no assertion of measurement equivalence.,2024,2024,true,active
ipedsdb-panel-2004-2024-mixed-v1,GISTN1,float,variable_id:nces:COST_FINANCIALAID:00070531:GISTN1,identity,2024 exact source mapping; exact_2023_number_name_relocated; metadata definitions remain year-specific; no assertion of measurement equivalence.,2024,2024,true,active
ipedsdb-panel-2004-2024-mixed-v1,GISTON1,float,variable_id:nces:COST_FINANCIALAID:00070536:GISTON1,identity,2024 exact source mapping; exact_2023_number_name_relocated; metadata definitions remain year-specific; no assertion of measurement equivalence.,2024,2024,true,active
ipedsdb-panel-2004-2024-mixed-v1,GISTWF1,float,variable_id:nces:COST_FINANCIALAID:00070541:GISTWF1,identity,2024 exact source mapping; exact_2023_number_name_relocated; metadata definitions remain year-specific; no assertion of measurement equivalence.,2024,2024,true,active
ipedsdb-panel-2004-2024-mixed-v1,GISTOF1,float,variable_id:nces:COST_FINANCIALAID:00070546:GISTOF1,identity,2024 exact source mapping; exact_2023_number_name_relocated; metadata definitions remain year-specific; no assertion of measurement equivalence.,2024,2024,true,active
ipedsdb-panel-2004-2024-mixed-v1,GISTUN1,float,variable_id:nces:COST_FINANCIALAID:00070551:GISTUN1,identity,2024 exact source mapping; exact_2023_number_name_relocated; metadata definitions remain year-specific; no assertion of measurement equivalence.,2024,2024,true,active
ipedsdb-panel-2004-2024-mixed-v1,GISTT1,float,variable_id:nces:COST_FINANCIALAID:00070556:GISTT1,identity,2024 exact source mapping; exact_2023_number_name_relocated; metadata definitions remain year-specific; no assertion of measurement equivalence.,2024,2024,true,active
ipedsdb-panel-2004-2024-mixed-v1,GISTA1,float,variable_id:nces:COST_FINANCIALAID:00070561:GISTA1,identity,2024 exact source mapping; exact_2023_number_name_relocated; metadata definitions remain year-specific; no assertion of measurement equivalence.,2024,2024,true,active
ipedsdb-panel-2004-2024-mixed-v1,GISTN0,float,variable_id:nces:COST_FINANCIALAID:00070566:GISTN0,identity,2024 exact source mapping; exact_2023_number_name_relocated; metadata definitions remain year-specific; no assertion of measurement equivalence.,2024,2024,true,active
ipedsdb-panel-2004-2024-mixed-v1,GISTON0,float,variable_id:nces:COST_FINANCIALAID:00070571:GISTON0,identity,2024 exact source mapping; exact_2023_number_name_relocated; metadata definitions remain year-specific; no assertion of measurement equivalence.,2024,2024,true,active
ipedsdb-panel-2004-2024-mixed-v1,GISTWF0,float,variable_id:nces:COST_FINANCIALAID:00070576:GISTWF0,identity,2024 exact source mapping; exact_2023_number_name_relocated; metadata definitions remain year-specific; no assertion of measurement equivalence.,2024,2024,true,active
ipedsdb-panel-2004-2024-mixed-v1,GISTOF0,float,variable_id:nces:COST_FINANCIALAID:00070581:GISTOF0,identity,2024 exact source mapping; exact_2023_number_name_relocated; metadata definitions remain year-specific; no assertion of measurement equivalence.,2024,2024,true,active
ipedsdb-panel-2004-2024-mixed-v1,GISTUN0,float,variable_id:nces:COST_FINANCIALAID:00070586:GISTUN0,identity,2024 exact source mapping; exact_2023_number_name_relocated; metadata definitions remain year-specific; no assertion of measurement equivalence.,2024,2024,true,active
ipedsdb-panel-2004-2024-mixed-v1,GISTT0,float,variable_id:nces:COST_FINANCIALAID:00070591:GISTT0,identity,2024 exact source mapping; exact_2023_number_name_relocated; metadata definitions remain year-specific; no assertion of measurement equivalence.,2024,2024,true,active
ipedsdb-panel-2004-2024-mixed-v1,GISTA0,float,variable_id:nces:COST_FINANCIALAID:00070596:GISTA0,identity,2024 exact source mapping; exact_2023_number_name_relocated; metadata definitions remain year-specific; no assertion of measurement equivalence.,2024,2024,true,active
ipedsdb-panel-2004-2024-mixed-v1,GIS4N2,float,variable_id:nces:COST_FINANCIALAID:00070601:GIS4N2,identity,2024 exact source mapping; exact_2023_number_name_relocated; metadata definitions remain year-specific; no assertion of measurement equivalence.,2024,2024,true,active
ipedsdb-panel-2004-2024-mixed-v1,GIS4ON2,float,variable_id:nces:COST_FINANCIALAID:00070606:GIS4ON2,identity,2024 exact source mapping; exact_2023_number_name_relocated; metadata definitions remain year-specific; no assertion of measurement equivalence.,2024,2024,true,active
ipedsdb-panel-2004-2024-mixed-v1,GIS4WF2,float,variable_id:nces:COST_FINANCIALAID:00070611:GIS4WF2,identity,2024 exact source mapping; exact_2023_number_name_relocated; metadata definitions remain year-specific; no assertion of measurement equivalence.,2024,2024,true,active
ipedsdb-panel-2004-2024-mixed-v1,GIS4OF2,float,variable_id:nces:COST_FINANCIALAID:00070616:GIS4OF2,identity,2024 exact source mapping; exact_2023_number_name_relocated; metadata definitions remain year-specific; no assertion of measurement equivalence.,2024,2024,true,active
ipedsdb-panel-2004-2024-mixed-v1,GIS4UN2,float,variable_id:nces:COST_FINANCIALAID:00070621:GIS4UN2,identity,2024 exact source mapping; exact_2023_number_name_relocated; metadata definitions remain year-specific; no assertion of measurement equivalence.,2024,2024,true,active
ipedsdb-panel-2004-2024-mixed-v1,GIS4G2__SFA_P__00071802__F94FB6574FDD,float,variable_id:nces:COST_FINANCIALAID:00071802:GIS4G2,identity,2024 exact source mapping; exact_2023_number_name_relocated; metadata definitions remain year-specific; no assertion of measurement equivalence.,2024,2024,true,active
ipedsdb-panel-2004-2024-mixed-v1,GIS4T2,float,variable_id:nces:COST_FINANCIALAID:00070626:GIS4T2,identity,2024 exact source mapping; exact_2023_number_name_relocated; metadata definitions remain year-specific; no assertion of measurement equivalence.,2024,2024,true,active
ipedsdb-panel-2004-2024-mixed-v1,GIS4A2,float,variable_id:nces:COST_FINANCIALAID:00070631:GIS4A2,identity,2024 exact source mapping; exact_2023_number_name_relocated; metadata definitions remain year-specific; no assertion of measurement equivalence.,2024,2024,true,active
ipedsdb-panel-2004-2024-mixed-v1,GIS4N12,float,variable_id:nces:COST_FINANCIALAID:00070636:GIS4N12,identity,2024 exact source mapping; exact_2023_number_name_relocated; metadata definitions remain year-specific; no assertion of measurement equivalence.,2024,2024,true,active
ipedsdb-panel-2004-2024-mixed-v1,GIS4G12__SFA_P__00071807__AB325483E65B,float,variable_id:nces:COST_FINANCIALAID:00071807:GIS4G12,identity,2024 exact source mapping; exact_2023_number_name_relocated; metadata definitions remain year-specific; no assertion of measurement equivalence.,2024,2024,true,active
ipedsdb-panel-2004-2024-mixed-v1,GIS4T12,float,variable_id:nces:COST_FINANCIALAID:00070641:GIS4T12,identity,2024 exact source mapping; exact_2023_number_name_relocated; metadata definitions remain year-specific; no assertion of measurement equivalence.,2024,2024,true,active
ipedsdb-panel-2004-2024-mixed-v1,GIS4A12,float,variable_id:nces:COST_FINANCIALAID:00070646:GIS4A12,identity,2024 exact source mapping; exact_2023_number_name_relocated; metadata definitions remain year-specific; no assertion of measurement equivalence.,2024,2024,true,active
ipedsdb-panel-2004-2024-mixed-v1,GIS4N22,float,variable_id:nces:COST_FINANCIALAID:00070651:GIS4N22,identity,2024 exact source mapping; exact_2023_number_name_relocated; metadata definitions remain year-specific; no assertion of measurement equivalence.,2024,2024,true,active
ipedsdb-panel-2004-2024-mixed-v1,GIS4G22__SFA_P__00071812__0A2455DDE16E,float,variable_id:nces:COST_FINANCIALAID:00071812:GIS4G22,identity,2024 exact source mapping; exact_2023_number_name_relocated; metadata definitions remain year-specific; no assertion of measurement equivalence.,2024,2024,true,active
ipedsdb-panel-2004-2024-mixed-v1,GIS4T22,float,variable_id:nces:COST_FINANCIALAID:00070656:GIS4T22,identity,2024 exact source mapping; exact_2023_number_name_relocated; metadata definitions remain year-specific; no assertion of measurement equivalence.,2024,2024,true,active
ipedsdb-panel-2004-2024-mixed-v1,GIS4A22,float,variable_id:nces:COST_FINANCIALAID:00070661:GIS4A22,identity,2024 exact source mapping; exact_2023_number_name_relocated; metadata definitions remain year-specific; no assertion of measurement equivalence.,2024,2024,true,active
ipedsdb-panel-2004-2024-mixed-v1,GIS4N32,float,variable_id:nces:COST_FINANCIALAID:00070666:GIS4N32,identity,2024 exact source mapping; exact_2023_number_name_relocated; metadata definitions remain year-specific; no assertion of measurement equivalence.,2024,2024,true,active
ipedsdb-panel-2004-2024-mixed-v1,GIS4G32__SFA_P__00071817__3300BB035083,float,variable_id:nces:COST_FINANCIALAID:00071817:GIS4G32,identity,2024 exact source mapping; exact_2023_number_name_relocated; metadata definitions remain year-specific; no assertion of measurement equivalence.,2024,2024,true,active
ipedsdb-panel-2004-2024-mixed-v1,GIS4T32,float,variable_id:nces:COST_FINANCIALAID:00070671:GIS4T32,identity,2024 exact source mapping; exact_2023_number_name_relocated; metadata definitions remain year-specific; no assertion of measurement equivalence.,2024,2024,true,active
ipedsdb-panel-2004-2024-mixed-v1,GIS4A32,float,variable_id:nces:COST_FINANCIALAID:00070676:GIS4A32,identity,2024 exact source mapping; exact_2023_number_name_relocated; metadata definitions remain year-specific; no assertion of measurement equivalence.,2024,2024,true,active
ipedsdb-panel-2004-2024-mixed-v1,GIS4N42,float,variable_id:nces:COST_FINANCIALAID:00070681:GIS4N42,identity,2024 exact source mapping; exact_2023_number_name_relocated; metadata definitions remain year-specific; no assertion of measurement equivalence.,2024,2024,true,active
ipedsdb-panel-2004-2024-mixed-v1,GIS4G42__SFA_P__00071822__EA6AAC8E0F16,float,variable_id:nces:COST_FINANCIALAID:00071822:GIS4G42,identity,2024 exact source mapping; exact_2023_number_name_relocated; metadata definitions remain year-specific; no assertion of measurement equivalence.,2024,2024,true,active
ipedsdb-panel-2004-2024-mixed-v1,GIS4T42,float,variable_id:nces:COST_FINANCIALAID:00070686:GIS4T42,identity,2024 exact source mapping; exact_2023_number_name_relocated; metadata definitions remain year-specific; no assertion of measurement equivalence.,2024,2024,true,active
ipedsdb-panel-2004-2024-mixed-v1,GIS4A42,float,variable_id:nces:COST_FINANCIALAID:00070691:GIS4A42,identity,2024 exact source mapping; exact_2023_number_name_relocated; metadata definitions remain year-specific; no assertion of measurement equivalence.,2024,2024,true,active
ipedsdb-panel-2004-2024-mixed-v1,GIS4N52,float,variable_id:nces:COST_FINANCIALAID:00070696:GIS4N52,identity,2024 exact source mapping; exact_2023_number_name_relocated; metadata definitions remain year-specific; no assertion of measurement equivalence.,2024,2024,true,active
ipedsdb-panel-2004-2024-mixed-v1,GIS4G52__SFA_P__00071827__74CE16594735,float,variable_id:nces:COST_FINANCIALAID:00071827:GIS4G52,identity,2024 exact source mapping; exact_2023_number_name_relocated; metadata definitions remain year-specific; no assertion of measurement equivalence.,2024,2024,true,active
ipedsdb-panel-2004-2024-mixed-v1,GIS4T52,float,variable_id:nces:COST_FINANCIALAID:00070701:GIS4T52,identity,2024 exact source mapping; exact_2023_number_name_relocated; metadata definitions remain year-specific; no assertion of measurement equivalence.,2024,2024,true,active
ipedsdb-panel-2004-2024-mixed-v1,GIS4A52,float,variable_id:nces:COST_FINANCIALAID:00070706:GIS4A52,identity,2024 exact source mapping; exact_2023_number_name_relocated; metadata definitions remain year-specific; no assertion of measurement equivalence.,2024,2024,true,active
ipedsdb-panel-2004-2024-mixed-v1,GIS4N1,float,variable_id:nces:COST_FINANCIALAID:00071101:GIS4N1,identity,2024 exact source mapping; exact_2023_number_name_relocated; metadata definitions remain year-specific; no assertion of measurement equivalence.,2024,2024,true,active
ipedsdb-panel-2004-2024-mixed-v1,GIS4ON1,float,variable_id:nces:COST_FINANCIALAID:00071106:GIS4ON1,identity,2024 exact source mapping; exact_2023_number_name_relocated; metadata definitions remain year-specific; no assertion of measurement equivalence.,2024,2024,true,active
ipedsdb-panel-2004-2024-mixed-v1,GIS4WF1,float,variable_id:nces:COST_FINANCIALAID:00071111:GIS4WF1,identity,2024 exact source mapping; exact_2023_number_name_relocated; metadata definitions remain year-specific; no assertion of measurement equivalence.,2024,2024,true,active
ipedsdb-panel-2004-2024-mixed-v1,GIS4OF1,float,variable_id:nces:COST_FINANCIALAID:00071116:GIS4OF1,identity,2024 exact source mapping; exact_2023_number_name_relocated; metadata definitions remain year-specific; no assertion of measurement equivalence.,2024,2024,true,active
ipedsdb-panel-2004-2024-mixed-v1,GIS4UN1,float,variable_id:nces:COST_FINANCIALAID:00071121:GIS4UN1,identity,2024 exact source mapping; exact_2023_number_name_relocated; metadata definitions remain year-specific; no assertion of measurement equivalence.,2024,2024,true,active
ipedsdb-panel-2004-2024-mixed-v1,GIS4G1__SFA_P__00071832__AD045C59EE81,float,variable_id:nces:COST_FINANCIALAID:00071832:GIS4G1,identity,2024 exact source mapping; exact_2023_number_name_relocated; metadata definitions remain year-specific; no assertion of measurement equivalence.,2024,2024,true,active
ipedsdb-panel-2004-2024-mixed-v1,GIS4T1,float,variable_id:nces:COST_FINANCIALAID:00071126:GIS4T1,identity,2024 exact source mapping; exact_2023_number_name_relocated; metadata definitions remain year-specific; no assertion of measurement equivalence.,2024,2024,true,active
ipedsdb-panel-2004-2024-mixed-v1,GIS4A1,float,variable_id:nces:COST_FINANCIALAID:00071131:GIS4A1,identity,2024 exact source mapping; exact_2023_number_name_relocated; metadata definitions remain year-specific; no assertion of measurement equivalence.,2024,2024,true,active
ipedsdb-panel-2004-2024-mixed-v1,GIS4N11,float,variable_id:nces:COST_FINANCIALAID:00071136:GIS4N11,identity,2024 exact source mapping; exact_2023_number_name_relocated; metadata definitions remain year-specific; no assertion of measurement equivalence.,2024,2024,true,active
ipedsdb-panel-2004-2024-mixed-v1,GIS4G11__SFA_P__00071837__EC2BAD007FF1,float,variable_id:nces:COST_FINANCIALAID:00071837:GIS4G11,identity,2024 exact source mapping; exact_2023_number_name_relocated; metadata definitions remain year-specific; no assertion of measurement equivalence.,2024,2024,true,active
ipedsdb-panel-2004-2024-mixed-v1,GIS4T11,float,variable_id:nces:COST_FINANCIALAID:00071141:GIS4T11,identity,2024 exact source mapping; exact_2023_number_name_relocated; metadata definitions remain year-specific; no assertion of measurement equivalence.,2024,2024,true,active
ipedsdb-panel-2004-2024-mixed-v1,GIS4A11,float,variable_id:nces:COST_FINANCIALAID:00071146:GIS4A11,identity,2024 exact source mapping; exact_2023_number_name_relocated; metadata definitions remain year-specific; no assertion of measurement equivalence.,2024,2024,true,active
ipedsdb-panel-2004-2024-mixed-v1,GIS4N21,float,variable_id:nces:COST_FINANCIALAID:00071151:GIS4N21,identity,2024 exact source mapping; exact_2023_number_name_relocated; metadata definitions remain year-specific; no assertion of measurement equivalence.,2024,2024,true,active
ipedsdb-panel-2004-2024-mixed-v1,GIS4G21__SFA_P__00071842__E52C3D8B12A4,float,variable_id:nces:COST_FINANCIALAID:00071842:GIS4G21,identity,2024 exact source mapping; exact_2023_number_name_relocated; metadata definitions remain year-specific; no assertion of measurement equivalence.,2024,2024,true,active
ipedsdb-panel-2004-2024-mixed-v1,GIS4T21,float,variable_id:nces:COST_FINANCIALAID:00071156:GIS4T21,identity,2024 exact source mapping; exact_2023_number_name_relocated; metadata definitions remain year-specific; no assertion of measurement equivalence.,2024,2024,true,active
ipedsdb-panel-2004-2024-mixed-v1,GIS4A21,float,variable_id:nces:COST_FINANCIALAID:00071161:GIS4A21,identity,2024 exact source mapping; exact_2023_number_name_relocated; metadata definitions remain year-specific; no assertion of measurement equivalence.,2024,2024,true,active
ipedsdb-panel-2004-2024-mixed-v1,GIS4N31,float,variable_id:nces:COST_FINANCIALAID:00071166:GIS4N31,identity,2024 exact source mapping; exact_2023_number_name_relocated; metadata definitions remain year-specific; no assertion of measurement equivalence.,2024,2024,true,active
ipedsdb-panel-2004-2024-mixed-v1,GIS4G31__SFA_P__00071847__9324913CDE0E,float,variable_id:nces:COST_FINANCIALAID:00071847:GIS4G31,identity,2024 exact source mapping; exact_2023_number_name_relocated; metadata definitions remain year-specific; no assertion of measurement equivalence.,2024,2024,true,active
ipedsdb-panel-2004-2024-mixed-v1,GIS4T31,float,variable_id:nces:COST_FINANCIALAID:00071171:GIS4T31,identity,2024 exact source mapping; exact_2023_number_name_relocated; metadata definitions remain year-specific; no assertion of measurement equivalence.,2024,2024,true,active
ipedsdb-panel-2004-2024-mixed-v1,GIS4A31,float,variable_id:nces:COST_FINANCIALAID:00071176:GIS4A31,identity,2024 exact source mapping; exact_2023_number_name_relocated; metadata definitions remain year-specific; no assertion of measurement equivalence.,2024,2024,true,active
ipedsdb-panel-2004-2024-mixed-v1,GIS4N41,float,variable_id:nces:COST_FINANCIALAID:00071181:GIS4N41,identity,2024 exact source mapping; exact_2023_number_name_relocated; metadata definitions remain year-specific; no assertion of measurement equivalence.,2024,2024,true,active
ipedsdb-panel-2004-2024-mixed-v1,GIS4G41__SFA_P__00071852__CA6A0BFEDD55,float,variable_id:nces:COST_FINANCIALAID:00071852:GIS4G41,identity,2024 exact source mapping; exact_2023_number_name_relocated; metadata definitions remain year-specific; no assertion of measurement equivalence.,2024,2024,true,active
ipedsdb-panel-2004-2024-mixed-v1,GIS4T41,float,variable_id:nces:COST_FINANCIALAID:00071186:GIS4T41,identity,2024 exact source mapping; exact_2023_number_name_relocated; metadata definitions remain year-specific; no assertion of measurement equivalence.,2024,2024,true,active
ipedsdb-panel-2004-2024-mixed-v1,GIS4A41,float,variable_id:nces:COST_FINANCIALAID:00071191:GIS4A41,identity,2024 exact source mapping; exact_2023_number_name_relocated; metadata definitions remain year-specific; no assertion of measurement equivalence.,2024,2024,true,active
ipedsdb-panel-2004-2024-mixed-v1,GIS4N51,float,variable_id:nces:COST_FINANCIALAID:00071196:GIS4N51,identity,2024 exact source mapping; exact_2023_number_name_relocated; metadata definitions remain year-specific; no assertion of measurement equivalence.,2024,2024,true,active
ipedsdb-panel-2004-2024-mixed-v1,GIS4G51__SFA_P__00071857__CD4EBD729906,float,variable_id:nces:COST_FINANCIALAID:00071857:GIS4G51,identity,2024 exact source mapping; exact_2023_number_name_relocated; metadata definitions remain year-specific; no assertion of measurement equivalence.,2024,2024,true,active
ipedsdb-panel-2004-2024-mixed-v1,GIS4T51,float,variable_id:nces:COST_FINANCIALAID:00071201:GIS4T51,identity,2024 exact source mapping; exact_2023_number_name_relocated; metadata definitions remain year-specific; no assertion of measurement equivalence.,2024,2024,true,active
ipedsdb-panel-2004-2024-mixed-v1,GIS4A51,float,variable_id:nces:COST_FINANCIALAID:00071206:GIS4A51,identity,2024 exact source mapping; exact_2023_number_name_relocated; metadata definitions remain year-specific; no assertion of measurement equivalence.,2024,2024,true,active
ipedsdb-panel-2004-2024-mixed-v1,GIS4N0,float,variable_id:nces:COST_FINANCIALAID:00071401:GIS4N0,identity,2024 exact source mapping; exact_2023_number_name_relocated; metadata definitions remain year-specific; no assertion of measurement equivalence.,2024,2024,true,active
ipedsdb-panel-2004-2024-mixed-v1,GIS4ON0,float,variable_id:nces:COST_FINANCIALAID:00071406:GIS4ON0,identity,2024 exact source mapping; exact_2023_number_name_relocated; metadata definitions remain year-specific; no assertion of measurement equivalence.,2024,2024,true,active
ipedsdb-panel-2004-2024-mixed-v1,GIS4WF0,float,variable_id:nces:COST_FINANCIALAID:00071411:GIS4WF0,identity,2024 exact source mapping; exact_2023_number_name_relocated; metadata definitions remain year-specific; no assertion of measurement equivalence.,2024,2024,true,active
ipedsdb-panel-2004-2024-mixed-v1,GIS4OF0,float,variable_id:nces:COST_FINANCIALAID:00071416:GIS4OF0,identity,2024 exact source mapping; exact_2023_number_name_relocated; metadata definitions remain year-specific; no assertion of measurement equivalence.,2024,2024,true,active
ipedsdb-panel-2004-2024-mixed-v1,GIS4UN0,float,variable_id:nces:COST_FINANCIALAID:00071421:GIS4UN0,identity,2024 exact source mapping; exact_2023_number_name_relocated; metadata definitions remain year-specific; no assertion of measurement equivalence.,2024,2024,true,active
ipedsdb-panel-2004-2024-mixed-v1,GIS4G0__SFA_P__00071862__43B39537064F,float,variable_id:nces:COST_FINANCIALAID:00071862:GIS4G0,identity,2024 exact source mapping; exact_2023_number_name_relocated; metadata definitions remain year-specific; no assertion of measurement equivalence.,2024,2024,true,active
ipedsdb-panel-2004-2024-mixed-v1,GIS4T0,float,variable_id:nces:COST_FINANCIALAID:00071426:GIS4T0,identity,2024 exact source mapping; exact_2023_number_name_relocated; metadata definitions remain year-specific; no assertion of measurement equivalence.,2024,2024,true,active
ipedsdb-panel-2004-2024-mixed-v1,GIS4A0,float,variable_id:nces:COST_FINANCIALAID:00071431:GIS4A0,identity,2024 exact source mapping; exact_2023_number_name_relocated; metadata definitions remain year-specific; no assertion of measurement equivalence.,2024,2024,true,active
ipedsdb-panel-2004-2024-mixed-v1,GIS4N10,float,variable_id:nces:COST_FINANCIALAID:00071436:GIS4N10,identity,2024 exact source mapping; exact_2023_number_name_relocated; metadata definitions remain year-specific; no assertion of measurement equivalence.,2024,2024,true,active
ipedsdb-panel-2004-2024-mixed-v1,GIS4G10__SFA_P__00071867__F22450BAEEA2,float,variable_id:nces:COST_FINANCIALAID:00071867:GIS4G10,identity,2024 exact source mapping; exact_2023_number_name_relocated; metadata definitions remain year-specific; no assertion of measurement equivalence.,2024,2024,true,active
ipedsdb-panel-2004-2024-mixed-v1,GIS4T10,float,variable_id:nces:COST_FINANCIALAID:00071441:GIS4T10,identity,2024 exact source mapping; exact_2023_number_name_relocated; metadata definitions remain year-specific; no assertion of measurement equivalence.,2024,2024,true,active
ipedsdb-panel-2004-2024-mixed-v1,GIS4A10,float,variable_id:nces:COST_FINANCIALAID:00071446:GIS4A10,identity,2024 exact source mapping; exact_2023_number_name_relocated; metadata definitions remain year-specific; no assertion of measurement equivalence.,2024,2024,true,active
ipedsdb-panel-2004-2024-mixed-v1,GIS4N20,float,variable_id:nces:COST_FINANCIALAID:00071451:GIS4N20,identity,2024 exact source mapping; exact_2023_number_name_relocated; metadata definitions remain year-specific; no assertion of measurement equivalence.,2024,2024,true,active
ipedsdb-panel-2004-2024-mixed-v1,GIS4G20__SFA_P__00071872__35CF16D167CE,float,variable_id:nces:COST_FINANCIALAID:00071872:GIS4G20,identity,2024 exact source mapping; exact_2023_number_name_relocated; metadata definitions remain year-specific; no assertion of measurement equivalence.,2024,2024,true,active
ipedsdb-panel-2004-2024-mixed-v1,GIS4T20,float,variable_id:nces:COST_FINANCIALAID:00071456:GIS4T20,identity,2024 exact source mapping; exact_2023_number_name_relocated; metadata definitions remain year-specific; no assertion of measurement equivalence.,2024,2024,true,active
ipedsdb-panel-2004-2024-mixed-v1,GIS4A20,float,variable_id:nces:COST_FINANCIALAID:00071461:GIS4A20,identity,2024 exact source mapping; exact_2023_number_name_relocated; metadata definitions remain year-specific; no assertion of measurement equivalence.,2024,2024,true,active
ipedsdb-panel-2004-2024-mixed-v1,GIS4N30,float,variable_id:nces:COST_FINANCIALAID:00071466:GIS4N30,identity,2024 exact source mapping; exact_2023_number_name_relocated; metadata definitions remain year-specific; no assertion of measurement equivalence.,2024,2024,true,active
ipedsdb-panel-2004-2024-mixed-v1,GIS4G30__SFA_P__00071877__6870F4BDB44D,float,variable_id:nces:COST_FINANCIALAID:00071877:GIS4G30,identity,2024 exact source mapping; exact_2023_number_name_relocated; metadata definitions remain year-specific; no assertion of measurement equivalence.,2024,2024,true,active
ipedsdb-panel-2004-2024-mixed-v1,GIS4T30,float,variable_id:nces:COST_FINANCIALAID:00071471:GIS4T30,identity,2024 exact source mapping; exact_2023_number_name_relocated; metadata definitions remain year-specific; no assertion of measurement equivalence.,2024,2024,true,active
ipedsdb-panel-2004-2024-mixed-v1,GIS4A30,float,variable_id:nces:COST_FINANCIALAID:00071476:GIS4A30,identity,2024 exact source mapping; exact_2023_number_name_relocated; metadata definitions remain year-specific; no assertion of measurement equivalence.,2024,2024,true,active
ipedsdb-panel-2004-2024-mixed-v1,GIS4N40,float,variable_id:nces:COST_FINANCIALAID:00071481:GIS4N40,identity,2024 exact source mapping; exact_2023_number_name_relocated; metadata definitions remain year-specific; no assertion of measurement equivalence.,2024,2024,true,active
ipedsdb-panel-2004-2024-mixed-v1,GIS4G40__SFA_P__00071882__44CDFACB7366,float,variable_id:nces:COST_FINANCIALAID:00071882:GIS4G40,identity,2024 exact source mapping; exact_2023_number_name_relocated; metadata definitions remain year-specific; no assertion of measurement equivalence.,2024,2024,true,active
ipedsdb-panel-2004-2024-mixed-v1,GIS4T40,float,variable_id:nces:COST_FINANCIALAID:00071486:GIS4T40,identity,2024 exact source mapping; exact_2023_number_name_relocated; metadata definitions remain year-specific; no assertion of measurement equivalence.,2024,2024,true,active
ipedsdb-panel-2004-2024-mixed-v1,GIS4A40,float,variable_id:nces:COST_FINANCIALAID:00071491:GIS4A40,identity,2024 exact source mapping; exact_2023_number_name_relocated; metadata definitions remain year-specific; no assertion of measurement equivalence.,2024,2024,true,active
ipedsdb-panel-2004-2024-mixed-v1,GIS4N50,float,variable_id:nces:COST_FINANCIALAID:00071496:GIS4N50,identity,2024 exact source mapping; exact_2023_number_name_relocated; metadata definitions remain year-specific; no assertion of measurement equivalence.,2024,2024,true,active
ipedsdb-panel-2004-2024-mixed-v1,GIS4G50__SFA_P__00071887__062E4DA2DE86,float,variable_id:nces:COST_FINANCIALAID:00071887:GIS4G50,identity,2024 exact source mapping; exact_2023_number_name_relocated; metadata definitions remain year-specific; no assertion of measurement equivalence.,2024,2024,true,active
ipedsdb-panel-2004-2024-mixed-v1,GIS4T50,float,variable_id:nces:COST_FINANCIALAID:00071501:GIS4T50,identity,2024 exact source mapping; exact_2023_number_name_relocated; metadata definitions remain year-specific; no assertion of measurement equivalence.,2024,2024,true,active
ipedsdb-panel-2004-2024-mixed-v1,GIS4A50,float,variable_id:nces:COST_FINANCIALAID:00071506:GIS4A50,identity,2024 exact source mapping; exact_2023_number_name_relocated; metadata definitions remain year-specific; no assertion of measurement equivalence.,2024,2024,true,active
ipedsdb-panel-2004-2024-mixed-v1,GRNTN2,float,variable_id:nces:COST_FINANCIALAID:00070751:GRNTN2,identity,2024 exact source mapping; exact_2023_number_name_relocated; metadata definitions remain year-specific; no assertion of measurement equivalence.,2024,2024,true,active
ipedsdb-panel-2004-2024-mixed-v1,GRNTON2,float,variable_id:nces:COST_FINANCIALAID:00070756:GRNTON2,identity,2024 exact source mapping; exact_2023_number_name_relocated; metadata definitions remain year-specific; no assertion of measurement equivalence.,2024,2024,true,active
ipedsdb-panel-2004-2024-mixed-v1,GRNTWF2,float,variable_id:nces:COST_FINANCIALAID:00070761:GRNTWF2,identity,2024 exact source mapping; exact_2023_number_name_relocated; metadata definitions remain year-specific; no assertion of measurement equivalence.,2024,2024,true,active
ipedsdb-panel-2004-2024-mixed-v1,GRNTOF2,float,variable_id:nces:COST_FINANCIALAID:00070766:GRNTOF2,identity,2024 exact source mapping; exact_2023_number_name_relocated; metadata definitions remain year-specific; no assertion of measurement equivalence.,2024,2024,true,active
ipedsdb-panel-2004-2024-mixed-v1,GRNTUN2,float,variable_id:nces:COST_FINANCIALAID:00070771:GRNTUN2,identity,2024 exact source mapping; exact_2023_number_name_relocated; metadata definitions remain year-specific; no assertion of measurement equivalence.,2024,2024,true,active
ipedsdb-panel-2004-2024-mixed-v1,GRNTT2,float,variable_id:nces:COST_FINANCIALAID:00070776:GRNTT2,identity,2024 exact source mapping; exact_2023_number_name_relocated; metadata definitions remain year-specific; no assertion of measurement equivalence.,2024,2024,true,active
ipedsdb-panel-2004-2024-mixed-v1,GRNTA2,float,variable_id:nces:COST_FINANCIALAID:00070781:GRNTA2,identity,2024 exact source mapping; exact_2023_number_name_relocated; metadata definitions remain year-specific; no assertion of measurement equivalence.,2024,2024,true,active
ipedsdb-panel-2004-2024-mixed-v1,GRNTN1,float,variable_id:nces:COST_FINANCIALAID:00070786:GRNTN1,identity,2024 exact source mapping; exact_2023_number_name_relocated; metadata definitions remain year-specific; no assertion of measurement equivalence.,2024,2024,true,active
ipedsdb-panel-2004-2024-mixed-v1,GRNTON1,float,variable_id:nces:COST_FINANCIALAID:00070791:GRNTON1,identity,2024 exact source mapping; exact_2023_number_name_relocated; metadata definitions remain year-specific; no assertion of measurement equivalence.,2024,2024,true,active
ipedsdb-panel-2004-2024-mixed-v1,GRNTWF1,float,variable_id:nces:COST_FINANCIALAID:00070796:GRNTWF1,identity,2024 exact source mapping; exact_2023_number_name_relocated; metadata definitions remain year-specific; no assertion of measurement equivalence.,2024,2024,true,active
ipedsdb-panel-2004-2024-mixed-v1,GRNTOF1,float,variable_id:nces:COST_FINANCIALAID:00070801:GRNTOF1,identity,2024 exact source mapping; exact_2023_number_name_relocated; metadata definitions remain year-specific; no assertion of measurement equivalence.,2024,2024,true,active
ipedsdb-panel-2004-2024-mixed-v1,GRNTUN1,float,variable_id:nces:COST_FINANCIALAID:00070806:GRNTUN1,identity,2024 exact source mapping; exact_2023_number_name_relocated; metadata definitions remain year-specific; no assertion of measurement equivalence.,2024,2024,true,active
ipedsdb-panel-2004-2024-mixed-v1,GRNTT1,float,variable_id:nces:COST_FINANCIALAID:00070811:GRNTT1,identity,2024 exact source mapping; exact_2023_number_name_relocated; metadata definitions remain year-specific; no assertion of measurement equivalence.,2024,2024,true,active
ipedsdb-panel-2004-2024-mixed-v1,GRNTA1,float,variable_id:nces:COST_FINANCIALAID:00070816:GRNTA1,identity,2024 exact source mapping; exact_2023_number_name_relocated; metadata definitions remain year-specific; no assertion of measurement equivalence.,2024,2024,true,active
ipedsdb-panel-2004-2024-mixed-v1,GRNTN0,float,variable_id:nces:COST_FINANCIALAID:00070821:GRNTN0,identity,2024 exact source mapping; exact_2023_number_name_relocated; metadata definitions remain year-specific; no assertion of measurement equivalence.,2024,2024,true,active
ipedsdb-panel-2004-2024-mixed-v1,GRNTON0,float,variable_id:nces:COST_FINANCIALAID:00070826:GRNTON0,identity,2024 exact source mapping; exact_2023_number_name_relocated; metadata definitions remain year-specific; no assertion of measurement equivalence.,2024,2024,true,active
ipedsdb-panel-2004-2024-mixed-v1,GRNTWF0,float,variable_id:nces:COST_FINANCIALAID:00070831:GRNTWF0,identity,2024 exact source mapping; exact_2023_number_name_relocated; metadata definitions remain year-specific; no assertion of measurement equivalence.,2024,2024,true,active
ipedsdb-panel-2004-2024-mixed-v1,GRNTOF0,float,variable_id:nces:COST_FINANCIALAID:00070836:GRNTOF0,identity,2024 exact source mapping; exact_2023_number_name_relocated; metadata definitions remain year-specific; no assertion of measurement equivalence.,2024,2024,true,active
ipedsdb-panel-2004-2024-mixed-v1,GRNTUN0,float,variable_id:nces:COST_FINANCIALAID:00070841:GRNTUN0,identity,2024 exact source mapping; exact_2023_number_name_relocated; metadata definitions remain year-specific; no assertion of measurement equivalence.,2024,2024,true,active
ipedsdb-panel-2004-2024-mixed-v1,GRNTT0,float,variable_id:nces:COST_FINANCIALAID:00070846:GRNTT0,identity,2024 exact source mapping; exact_2023_number_name_relocated; metadata definitions remain year-specific; no assertion of measurement equivalence.,2024,2024,true,active
ipedsdb-panel-2004-2024-mixed-v1,GRNTA0,float,variable_id:nces:COST_FINANCIALAID:00070851:GRNTA0,identity,2024 exact source mapping; exact_2023_number_name_relocated; metadata definitions remain year-specific; no assertion of measurement equivalence.,2024,2024,true,active
ipedsdb-panel-2004-2024-mixed-v1,GRN4N2,float,variable_id:nces:COST_FINANCIALAID:00070856:GRN4N2,identity,2024 exact source mapping; exact_2023_number_name_relocated; metadata definitions remain year-specific; no assertion of measurement equivalence.,2024,2024,true,active
ipedsdb-panel-2004-2024-mixed-v1,GRN4ON2,float,variable_id:nces:COST_FINANCIALAID:00070861:GRN4ON2,identity,2024 exact source mapping; exact_2023_number_name_relocated; metadata definitions remain year-specific; no assertion of measurement equivalence.,2024,2024,true,active
ipedsdb-panel-2004-2024-mixed-v1,GRN4WF2,float,variable_id:nces:COST_FINANCIALAID:00070866:GRN4WF2,identity,2024 exact source mapping; exact_2023_number_name_relocated; metadata definitions remain year-specific; no assertion of measurement equivalence.,2024,2024,true,active
ipedsdb-panel-2004-2024-mixed-v1,GRN4OF2,float,variable_id:nces:COST_FINANCIALAID:00070871:GRN4OF2,identity,2024 exact source mapping; exact_2023_number_name_relocated; metadata definitions remain year-specific; no assertion of measurement equivalence.,2024,2024,true,active
ipedsdb-panel-2004-2024-mixed-v1,GRN4UN2,float,variable_id:nces:COST_FINANCIALAID:00070876:GRN4UN2,identity,2024 exact source mapping; exact_2023_number_name_relocated; metadata definitions remain year-specific; no assertion of measurement equivalence.,2024,2024,true,active
ipedsdb-panel-2004-2024-mixed-v1,GRN4G2__SFA_P__00071892__E002214ABA44,float,variable_id:nces:COST_FINANCIALAID:00071892:GRN4G2,identity,2024 exact source mapping; exact_2023_number_name_relocated; metadata definitions remain year-specific; no assertion of measurement equivalence.,2024,2024,true,active
ipedsdb-panel-2004-2024-mixed-v1,GRN4T2,float,variable_id:nces:COST_FINANCIALAID:00070881:GRN4T2,identity,2024 exact source mapping; exact_2023_number_name_relocated; metadata definitions remain year-specific; no assertion of measurement equivalence.,2024,2024,true,active
ipedsdb-panel-2004-2024-mixed-v1,GRN4A2,float,variable_id:nces:COST_FINANCIALAID:00070886:GRN4A2,identity,2024 exact source mapping; exact_2023_number_name_relocated; metadata definitions remain year-specific; no assertion of measurement equivalence.,2024,2024,true,active
ipedsdb-panel-2004-2024-mixed-v1,GRN4N12,float,variable_id:nces:COST_FINANCIALAID:00070891:GRN4N12,identity,2024 exact source mapping; exact_2023_number_name_relocated; metadata definitions remain year-specific; no assertion of measurement equivalence.,2024,2024,true,active
ipedsdb-panel-2004-2024-mixed-v1,GRN4G12__SFA_P__00071897__C663CCD7B174,float,variable_id:nces:COST_FINANCIALAID:00071897:GRN4G12,identity,2024 exact source mapping; exact_2023_number_name_relocated; metadata definitions remain year-specific; no assertion of measurement equivalence.,2024,2024,true,active
ipedsdb-panel-2004-2024-mixed-v1,GRN4T12,float,variable_id:nces:COST_FINANCIALAID:00070896:GRN4T12,identity,2024 exact source mapping; exact_2023_number_name_relocated; metadata definitions remain year-specific; no assertion of measurement equivalence.,2024,2024,true,active
ipedsdb-panel-2004-2024-mixed-v1,GRN4A12,float,variable_id:nces:COST_FINANCIALAID:00070901:GRN4A12,identity,2024 exact source mapping; exact_2023_number_name_relocated; metadata definitions remain year-specific; no assertion of measurement equivalence.,2024,2024,true,active
ipedsdb-panel-2004-2024-mixed-v1,GRN4N22,float,variable_id:nces:COST_FINANCIALAID:00070906:GRN4N22,identity,2024 exact source mapping; exact_2023_number_name_relocated; metadata definitions remain year-specific; no assertion of measurement equivalence.,2024,2024,true,active
ipedsdb-panel-2004-2024-mixed-v1,GRN4G22__SFA_P__00071902__7A8E68EE07FC,float,variable_id:nces:COST_FINANCIALAID:00071902:GRN4G22,identity,2024 exact source mapping; exact_2023_number_name_relocated; metadata definitions remain year-specific; no assertion of measurement equivalence.,2024,2024,true,active
ipedsdb-panel-2004-2024-mixed-v1,GRN4T22,float,variable_id:nces:COST_FINANCIALAID:00070911:GRN4T22,identity,2024 exact source mapping; exact_2023_number_name_relocated; metadata definitions remain year-specific; no assertion of measurement equivalence.,2024,2024,true,active
ipedsdb-panel-2004-2024-mixed-v1,GRN4A22,float,variable_id:nces:COST_FINANCIALAID:00070916:GRN4A22,identity,2024 exact source mapping; exact_2023_number_name_relocated; metadata definitions remain year-specific; no assertion of measurement equivalence.,2024,2024,true,active
ipedsdb-panel-2004-2024-mixed-v1,GRN4N32,float,variable_id:nces:COST_FINANCIALAID:00070921:GRN4N32,identity,2024 exact source mapping; exact_2023_number_name_relocated; metadata definitions remain year-specific; no assertion of measurement equivalence.,2024,2024,true,active
ipedsdb-panel-2004-2024-mixed-v1,GRN4G32__SFA_P__00071907__466508D13A2C,float,variable_id:nces:COST_FINANCIALAID:00071907:GRN4G32,identity,2024 exact source mapping; exact_2023_number_name_relocated; metadata definitions remain year-specific; no assertion of measurement equivalence.,2024,2024,true,active
ipedsdb-panel-2004-2024-mixed-v1,GRN4T32,float,variable_id:nces:COST_FINANCIALAID:00070926:GRN4T32,identity,2024 exact source mapping; exact_2023_number_name_relocated; metadata definitions remain year-specific; no assertion of measurement equivalence.,2024,2024,true,active
ipedsdb-panel-2004-2024-mixed-v1,GRN4A32,float,variable_id:nces:COST_FINANCIALAID:00070931:GRN4A32,identity,2024 exact source mapping; exact_2023_number_name_relocated; metadata definitions remain year-specific; no assertion of measurement equivalence.,2024,2024,true,active
ipedsdb-panel-2004-2024-mixed-v1,GRN4N42,float,variable_id:nces:COST_FINANCIALAID:00070936:GRN4N42,identity,2024 exact source mapping; exact_2023_number_name_relocated; metadata definitions remain year-specific; no assertion of measurement equivalence.,2024,2024,true,active
ipedsdb-panel-2004-2024-mixed-v1,GRN4G42__SFA_P__00071912__0B1779A393C0,float,variable_id:nces:COST_FINANCIALAID:00071912:GRN4G42,identity,2024 exact source mapping; exact_2023_number_name_relocated; metadata definitions remain year-specific; no assertion of measurement equivalence.,2024,2024,true,active
ipedsdb-panel-2004-2024-mixed-v1,GRN4T42,float,variable_id:nces:COST_FINANCIALAID:00070941:GRN4T42,identity,2024 exact source mapping; exact_2023_number_name_relocated; metadata definitions remain year-specific; no assertion of measurement equivalence.,2024,2024,true,active
ipedsdb-panel-2004-2024-mixed-v1,GRN4A42,float,variable_id:nces:COST_FINANCIALAID:00070946:GRN4A42,identity,2024 exact source mapping; exact_2023_number_name_relocated; metadata definitions remain year-specific; no assertion of measurement equivalence.,2024,2024,true,active
ipedsdb-panel-2004-2024-mixed-v1,GRN4N52,float,variable_id:nces:COST_FINANCIALAID:00070951:GRN4N52,identity,2024 exact source mapping; exact_2023_number_name_relocated; metadata definitions remain year-specific; no assertion of measurement equivalence.,2024,2024,true,active
ipedsdb-panel-2004-2024-mixed-v1,GRN4G52__SFA_P__00071917__D3881225CBFD,float,variable_id:nces:COST_FINANCIALAID:00071917:GRN4G52,identity,2024 exact source mapping; exact_2023_number_name_relocated; metadata definitions remain year-specific; no assertion of measurement equivalence.,2024,2024,true,active
ipedsdb-panel-2004-2024-mixed-v1,GRN4T52,float,variable_id:nces:COST_FINANCIALAID:00070956:GRN4T52,identity,2024 exact source mapping; exact_2023_number_name_relocated; metadata definitions remain year-specific; no assertion of measurement equivalence.,2024,2024,true,active
ipedsdb-panel-2004-2024-mixed-v1,GRN4A52,float,variable_id:nces:COST_FINANCIALAID:00070961:GRN4A52,identity,2024 exact source mapping; exact_2023_number_name_relocated; metadata definitions remain year-specific; no assertion of measurement equivalence.,2024,2024,true,active
ipedsdb-panel-2004-2024-mixed-v1,GRN4N1,float,variable_id:nces:COST_FINANCIALAID:00071241:GRN4N1,identity,2024 exact source mapping; exact_2023_number_name_relocated; metadata definitions remain year-specific; no assertion of measurement equivalence.,2024,2024,true,active
ipedsdb-panel-2004-2024-mixed-v1,GRN4ON1,float,variable_id:nces:COST_FINANCIALAID:00071246:GRN4ON1,identity,2024 exact source mapping; exact_2023_number_name_relocated; metadata definitions remain year-specific; no assertion of measurement equivalence.,2024,2024,true,active
ipedsdb-panel-2004-2024-mixed-v1,GRN4WF1,float,variable_id:nces:COST_FINANCIALAID:00071251:GRN4WF1,identity,2024 exact source mapping; exact_2023_number_name_relocated; metadata definitions remain year-specific; no assertion of measurement equivalence.,2024,2024,true,active
ipedsdb-panel-2004-2024-mixed-v1,GRN4OF1,float,variable_id:nces:COST_FINANCIALAID:00071256:GRN4OF1,identity,2024 exact source mapping; exact_2023_number_name_relocated; metadata definitions remain year-specific; no assertion of measurement equivalence.,2024,2024,true,active
ipedsdb-panel-2004-2024-mixed-v1,GRN4UN1,float,variable_id:nces:COST_FINANCIALAID:00071261:GRN4UN1,identity,2024 exact source mapping; exact_2023_number_name_relocated; metadata definitions remain year-specific; no assertion of measurement equivalence.,2024,2024,true,active
ipedsdb-panel-2004-2024-mixed-v1,GRN4G1__SFA_P__00071922__39B5C3CF5B1E,float,variable_id:nces:COST_FINANCIALAID:00071922:GRN4G1,identity,2024 exact source mapping; exact_2023_number_name_relocated; metadata definitions remain year-specific; no assertion of measurement equivalence.,2024,2024,true,active
ipedsdb-panel-2004-2024-mixed-v1,GRN4T1,float,variable_id:nces:COST_FINANCIALAID:00071266:GRN4T1,identity,2024 exact source mapping; exact_2023_number_name_relocated; metadata definitions remain year-specific; no assertion of measurement equivalence.,2024,2024,true,active
ipedsdb-panel-2004-2024-mixed-v1,GRN4A1,float,variable_id:nces:COST_FINANCIALAID:00071271:GRN4A1,identity,2024 exact source mapping; exact_2023_number_name_relocated; metadata definitions remain year-specific; no assertion of measurement equivalence.,2024,2024,true,active
ipedsdb-panel-2004-2024-mixed-v1,GRN4N11,float,variable_id:nces:COST_FINANCIALAID:00071276:GRN4N11,identity,2024 exact source mapping; exact_2023_number_name_relocated; metadata definitions remain year-specific; no assertion of measurement equivalence.,2024,2024,true,active
ipedsdb-panel-2004-2024-mixed-v1,GRN4G11__SFA_P__00071927__F6B3567D4A63,float,variable_id:nces:COST_FINANCIALAID:00071927:GRN4G11,identity,2024 exact source mapping; exact_2023_number_name_relocated; metadata definitions remain year-specific; no assertion of measurement equivalence.,2024,2024,true,active
ipedsdb-panel-2004-2024-mixed-v1,GRN4T11,float,variable_id:nces:COST_FINANCIALAID:00071281:GRN4T11,identity,2024 exact source mapping; exact_2023_number_name_relocated; metadata definitions remain year-specific; no assertion of measurement equivalence.,2024,2024,true,active
ipedsdb-panel-2004-2024-mixed-v1,GRN4A11,float,variable_id:nces:COST_FINANCIALAID:00071286:GRN4A11,identity,2024 exact source mapping; exact_2023_number_name_relocated; metadata definitions remain year-specific; no assertion of measurement equivalence.,2024,2024,true,active
ipedsdb-panel-2004-2024-mixed-v1,GRN4N21,float,variable_id:nces:COST_FINANCIALAID:00071291:GRN4N21,identity,2024 exact source mapping; exact_2023_number_name_relocated; metadata definitions remain year-specific; no assertion of measurement equivalence.,2024,2024,true,active
ipedsdb-panel-2004-2024-mixed-v1,GRN4G21__SFA_P__00071932__C3ED5DAB0C4E,float,variable_id:nces:COST_FINANCIALAID:00071932:GRN4G21,identity,2024 exact source mapping; exact_2023_number_name_relocated; metadata definitions remain year-specific; no assertion of measurement equivalence.,2024,2024,true,active
ipedsdb-panel-2004-2024-mixed-v1,GRN4T21,float,variable_id:nces:COST_FINANCIALAID:00071296:GRN4T21,identity,2024 exact source mapping; exact_2023_number_name_relocated; metadata definitions remain year-specific; no assertion of measurement equivalence.,2024,2024,true,active
ipedsdb-panel-2004-2024-mixed-v1,GRN4A21,float,variable_id:nces:COST_FINANCIALAID:00071301:GRN4A21,identity,2024 exact source mapping; exact_2023_number_name_relocated; metadata definitions remain year-specific; no assertion of measurement equivalence.,2024,2024,true,active
ipedsdb-panel-2004-2024-mixed-v1,GRN4N31,float,variable_id:nces:COST_FINANCIALAID:00071306:GRN4N31,identity,2024 exact source mapping; exact_2023_number_name_relocated; metadata definitions remain year-specific; no assertion of measurement equivalence.,2024,2024,true,active
ipedsdb-panel-2004-2024-mixed-v1,GRN4G31__SFA_P__00071937__2881C960F088,float,variable_id:nces:COST_FINANCIALAID:00071937:GRN4G31,identity,2024 exact source mapping; exact_2023_number_name_relocated; metadata definitions remain year-specific; no assertion of measurement equivalence.,2024,2024,true,active
ipedsdb-panel-2004-2024-mixed-v1,GRN4T31,float,variable_id:nces:COST_FINANCIALAID:00071311:GRN4T31,identity,2024 exact source mapping; exact_2023_number_name_relocated; metadata definitions remain year-specific; no assertion of measurement equivalence.,2024,2024,true,active
ipedsdb-panel-2004-2024-mixed-v1,GRN4A31,float,variable_id:nces:COST_FINANCIALAID:00071316:GRN4A31,identity,2024 exact source mapping; exact_2023_number_name_relocated; metadata definitions remain year-specific; no assertion of measurement equivalence.,2024,2024,true,active
ipedsdb-panel-2004-2024-mixed-v1,GRN4N41,float,variable_id:nces:COST_FINANCIALAID:00071321:GRN4N41,identity,2024 exact source mapping; exact_2023_number_name_relocated; metadata definitions remain year-specific; no assertion of measurement equivalence.,2024,2024,true,active
ipedsdb-panel-2004-2024-mixed-v1,GRN4G41__SFA_P__00071942__3C5656711123,float,variable_id:nces:COST_FINANCIALAID:00071942:GRN4G41,identity,2024 exact source mapping; exact_2023_number_name_relocated; metadata definitions remain year-specific; no assertion of measurement equivalence.,2024,2024,true,active
ipedsdb-panel-2004-2024-mixed-v1,GRN4T41,float,variable_id:nces:COST_FINANCIALAID:00071326:GRN4T41,identity,2024 exact source mapping; exact_2023_number_name_relocated; metadata definitions remain year-specific; no assertion of measurement equivalence.,2024,2024,true,active
ipedsdb-panel-2004-2024-mixed-v1,GRN4A41,float,variable_id:nces:COST_FINANCIALAID:00071331:GRN4A41,identity,2024 exact source mapping; exact_2023_number_name_relocated; metadata definitions remain year-specific; no assertion of measurement equivalence.,2024,2024,true,active
ipedsdb-panel-2004-2024-mixed-v1,GRN4N51,float,variable_id:nces:COST_FINANCIALAID:00071336:GRN4N51,identity,2024 exact source mapping; exact_2023_number_name_relocated; metadata definitions remain year-specific; no assertion of measurement equivalence.,2024,2024,true,active
ipedsdb-panel-2004-2024-mixed-v1,GRN4G51__SFA_P__00071947__0BE331025E29,float,variable_id:nces:COST_FINANCIALAID:00071947:GRN4G51,identity,2024 exact source mapping; exact_2023_number_name_relocated; metadata definitions remain year-specific; no assertion of measurement equivalence.,2024,2024,true,active
ipedsdb-panel-2004-2024-mixed-v1,GRN4T51,float,variable_id:nces:COST_FINANCIALAID:00071341:GRN4T51,identity,2024 exact source mapping; exact_2023_number_name_relocated; metadata definitions remain year-specific; no assertion of measurement equivalence.,2024,2024,true,active
ipedsdb-panel-2004-2024-mixed-v1,GRN4A51,float,variable_id:nces:COST_FINANCIALAID:00071346:GRN4A51,identity,2024 exact source mapping; exact_2023_number_name_relocated; metadata definitions remain year-specific; no assertion of measurement equivalence.,2024,2024,true,active
ipedsdb-panel-2004-2024-mixed-v1,GRN4N0,float,variable_id:nces:COST_FINANCIALAID:00071541:GRN4N0,identity,2024 exact source mapping; exact_2023_number_name_relocated; metadata definitions remain year-specific; no assertion of measurement equivalence.,2024,2024,true,active
ipedsdb-panel-2004-2024-mixed-v1,GRN4ON0,float,variable_id:nces:COST_FINANCIALAID:00071546:GRN4ON0,identity,2024 exact source mapping; exact_2023_number_name_relocated; metadata definitions remain year-specific; no assertion of measurement equivalence.,2024,2024,true,active
ipedsdb-panel-2004-2024-mixed-v1,GRN4WF0,float,variable_id:nces:COST_FINANCIALAID:00071551:GRN4WF0,identity,2024 exact source mapping; exact_2023_number_name_relocated; metadata definitions remain year-specific; no assertion of measurement equivalence.,2024,2024,true,active
ipedsdb-panel-2004-2024-mixed-v1,GRN4OF0,float,variable_id:nces:COST_FINANCIALAID:00071556:GRN4OF0,identity,2024 exact source mapping; exact_2023_number_name_relocated; metadata definitions remain year-specific; no assertion of measurement equivalence.,2024,2024,true,active
ipedsdb-panel-2004-2024-mixed-v1,GRN4UN0,float,variable_id:nces:COST_FINANCIALAID:00071561:GRN4UN0,identity,2024 exact source mapping; exact_2023_number_name_relocated; metadata definitions remain year-specific; no assertion of measurement equivalence.,2024,2024,true,active
ipedsdb-panel-2004-2024-mixed-v1,GRN4G0__SFA_P__00071952__487A1E2A9E9D,float,variable_id:nces:COST_FINANCIALAID:00071952:GRN4G0,identity,2024 exact source mapping; exact_2023_number_name_relocated; metadata definitions remain year-specific; no assertion of measurement equivalence.,2024,2024,true,active
ipedsdb-panel-2004-2024-mixed-v1,GRN4T0,float,variable_id:nces:COST_FINANCIALAID:00071566:GRN4T0,identity,2024 exact source mapping; exact_2023_number_name_relocated; metadata definitions remain year-specific; no assertion of measurement equivalence.,2024,2024,true,active
ipedsdb-panel-2004-2024-mixed-v1,GRN4A0,float,variable_id:nces:COST_FINANCIALAID:00071571:GRN4A0,identity,2024 exact source mapping; exact_2023_number_name_relocated; metadata definitions remain year-specific; no assertion of measurement equivalence.,2024,2024,true,active
ipedsdb-panel-2004-2024-mixed-v1,GRN4N10,float,variable_id:nces:COST_FINANCIALAID:00071576:GRN4N10,identity,2024 exact source mapping; exact_2023_number_name_relocated; metadata definitions remain year-specific; no assertion of measurement equivalence.,2024,2024,true,active
ipedsdb-panel-2004-2024-mixed-v1,GRN4G10__SFA_P__00071957__777D868A08A5,float,variable_id:nces:COST_FINANCIALAID:00071957:GRN4G10,identity,2024 exact source mapping; exact_2023_number_name_relocated; metadata definitions remain year-specific; no assertion of measurement equivalence.,2024,2024,true,active
ipedsdb-panel-2004-2024-mixed-v1,GRN4T10,float,variable_id:nces:COST_FINANCIALAID:00071581:GRN4T10,identity,2024 exact source mapping; exact_2023_number_name_relocated; metadata definitions remain year-specific; no assertion of measurement equivalence.,2024,2024,true,active
ipedsdb-panel-2004-2024-mixed-v1,GRN4A10,float,variable_id:nces:COST_FINANCIALAID:00071586:GRN4A10,identity,2024 exact source mapping; exact_2023_number_name_relocated; metadata definitions remain year-specific; no assertion of measurement equivalence.,2024,2024,true,active
ipedsdb-panel-2004-2024-mixed-v1,GRN4N20,float,variable_id:nces:COST_FINANCIALAID:00071591:GRN4N20,identity,2024 exact source mapping; exact_2023_number_name_relocated; metadata definitions remain year-specific; no assertion of measurement equivalence.,2024,2024,true,active
ipedsdb-panel-2004-2024-mixed-v1,GRN4G20__SFA_P__00071962__17C2BFA61D6E,float,variable_id:nces:COST_FINANCIALAID:00071962:GRN4G20,identity,2024 exact source mapping; exact_2023_number_name_relocated; metadata definitions remain year-specific; no assertion of measurement equivalence.,2024,2024,true,active
ipedsdb-panel-2004-2024-mixed-v1,GRN4T20,float,variable_id:nces:COST_FINANCIALAID:00071596:GRN4T20,identity,2024 exact source mapping; exact_2023_number_name_relocated; metadata definitions remain year-specific; no assertion of measurement equivalence.,2024,2024,true,active
ipedsdb-panel-2004-2024-mixed-v1,GRN4A20,float,variable_id:nces:COST_FINANCIALAID:00071601:GRN4A20,identity,2024 exact source mapping; exact_2023_number_name_relocated; metadata definitions remain year-specific; no assertion of measurement equivalence.,2024,2024,true,active
ipedsdb-panel-2004-2024-mixed-v1,GRN4N30,float,variable_id:nces:COST_FINANCIALAID:00071606:GRN4N30,identity,2024 exact source mapping; exact_2023_number_name_relocated; metadata definitions remain year-specific; no assertion of measurement equivalence.,2024,2024,true,active
ipedsdb-panel-2004-2024-mixed-v1,GRN4G30__SFA_P__00071967__D8A67E9C1E59,float,variable_id:nces:COST_FINANCIALAID:00071967:GRN4G30,identity,2024 exact source mapping; exact_2023_number_name_relocated; metadata definitions remain year-specific; no assertion of measurement equivalence.,2024,2024,true,active
ipedsdb-panel-2004-2024-mixed-v1,GRN4T30,float,variable_id:nces:COST_FINANCIALAID:00071611:GRN4T30,identity,2024 exact source mapping; exact_2023_number_name_relocated; metadata definitions remain year-specific; no assertion of measurement equivalence.,2024,2024,true,active
ipedsdb-panel-2004-2024-mixed-v1,GRN4A30,float,variable_id:nces:COST_FINANCIALAID:00071616:GRN4A30,identity,2024 exact source mapping; exact_2023_number_name_relocated; metadata definitions remain year-specific; no assertion of measurement equivalence.,2024,2024,true,active
ipedsdb-panel-2004-2024-mixed-v1,GRN4N40,float,variable_id:nces:COST_FINANCIALAID:00071621:GRN4N40,identity,2024 exact source mapping; exact_2023_number_name_relocated; metadata definitions remain year-specific; no assertion of measurement equivalence.,2024,2024,true,active
ipedsdb-panel-2004-2024-mixed-v1,GRN4G40__SFA_P__00071972__61D5CFD37777,float,variable_id:nces:COST_FINANCIALAID:00071972:GRN4G40,identity,2024 exact source mapping; exact_2023_number_name_relocated; metadata definitions remain year-specific; no assertion of measurement equivalence.,2024,2024,true,active
ipedsdb-panel-2004-2024-mixed-v1,GRN4T40,float,variable_id:nces:COST_FINANCIALAID:00071626:GRN4T40,identity,2024 exact source mapping; exact_2023_number_name_relocated; metadata definitions remain year-specific; no assertion of measurement equivalence.,2024,2024,true,active
ipedsdb-panel-2004-2024-mixed-v1,GRN4A40,float,variable_id:nces:COST_FINANCIALAID:00071631:GRN4A40,identity,2024 exact source mapping; exact_2023_number_name_relocated; metadata definitions remain year-specific; no assertion of measurement equivalence.,2024,2024,true,active
ipedsdb-panel-2004-2024-mixed-v1,GRN4N50,float,variable_id:nces:COST_FINANCIALAID:00071636:GRN4N50,identity,2024 exact source mapping; exact_2023_number_name_relocated; metadata definitions remain year-specific; no assertion of measurement equivalence.,2024,2024,true,active
ipedsdb-panel-2004-2024-mixed-v1,GRN4G50__SFA_P__00071977__FF620E8671D7,float,variable_id:nces:COST_FINANCIALAID:00071977:GRN4G50,identity,2024 exact source mapping; exact_2023_number_name_relocated; metadata definitions remain year-specific; no assertion of measurement equivalence.,2024,2024,true,active
ipedsdb-panel-2004-2024-mixed-v1,GRN4T50,float,variable_id:nces:COST_FINANCIALAID:00071641:GRN4T50,identity,2024 exact source mapping; exact_2023_number_name_relocated; metadata definitions remain year-specific; no assertion of measurement equivalence.,2024,2024,true,active
ipedsdb-panel-2004-2024-mixed-v1,GRN4A50,float,variable_id:nces:COST_FINANCIALAID:00071646:GRN4A50,identity,2024 exact source mapping; exact_2023_number_name_relocated; metadata definitions remain year-specific; no assertion of measurement equivalence.,2024,2024,true,active
ipedsdb-panel-2004-2024-mixed-v1,COAISGS2,float,variable_id:nces:COST_NETPRICE:00073101:COAISGS2,identity,2024 exact source mapping; new_2024_identity; metadata definitions remain year-specific; no assertion of measurement equivalence.,2024,2024,true,active
ipedsdb-panel-2004-2024-mixed-v1,COAISGS1,float,variable_id:nces:COST_NETPRICE:00073106:COAISGS1,identity,2024 exact source mapping; new_2024_identity; metadata definitions remain year-specific; no assertion of measurement equivalence.,2024,2024,true,active
ipedsdb-panel-2004-2024-mixed-v1,COAISGS0,float,variable_id:nces:COST_NETPRICE:00073111:COAISGS0,identity,2024 exact source mapping; new_2024_identity; metadata definitions remain year-specific; no assertion of measurement equivalence.,2024,2024,true,active
ipedsdb-panel-2004-2024-mixed-v1,NPIST2,float,variable_id:nces:COST_NETPRICE:00070711:NPIST2,identity,2024 exact source mapping; exact_2023_number_name_relocated; metadata definitions remain year-specific; no assertion of measurement equivalence.,2024,2024,true,active
ipedsdb-panel-2004-2024-mixed-v1,NPIST1,float,variable_id:nces:COST_NETPRICE:00070716:NPIST1,identity,2024 exact source mapping; exact_2023_number_name_relocated; metadata definitions remain year-specific; no assertion of measurement equivalence.,2024,2024,true,active
ipedsdb-panel-2004-2024-mixed-v1,NPIST0,float,variable_id:nces:COST_NETPRICE:00070721:NPIST0,identity,2024 exact source mapping; exact_2023_number_name_relocated; metadata definitions remain year-specific; no assertion of measurement equivalence.,2024,2024,true,active
ipedsdb-panel-2004-2024-mixed-v1,COAIST42,float,variable_id:nces:COST_NETPRICE:00073116:COAIST42,identity,2024 exact source mapping; new_2024_identity; metadata definitions remain year-specific; no assertion of measurement equivalence.,2024,2024,true,active
ipedsdb-panel-2004-2024-mixed-v1,COAIST41,float,variable_id:nces:COST_NETPRICE:00073121:COAIST41,identity,2024 exact source mapping; new_2024_identity; metadata definitions remain year-specific; no assertion of measurement equivalence.,2024,2024,true,active
ipedsdb-panel-2004-2024-mixed-v1,COAIST40,float,variable_id:nces:COST_NETPRICE:00073126:COAIST40,identity,2024 exact source mapping; new_2024_identity; metadata definitions remain year-specific; no assertion of measurement equivalence.,2024,2024,true,active
ipedsdb-panel-2004-2024-mixed-v1,NPIS412,float,variable_id:nces:COST_NETPRICE:00070726:NPIS412,identity,2024 exact source mapping; exact_2023_number_name_relocated; metadata definitions remain year-specific; no assertion of measurement equivalence.,2024,2024,true,active
ipedsdb-panel-2004-2024-mixed-v1,NPIS422,float,variable_id:nces:COST_NETPRICE:00070731:NPIS422,identity,2024 exact source mapping; exact_2023_number_name_relocated; metadata definitions remain year-specific; no assertion of measurement equivalence.,2024,2024,true,active
ipedsdb-panel-2004-2024-mixed-v1,NPIS432,float,variable_id:nces:COST_NETPRICE:00070736:NPIS432,identity,2024 exact source mapping; exact_2023_number_name_relocated; metadata definitions remain year-specific; no assertion of measurement equivalence.,2024,2024,true,active
ipedsdb-panel-2004-2024-mixed-v1,NPIS442,float,variable_id:nces:COST_NETPRICE:00070741:NPIS442,identity,2024 exact source mapping; exact_2023_number_name_relocated; metadata definitions remain year-specific; no assertion of measurement equivalence.,2024,2024,true,active
ipedsdb-panel-2004-2024-mixed-v1,NPIS452,float,variable_id:nces:COST_NETPRICE:00070746:NPIS452,identity,2024 exact source mapping; exact_2023_number_name_relocated; metadata definitions remain year-specific; no assertion of measurement equivalence.,2024,2024,true,active
ipedsdb-panel-2004-2024-mixed-v1,NPIS42,float,variable_id:nces:COST_NETPRICE:00073131:NPIS42,identity,2024 exact source mapping; new_2024_identity; metadata definitions remain year-specific; no assertion of measurement equivalence.,2024,2024,true,active
ipedsdb-panel-2004-2024-mixed-v1,NPIS411,float,variable_id:nces:COST_NETPRICE:00071216:NPIS411,identity,2024 exact source mapping; exact_2023_number_name_relocated; metadata definitions remain year-specific; no assertion of measurement equivalence.,2024,2024,true,active
ipedsdb-panel-2004-2024-mixed-v1,NPIS421,float,variable_id:nces:COST_NETPRICE:00071221:NPIS421,identity,2024 exact source mapping; exact_2023_number_name_relocated; metadata definitions remain year-specific; no assertion of measurement equivalence.,2024,2024,true,active
ipedsdb-panel-2004-2024-mixed-v1,NPIS431,float,variable_id:nces:COST_NETPRICE:00071226:NPIS431,identity,2024 exact source mapping; exact_2023_number_name_relocated; metadata definitions remain year-specific; no assertion of measurement equivalence.,2024,2024,true,active
ipedsdb-panel-2004-2024-mixed-v1,NPIS441,float,variable_id:nces:COST_NETPRICE:00071231:NPIS441,identity,2024 exact source mapping; exact_2023_number_name_relocated; metadata definitions remain year-specific; no assertion of measurement equivalence.,2024,2024,true,active
ipedsdb-panel-2004-2024-mixed-v1,NPIS451,float,variable_id:nces:COST_NETPRICE:00071236:NPIS451,identity,2024 exact source mapping; exact_2023_number_name_relocated; metadata definitions remain year-specific; no assertion of measurement equivalence.,2024,2024,true,active
ipedsdb-panel-2004-2024-mixed-v1,NPIS41,float,variable_id:nces:COST_NETPRICE:00073136:NPIS41,identity,2024 exact source mapping; new_2024_identity; metadata definitions remain year-specific; no assertion of measurement equivalence.,2024,2024,true,active
ipedsdb-panel-2004-2024-mixed-v1,NPIS410,float,variable_id:nces:COST_NETPRICE:00071516:NPIS410,identity,2024 exact source mapping; exact_2023_number_name_relocated; metadata definitions remain year-specific; no assertion of measurement equivalence.,2024,2024,true,active
ipedsdb-panel-2004-2024-mixed-v1,NPIS420,float,variable_id:nces:COST_NETPRICE:00071521:NPIS420,identity,2024 exact source mapping; exact_2023_number_name_relocated; metadata definitions remain year-specific; no assertion of measurement equivalence.,2024,2024,true,active
ipedsdb-panel-2004-2024-mixed-v1,NPIS430,float,variable_id:nces:COST_NETPRICE:00071526:NPIS430,identity,2024 exact source mapping; exact_2023_number_name_relocated; metadata definitions remain year-specific; no assertion of measurement equivalence.,2024,2024,true,active
ipedsdb-panel-2004-2024-mixed-v1,NPIS440,float,variable_id:nces:COST_NETPRICE:00071531:NPIS440,identity,2024 exact source mapping; exact_2023_number_name_relocated; metadata definitions remain year-specific; no assertion of measurement equivalence.,2024,2024,true,active
ipedsdb-panel-2004-2024-mixed-v1,NPIS450,float,variable_id:nces:COST_NETPRICE:00071536:NPIS450,identity,2024 exact source mapping; exact_2023_number_name_relocated; metadata definitions remain year-specific; no assertion of measurement equivalence.,2024,2024,true,active
ipedsdb-panel-2004-2024-mixed-v1,NPIS40,float,variable_id:nces:COST_NETPRICE:00073141:NPIS40,identity,2024 exact source mapping; new_2024_identity; metadata definitions remain year-specific; no assertion of measurement equivalence.,2024,2024,true,active
ipedsdb-panel-2004-2024-mixed-v1,COAGS2,float,variable_id:nces:COST_NETPRICE:00073146:COAGS2,identity,2024 exact source mapping; new_2024_identity; metadata definitions remain year-specific; no assertion of measurement equivalence.,2024,2024,true,active
ipedsdb-panel-2004-2024-mixed-v1,COAGS1,float,variable_id:nces:COST_NETPRICE:00073151:COAGS1,identity,2024 exact source mapping; new_2024_identity; metadata definitions remain year-specific; no assertion of measurement equivalence.,2024,2024,true,active
ipedsdb-panel-2004-2024-mixed-v1,COAGS0,float,variable_id:nces:COST_NETPRICE:00073156:COAGS0,identity,2024 exact source mapping; new_2024_identity; metadata definitions remain year-specific; no assertion of measurement equivalence.,2024,2024,true,active
ipedsdb-panel-2004-2024-mixed-v1,NPGRN2,float,variable_id:nces:COST_NETPRICE:00070966:NPGRN2,identity,2024 exact source mapping; exact_2023_number_name_relocated; metadata definitions remain year-specific; no assertion of measurement equivalence.,2024,2024,true,active
ipedsdb-panel-2004-2024-mixed-v1,NPGRN1,float,variable_id:nces:COST_NETPRICE:00070971:NPGRN1,identity,2024 exact source mapping; exact_2023_number_name_relocated; metadata definitions remain year-specific; no assertion of measurement equivalence.,2024,2024,true,active
ipedsdb-panel-2004-2024-mixed-v1,NPGRN0,float,variable_id:nces:COST_NETPRICE:00070976:NPGRN0,identity,2024 exact source mapping; exact_2023_number_name_relocated; metadata definitions remain year-specific; no assertion of measurement equivalence.,2024,2024,true,active
ipedsdb-panel-2004-2024-mixed-v1,COAT42,float,variable_id:nces:COST_NETPRICE:00073161:COAT42,identity,2024 exact source mapping; new_2024_identity; metadata definitions remain year-specific; no assertion of measurement equivalence.,2024,2024,true,active
ipedsdb-panel-2004-2024-mixed-v1,COAT41,float,variable_id:nces:COST_NETPRICE:00073166:COAT41,identity,2024 exact source mapping; new_2024_identity; metadata definitions remain year-specific; no assertion of measurement equivalence.,2024,2024,true,active
ipedsdb-panel-2004-2024-mixed-v1,COAT40,float,variable_id:nces:COST_NETPRICE:00073171:COAT40,identity,2024 exact source mapping; new_2024_identity; metadata definitions remain year-specific; no assertion of measurement equivalence.,2024,2024,true,active
ipedsdb-panel-2004-2024-mixed-v1,NPT412,float,variable_id:nces:COST_NETPRICE:00070981:NPT412,identity,2024 exact source mapping; exact_2023_number_name_relocated; metadata definitions remain year-specific; no assertion of measurement equivalence.,2024,2024,true,active
ipedsdb-panel-2004-2024-mixed-v1,NPT422,float,variable_id:nces:COST_NETPRICE:00070986:NPT422,identity,2024 exact source mapping; exact_2023_number_name_relocated; metadata definitions remain year-specific; no assertion of measurement equivalence.,2024,2024,true,active
ipedsdb-panel-2004-2024-mixed-v1,NPT432,float,variable_id:nces:COST_NETPRICE:00070991:NPT432,identity,2024 exact source mapping; exact_2023_number_name_relocated; metadata definitions remain year-specific; no assertion of measurement equivalence.,2024,2024,true,active
ipedsdb-panel-2004-2024-mixed-v1,NPT442,float,variable_id:nces:COST_NETPRICE:00070996:NPT442,identity,2024 exact source mapping; exact_2023_number_name_relocated; metadata definitions remain year-specific; no assertion of measurement equivalence.,2024,2024,true,active
ipedsdb-panel-2004-2024-mixed-v1,NPT452,float,variable_id:nces:COST_NETPRICE:00071001:NPT452,identity,2024 exact source mapping; exact_2023_number_name_relocated; metadata definitions remain year-specific; no assertion of measurement equivalence.,2024,2024,true,active
ipedsdb-panel-2004-2024-mixed-v1,NPT42,float,variable_id:nces:COST_NETPRICE:00073176:NPT42,identity,2024 exact source mapping; new_2024_identity; metadata definitions remain year-specific; no assertion of measurement equivalence.,2024,2024,true,active
ipedsdb-panel-2004-2024-mixed-v1,NPT411,float,variable_id:nces:COST_NETPRICE:00071351:NPT411,identity,2024 exact source mapping; exact_2023_number_name_relocated; metadata definitions remain year-specific; no assertion of measurement equivalence.,2024,2024,true,active
ipedsdb-panel-2004-2024-mixed-v1,NPT421,float,variable_id:nces:COST_NETPRICE:00071356:NPT421,identity,2024 exact source mapping; exact_2023_number_name_relocated; metadata definitions remain year-specific; no assertion of measurement equivalence.,2024,2024,true,active
ipedsdb-panel-2004-2024-mixed-v1,NPT431,float,variable_id:nces:COST_NETPRICE:00071361:NPT431,identity,2024 exact source mapping; exact_2023_number_name_relocated; metadata definitions remain year-specific; no assertion of measurement equivalence.,2024,2024,true,active
ipedsdb-panel-2004-2024-mixed-v1,NPT441,float,variable_id:nces:COST_NETPRICE:00071366:NPT441,identity,2024 exact source mapping; exact_2023_number_name_relocated; metadata definitions remain year-specific; no assertion of measurement equivalence.,2024,2024,true,active
ipedsdb-panel-2004-2024-mixed-v1,NPT451,float,variable_id:nces:COST_NETPRICE:00071371:NPT451,identity,2024 exact source mapping; exact_2023_number_name_relocated; metadata definitions remain year-specific; no assertion of measurement equivalence.,2024,2024,true,active
ipedsdb-panel-2004-2024-mixed-v1,NPT41,float,variable_id:nces:COST_NETPRICE:00073181:NPT41,identity,2024 exact source mapping; new_2024_identity; metadata definitions remain year-specific; no assertion of measurement equivalence.,2024,2024,true,active
ipedsdb-panel-2004-2024-mixed-v1,NPT410,float,variable_id:nces:COST_NETPRICE:00071651:NPT410,identity,2024 exact source mapping; exact_2023_number_name_relocated; metadata definitions remain year-specific; no assertion of measurement equivalence.,2024,2024,true,active
ipedsdb-panel-2004-2024-mixed-v1,NPT420,float,variable_id:nces:COST_NETPRICE:00071656:NPT420,identity,2024 exact source mapping; exact_2023_number_name_relocated; metadata definitions remain year-specific; no assertion of measurement equivalence.,2024,2024,true,active
ipedsdb-panel-2004-2024-mixed-v1,NPT430,float,variable_id:nces:COST_NETPRICE:00071661:NPT430,identity,2024 exact source mapping; exact_2023_number_name_relocated; metadata definitions remain year-specific; no assertion of measurement equivalence.,2024,2024,true,active
ipedsdb-panel-2004-2024-mixed-v1,NPT440,float,variable_id:nces:COST_NETPRICE:00071666:NPT440,identity,2024 exact source mapping; exact_2023_number_name_relocated; metadata definitions remain year-specific; no assertion of measurement equivalence.,2024,2024,true,active
ipedsdb-panel-2004-2024-mixed-v1,NPT450,float,variable_id:nces:COST_NETPRICE:00071671:NPT450,identity,2024 exact source mapping; exact_2023_number_name_relocated; metadata definitions remain year-specific; no assertion of measurement equivalence.,2024,2024,true,active
ipedsdb-panel-2004-2024-mixed-v1,NPT40,float,variable_id:nces:COST_NETPRICE:00073186:NPT40,identity,2024 exact source mapping; new_2024_identity; metadata definitions remain year-specific; no assertion of measurement equivalence.,2024,2024,true,active
ipedsdb-panel-2004-2024-mixed-v1,DVADM01,float,variable_id:nces:DRVADM:00011023:DVADM01,identity,2024 exact source mapping; same_source_variable_identity; metadata definitions remain year-specific; no assertion of measurement equivalence.,2024,2024,true,active
ipedsdb-panel-2004-2024-mixed-v1,DVADM02,float,variable_id:nces:DRVADM:00010578:DVADM02,identity,2024 exact source mapping; same_source_variable_identity; metadata definitions remain year-specific; no assertion of measurement equivalence.,2024,2024,true,active
ipedsdb-panel-2004-2024-mixed-v1,DVADM03,float,variable_id:nces:DRVADM:00010583:DVADM03,identity,2024 exact source mapping; same_source_variable_identity; metadata definitions remain year-specific; no assertion of measurement equivalence.,2024,2024,true,active
ipedsdb-panel-2004-2024-mixed-v1,DVADM04,float,variable_id:nces:DRVADM:00011013:DVADM04,identity,2024 exact source mapping; same_source_variable_identity; metadata definitions remain year-specific; no assertion of measurement equivalence.,2024,2024,true,active
ipedsdb-panel-2004-2024-mixed-v1,DVADM05,float,variable_id:nces:DRVADM:00011003:DVADM05,identity,2024 exact source mapping; same_source_variable_identity; metadata definitions remain year-specific; no assertion of measurement equivalence.,2024,2024,true,active
ipedsdb-panel-2004-2024-mixed-v1,DVADM06,float,variable_id:nces:DRVADM:00011008:DVADM06,identity,2024 exact source mapping; same_source_variable_identity; metadata definitions remain year-specific; no assertion of measurement equivalence.,2024,2024,true,active
ipedsdb-panel-2004-2024-mixed-v1,DVADM07,float,variable_id:nces:DRVADM:00011028:DVADM07,identity,2024 exact source mapping; same_source_variable_identity; metadata definitions remain year-specific; no assertion of measurement equivalence.,2024,2024,true,active
ipedsdb-panel-2004-2024-mixed-v1,DVADM08,float,variable_id:nces:DRVADM:00010588:DVADM08,identity,2024 exact source mapping; same_source_variable_identity; metadata definitions remain year-specific; no assertion of measurement equivalence.,2024,2024,true,active
ipedsdb-panel-2004-2024-mixed-v1,DVADM09,float,variable_id:nces:DRVADM:00010593:DVADM09,identity,2024 exact source mapping; same_source_variable_identity; metadata definitions remain year-specific; no assertion of measurement equivalence.,2024,2024,true,active
ipedsdb-panel-2004-2024-mixed-v1,DVADM10,float,variable_id:nces:DRVADM:00011033:DVADM10,identity,2024 exact source mapping; same_source_variable_identity; metadata definitions remain year-specific; no assertion of measurement equivalence.,2024,2024,true,active
ipedsdb-panel-2004-2024-mixed-v1,DVADM11,float,variable_id:nces:DRVADM:00010598:DVADM11,identity,2024 exact source mapping; same_source_variable_identity; metadata definitions remain year-specific; no assertion of measurement equivalence.,2024,2024,true,active
ipedsdb-panel-2004-2024-mixed-v1,DVADM12,float,variable_id:nces:DRVADM:00010603:DVADM12,identity,2024 exact source mapping; same_source_variable_identity; metadata definitions remain year-specific; no assertion of measurement equivalence.,2024,2024,true,active
ipedsdb-panel-2004-2024-mixed-v1,LPBOOKSP,float,variable_id:nces:DRVAL:00160225:LPBOOKSP,identity,2024 exact source mapping; same_source_variable_identity; metadata definitions remain year-specific; no assertion of measurement equivalence.,2024,2024,true,active
ipedsdb-panel-2004-2024-mixed-v1,LPMEDIAP,float,variable_id:nces:DRVAL:00160230:LPMEDIAP,identity,2024 exact source mapping; same_source_variable_identity; metadata definitions remain year-specific; no assertion of measurement equivalence.,2024,2024,true,active
ipedsdb-panel-2004-2024-mixed-v1,LPSERIAP,float,variable_id:nces:DRVAL:00160315:LPSERIAP,identity,2024 exact source mapping; same_source_variable_identity; metadata definitions remain year-specific; no assertion of measurement equivalence.,2024,2024,true,active
ipedsdb-panel-2004-2024-mixed-v1,LEBOOKSP,float,variable_id:nces:DRVAL:00160235:LEBOOKSP,identity,2024 exact source mapping; same_source_variable_identity; metadata definitions remain year-specific; no assertion of measurement equivalence.,2024,2024,true,active
ipedsdb-panel-2004-2024-mixed-v1,LEDATABP,float,variable_id:nces:DRVAL:00160240:LEDATABP,identity,2024 exact source mapping; same_source_variable_identity; metadata definitions remain year-specific; no assertion of measurement equivalence.,2024,2024,true,active
ipedsdb-panel-2004-2024-mixed-v1,LEMEDIAP,float,variable_id:nces:DRVAL:00160245:LEMEDIAP,identity,2024 exact source mapping; same_source_variable_identity; metadata definitions remain year-specific; no assertion of measurement equivalence.,2024,2024,true,active
ipedsdb-panel-2004-2024-mixed-v1,LESERIAP,float,variable_id:nces:DRVAL:00160320:LESERIAP,identity,2024 exact source mapping; same_source_variable_identity; metadata definitions remain year-specific; no assertion of measurement equivalence.,2024,2024,true,active
ipedsdb-panel-2004-2024-mixed-v1,LSALWAGP,float,variable_id:nces:DRVAL:00160250:LSALWAGP,identity,2024 exact source mapping; same_source_variable_identity; metadata definitions remain year-specific; no assertion of measurement equivalence.,2024,2024,true,active
ipedsdb-panel-2004-2024-mixed-v1,LFRNGBNP,float,variable_id:nces:DRVAL:00160255:LFRNGBNP,identity,2024 exact source mapping; same_source_variable_identity; metadata definitions remain year-specific; no assertion of measurement equivalence.,2024,2024,true,active
ipedsdb-panel-2004-2024-mixed-v1,LEXMSBBP,float,variable_id:nces:DRVAL:00160260:LEXMSBBP,identity,2024 exact source mapping; same_source_variable_identity; metadata definitions remain year-specific; no assertion of measurement equivalence.,2024,2024,true,active
ipedsdb-panel-2004-2024-mixed-v1,LEXMSCSP,float,variable_id:nces:DRVAL:00160265:LEXMSCSP,identity,2024 exact source mapping; same_source_variable_identity; metadata definitions remain year-specific; no assertion of measurement equivalence.,2024,2024,true,active
ipedsdb-panel-2004-2024-mixed-v1,LEXMSOTP,float,variable_id:nces:DRVAL:00160270:LEXMSOTP,identity,2024 exact source mapping; same_source_variable_identity; metadata definitions remain year-specific; no assertion of measurement equivalence.,2024,2024,true,active
ipedsdb-panel-2004-2024-mixed-v1,LEXOMTLP,float,variable_id:nces:DRVAL:00160275:LEXOMTLP,identity,2024 exact source mapping; same_source_variable_identity; metadata definitions remain year-specific; no assertion of measurement equivalence.,2024,2024,true,active
ipedsdb-panel-2004-2024-mixed-v1,LEXPTOTF,float,variable_id:nces:DRVAL:00160280:LEXPTOTF,identity,2024 exact source mapping; same_source_variable_identity; metadata definitions remain year-specific; no assertion of measurement equivalence.,2024,2024,true,active
ipedsdb-panel-2004-2024-mixed-v1,LTOTLFTE,float,variable_id:nces:DRVAL:00160355:LTOTLFTE,identity,2024 exact source mapping; same_source_variable_identity; metadata definitions remain year-specific; no assertion of measurement equivalence.,2024,2024,true,active
ipedsdb-panel-2004-2024-mixed-v1,LLIBRFTE,float,variable_id:nces:DRVAL:00160360:LLIBRFTE,identity,2024 exact source mapping; same_source_variable_identity; metadata definitions remain year-specific; no assertion of measurement equivalence.,2024,2024,true,active
ipedsdb-panel-2004-2024-mixed-v1,LPROFFTE,float,variable_id:nces:DRVAL:00160365:LPROFFTE,identity,2024 exact source mapping; same_source_variable_identity; metadata definitions remain year-specific; no assertion of measurement equivalence.,2024,2024,true,active
ipedsdb-panel-2004-2024-mixed-v1,LPAIDFTE,float,variable_id:nces:DRVAL:00160370:LPAIDFTE,identity,2024 exact source mapping; same_source_variable_identity; metadata definitions remain year-specific; no assertion of measurement equivalence.,2024,2024,true,active
ipedsdb-panel-2004-2024-mixed-v1,LSTUDFTE,float,variable_id:nces:DRVAL:00160375:LSTUDFTE,identity,2024 exact source mapping; same_source_variable_identity; metadata definitions remain year-specific; no assertion of measurement equivalence.,2024,2024,true,active
ipedsdb-panel-2004-2024-mixed-v1,ASCDEG,float,variable_id:nces:DRVC:00031364:ASCDEG,identity,2024 exact source mapping; same_source_variable_identity; metadata definitions remain year-specific; no assertion of measurement equivalence.,2024,2024,true,active
ipedsdb-panel-2004-2024-mixed-v1,BASDEG,float,variable_id:nces:DRVC:00031362:BASDEG,identity,2024 exact source mapping; same_source_variable_identity; metadata definitions remain year-specific; no assertion of measurement equivalence.,2024,2024,true,active
ipedsdb-panel-2004-2024-mixed-v1,MASDEG,float,variable_id:nces:DRVC:00031360:MASDEG,identity,2024 exact source mapping; same_source_variable_identity; metadata definitions remain year-specific; no assertion of measurement equivalence.,2024,2024,true,active
ipedsdb-panel-2004-2024-mixed-v1,DOCDEGRS,float,variable_id:nces:DRVC:00031357:DOCDEGRS,identity,2024 exact source mapping; same_source_variable_identity; metadata definitions remain year-specific; no assertion of measurement equivalence.,2024,2024,true,active
ipedsdb-panel-2004-2024-mixed-v1,DOCDEGPP,float,variable_id:nces:DRVC:00031358:DOCDEGPP,identity,2024 exact source mapping; same_source_variable_identity; metadata definitions remain year-specific; no assertion of measurement equivalence.,2024,2024,true,active
ipedsdb-panel-2004-2024-mixed-v1,DOCDEGOT,float,variable_id:nces:DRVC:00031359:DOCDEGOT,identity,2024 exact source mapping; same_source_variable_identity; metadata definitions remain year-specific; no assertion of measurement equivalence.,2024,2024,true,active
ipedsdb-panel-2004-2024-mixed-v1,CERT1__DRVC__00031369__0609324789C5,float,variable_id:nces:DRVC:00031369:CERT1,identity,2024 exact source mapping; same_source_variable_identity; metadata definitions remain year-specific; no assertion of measurement equivalence.,2024,2024,true,active
ipedsdb-panel-2004-2024-mixed-v1,CERT1A,float,variable_id:nces:DRVC:00031375:CERT1A,identity,2024 exact source mapping; same_source_variable_identity; metadata definitions remain year-specific; no assertion of measurement equivalence.,2024,2024,true,active
ipedsdb-panel-2004-2024-mixed-v1,CERT1B,float,variable_id:nces:DRVC:00031376:CERT1B,identity,2024 exact source mapping; same_source_variable_identity; metadata definitions remain year-specific; no assertion of measurement equivalence.,2024,2024,true,active
ipedsdb-panel-2004-2024-mixed-v1,CERT2__DRVC__00031368__C2B7E89A489D,float,variable_id:nces:DRVC:00031368:CERT2,identity,2024 exact source mapping; same_source_variable_identity; metadata definitions remain year-specific; no assertion of measurement equivalence.,2024,2024,true,active
ipedsdb-panel-2004-2024-mixed-v1,CERT4__DRVC__00031366__AAC5019192ED,float,variable_id:nces:DRVC:00031366:CERT4,identity,2024 exact source mapping; same_source_variable_identity; metadata definitions remain year-specific; no assertion of measurement equivalence.,2024,2024,true,active
ipedsdb-panel-2004-2024-mixed-v1,PBACERT,float,variable_id:nces:DRVC:00031370:PBACERT,identity,2024 exact source mapping; same_source_variable_identity; metadata definitions remain year-specific; no assertion of measurement equivalence.,2024,2024,true,active
ipedsdb-panel-2004-2024-mixed-v1,PMACERT,float,variable_id:nces:DRVC:00031371:PMACERT,identity,2024 exact source mapping; same_source_variable_identity; metadata definitions remain year-specific; no assertion of measurement equivalence.,2024,2024,true,active
ipedsdb-panel-2004-2024-mixed-v1,SASCDEG,float,variable_id:nces:DRVC:00033315:SASCDEG,identity,2024 exact source mapping; same_source_variable_identity; metadata definitions remain year-specific; no assertion of measurement equivalence.,2024,2024,true,active
ipedsdb-panel-2004-2024-mixed-v1,SBASDEG,float,variable_id:nces:DRVC:00033310:SBASDEG,identity,2024 exact source mapping; same_source_variable_identity; metadata definitions remain year-specific; no assertion of measurement equivalence.,2024,2024,true,active
ipedsdb-panel-2004-2024-mixed-v1,SMASDEG,float,variable_id:nces:DRVC:00033305:SMASDEG,identity,2024 exact source mapping; same_source_variable_identity; metadata definitions remain year-specific; no assertion of measurement equivalence.,2024,2024,true,active
ipedsdb-panel-2004-2024-mixed-v1,SDOCDEG,float,variable_id:nces:DRVC:00033300:SDOCDEG,identity,2024 exact source mapping; same_source_variable_identity; metadata definitions remain year-specific; no assertion of measurement equivalence.,2024,2024,true,active
ipedsdb-panel-2004-2024-mixed-v1,SCERT1A,float,variable_id:nces:DRVC:00033331:SCERT1A,identity,2024 exact source mapping; same_source_variable_identity; metadata definitions remain year-specific; no assertion of measurement equivalence.,2024,2024,true,active
ipedsdb-panel-2004-2024-mixed-v1,SCERT1B,float,variable_id:nces:DRVC:00033332:SCERT1B,identity,2024 exact source mapping; same_source_variable_identity; metadata definitions remain year-specific; no assertion of measurement equivalence.,2024,2024,true,active
ipedsdb-panel-2004-2024-mixed-v1,SCERT24,float,variable_id:nces:DRVC:00033325:SCERT24,identity,2024 exact source mapping; same_source_variable_identity; metadata definitions remain year-specific; no assertion of measurement equivalence.,2024,2024,true,active
ipedsdb-panel-2004-2024-mixed-v1,SBAMACRT,float,variable_id:nces:DRVC:00033320:SBAMACRT,identity,2024 exact source mapping; same_source_variable_identity; metadata definitions remain year-specific; no assertion of measurement equivalence.,2024,2024,true,active
ipedsdb-panel-2004-2024-mixed-v1,TUFEYR0,float,variable_id:nces:DRVCOST:00100603:TUFEYR0,identity,2024 exact source mapping; exact_2023_number_name_relocated; metadata definitions remain year-specific; no assertion of measurement equivalence.,2024,2024,true,active
ipedsdb-panel-2004-2024-mixed-v1,TUFEYR1__DRVIC__00100605__01423D9BB352,float,variable_id:nces:DRVCOST:00100605:TUFEYR1,identity,2024 exact source mapping; exact_2023_number_name_relocated; metadata definitions remain year-specific; no assertion of measurement equivalence.,2024,2024,true,active
ipedsdb-panel-2004-2024-mixed-v1,TUFEYR2__DRVIC__00100607__D8F3122FD8E7,float,variable_id:nces:DRVCOST:00100607:TUFEYR2,identity,2024 exact source mapping; exact_2023_number_name_relocated; metadata definitions remain year-specific; no assertion of measurement equivalence.,2024,2024,true,active
ipedsdb-panel-2004-2024-mixed-v1,TUFEYR3__DRVIC__00100609__8C91464BC1AC,float,variable_id:nces:DRVCOST:00100609:TUFEYR3,identity,2024 exact source mapping; exact_2023_number_name_relocated; metadata definitions remain year-specific; no assertion of measurement equivalence.,2024,2024,true,active
ipedsdb-panel-2004-2024-mixed-v1,CINDON__DRVIC__00011571__FEB6F443AB40,float,variable_id:nces:DRVCOST:00011571:CINDON,identity,2024 exact source mapping; exact_2023_number_name_relocated; metadata definitions remain year-specific; no assertion of measurement equivalence.,2024,2024,true,active
ipedsdb-panel-2004-2024-mixed-v1,CINSON__DRVIC__00011576__00ED8A1BEBF7,float,variable_id:nces:DRVCOST:00011576:CINSON,identity,2024 exact source mapping; exact_2023_number_name_relocated; metadata definitions remain year-specific; no assertion of measurement equivalence.,2024,2024,true,active
ipedsdb-panel-2004-2024-mixed-v1,COTSON__DRVIC__00011581__5E54C4601E32,float,variable_id:nces:DRVCOST:00011581:COTSON,identity,2024 exact source mapping; exact_2023_number_name_relocated; metadata definitions remain year-specific; no assertion of measurement equivalence.,2024,2024,true,active
ipedsdb-panel-2004-2024-mixed-v1,CINDOFF__DRVIC__00011586__19FE4A3E9D6C,float,variable_id:nces:DRVCOST:00011586:CINDOFF,identity,2024 exact source mapping; exact_2023_number_name_relocated; metadata definitions remain year-specific; no assertion of measurement equivalence.,2024,2024,true,active
ipedsdb-panel-2004-2024-mixed-v1,CINSOFF__DRVIC__00011591__EEDFD8BF2AA3,float,variable_id:nces:DRVCOST:00011591:CINSOFF,identity,2024 exact source mapping; exact_2023_number_name_relocated; metadata definitions remain year-specific; no assertion of measurement equivalence.,2024,2024,true,active
ipedsdb-panel-2004-2024-mixed-v1,COTSOFF__DRVIC__00011596__5BC6CB49C4E5,float,variable_id:nces:DRVCOST:00011596:COTSOFF,identity,2024 exact source mapping; exact_2023_number_name_relocated; metadata definitions remain year-specific; no assertion of measurement equivalence.,2024,2024,true,active
ipedsdb-panel-2004-2024-mixed-v1,CINDFAM__DRVIC__00011601__237F5A40827B,float,variable_id:nces:DRVCOST:00011601:CINDFAM,identity,2024 exact source mapping; exact_2023_number_name_relocated; metadata definitions remain year-specific; no assertion of measurement equivalence.,2024,2024,true,active
ipedsdb-panel-2004-2024-mixed-v1,CINSFAM__DRVIC__00011606__259EC43F650D,float,variable_id:nces:DRVCOST:00011606:CINSFAM,identity,2024 exact source mapping; exact_2023_number_name_relocated; metadata definitions remain year-specific; no assertion of measurement equivalence.,2024,2024,true,active
ipedsdb-panel-2004-2024-mixed-v1,COTSFAM__DRVIC__00011611__7A57AE2D335B,float,variable_id:nces:DRVCOST:00011611:COTSFAM,identity,2024 exact source mapping; exact_2023_number_name_relocated; metadata definitions remain year-specific; no assertion of measurement equivalence.,2024,2024,true,active
ipedsdb-panel-2004-2024-mixed-v1,FTE12MN__DRVEF__00023365__D19CDB73F482,float,variable_id:nces:DRVEF:00023365:FTE12MN,identity,2024 exact source mapping; same_source_variable_identity; metadata definitions remain year-specific; no assertion of measurement equivalence.,2024,2024,true,active
ipedsdb-panel-2004-2024-mixed-v1,UNDUP__DRVEF__00023360__ED2D6A649A9F,float,variable_id:nces:DRVEF:00023360:UNDUP,identity,2024 exact source mapping; same_source_variable_identity; metadata definitions remain year-specific; no assertion of measurement equivalence.,2024,2024,true,active
ipedsdb-panel-2004-2024-mixed-v1,UNDUPUG__DRVEF__00023362__D48A5E9E4CFF,float,variable_id:nces:DRVEF:00023362:UNDUPUG,identity,2024 exact source mapping; same_source_variable_identity; metadata definitions remain year-specific; no assertion of measurement equivalence.,2024,2024,true,active
ipedsdb-panel-2004-2024-mixed-v1,E12FT,float,variable_id:nces:DRVEF:00026276:E12FT,identity,2024 exact source mapping; same_source_variable_identity; metadata definitions remain year-specific; no assertion of measurement equivalence.,2024,2024,true,active
ipedsdb-panel-2004-2024-mixed-v1,E12PT,float,variable_id:nces:DRVEF:00026281:E12PT,identity,2024 exact source mapping; same_source_variable_identity; metadata definitions remain year-specific; no assertion of measurement equivalence.,2024,2024,true,active
ipedsdb-panel-2004-2024-mixed-v1,E12UG1ST,float,variable_id:nces:DRVEF:00026006:E12UG1ST,identity,2024 exact source mapping; same_source_variable_identity; metadata definitions remain year-specific; no assertion of measurement equivalence.,2024,2024,true,active
ipedsdb-panel-2004-2024-mixed-v1,E12UGTRN,float,variable_id:nces:DRVEF:00026011:E12UGTRN,identity,2024 exact source mapping; same_source_variable_identity; metadata definitions remain year-specific; no assertion of measurement equivalence.,2024,2024,true,active
ipedsdb-panel-2004-2024-mixed-v1,E12UGCNT,float,variable_id:nces:DRVEF:00026016:E12UGCNT,identity,2024 exact source mapping; same_source_variable_identity; metadata definitions remain year-specific; no assertion of measurement equivalence.,2024,2024,true,active
ipedsdb-panel-2004-2024-mixed-v1,E12UGNDG,float,variable_id:nces:DRVEF:00026021:E12UGNDG,identity,2024 exact source mapping; same_source_variable_identity; metadata definitions remain year-specific; no assertion of measurement equivalence.,2024,2024,true,active
ipedsdb-panel-2004-2024-mixed-v1,E12GRAD,float,variable_id:nces:DRVEF:00026026:E12GRAD,identity,2024 exact source mapping; same_source_variable_identity; metadata definitions remain year-specific; no assertion of measurement equivalence.,2024,2024,true,active
ipedsdb-panel-2004-2024-mixed-v1,E12UGFT,float,variable_id:nces:DRVEF:00026031:E12UGFT,identity,2024 exact source mapping; same_source_variable_identity; metadata definitions remain year-specific; no assertion of measurement equivalence.,2024,2024,true,active
ipedsdb-panel-2004-2024-mixed-v1,E12UG1SFT,float,variable_id:nces:DRVEF:00026036:E12UG1SFT,identity,2024 exact source mapping; same_source_variable_identity; metadata definitions remain year-specific; no assertion of measurement equivalence.,2024,2024,true,active
ipedsdb-panel-2004-2024-mixed-v1,E12UGTRFT,float,variable_id:nces:DRVEF:00026041:E12UGTRFT,identity,2024 exact source mapping; same_source_variable_identity; metadata definitions remain year-specific; no assertion of measurement equivalence.,2024,2024,true,active
ipedsdb-panel-2004-2024-mixed-v1,E12UGCNFT,float,variable_id:nces:DRVEF:00026046:E12UGCNFT,identity,2024 exact source mapping; same_source_variable_identity; metadata definitions remain year-specific; no assertion of measurement equivalence.,2024,2024,true,active
ipedsdb-panel-2004-2024-mixed-v1,E12UGNDFT,float,variable_id:nces:DRVEF:00026051:E12UGNDFT,identity,2024 exact source mapping; same_source_variable_identity; metadata definitions remain year-specific; no assertion of measurement equivalence.,2024,2024,true,active
ipedsdb-panel-2004-2024-mixed-v1,E12GRADFT,float,variable_id:nces:DRVEF:00026286:E12GRADFT,identity,2024 exact source mapping; same_source_variable_identity; metadata definitions remain year-specific; no assertion of measurement equivalence.,2024,2024,true,active
ipedsdb-panel-2004-2024-mixed-v1,E12UGPT,float,variable_id:nces:DRVEF:00026056:E12UGPT,identity,2024 exact source mapping; same_source_variable_identity; metadata definitions remain year-specific; no assertion of measurement equivalence.,2024,2024,true,active
ipedsdb-panel-2004-2024-mixed-v1,E12UG1SPT,float,variable_id:nces:DRVEF:00026061:E12UG1SPT,identity,2024 exact source mapping; same_source_variable_identity; metadata definitions remain year-specific; no assertion of measurement equivalence.,2024,2024,true,active
ipedsdb-panel-2004-2024-mixed-v1,E12UGTRPT,float,variable_id:nces:DRVEF:00026066:E12UGTRPT,identity,2024 exact source mapping; same_source_variable_identity; metadata definitions remain year-specific; no assertion of measurement equivalence.,2024,2024,true,active
ipedsdb-panel-2004-2024-mixed-v1,E12UGCNPT,float,variable_id:nces:DRVEF:00026071:E12UGCNPT,identity,2024 exact source mapping; same_source_variable_identity; metadata definitions remain year-specific; no assertion of measurement equivalence.,2024,2024,true,active
ipedsdb-panel-2004-2024-mixed-v1,E12UGNDPT,float,variable_id:nces:DRVEF:00026076:E12UGNDPT,identity,2024 exact source mapping; same_source_variable_identity; metadata definitions remain year-specific; no assertion of measurement equivalence.,2024,2024,true,active
ipedsdb-panel-2004-2024-mixed-v1,E12GRADPT,float,variable_id:nces:DRVEF:00026291:E12GRADPT,identity,2024 exact source mapping; same_source_variable_identity; metadata definitions remain year-specific; no assertion of measurement equivalence.,2024,2024,true,active
ipedsdb-panel-2004-2024-mixed-v1,PCTE12AN,float,variable_id:nces:DRVEF:00026081:PCTE12AN,identity,2024 exact source mapping; same_source_variable_identity; metadata definitions remain year-specific; no assertion of measurement equivalence.,2024,2024,true,active
ipedsdb-panel-2004-2024-mixed-v1,PCTE12AS,float,variable_id:nces:DRVEF:00026086:PCTE12AS,identity,2024 exact source mapping; same_source_variable_identity; metadata definitions remain year-specific; no assertion of measurement equivalence.,2024,2024,true,active
ipedsdb-panel-2004-2024-mixed-v1,PCTE12BK,float,variable_id:nces:DRVEF:00026091:PCTE12BK,identity,2024 exact source mapping; same_source_variable_identity; metadata definitions remain year-specific; no assertion of measurement equivalence.,2024,2024,true,active
ipedsdb-panel-2004-2024-mixed-v1,PCTE12HS,float,variable_id:nces:DRVEF:00026096:PCTE12HS,identity,2024 exact source mapping; same_source_variable_identity; metadata definitions remain year-specific; no assertion of measurement equivalence.,2024,2024,true,active
ipedsdb-panel-2004-2024-mixed-v1,PCTE12NH,float,variable_id:nces:DRVEF:00026101:PCTE12NH,identity,2024 exact source mapping; same_source_variable_identity; metadata definitions remain year-specific; no assertion of measurement equivalence.,2024,2024,true,active
ipedsdb-panel-2004-2024-mixed-v1,PCTE12WH,float,variable_id:nces:DRVEF:00026106:PCTE12WH,identity,2024 exact source mapping; same_source_variable_identity; metadata definitions remain year-specific; no assertion of measurement equivalence.,2024,2024,true,active
ipedsdb-panel-2004-2024-mixed-v1,PCTE122M,float,variable_id:nces:DRVEF:00026111:PCTE122M,identity,2024 exact source mapping; same_source_variable_identity; metadata definitions remain year-specific; no assertion of measurement equivalence.,2024,2024,true,active
ipedsdb-panel-2004-2024-mixed-v1,PCTE12UN,float,variable_id:nces:DRVEF:00026116:PCTE12UN,identity,2024 exact source mapping; same_source_variable_identity; metadata definitions remain year-specific; no assertion of measurement equivalence.,2024,2024,true,active
ipedsdb-panel-2004-2024-mixed-v1,PCTE12NR,float,variable_id:nces:DRVEF:00026121:PCTE12NR,identity,2024 exact source mapping; same_source_variable_identity; metadata definitions remain year-specific; no assertion of measurement equivalence.,2024,2024,true,active
ipedsdb-panel-2004-2024-mixed-v1,PCTE12W,float,variable_id:nces:DRVEF:00026126:PCTE12W,identity,2024 exact source mapping; same_source_variable_identity; metadata definitions remain year-specific; no assertion of measurement equivalence.,2024,2024,true,active
ipedsdb-panel-2004-2024-mixed-v1,PCTE12UGAN,float,variable_id:nces:DRVEF:00026131:PCTE12UGAN,identity,2024 exact source mapping; same_source_variable_identity; metadata definitions remain year-specific; no assertion of measurement equivalence.,2024,2024,true,active
ipedsdb-panel-2004-2024-mixed-v1,PCTE12UGAS,float,variable_id:nces:DRVEF:00026136:PCTE12UGAS,identity,2024 exact source mapping; same_source_variable_identity; metadata definitions remain year-specific; no assertion of measurement equivalence.,2024,2024,true,active
ipedsdb-panel-2004-2024-mixed-v1,PCTE12UGBK,float,variable_id:nces:DRVEF:00026141:PCTE12UGBK,identity,2024 exact source mapping; same_source_variable_identity; metadata definitions remain year-specific; no assertion of measurement equivalence.,2024,2024,true,active
ipedsdb-panel-2004-2024-mixed-v1,PCTE12UGHS,float,variable_id:nces:DRVEF:00026146:PCTE12UGHS,identity,2024 exact source mapping; same_source_variable_identity; metadata definitions remain year-specific; no assertion of measurement equivalence.,2024,2024,true,active
ipedsdb-panel-2004-2024-mixed-v1,PCTE12UGNH,float,variable_id:nces:DRVEF:00026151:PCTE12UGNH,identity,2024 exact source mapping; same_source_variable_identity; metadata definitions remain year-specific; no assertion of measurement equivalence.,2024,2024,true,active
ipedsdb-panel-2004-2024-mixed-v1,PCTE12UGWH,float,variable_id:nces:DRVEF:00026156:PCTE12UGWH,identity,2024 exact source mapping; same_source_variable_identity; metadata definitions remain year-specific; no assertion of measurement equivalence.,2024,2024,true,active
ipedsdb-panel-2004-2024-mixed-v1,PCTE12UG2M,float,variable_id:nces:DRVEF:00026161:PCTE12UG2M,identity,2024 exact source mapping; same_source_variable_identity; metadata definitions remain year-specific; no assertion of measurement equivalence.,2024,2024,true,active
ipedsdb-panel-2004-2024-mixed-v1,PCTE12UGUN,float,variable_id:nces:DRVEF:00026166:PCTE12UGUN,identity,2024 exact source mapping; same_source_variable_identity; metadata definitions remain year-specific; no assertion of measurement equivalence.,2024,2024,true,active
ipedsdb-panel-2004-2024-mixed-v1,PCTE12UGNR,float,variable_id:nces:DRVEF:00026171:PCTE12UGNR,identity,2024 exact source mapping; same_source_variable_identity; metadata definitions remain year-specific; no assertion of measurement equivalence.,2024,2024,true,active
ipedsdb-panel-2004-2024-mixed-v1,PCTE12UGW,float,variable_id:nces:DRVEF:00026176:PCTE12UGW,identity,2024 exact source mapping; same_source_variable_identity; metadata definitions remain year-specific; no assertion of measurement equivalence.,2024,2024,true,active
ipedsdb-panel-2004-2024-mixed-v1,PCTE12GRADAN,float,variable_id:nces:DRVEF:00026181:PCTE12GRADAN,identity,2024 exact source mapping; same_source_variable_identity; metadata definitions remain year-specific; no assertion of measurement equivalence.,2024,2024,true,active
ipedsdb-panel-2004-2024-mixed-v1,PCTE12GRADAS,float,variable_id:nces:DRVEF:00026186:PCTE12GRADAS,identity,2024 exact source mapping; same_source_variable_identity; metadata definitions remain year-specific; no assertion of measurement equivalence.,2024,2024,true,active
ipedsdb-panel-2004-2024-mixed-v1,PCTE12GRADBK,float,variable_id:nces:DRVEF:00026191:PCTE12GRADBK,identity,2024 exact source mapping; same_source_variable_identity; metadata definitions remain year-specific; no assertion of measurement equivalence.,2024,2024,true,active
ipedsdb-panel-2004-2024-mixed-v1,PCTE12GRADHS,float,variable_id:nces:DRVEF:00026196:PCTE12GRADHS,identity,2024 exact source mapping; same_source_variable_identity; metadata definitions remain year-specific; no assertion of measurement equivalence.,2024,2024,true,active
ipedsdb-panel-2004-2024-mixed-v1,PCTE12GRADNH,float,variable_id:nces:DRVEF:00026201:PCTE12GRADNH,identity,2024 exact source mapping; same_source_variable_identity; metadata definitions remain year-specific; no assertion of measurement equivalence.,2024,2024,true,active
ipedsdb-panel-2004-2024-mixed-v1,PCTE12GRADWH,float,variable_id:nces:DRVEF:00026206:PCTE12GRADWH,identity,2024 exact source mapping; same_source_variable_identity; metadata definitions remain year-specific; no assertion of measurement equivalence.,2024,2024,true,active
ipedsdb-panel-2004-2024-mixed-v1,PCTE12GRAD2M,float,variable_id:nces:DRVEF:00026211:PCTE12GRAD2M,identity,2024 exact source mapping; same_source_variable_identity; metadata definitions remain year-specific; no assertion of measurement equivalence.,2024,2024,true,active
ipedsdb-panel-2004-2024-mixed-v1,PCTE12GRADUN,float,variable_id:nces:DRVEF:00026216:PCTE12GRADUN,identity,2024 exact source mapping; same_source_variable_identity; metadata definitions remain year-specific; no assertion of measurement equivalence.,2024,2024,true,active
ipedsdb-panel-2004-2024-mixed-v1,PCTE12GRADNR,float,variable_id:nces:DRVEF:00026221:PCTE12GRADNR,identity,2024 exact source mapping; same_source_variable_identity; metadata definitions remain year-specific; no assertion of measurement equivalence.,2024,2024,true,active
ipedsdb-panel-2004-2024-mixed-v1,PCTE12GRADW,float,variable_id:nces:DRVEF:00026226:PCTE12GRADW,identity,2024 exact source mapping; same_source_variable_identity; metadata definitions remain year-specific; no assertion of measurement equivalence.,2024,2024,true,active
ipedsdb-panel-2004-2024-mixed-v1,PCTE12DEEXC,float,variable_id:nces:DRVEF:00026231:PCTE12DEEXC,identity,2024 exact source mapping; same_source_variable_identity; metadata definitions remain year-specific; no assertion of measurement equivalence.,2024,2024,true,active
ipedsdb-panel-2004-2024-mixed-v1,PCTE12DESOM,float,variable_id:nces:DRVEF:00026236:PCTE12DESOM,identity,2024 exact source mapping; same_source_variable_identity; metadata definitions remain year-specific; no assertion of measurement equivalence.,2024,2024,true,active
ipedsdb-panel-2004-2024-mixed-v1,PCTE12DENON,float,variable_id:nces:DRVEF:00026241:PCTE12DENON,identity,2024 exact source mapping; same_source_variable_identity; metadata definitions remain year-specific; no assertion of measurement equivalence.,2024,2024,true,active
ipedsdb-panel-2004-2024-mixed-v1,PCTE12UGDEEXC,float,variable_id:nces:DRVEF:00026246:PCTE12UGDEEXC,identity,2024 exact source mapping; same_source_variable_identity; metadata definitions remain year-specific; no assertion of measurement equivalence.,2024,2024,true,active
ipedsdb-panel-2004-2024-mixed-v1,PCTE12UGDESOM,float,variable_id:nces:DRVEF:00026251:PCTE12UGDESOM,identity,2024 exact source mapping; same_source_variable_identity; metadata definitions remain year-specific; no assertion of measurement equivalence.,2024,2024,true,active
ipedsdb-panel-2004-2024-mixed-v1,PCTE12UGDENON,float,variable_id:nces:DRVEF:00026256:PCTE12UGDENON,identity,2024 exact source mapping; same_source_variable_identity; metadata definitions remain year-specific; no assertion of measurement equivalence.,2024,2024,true,active
ipedsdb-panel-2004-2024-mixed-v1,PCTE12GRADDEEXC,float,variable_id:nces:DRVEF:00026261:PCTE12GRADDEEXC,identity,2024 exact source mapping; same_source_variable_identity; metadata definitions remain year-specific; no assertion of measurement equivalence.,2024,2024,true,active
ipedsdb-panel-2004-2024-mixed-v1,PCTE12GRADDESOM,float,variable_id:nces:DRVEF:00026266:PCTE12GRADDESOM,identity,2024 exact source mapping; same_source_variable_identity; metadata definitions remain year-specific; no assertion of measurement equivalence.,2024,2024,true,active
ipedsdb-panel-2004-2024-mixed-v1,PCTE12GRADDENON,float,variable_id:nces:DRVEF:00026271:PCTE12GRADDENON,identity,2024 exact source mapping; same_source_variable_identity; metadata definitions remain year-specific; no assertion of measurement equivalence.,2024,2024,true,active
ipedsdb-panel-2004-2024-mixed-v1,ENRTOT,float,variable_id:nces:DRVEF:00023355:ENRTOT,identity,2024 exact source mapping; same_source_variable_identity; metadata definitions remain year-specific; no assertion of measurement equivalence.,2024,2024,true,active
ipedsdb-panel-2004-2024-mixed-v1,FTE__DRVEF__00020061__075195670360,float,variable_id:nces:DRVEF:00020061:FTE,identity,2024 exact source mapping; same_source_variable_identity; metadata definitions remain year-specific; no assertion of measurement equivalence.,2024,2024,true,active
ipedsdb-panel-2004-2024-mixed-v1,ENRFT,float,variable_id:nces:DRVEF:00023805:ENRFT,identity,2024 exact source mapping; same_source_variable_identity; metadata definitions remain year-specific; no assertion of measurement equivalence.,2024,2024,true,active
ipedsdb-panel-2004-2024-mixed-v1,ENRPT,float,variable_id:nces:DRVEF:00023810:ENRPT,identity,2024 exact source mapping; same_source_variable_identity; metadata definitions remain year-specific; no assertion of measurement equivalence.,2024,2024,true,active
ipedsdb-panel-2004-2024-mixed-v1,PCTENRWH__DRVEF__00023315__EEE3E0B33C66,float,variable_id:nces:DRVEF:00023315:PCTENRWH,identity,2024 exact source mapping; same_source_variable_identity; metadata definitions remain year-specific; no assertion of measurement equivalence.,2024,2024,true,active
ipedsdb-panel-2004-2024-mixed-v1,PCTENRBK__DRVEF__00023320__02CB21CB26B8,float,variable_id:nces:DRVEF:00023320:PCTENRBK,identity,2024 exact source mapping; same_source_variable_identity; metadata definitions remain year-specific; no assertion of measurement equivalence.,2024,2024,true,active
ipedsdb-panel-2004-2024-mixed-v1,PCTENRHS__DRVEF__00023325__21F9E09C774C,float,variable_id:nces:DRVEF:00023325:PCTENRHS,identity,2024 exact source mapping; same_source_variable_identity; metadata definitions remain year-specific; no assertion of measurement equivalence.,2024,2024,true,active
ipedsdb-panel-2004-2024-mixed-v1,PCTENRAP__DRVEF__00023330__848D8488E2B2,float,variable_id:nces:DRVEF:00023330:PCTENRAP,identity,2024 exact source mapping; same_source_variable_identity; metadata definitions remain year-specific; no assertion of measurement equivalence.,2024,2024,true,active
ipedsdb-panel-2004-2024-mixed-v1,PCTENRAS,float,variable_id:nces:DRVEF:00024781:PCTENRAS,identity,2024 exact source mapping; same_source_variable_identity; metadata definitions remain year-specific; no assertion of measurement equivalence.,2024,2024,true,active
ipedsdb-panel-2004-2024-mixed-v1,PCTENRNH,float,variable_id:nces:DRVEF:00024786:PCTENRNH,identity,2024 exact source mapping; same_source_variable_identity; metadata definitions remain year-specific; no assertion of measurement equivalence.,2024,2024,true,active
ipedsdb-panel-2004-2024-mixed-v1,PCTENRAN__DRVEF__00023335__B73FFBE3C3E5,float,variable_id:nces:DRVEF:00023335:PCTENRAN,identity,2024 exact source mapping; same_source_variable_identity; metadata definitions remain year-specific; no assertion of measurement equivalence.,2024,2024,true,active
ipedsdb-panel-2004-2024-mixed-v1,PCTENR2M,float,variable_id:nces:DRVEF:00024561:PCTENR2M,identity,2024 exact source mapping; same_source_variable_identity; metadata definitions remain year-specific; no assertion of measurement equivalence.,2024,2024,true,active
ipedsdb-panel-2004-2024-mixed-v1,PCTENRUN,float,variable_id:nces:DRVEF:00023340:PCTENRUN,identity,2024 exact source mapping; same_source_variable_identity; metadata definitions remain year-specific; no assertion of measurement equivalence.,2024,2024,true,active
ipedsdb-panel-2004-2024-mixed-v1,PCTENRNR__DRVEF__00023345__258334ECD2D2,float,variable_id:nces:DRVEF:00023345:PCTENRNR,identity,2024 exact source mapping; same_source_variable_identity; metadata definitions remain year-specific; no assertion of measurement equivalence.,2024,2024,true,active
ipedsdb-panel-2004-2024-mixed-v1,PCTENRW,float,variable_id:nces:DRVEF:00023347:PCTENRW,identity,2024 exact source mapping; same_source_variable_identity; metadata definitions remain year-specific; no assertion of measurement equivalence.,2024,2024,true,active
ipedsdb-panel-2004-2024-mixed-v1,PCTFT1ST,float,variable_id:nces:DRVEF:00023350:PCTFT1ST,identity,2024 exact source mapping; same_source_variable_identity; metadata definitions remain year-specific; no assertion of measurement equivalence.,2024,2024,true,active
ipedsdb-panel-2004-2024-mixed-v1,EFUG,float,variable_id:nces:DRVEF:00024601:EFUG,identity,2024 exact source mapping; same_source_variable_identity; metadata definitions remain year-specific; no assertion of measurement equivalence.,2024,2024,true,active
ipedsdb-panel-2004-2024-mixed-v1,EFUG1ST,float,variable_id:nces:DRVEF:00024606:EFUG1ST,identity,2024 exact source mapping; same_source_variable_identity; metadata definitions remain year-specific; no assertion of measurement equivalence.,2024,2024,true,active
ipedsdb-panel-2004-2024-mixed-v1,EFUGTRN,float,variable_id:nces:DRVEF:00024611:EFUGTRN,identity,2024 exact source mapping; same_source_variable_identity; metadata definitions remain year-specific; no assertion of measurement equivalence.,2024,2024,true,active
ipedsdb-panel-2004-2024-mixed-v1,EFUGCNT,float,variable_id:nces:DRVEF:00024616:EFUGCNT,identity,2024 exact source mapping; same_source_variable_identity; metadata definitions remain year-specific; no assertion of measurement equivalence.,2024,2024,true,active
ipedsdb-panel-2004-2024-mixed-v1,EFUGNDG,float,variable_id:nces:DRVEF:00024621:EFUGNDG,identity,2024 exact source mapping; same_source_variable_identity; metadata definitions remain year-specific; no assertion of measurement equivalence.,2024,2024,true,active
ipedsdb-panel-2004-2024-mixed-v1,EFUGFT,float,variable_id:nces:DRVEF:00024631:EFUGFT,identity,2024 exact source mapping; same_source_variable_identity; metadata definitions remain year-specific; no assertion of measurement equivalence.,2024,2024,true,active
ipedsdb-panel-2004-2024-mixed-v1,EFUG1SFT,float,variable_id:nces:DRVEF:00024636:EFUG1SFT,identity,2024 exact source mapping; same_source_variable_identity; metadata definitions remain year-specific; no assertion of measurement equivalence.,2024,2024,true,active
ipedsdb-panel-2004-2024-mixed-v1,EFUGTRFT,float,variable_id:nces:DRVEF:00024641:EFUGTRFT,identity,2024 exact source mapping; same_source_variable_identity; metadata definitions remain year-specific; no assertion of measurement equivalence.,2024,2024,true,active
ipedsdb-panel-2004-2024-mixed-v1,EFUGCNFT,float,variable_id:nces:DRVEF:00024646:EFUGCNFT,identity,2024 exact source mapping; same_source_variable_identity; metadata definitions remain year-specific; no assertion of measurement equivalence.,2024,2024,true,active
ipedsdb-panel-2004-2024-mixed-v1,EFUGNDFT,float,variable_id:nces:DRVEF:00024651:EFUGNDFT,identity,2024 exact source mapping; same_source_variable_identity; metadata definitions remain year-specific; no assertion of measurement equivalence.,2024,2024,true,active
ipedsdb-panel-2004-2024-mixed-v1,EFUGPT,float,variable_id:nces:DRVEF:00024661:EFUGPT,identity,2024 exact source mapping; same_source_variable_identity; metadata definitions remain year-specific; no assertion of measurement equivalence.,2024,2024,true,active
ipedsdb-panel-2004-2024-mixed-v1,EFUG1SPT,float,variable_id:nces:DRVEF:00024666:EFUG1SPT,identity,2024 exact source mapping; same_source_variable_identity; metadata definitions remain year-specific; no assertion of measurement equivalence.,2024,2024,true,active
ipedsdb-panel-2004-2024-mixed-v1,EFUGTRPT,float,variable_id:nces:DRVEF:00024671:EFUGTRPT,identity,2024 exact source mapping; same_source_variable_identity; metadata definitions remain year-specific; no assertion of measurement equivalence.,2024,2024,true,active
ipedsdb-panel-2004-2024-mixed-v1,EFUGCNPT,float,variable_id:nces:DRVEF:00024676:EFUGCNPT,identity,2024 exact source mapping; same_source_variable_identity; metadata definitions remain year-specific; no assertion of measurement equivalence.,2024,2024,true,active
ipedsdb-panel-2004-2024-mixed-v1,EFUGNDPT,float,variable_id:nces:DRVEF:00024681:EFUGNDPT,identity,2024 exact source mapping; same_source_variable_identity; metadata definitions remain year-specific; no assertion of measurement equivalence.,2024,2024,true,active
ipedsdb-panel-2004-2024-mixed-v1,PCUENRWH,float,variable_id:nces:DRVEF:00024711:PCUENRWH,identity,2024 exact source mapping; same_source_variable_identity; metadata definitions remain year-specific; no assertion of measurement equivalence.,2024,2024,true,active
ipedsdb-panel-2004-2024-mixed-v1,PCUENRBK,float,variable_id:nces:DRVEF:00024701:PCUENRBK,identity,2024 exact source mapping; same_source_variable_identity; metadata definitions remain year-specific; no assertion of measurement equivalence.,2024,2024,true,active
ipedsdb-panel-2004-2024-mixed-v1,PCUENRHS,float,variable_id:nces:DRVEF:00024706:PCUENRHS,identity,2024 exact source mapping; same_source_variable_identity; metadata definitions remain year-specific; no assertion of measurement equivalence.,2024,2024,true,active
ipedsdb-panel-2004-2024-mixed-v1,PCUENRAP,float,variable_id:nces:DRVEF:00024696:PCUENRAP,identity,2024 exact source mapping; same_source_variable_identity; metadata definitions remain year-specific; no assertion of measurement equivalence.,2024,2024,true,active
ipedsdb-panel-2004-2024-mixed-v1,PCUENRAS,float,variable_id:nces:DRVEF:00024791:PCUENRAS,identity,2024 exact source mapping; same_source_variable_identity; metadata definitions remain year-specific; no assertion of measurement equivalence.,2024,2024,true,active
ipedsdb-panel-2004-2024-mixed-v1,PCUENRNH,float,variable_id:nces:DRVEF:00024796:PCUENRNH,identity,2024 exact source mapping; same_source_variable_identity; metadata definitions remain year-specific; no assertion of measurement equivalence.,2024,2024,true,active
ipedsdb-panel-2004-2024-mixed-v1,PCUENRAN,float,variable_id:nces:DRVEF:00024691:PCUENRAN,identity,2024 exact source mapping; same_source_variable_identity; metadata definitions remain year-specific; no assertion of measurement equivalence.,2024,2024,true,active
ipedsdb-panel-2004-2024-mixed-v1,PCUENR2M,float,variable_id:nces:DRVEF:00024716:PCUENR2M,identity,2024 exact source mapping; same_source_variable_identity; metadata definitions remain year-specific; no assertion of measurement equivalence.,2024,2024,true,active
ipedsdb-panel-2004-2024-mixed-v1,PCUENRUN,float,variable_id:nces:DRVEF:00024721:PCUENRUN,identity,2024 exact source mapping; same_source_variable_identity; metadata definitions remain year-specific; no assertion of measurement equivalence.,2024,2024,true,active
ipedsdb-panel-2004-2024-mixed-v1,PCUENRNR,float,variable_id:nces:DRVEF:00024726:PCUENRNR,identity,2024 exact source mapping; same_source_variable_identity; metadata definitions remain year-specific; no assertion of measurement equivalence.,2024,2024,true,active
ipedsdb-panel-2004-2024-mixed-v1,PCUENRW,float,variable_id:nces:DRVEF:00024731:PCUENRW,identity,2024 exact source mapping; same_source_variable_identity; metadata definitions remain year-specific; no assertion of measurement equivalence.,2024,2024,true,active
ipedsdb-panel-2004-2024-mixed-v1,EFGRAD,float,variable_id:nces:DRVEF:00024626:EFGRAD,identity,2024 exact source mapping; same_source_variable_identity; metadata definitions remain year-specific; no assertion of measurement equivalence.,2024,2024,true,active
ipedsdb-panel-2004-2024-mixed-v1,EFGRADFT,float,variable_id:nces:DRVEF:00024656:EFGRADFT,identity,2024 exact source mapping; same_source_variable_identity; metadata definitions remain year-specific; no assertion of measurement equivalence.,2024,2024,true,active
ipedsdb-panel-2004-2024-mixed-v1,EFGRADPT,float,variable_id:nces:DRVEF:00024686:EFGRADPT,identity,2024 exact source mapping; same_source_variable_identity; metadata definitions remain year-specific; no assertion of measurement equivalence.,2024,2024,true,active
ipedsdb-panel-2004-2024-mixed-v1,PCGENRWH,float,variable_id:nces:DRVEF:00024756:PCGENRWH,identity,2024 exact source mapping; same_source_variable_identity; metadata definitions remain year-specific; no assertion of measurement equivalence.,2024,2024,true,active
ipedsdb-panel-2004-2024-mixed-v1,PCGENRBK,float,variable_id:nces:DRVEF:00024746:PCGENRBK,identity,2024 exact source mapping; same_source_variable_identity; metadata definitions remain year-specific; no assertion of measurement equivalence.,2024,2024,true,active
ipedsdb-panel-2004-2024-mixed-v1,PCGENRHS,float,variable_id:nces:DRVEF:00024751:PCGENRHS,identity,2024 exact source mapping; same_source_variable_identity; metadata definitions remain year-specific; no assertion of measurement equivalence.,2024,2024,true,active
ipedsdb-panel-2004-2024-mixed-v1,PCGENRAP,float,variable_id:nces:DRVEF:00024741:PCGENRAP,identity,2024 exact source mapping; same_source_variable_identity; metadata definitions remain year-specific; no assertion of measurement equivalence.,2024,2024,true,active
ipedsdb-panel-2004-2024-mixed-v1,PCGENRAS,float,variable_id:nces:DRVEF:00024801:PCGENRAS,identity,2024 exact source mapping; same_source_variable_identity; metadata definitions remain year-specific; no assertion of measurement equivalence.,2024,2024,true,active
ipedsdb-panel-2004-2024-mixed-v1,PCGENRNH,float,variable_id:nces:DRVEF:00024806:PCGENRNH,identity,2024 exact source mapping; same_source_variable_identity; metadata definitions remain year-specific; no assertion of measurement equivalence.,2024,2024,true,active
ipedsdb-panel-2004-2024-mixed-v1,PCGENRAN,float,variable_id:nces:DRVEF:00024736:PCGENRAN,identity,2024 exact source mapping; same_source_variable_identity; metadata definitions remain year-specific; no assertion of measurement equivalence.,2024,2024,true,active
ipedsdb-panel-2004-2024-mixed-v1,PCGENR2M,float,variable_id:nces:DRVEF:00024761:PCGENR2M,identity,2024 exact source mapping; same_source_variable_identity; metadata definitions remain year-specific; no assertion of measurement equivalence.,2024,2024,true,active
ipedsdb-panel-2004-2024-mixed-v1,PCGENRUN,float,variable_id:nces:DRVEF:00024766:PCGENRUN,identity,2024 exact source mapping; same_source_variable_identity; metadata definitions remain year-specific; no assertion of measurement equivalence.,2024,2024,true,active
ipedsdb-panel-2004-2024-mixed-v1,PCGENRNR,float,variable_id:nces:DRVEF:00024771:PCGENRNR,identity,2024 exact source mapping; same_source_variable_identity; metadata definitions remain year-specific; no assertion of measurement equivalence.,2024,2024,true,active
ipedsdb-panel-2004-2024-mixed-v1,PCGENRW,float,variable_id:nces:DRVEF:00024776:PCGENRW,identity,2024 exact source mapping; same_source_variable_identity; metadata definitions remain year-specific; no assertion of measurement equivalence.,2024,2024,true,active
ipedsdb-panel-2004-2024-mixed-v1,DVEF01,float,variable_id:nces:DRVEF:00023401:DVEF01,identity,2024 exact source mapping; same_source_variable_identity; metadata definitions remain year-specific; no assertion of measurement equivalence.,2024,2024,true,active
ipedsdb-panel-2004-2024-mixed-v1,DVEF02,float,variable_id:nces:DRVEF:00023402:DVEF02,identity,2024 exact source mapping; same_source_variable_identity; metadata definitions remain year-specific; no assertion of measurement equivalence.,2024,2024,true,active
ipedsdb-panel-2004-2024-mixed-v1,DVEF03,float,variable_id:nces:DRVEF:00023403:DVEF03,identity,2024 exact source mapping; same_source_variable_identity; metadata definitions remain year-specific; no assertion of measurement equivalence.,2024,2024,true,active
ipedsdb-panel-2004-2024-mixed-v1,DVEF05,float,variable_id:nces:DRVEF:00023405:DVEF05,identity,2024 exact source mapping; same_source_variable_identity; metadata definitions remain year-specific; no assertion of measurement equivalence.,2024,2024,true,active
ipedsdb-panel-2004-2024-mixed-v1,DVEF06,float,variable_id:nces:DRVEF:00023406:DVEF06,identity,2024 exact source mapping; same_source_variable_identity; metadata definitions remain year-specific; no assertion of measurement equivalence.,2024,2024,true,active
ipedsdb-panel-2004-2024-mixed-v1,DVEF07,float,variable_id:nces:DRVEF:00023407:DVEF07,identity,2024 exact source mapping; same_source_variable_identity; metadata definitions remain year-specific; no assertion of measurement equivalence.,2024,2024,true,active
ipedsdb-panel-2004-2024-mixed-v1,DVEF09,float,variable_id:nces:DRVEF:00023409:DVEF09,identity,2024 exact source mapping; same_source_variable_identity; metadata definitions remain year-specific; no assertion of measurement equivalence.,2024,2024,true,active
ipedsdb-panel-2004-2024-mixed-v1,DVEF10,float,variable_id:nces:DRVEF:00023410:DVEF10,identity,2024 exact source mapping; same_source_variable_identity; metadata definitions remain year-specific; no assertion of measurement equivalence.,2024,2024,true,active
ipedsdb-panel-2004-2024-mixed-v1,DVEF11,float,variable_id:nces:DRVEF:00023411:DVEF11,identity,2024 exact source mapping; same_source_variable_identity; metadata definitions remain year-specific; no assertion of measurement equivalence.,2024,2024,true,active
ipedsdb-panel-2004-2024-mixed-v1,DVEF13,float,variable_id:nces:DRVEF:00023413:DVEF13,identity,2024 exact source mapping; same_source_variable_identity; metadata definitions remain year-specific; no assertion of measurement equivalence.,2024,2024,true,active
ipedsdb-panel-2004-2024-mixed-v1,DVEF14,float,variable_id:nces:DRVEF:00023414:DVEF14,identity,2024 exact source mapping; same_source_variable_identity; metadata definitions remain year-specific; no assertion of measurement equivalence.,2024,2024,true,active
ipedsdb-panel-2004-2024-mixed-v1,DVEF15,float,variable_id:nces:DRVEF:00023415:DVEF15,identity,2024 exact source mapping; same_source_variable_identity; metadata definitions remain year-specific; no assertion of measurement equivalence.,2024,2024,true,active
ipedsdb-panel-2004-2024-mixed-v1,DVEF16,float,variable_id:nces:DRVEF:00023416:DVEF16,identity,2024 exact source mapping; same_source_variable_identity; metadata definitions remain year-specific; no assertion of measurement equivalence.,2024,2024,true,active
ipedsdb-panel-2004-2024-mixed-v1,RMINSTTN,float,variable_id:nces:DRVEF:00024911:RMINSTTN,identity,2024 exact source mapping; same_source_variable_identity; metadata definitions remain year-specific; no assertion of measurement equivalence.,2024,2024,true,active
ipedsdb-panel-2004-2024-mixed-v1,RMOUSTTN,float,variable_id:nces:DRVEF:00024916:RMOUSTTN,identity,2024 exact source mapping; same_source_variable_identity; metadata definitions remain year-specific; no assertion of measurement equivalence.,2024,2024,true,active
ipedsdb-panel-2004-2024-mixed-v1,RMFRGNCN,float,variable_id:nces:DRVEF:00024921:RMFRGNCN,identity,2024 exact source mapping; same_source_variable_identity; metadata definitions remain year-specific; no assertion of measurement equivalence.,2024,2024,true,active
ipedsdb-panel-2004-2024-mixed-v1,RMUNKNWN,float,variable_id:nces:DRVEF:00024926:RMUNKNWN,identity,2024 exact source mapping; same_source_variable_identity; metadata definitions remain year-specific; no assertion of measurement equivalence.,2024,2024,true,active
ipedsdb-panel-2004-2024-mixed-v1,RMINSTTP,float,variable_id:nces:DRVEF:00024912:RMINSTTP,identity,2024 exact source mapping; same_source_variable_identity; metadata definitions remain year-specific; no assertion of measurement equivalence.,2024,2024,true,active
ipedsdb-panel-2004-2024-mixed-v1,RMOUSTTP,float,variable_id:nces:DRVEF:00024917:RMOUSTTP,identity,2024 exact source mapping; same_source_variable_identity; metadata definitions remain year-specific; no assertion of measurement equivalence.,2024,2024,true,active
ipedsdb-panel-2004-2024-mixed-v1,RMFRGNCP,float,variable_id:nces:DRVEF:00024922:RMFRGNCP,identity,2024 exact source mapping; same_source_variable_identity; metadata definitions remain year-specific; no assertion of measurement equivalence.,2024,2024,true,active
ipedsdb-panel-2004-2024-mixed-v1,RMUNKNWP,float,variable_id:nces:DRVEF:00024927:RMUNKNWP,identity,2024 exact source mapping; same_source_variable_identity; metadata definitions remain year-specific; no assertion of measurement equivalence.,2024,2024,true,active
ipedsdb-panel-2004-2024-mixed-v1,PCTDEEXC,float,variable_id:nces:DRVEF:00024866:PCTDEEXC,identity,2024 exact source mapping; same_source_variable_identity; metadata definitions remain year-specific; no assertion of measurement equivalence.,2024,2024,true,active
ipedsdb-panel-2004-2024-mixed-v1,PCTDESOM,float,variable_id:nces:DRVEF:00024871:PCTDESOM,identity,2024 exact source mapping; same_source_variable_identity; metadata definitions remain year-specific; no assertion of measurement equivalence.,2024,2024,true,active
ipedsdb-panel-2004-2024-mixed-v1,PCTDENON,float,variable_id:nces:DRVEF:00024876:PCTDENON,identity,2024 exact source mapping; same_source_variable_identity; metadata definitions remain year-specific; no assertion of measurement equivalence.,2024,2024,true,active
ipedsdb-panel-2004-2024-mixed-v1,PCUDEEXC,float,variable_id:nces:DRVEF:00024881:PCUDEEXC,identity,2024 exact source mapping; same_source_variable_identity; metadata definitions remain year-specific; no assertion of measurement equivalence.,2024,2024,true,active
ipedsdb-panel-2004-2024-mixed-v1,PCUDESOM,float,variable_id:nces:DRVEF:00024886:PCUDESOM,identity,2024 exact source mapping; same_source_variable_identity; metadata definitions remain year-specific; no assertion of measurement equivalence.,2024,2024,true,active
ipedsdb-panel-2004-2024-mixed-v1,PCUDENON,float,variable_id:nces:DRVEF:00024891:PCUDENON,identity,2024 exact source mapping; same_source_variable_identity; metadata definitions remain year-specific; no assertion of measurement equivalence.,2024,2024,true,active
ipedsdb-panel-2004-2024-mixed-v1,PCGDEEXC,float,variable_id:nces:DRVEF:00024896:PCGDEEXC,identity,2024 exact source mapping; same_source_variable_identity; metadata definitions remain year-specific; no assertion of measurement equivalence.,2024,2024,true,active
ipedsdb-panel-2004-2024-mixed-v1,PCGDESOM,float,variable_id:nces:DRVEF:00024901:PCGDESOM,identity,2024 exact source mapping; same_source_variable_identity; metadata definitions remain year-specific; no assertion of measurement equivalence.,2024,2024,true,active
ipedsdb-panel-2004-2024-mixed-v1,PCGDENON,float,variable_id:nces:DRVEF:00024906:PCGDENON,identity,2024 exact source mapping; same_source_variable_identity; metadata definitions remain year-specific; no assertion of measurement equivalence.,2024,2024,true,active
ipedsdb-panel-2004-2024-mixed-v1,F1CORREV,float,variable_id:nces:DRVF:00066101:F1CORREV,identity,2024 exact source mapping; same_source_variable_identity; metadata definitions remain year-specific; no assertion of measurement equivalence.,2024,2024,true,active
ipedsdb-panel-2004-2024-mixed-v1,F1TUFEPC,float,variable_id:nces:DRVF:00066104:F1TUFEPC,identity,2024 exact source mapping; same_source_variable_identity; metadata definitions remain year-specific; no assertion of measurement equivalence.,2024,2024,true,active
ipedsdb-panel-2004-2024-mixed-v1,F1STAPPC,float,variable_id:nces:DRVF:00066107:F1STAPPC,identity,2024 exact source mapping; same_source_variable_identity; metadata definitions remain year-specific; no assertion of measurement equivalence.,2024,2024,true,active
ipedsdb-panel-2004-2024-mixed-v1,F1LCAPPC,float,variable_id:nces:DRVF:00066110:F1LCAPPC,identity,2024 exact source mapping; same_source_variable_identity; metadata definitions remain year-specific; no assertion of measurement equivalence.,2024,2024,true,active
ipedsdb-panel-2004-2024-mixed-v1,F1GVGCPC,float,variable_id:nces:DRVF:00066113:F1GVGCPC,identity,2024 exact source mapping; same_source_variable_identity; metadata definitions remain year-specific; no assertion of measurement equivalence.,2024,2024,true,active
ipedsdb-panel-2004-2024-mixed-v1,F1PGGCPC,float,variable_id:nces:DRVF:00066115:F1PGGCPC,identity,2024 exact source mapping; same_source_variable_identity; metadata definitions remain year-specific; no assertion of measurement equivalence.,2024,2024,true,active
ipedsdb-panel-2004-2024-mixed-v1,F1INVRPC,float,variable_id:nces:DRVF:00066117:F1INVRPC,identity,2024 exact source mapping; same_source_variable_identity; metadata definitions remain year-specific; no assertion of measurement equivalence.,2024,2024,true,active
ipedsdb-panel-2004-2024-mixed-v1,F1OTRVPC,float,variable_id:nces:DRVF:00066119:F1OTRVPC,identity,2024 exact source mapping; same_source_variable_identity; metadata definitions remain year-specific; no assertion of measurement equivalence.,2024,2024,true,active
ipedsdb-panel-2004-2024-mixed-v1,F1TUFEFT,float,variable_id:nces:DRVF:00066134:F1TUFEFT,identity,2024 exact source mapping; same_source_variable_identity; metadata definitions remain year-specific; no assertion of measurement equivalence.,2024,2024,true,active
ipedsdb-panel-2004-2024-mixed-v1,F1STAPFT,float,variable_id:nces:DRVF:00066137:F1STAPFT,identity,2024 exact source mapping; same_source_variable_identity; metadata definitions remain year-specific; no assertion of measurement equivalence.,2024,2024,true,active
ipedsdb-panel-2004-2024-mixed-v1,F1LCAPFT,float,variable_id:nces:DRVF:00066140:F1LCAPFT,identity,2024 exact source mapping; same_source_variable_identity; metadata definitions remain year-specific; no assertion of measurement equivalence.,2024,2024,true,active
ipedsdb-panel-2004-2024-mixed-v1,F1GVGCFT,float,variable_id:nces:DRVF:00066143:F1GVGCFT,identity,2024 exact source mapping; same_source_variable_identity; metadata definitions remain year-specific; no assertion of measurement equivalence.,2024,2024,true,active
ipedsdb-panel-2004-2024-mixed-v1,F1PGGCFT,float,variable_id:nces:DRVF:00066145:F1PGGCFT,identity,2024 exact source mapping; same_source_variable_identity; metadata definitions remain year-specific; no assertion of measurement equivalence.,2024,2024,true,active
ipedsdb-panel-2004-2024-mixed-v1,F1INVRFT,float,variable_id:nces:DRVF:00066147:F1INVRFT,identity,2024 exact source mapping; same_source_variable_identity; metadata definitions remain year-specific; no assertion of measurement equivalence.,2024,2024,true,active
ipedsdb-panel-2004-2024-mixed-v1,F1OTRVFT,float,variable_id:nces:DRVF:00066149:F1OTRVFT,identity,2024 exact source mapping; same_source_variable_identity; metadata definitions remain year-specific; no assertion of measurement equivalence.,2024,2024,true,active
ipedsdb-panel-2004-2024-mixed-v1,F1COREXP,float,variable_id:nces:DRVF:00066150:F1COREXP,identity,2024 exact source mapping; same_source_variable_identity; metadata definitions remain year-specific; no assertion of measurement equivalence.,2024,2024,true,active
ipedsdb-panel-2004-2024-mixed-v1,F1INSTFT,float,variable_id:nces:DRVF:00066161:F1INSTFT,identity,2024 exact source mapping; same_source_variable_identity; metadata definitions remain year-specific; no assertion of measurement equivalence.,2024,2024,true,active
ipedsdb-panel-2004-2024-mixed-v1,F1RSRCFT,float,variable_id:nces:DRVF:00066162:F1RSRCFT,identity,2024 exact source mapping; same_source_variable_identity; metadata definitions remain year-specific; no assertion of measurement equivalence.,2024,2024,true,active
ipedsdb-panel-2004-2024-mixed-v1,F1PBSVFT,float,variable_id:nces:DRVF:00066163:F1PBSVFT,identity,2024 exact source mapping; same_source_variable_identity; metadata definitions remain year-specific; no assertion of measurement equivalence.,2024,2024,true,active
ipedsdb-panel-2004-2024-mixed-v1,F1ACSPFT,float,variable_id:nces:DRVF:00066164:F1ACSPFT,identity,2024 exact source mapping; same_source_variable_identity; metadata definitions remain year-specific; no assertion of measurement equivalence.,2024,2024,true,active
ipedsdb-panel-2004-2024-mixed-v1,F1STSVFT,float,variable_id:nces:DRVF:00066165:F1STSVFT,identity,2024 exact source mapping; same_source_variable_identity; metadata definitions remain year-specific; no assertion of measurement equivalence.,2024,2024,true,active
ipedsdb-panel-2004-2024-mixed-v1,F1INSUFT,float,variable_id:nces:DRVF:00066166:F1INSUFT,identity,2024 exact source mapping; same_source_variable_identity; metadata definitions remain year-specific; no assertion of measurement equivalence.,2024,2024,true,active
ipedsdb-panel-2004-2024-mixed-v1,F1OTEXFT,float,variable_id:nces:DRVF:00066169:F1OTEXFT,identity,2024 exact source mapping; same_source_variable_identity; metadata definitions remain year-specific; no assertion of measurement equivalence.,2024,2024,true,active
ipedsdb-panel-2004-2024-mixed-v1,F1INSTPC,float,variable_id:nces:DRVF:00066151:F1INSTPC,identity,2024 exact source mapping; same_source_variable_identity; metadata definitions remain year-specific; no assertion of measurement equivalence.,2024,2024,true,active
ipedsdb-panel-2004-2024-mixed-v1,F1RSRCPC,float,variable_id:nces:DRVF:00066152:F1RSRCPC,identity,2024 exact source mapping; same_source_variable_identity; metadata definitions remain year-specific; no assertion of measurement equivalence.,2024,2024,true,active
ipedsdb-panel-2004-2024-mixed-v1,F1PBSVPC,float,variable_id:nces:DRVF:00066153:F1PBSVPC,identity,2024 exact source mapping; same_source_variable_identity; metadata definitions remain year-specific; no assertion of measurement equivalence.,2024,2024,true,active
ipedsdb-panel-2004-2024-mixed-v1,F1ACSPPC,float,variable_id:nces:DRVF:00066154:F1ACSPPC,identity,2024 exact source mapping; same_source_variable_identity; metadata definitions remain year-specific; no assertion of measurement equivalence.,2024,2024,true,active
ipedsdb-panel-2004-2024-mixed-v1,F1STSVPC,float,variable_id:nces:DRVF:00066155:F1STSVPC,identity,2024 exact source mapping; same_source_variable_identity; metadata definitions remain year-specific; no assertion of measurement equivalence.,2024,2024,true,active
ipedsdb-panel-2004-2024-mixed-v1,F1INSUPC,float,variable_id:nces:DRVF:00066156:F1INSUPC,identity,2024 exact source mapping; same_source_variable_identity; metadata definitions remain year-specific; no assertion of measurement equivalence.,2024,2024,true,active
ipedsdb-panel-2004-2024-mixed-v1,F1OTEXPC,float,variable_id:nces:DRVF:00066159:F1OTEXPC,identity,2024 exact source mapping; same_source_variable_identity; metadata definitions remain year-specific; no assertion of measurement equivalence.,2024,2024,true,active
ipedsdb-panel-2004-2024-mixed-v1,F1SWINSP,float,variable_id:nces:DRVF:00068171:F1SWINSP,identity,2024 exact source mapping; same_source_variable_identity; metadata definitions remain year-specific; no assertion of measurement equivalence.,2024,2024,true,active
ipedsdb-panel-2004-2024-mixed-v1,F1SWRSRP,float,variable_id:nces:DRVF:00068172:F1SWRSRP,identity,2024 exact source mapping; same_source_variable_identity; metadata definitions remain year-specific; no assertion of measurement equivalence.,2024,2024,true,active
ipedsdb-panel-2004-2024-mixed-v1,F1SWPBSP,float,variable_id:nces:DRVF:00068173:F1SWPBSP,identity,2024 exact source mapping; same_source_variable_identity; metadata definitions remain year-specific; no assertion of measurement equivalence.,2024,2024,true,active
ipedsdb-panel-2004-2024-mixed-v1,F1SWACSP,float,variable_id:nces:DRVF:00068174:F1SWACSP,identity,2024 exact source mapping; same_source_variable_identity; metadata definitions remain year-specific; no assertion of measurement equivalence.,2024,2024,true,active
ipedsdb-panel-2004-2024-mixed-v1,F1SWSTSP,float,variable_id:nces:DRVF:00068175:F1SWSTSP,identity,2024 exact source mapping; same_source_variable_identity; metadata definitions remain year-specific; no assertion of measurement equivalence.,2024,2024,true,active
ipedsdb-panel-2004-2024-mixed-v1,F1SWISPP,float,variable_id:nces:DRVF:00068176:F1SWISPP,identity,2024 exact source mapping; same_source_variable_identity; metadata definitions remain year-specific; no assertion of measurement equivalence.,2024,2024,true,active
ipedsdb-panel-2004-2024-mixed-v1,F1SWOTEP,float,variable_id:nces:DRVF:00068179:F1SWOTEP,identity,2024 exact source mapping; same_source_variable_identity; metadata definitions remain year-specific; no assertion of measurement equivalence.,2024,2024,true,active
ipedsdb-panel-2004-2024-mixed-v1,F1SWCREP,float,variable_id:nces:DRVF:00068170:F1SWCREP,identity,2024 exact source mapping; same_source_variable_identity; metadata definitions remain year-specific; no assertion of measurement equivalence.,2024,2024,true,active
ipedsdb-panel-2004-2024-mixed-v1,F1ENDMFT,float,variable_id:nces:DRVF:00066185:F1ENDMFT,identity,2024 exact source mapping; same_source_variable_identity; metadata definitions remain year-specific; no assertion of measurement equivalence.,2024,2024,true,active
ipedsdb-panel-2004-2024-mixed-v1,F1SAFBPC,float,variable_id:nces:DRVF:00066180:F1SAFBPC,identity,2024 exact source mapping; same_source_variable_identity; metadata definitions remain year-specific; no assertion of measurement equivalence.,2024,2024,true,active
ipedsdb-panel-2004-2024-mixed-v1,F1SALRPC,float,variable_id:nces:DRVF:00066181:F1SALRPC,identity,2024 exact source mapping; same_source_variable_identity; metadata definitions remain year-specific; no assertion of measurement equivalence.,2024,2024,true,active
ipedsdb-panel-2004-2024-mixed-v1,F1EQUITR,float,variable_id:nces:DRVF:00066187:F1EQUITR,identity,2024 exact source mapping; same_source_variable_identity; metadata definitions remain year-specific; no assertion of measurement equivalence.,2024,2024,true,active
ipedsdb-panel-2004-2024-mixed-v1,F2CORREV,float,variable_id:nces:DRVF:00066201:F2CORREV,identity,2024 exact source mapping; same_source_variable_identity; metadata definitions remain year-specific; no assertion of measurement equivalence.,2024,2024,true,active
ipedsdb-panel-2004-2024-mixed-v1,F2TUFEPC,float,variable_id:nces:DRVF:00066204:F2TUFEPC,identity,2024 exact source mapping; same_source_variable_identity; metadata definitions remain year-specific; no assertion of measurement equivalence.,2024,2024,true,active
ipedsdb-panel-2004-2024-mixed-v1,F2GVGCPC,float,variable_id:nces:DRVF:00066213:F2GVGCPC,identity,2024 exact source mapping; same_source_variable_identity; metadata definitions remain year-specific; no assertion of measurement equivalence.,2024,2024,true,active
ipedsdb-panel-2004-2024-mixed-v1,F2PGGCPC,float,variable_id:nces:DRVF:00066215:F2PGGCPC,identity,2024 exact source mapping; same_source_variable_identity; metadata definitions remain year-specific; no assertion of measurement equivalence.,2024,2024,true,active
ipedsdb-panel-2004-2024-mixed-v1,F2INVRPC,float,variable_id:nces:DRVF:00066217:F2INVRPC,identity,2024 exact source mapping; same_source_variable_identity; metadata definitions remain year-specific; no assertion of measurement equivalence.,2024,2024,true,active
ipedsdb-panel-2004-2024-mixed-v1,F2OTRVPC,float,variable_id:nces:DRVF:00066219:F2OTRVPC,identity,2024 exact source mapping; same_source_variable_identity; metadata definitions remain year-specific; no assertion of measurement equivalence.,2024,2024,true,active
ipedsdb-panel-2004-2024-mixed-v1,F2TUFEFT,float,variable_id:nces:DRVF:00066234:F2TUFEFT,identity,2024 exact source mapping; same_source_variable_identity; metadata definitions remain year-specific; no assertion of measurement equivalence.,2024,2024,true,active
ipedsdb-panel-2004-2024-mixed-v1,F2GVGCFT,float,variable_id:nces:DRVF:00066243:F2GVGCFT,identity,2024 exact source mapping; same_source_variable_identity; metadata definitions remain year-specific; no assertion of measurement equivalence.,2024,2024,true,active
ipedsdb-panel-2004-2024-mixed-v1,F2PGGCFT,float,variable_id:nces:DRVF:00066245:F2PGGCFT,identity,2024 exact source mapping; same_source_variable_identity; metadata definitions remain year-specific; no assertion of measurement equivalence.,2024,2024,true,active
ipedsdb-panel-2004-2024-mixed-v1,F2INVRFT,float,variable_id:nces:DRVF:00066247:F2INVRFT,identity,2024 exact source mapping; same_source_variable_identity; metadata definitions remain year-specific; no assertion of measurement equivalence.,2024,2024,true,active
ipedsdb-panel-2004-2024-mixed-v1,F2OTRVFT,float,variable_id:nces:DRVF:00066249:F2OTRVFT,identity,2024 exact source mapping; same_source_variable_identity; metadata definitions remain year-specific; no assertion of measurement equivalence.,2024,2024,true,active
ipedsdb-panel-2004-2024-mixed-v1,F2COREXP,float,variable_id:nces:DRVF:00066250:F2COREXP,identity,2024 exact source mapping; same_source_variable_identity; metadata definitions remain year-specific; no assertion of measurement equivalence.,2024,2024,true,active
ipedsdb-panel-2004-2024-mixed-v1,F2INSTFT,float,variable_id:nces:DRVF:00066261:F2INSTFT,identity,2024 exact source mapping; same_source_variable_identity; metadata definitions remain year-specific; no assertion of measurement equivalence.,2024,2024,true,active
ipedsdb-panel-2004-2024-mixed-v1,F2RSRCFT,float,variable_id:nces:DRVF:00066262:F2RSRCFT,identity,2024 exact source mapping; same_source_variable_identity; metadata definitions remain year-specific; no assertion of measurement equivalence.,2024,2024,true,active
ipedsdb-panel-2004-2024-mixed-v1,F2PBSVFT,float,variable_id:nces:DRVF:00066263:F2PBSVFT,identity,2024 exact source mapping; same_source_variable_identity; metadata definitions remain year-specific; no assertion of measurement equivalence.,2024,2024,true,active
ipedsdb-panel-2004-2024-mixed-v1,F2ACSPFT,float,variable_id:nces:DRVF:00066264:F2ACSPFT,identity,2024 exact source mapping; same_source_variable_identity; metadata definitions remain year-specific; no assertion of measurement equivalence.,2024,2024,true,active
ipedsdb-panel-2004-2024-mixed-v1,F2STSVFT,float,variable_id:nces:DRVF:00066265:F2STSVFT,identity,2024 exact source mapping; same_source_variable_identity; metadata definitions remain year-specific; no assertion of measurement equivalence.,2024,2024,true,active
ipedsdb-panel-2004-2024-mixed-v1,F2INSUFT,float,variable_id:nces:DRVF:00066266:F2INSUFT,identity,2024 exact source mapping; same_source_variable_identity; metadata definitions remain year-specific; no assertion of measurement equivalence.,2024,2024,true,active
ipedsdb-panel-2004-2024-mixed-v1,F2OTEXFT,float,variable_id:nces:DRVF:00066269:F2OTEXFT,identity,2024 exact source mapping; same_source_variable_identity; metadata definitions remain year-specific; no assertion of measurement equivalence.,2024,2024,true,active
ipedsdb-panel-2004-2024-mixed-v1,F2INSTPC,float,variable_id:nces:DRVF:00066251:F2INSTPC,identity,2024 exact source mapping; same_source_variable_identity; metadata definitions remain year-specific; no assertion of measurement equivalence.,2024,2024,true,active
ipedsdb-panel-2004-2024-mixed-v1,F2RSRCPC,float,variable_id:nces:DRVF:00066252:F2RSRCPC,identity,2024 exact source mapping; same_source_variable_identity; metadata definitions remain year-specific; no assertion of measurement equivalence.,2024,2024,true,active
ipedsdb-panel-2004-2024-mixed-v1,F2PBSVPC,float,variable_id:nces:DRVF:00066253:F2PBSVPC,identity,2024 exact source mapping; same_source_variable_identity; metadata definitions remain year-specific; no assertion of measurement equivalence.,2024,2024,true,active
ipedsdb-panel-2004-2024-mixed-v1,F2ACSPPC,float,variable_id:nces:DRVF:00066254:F2ACSPPC,identity,2024 exact source mapping; same_source_variable_identity; metadata definitions remain year-specific; no assertion of measurement equivalence.,2024,2024,true,active
ipedsdb-panel-2004-2024-mixed-v1,F2STSVPC,float,variable_id:nces:DRVF:00066255:F2STSVPC,identity,2024 exact source mapping; same_source_variable_identity; metadata definitions remain year-specific; no assertion of measurement equivalence.,2024,2024,true,active
ipedsdb-panel-2004-2024-mixed-v1,F2INSUPC,float,variable_id:nces:DRVF:00066256:F2INSUPC,identity,2024 exact source mapping; same_source_variable_identity; metadata definitions remain year-specific; no assertion of measurement equivalence.,2024,2024,true,active
ipedsdb-panel-2004-2024-mixed-v1,F2OTEXPC,float,variable_id:nces:DRVF:00066259:F2OTEXPC,identity,2024 exact source mapping; same_source_variable_identity; metadata definitions remain year-specific; no assertion of measurement equivalence.,2024,2024,true,active
ipedsdb-panel-2004-2024-mixed-v1,F2SWINSP,float,variable_id:nces:DRVF:00068271:F2SWINSP,identity,2024 exact source mapping; same_source_variable_identity; metadata definitions remain year-specific; no assertion of measurement equivalence.,2024,2024,true,active
ipedsdb-panel-2004-2024-mixed-v1,F2SWRSRP,float,variable_id:nces:DRVF:00068272:F2SWRSRP,identity,2024 exact source mapping; same_source_variable_identity; metadata definitions remain year-specific; no assertion of measurement equivalence.,2024,2024,true,active
ipedsdb-panel-2004-2024-mixed-v1,F2SWPBSP,float,variable_id:nces:DRVF:00068273:F2SWPBSP,identity,2024 exact source mapping; same_source_variable_identity; metadata definitions remain year-specific; no assertion of measurement equivalence.,2024,2024,true,active
ipedsdb-panel-2004-2024-mixed-v1,F2SWACSP,float,variable_id:nces:DRVF:00068274:F2SWACSP,identity,2024 exact source mapping; same_source_variable_identity; metadata definitions remain year-specific; no assertion of measurement equivalence.,2024,2024,true,active
ipedsdb-panel-2004-2024-mixed-v1,F2SWSTSP,float,variable_id:nces:DRVF:00068275:F2SWSTSP,identity,2024 exact source mapping; same_source_variable_identity; metadata definitions remain year-specific; no assertion of measurement equivalence.,2024,2024,true,active
ipedsdb-panel-2004-2024-mixed-v1,F2SWISPP,float,variable_id:nces:DRVF:00068276:F2SWISPP,identity,2024 exact source mapping; same_source_variable_identity; metadata definitions remain year-specific; no assertion of measurement equivalence.,2024,2024,true,active
ipedsdb-panel-2004-2024-mixed-v1,F2SWOTEP,float,variable_id:nces:DRVF:00068279:F2SWOTEP,identity,2024 exact source mapping; same_source_variable_identity; metadata definitions remain year-specific; no assertion of measurement equivalence.,2024,2024,true,active
ipedsdb-panel-2004-2024-mixed-v1,F2SWCREP,float,variable_id:nces:DRVF:00068270:F2SWCREP,identity,2024 exact source mapping; same_source_variable_identity; metadata definitions remain year-specific; no assertion of measurement equivalence.,2024,2024,true,active
ipedsdb-panel-2004-2024-mixed-v1,F2ENDMFT,float,variable_id:nces:DRVF:00066285:F2ENDMFT,identity,2024 exact source mapping; same_source_variable_identity; metadata definitions remain year-specific; no assertion of measurement equivalence.,2024,2024,true,active
ipedsdb-panel-2004-2024-mixed-v1,F2SAFBPC,float,variable_id:nces:DRVF:00066280:F2SAFBPC,identity,2024 exact source mapping; same_source_variable_identity; metadata definitions remain year-specific; no assertion of measurement equivalence.,2024,2024,true,active
ipedsdb-panel-2004-2024-mixed-v1,F2SALRPC,float,variable_id:nces:DRVF:00066281:F2SALRPC,identity,2024 exact source mapping; same_source_variable_identity; metadata definitions remain year-specific; no assertion of measurement equivalence.,2024,2024,true,active
ipedsdb-panel-2004-2024-mixed-v1,F2EQUITR,float,variable_id:nces:DRVF:00066287:F2EQUITR,identity,2024 exact source mapping; same_source_variable_identity; metadata definitions remain year-specific; no assertion of measurement equivalence.,2024,2024,true,active
ipedsdb-panel-2004-2024-mixed-v1,F3CORREV,float,variable_id:nces:DRVF:00066301:F3CORREV,identity,2024 exact source mapping; same_source_variable_identity; metadata definitions remain year-specific; no assertion of measurement equivalence.,2024,2024,true,active
ipedsdb-panel-2004-2024-mixed-v1,F3TUFEPC,float,variable_id:nces:DRVF:00066304:F3TUFEPC,identity,2024 exact source mapping; same_source_variable_identity; metadata definitions remain year-specific; no assertion of measurement equivalence.,2024,2024,true,active
ipedsdb-panel-2004-2024-mixed-v1,F3GVGCPC,float,variable_id:nces:DRVF:00066920:F3GVGCPC,identity,2024 exact source mapping; same_source_variable_identity; metadata definitions remain year-specific; no assertion of measurement equivalence.,2024,2024,true,active
ipedsdb-panel-2004-2024-mixed-v1,F3PGGCPC,float,variable_id:nces:DRVF:00066925:F3PGGCPC,identity,2024 exact source mapping; same_source_variable_identity; metadata definitions remain year-specific; no assertion of measurement equivalence.,2024,2024,true,active
ipedsdb-panel-2004-2024-mixed-v1,F3INVRPC,float,variable_id:nces:DRVF:00066930:F3INVRPC,identity,2024 exact source mapping; same_source_variable_identity; metadata definitions remain year-specific; no assertion of measurement equivalence.,2024,2024,true,active
ipedsdb-panel-2004-2024-mixed-v1,F3SSEAPC,float,variable_id:nces:DRVF:00066318:F3SSEAPC,identity,2024 exact source mapping; same_source_variable_identity; metadata definitions remain year-specific; no assertion of measurement equivalence.,2024,2024,true,active
ipedsdb-panel-2004-2024-mixed-v1,F3OTRVPC,float,variable_id:nces:DRVF:00066319:F3OTRVPC,identity,2024 exact source mapping; same_source_variable_identity; metadata definitions remain year-specific; no assertion of measurement equivalence.,2024,2024,true,active
ipedsdb-panel-2004-2024-mixed-v1,F3TUFEFT,float,variable_id:nces:DRVF:00066334:F3TUFEFT,identity,2024 exact source mapping; same_source_variable_identity; metadata definitions remain year-specific; no assertion of measurement equivalence.,2024,2024,true,active
ipedsdb-panel-2004-2024-mixed-v1,F3GVGCFT,float,variable_id:nces:DRVF:00066935:F3GVGCFT,identity,2024 exact source mapping; same_source_variable_identity; metadata definitions remain year-specific; no assertion of measurement equivalence.,2024,2024,true,active
ipedsdb-panel-2004-2024-mixed-v1,F3PGGCFT,float,variable_id:nces:DRVF:00066940:F3PGGCFT,identity,2024 exact source mapping; same_source_variable_identity; metadata definitions remain year-specific; no assertion of measurement equivalence.,2024,2024,true,active
ipedsdb-panel-2004-2024-mixed-v1,F3INVRFT,float,variable_id:nces:DRVF:00066945:F3INVRFT,identity,2024 exact source mapping; same_source_variable_identity; metadata definitions remain year-specific; no assertion of measurement equivalence.,2024,2024,true,active
ipedsdb-panel-2004-2024-mixed-v1,F3SSEAFT,float,variable_id:nces:DRVF:00066348:F3SSEAFT,identity,2024 exact source mapping; same_source_variable_identity; metadata definitions remain year-specific; no assertion of measurement equivalence.,2024,2024,true,active
ipedsdb-panel-2004-2024-mixed-v1,F3OTRVFT,float,variable_id:nces:DRVF:00066349:F3OTRVFT,identity,2024 exact source mapping; same_source_variable_identity; metadata definitions remain year-specific; no assertion of measurement equivalence.,2024,2024,true,active
ipedsdb-panel-2004-2024-mixed-v1,F3COREXP,float,variable_id:nces:DRVF:00066350:F3COREXP,identity,2024 exact source mapping; same_source_variable_identity; metadata definitions remain year-specific; no assertion of measurement equivalence.,2024,2024,true,active
ipedsdb-panel-2004-2024-mixed-v1,F3INSTFT,float,variable_id:nces:DRVF:00066361:F3INSTFT,identity,2024 exact source mapping; same_source_variable_identity; metadata definitions remain year-specific; no assertion of measurement equivalence.,2024,2024,true,active
ipedsdb-panel-2004-2024-mixed-v1,F3RSRCFT,float,variable_id:nces:DRVF:00066950:F3RSRCFT,identity,2024 exact source mapping; same_source_variable_identity; metadata definitions remain year-specific; no assertion of measurement equivalence.,2024,2024,true,active
ipedsdb-panel-2004-2024-mixed-v1,F3PBSVFT,float,variable_id:nces:DRVF:00066955:F3PBSVFT,identity,2024 exact source mapping; same_source_variable_identity; metadata definitions remain year-specific; no assertion of measurement equivalence.,2024,2024,true,active
ipedsdb-panel-2004-2024-mixed-v1,F3ACSPFT,float,variable_id:nces:DRVF:00066960:F3ACSPFT,identity,2024 exact source mapping; same_source_variable_identity; metadata definitions remain year-specific; no assertion of measurement equivalence.,2024,2024,true,active
ipedsdb-panel-2004-2024-mixed-v1,F3STSVFT,float,variable_id:nces:DRVF:00066965:F3STSVFT,identity,2024 exact source mapping; same_source_variable_identity; metadata definitions remain year-specific; no assertion of measurement equivalence.,2024,2024,true,active
ipedsdb-panel-2004-2024-mixed-v1,F3INSUFT,float,variable_id:nces:DRVF:00066970:F3INSUFT,identity,2024 exact source mapping; same_source_variable_identity; metadata definitions remain year-specific; no assertion of measurement equivalence.,2024,2024,true,active
ipedsdb-panel-2004-2024-mixed-v1,F3OTEXFT,float,variable_id:nces:DRVF:00066369:F3OTEXFT,identity,2024 exact source mapping; same_source_variable_identity; metadata definitions remain year-specific; no assertion of measurement equivalence.,2024,2024,true,active
ipedsdb-panel-2004-2024-mixed-v1,F3INSTPC,float,variable_id:nces:DRVF:00066351:F3INSTPC,identity,2024 exact source mapping; same_source_variable_identity; metadata definitions remain year-specific; no assertion of measurement equivalence.,2024,2024,true,active
ipedsdb-panel-2004-2024-mixed-v1,F3RSRCPC,float,variable_id:nces:DRVF:00066975:F3RSRCPC,identity,2024 exact source mapping; same_source_variable_identity; metadata definitions remain year-specific; no assertion of measurement equivalence.,2024,2024,true,active
ipedsdb-panel-2004-2024-mixed-v1,F3PBSVPC,float,variable_id:nces:DRVF:00066980:F3PBSVPC,identity,2024 exact source mapping; same_source_variable_identity; metadata definitions remain year-specific; no assertion of measurement equivalence.,2024,2024,true,active
ipedsdb-panel-2004-2024-mixed-v1,F3ACSPPC,float,variable_id:nces:DRVF:00066985:F3ACSPPC,identity,2024 exact source mapping; same_source_variable_identity; metadata definitions remain year-specific; no assertion of measurement equivalence.,2024,2024,true,active
ipedsdb-panel-2004-2024-mixed-v1,F3STSVPC,float,variable_id:nces:DRVF:00066990:F3STSVPC,identity,2024 exact source mapping; same_source_variable_identity; metadata definitions remain year-specific; no assertion of measurement equivalence.,2024,2024,true,active
ipedsdb-panel-2004-2024-mixed-v1,F3INSUPC,float,variable_id:nces:DRVF:00066995:F3INSUPC,identity,2024 exact source mapping; same_source_variable_identity; metadata definitions remain year-specific; no assertion of measurement equivalence.,2024,2024,true,active
ipedsdb-panel-2004-2024-mixed-v1,F3OTEXPC,float,variable_id:nces:DRVF:00066359:F3OTEXPC,identity,2024 exact source mapping; same_source_variable_identity; metadata definitions remain year-specific; no assertion of measurement equivalence.,2024,2024,true,active
ipedsdb-panel-2004-2024-mixed-v1,F3SWINSP,float,variable_id:nces:DRVF:00068000:F3SWINSP,identity,2024 exact source mapping; same_source_variable_identity; metadata definitions remain year-specific; no assertion of measurement equivalence.,2024,2024,true,active
ipedsdb-panel-2004-2024-mixed-v1,F3SWRSRP,float,variable_id:nces:DRVF:00068005:F3SWRSRP,identity,2024 exact source mapping; same_source_variable_identity; metadata definitions remain year-specific; no assertion of measurement equivalence.,2024,2024,true,active
ipedsdb-panel-2004-2024-mixed-v1,F3SWPBSP,float,variable_id:nces:DRVF:00068010:F3SWPBSP,identity,2024 exact source mapping; same_source_variable_identity; metadata definitions remain year-specific; no assertion of measurement equivalence.,2024,2024,true,active
ipedsdb-panel-2004-2024-mixed-v1,F3SWACSP,float,variable_id:nces:DRVF:00068015:F3SWACSP,identity,2024 exact source mapping; same_source_variable_identity; metadata definitions remain year-specific; no assertion of measurement equivalence.,2024,2024,true,active
ipedsdb-panel-2004-2024-mixed-v1,F3SWSTSP,float,variable_id:nces:DRVF:00068020:F3SWSTSP,identity,2024 exact source mapping; same_source_variable_identity; metadata definitions remain year-specific; no assertion of measurement equivalence.,2024,2024,true,active
ipedsdb-panel-2004-2024-mixed-v1,F3SWISPP,float,variable_id:nces:DRVF:00068025:F3SWISPP,identity,2024 exact source mapping; same_source_variable_identity; metadata definitions remain year-specific; no assertion of measurement equivalence.,2024,2024,true,active
ipedsdb-panel-2004-2024-mixed-v1,F3SWOTEP,float,variable_id:nces:DRVF:00068030:F3SWOTEP,identity,2024 exact source mapping; same_source_variable_identity; metadata definitions remain year-specific; no assertion of measurement equivalence.,2024,2024,true,active
ipedsdb-panel-2004-2024-mixed-v1,F3SWCREP,float,variable_id:nces:DRVF:00068035:F3SWCREP,identity,2024 exact source mapping; same_source_variable_identity; metadata definitions remain year-specific; no assertion of measurement equivalence.,2024,2024,true,active
ipedsdb-panel-2004-2024-mixed-v1,F3SAFBPC,float,variable_id:nces:DRVF:00067040:F3SAFBPC,identity,2024 exact source mapping; same_source_variable_identity; metadata definitions remain year-specific; no assertion of measurement equivalence.,2024,2024,true,active
ipedsdb-panel-2004-2024-mixed-v1,F3SALRPC,float,variable_id:nces:DRVF:00067045:F3SALRPC,identity,2024 exact source mapping; same_source_variable_identity; metadata definitions remain year-specific; no assertion of measurement equivalence.,2024,2024,true,active
ipedsdb-panel-2004-2024-mixed-v1,F3EQUITR,float,variable_id:nces:DRVF:00066387:F3EQUITR,identity,2024 exact source mapping; same_source_variable_identity; metadata definitions remain year-specific; no assertion of measurement equivalence.,2024,2024,true,active
ipedsdb-panel-2004-2024-mixed-v1,GRRTTOT,float,variable_id:nces:DRVGR:00081000:GRRTTOT,identity,2024 exact source mapping; same_source_variable_identity; metadata definitions remain year-specific; no assertion of measurement equivalence.,2024,2024,true,active
ipedsdb-panel-2004-2024-mixed-v1,GRRTM,float,variable_id:nces:DRVGR:00081021:GRRTM,identity,2024 exact source mapping; same_source_variable_identity; metadata definitions remain year-specific; no assertion of measurement equivalence.,2024,2024,true,active
ipedsdb-panel-2004-2024-mixed-v1,GRRTW,float,variable_id:nces:DRVGR:00081023:GRRTW,identity,2024 exact source mapping; same_source_variable_identity; metadata definitions remain year-specific; no assertion of measurement equivalence.,2024,2024,true,active
ipedsdb-panel-2004-2024-mixed-v1,GRRTAN,float,variable_id:nces:DRVGR:00081015:GRRTAN,identity,2024 exact source mapping; same_source_variable_identity; metadata definitions remain year-specific; no assertion of measurement equivalence.,2024,2024,true,active
ipedsdb-panel-2004-2024-mixed-v1,GRRTAP__DRVGR__00081012__C5CCF4713273,float,variable_id:nces:DRVGR:00081012:GRRTAP,identity,2024 exact source mapping; same_source_variable_identity; metadata definitions remain year-specific; no assertion of measurement equivalence.,2024,2024,true,active
ipedsdb-panel-2004-2024-mixed-v1,GRRTAS,float,variable_id:nces:DRVGR:00081406:GRRTAS,identity,2024 exact source mapping; same_source_variable_identity; metadata definitions remain year-specific; no assertion of measurement equivalence.,2024,2024,true,active
ipedsdb-panel-2004-2024-mixed-v1,GRRTNH,float,variable_id:nces:DRVGR:00081411:GRRTNH,identity,2024 exact source mapping; same_source_variable_identity; metadata definitions remain year-specific; no assertion of measurement equivalence.,2024,2024,true,active
ipedsdb-panel-2004-2024-mixed-v1,GRRTBK,float,variable_id:nces:DRVGR:00081006:GRRTBK,identity,2024 exact source mapping; same_source_variable_identity; metadata definitions remain year-specific; no assertion of measurement equivalence.,2024,2024,true,active
ipedsdb-panel-2004-2024-mixed-v1,GRRTHS,float,variable_id:nces:DRVGR:00081009:GRRTHS,identity,2024 exact source mapping; same_source_variable_identity; metadata definitions remain year-specific; no assertion of measurement equivalence.,2024,2024,true,active
ipedsdb-panel-2004-2024-mixed-v1,GRRTWH,float,variable_id:nces:DRVGR:00081003:GRRTWH,identity,2024 exact source mapping; same_source_variable_identity; metadata definitions remain year-specific; no assertion of measurement equivalence.,2024,2024,true,active
ipedsdb-panel-2004-2024-mixed-v1,GRRT2M,float,variable_id:nces:DRVGR:00081061:GRRT2M,identity,2024 exact source mapping; same_source_variable_identity; metadata definitions remain year-specific; no assertion of measurement equivalence.,2024,2024,true,active
ipedsdb-panel-2004-2024-mixed-v1,GRRTUN,float,variable_id:nces:DRVGR:00081017:GRRTUN,identity,2024 exact source mapping; same_source_variable_identity; metadata definitions remain year-specific; no assertion of measurement equivalence.,2024,2024,true,active
ipedsdb-panel-2004-2024-mixed-v1,GRRTNR__DRVGR__00081019__D84960F34F69,float,variable_id:nces:DRVGR:00081019:GRRTNR,identity,2024 exact source mapping; same_source_variable_identity; metadata definitions remain year-specific; no assertion of measurement equivalence.,2024,2024,true,active
ipedsdb-panel-2004-2024-mixed-v1,TRRTTOT,float,variable_id:nces:DRVGR:00081025:TRRTTOT,identity,2024 exact source mapping; same_source_variable_identity; metadata definitions remain year-specific; no assertion of measurement equivalence.,2024,2024,true,active
ipedsdb-panel-2004-2024-mixed-v1,GBA4RTT__DRVGR__00081027__460439B06CD3,float,variable_id:nces:DRVGR:00081027:GBA4RTT,identity,2024 exact source mapping; same_source_variable_identity; metadata definitions remain year-specific; no assertion of measurement equivalence.,2024,2024,true,active
ipedsdb-panel-2004-2024-mixed-v1,GBA5RTT__DRVGR__00081029__E9F8B6155100,float,variable_id:nces:DRVGR:00081029:GBA5RTT,identity,2024 exact source mapping; same_source_variable_identity; metadata definitions remain year-specific; no assertion of measurement equivalence.,2024,2024,true,active
ipedsdb-panel-2004-2024-mixed-v1,GBA6RTT__DRVGR__00081031__B5B0F3467396,float,variable_id:nces:DRVGR:00081031:GBA6RTT,identity,2024 exact source mapping; same_source_variable_identity; metadata definitions remain year-specific; no assertion of measurement equivalence.,2024,2024,true,active
ipedsdb-panel-2004-2024-mixed-v1,GBA6RTM__DRVGR__00081033__E0D2510F934A,float,variable_id:nces:DRVGR:00081033:GBA6RTM,identity,2024 exact source mapping; same_source_variable_identity; metadata definitions remain year-specific; no assertion of measurement equivalence.,2024,2024,true,active
ipedsdb-panel-2004-2024-mixed-v1,GBA6RTW__DRVGR__00081035__D834AB182861,float,variable_id:nces:DRVGR:00081035:GBA6RTW,identity,2024 exact source mapping; same_source_variable_identity; metadata definitions remain year-specific; no assertion of measurement equivalence.,2024,2024,true,active
ipedsdb-panel-2004-2024-mixed-v1,GBA6RTAN__DRVGR__00081045__6EDD6720DBE8,float,variable_id:nces:DRVGR:00081045:GBA6RTAN,identity,2024 exact source mapping; same_source_variable_identity; metadata definitions remain year-specific; no assertion of measurement equivalence.,2024,2024,true,active
ipedsdb-panel-2004-2024-mixed-v1,GBA6RTAP__DRVGR__00081043__E5B227F63603,float,variable_id:nces:DRVGR:00081043:GBA6RTAP,identity,2024 exact source mapping; same_source_variable_identity; metadata definitions remain year-specific; no assertion of measurement equivalence.,2024,2024,true,active
ipedsdb-panel-2004-2024-mixed-v1,GBA6RTAS,float,variable_id:nces:DRVGR:00081416:GBA6RTAS,identity,2024 exact source mapping; same_source_variable_identity; metadata definitions remain year-specific; no assertion of measurement equivalence.,2024,2024,true,active
ipedsdb-panel-2004-2024-mixed-v1,GBA6RTNH,float,variable_id:nces:DRVGR:00081421:GBA6RTNH,identity,2024 exact source mapping; same_source_variable_identity; metadata definitions remain year-specific; no assertion of measurement equivalence.,2024,2024,true,active
ipedsdb-panel-2004-2024-mixed-v1,GBA6RTBK__DRVGR__00081039__DFE0FD18EA4A,float,variable_id:nces:DRVGR:00081039:GBA6RTBK,identity,2024 exact source mapping; same_source_variable_identity; metadata definitions remain year-specific; no assertion of measurement equivalence.,2024,2024,true,active
ipedsdb-panel-2004-2024-mixed-v1,GBA6RTHS__DRVGR__00081041__34C3E9C00980,float,variable_id:nces:DRVGR:00081041:GBA6RTHS,identity,2024 exact source mapping; same_source_variable_identity; metadata definitions remain year-specific; no assertion of measurement equivalence.,2024,2024,true,active
ipedsdb-panel-2004-2024-mixed-v1,GBA6RTWH__DRVGR__00081037__CB53B2D98E80,float,variable_id:nces:DRVGR:00081037:GBA6RTWH,identity,2024 exact source mapping; same_source_variable_identity; metadata definitions remain year-specific; no assertion of measurement equivalence.,2024,2024,true,active
ipedsdb-panel-2004-2024-mixed-v1,GBA6RT2M__DRVGR__00081066__D1846A017FB0,float,variable_id:nces:DRVGR:00081066:GBA6RT2M,identity,2024 exact source mapping; same_source_variable_identity; metadata definitions remain year-specific; no assertion of measurement equivalence.,2024,2024,true,active
ipedsdb-panel-2004-2024-mixed-v1,GBA6RTUN__DRVGR__00081047__2D356B146B1E,float,variable_id:nces:DRVGR:00081047:GBA6RTUN,identity,2024 exact source mapping; same_source_variable_identity; metadata definitions remain year-specific; no assertion of measurement equivalence.,2024,2024,true,active
ipedsdb-panel-2004-2024-mixed-v1,GBA6RTNR__DRVGR__00081049__B440531E7959,float,variable_id:nces:DRVGR:00081049:GBA6RTNR,identity,2024 exact source mapping; same_source_variable_identity; metadata definitions remain year-specific; no assertion of measurement equivalence.,2024,2024,true,active
ipedsdb-panel-2004-2024-mixed-v1,GBATRRT__DRVGR__00081051__FC8A48E25B74,float,variable_id:nces:DRVGR:00081051:GBATRRT,identity,2024 exact source mapping; same_source_variable_identity; metadata definitions remain year-specific; no assertion of measurement equivalence.,2024,2024,true,active
ipedsdb-panel-2004-2024-mixed-v1,PGGRRTT,float,variable_id:nces:DRVGR:00081686:PGGRRTT,identity,2024 exact source mapping; same_source_variable_identity; metadata definitions remain year-specific; no assertion of measurement equivalence.,2024,2024,true,active
ipedsdb-panel-2004-2024-mixed-v1,PGBA6RT,float,variable_id:nces:DRVGR:00081691:PGBA6RT,identity,2024 exact source mapping; same_source_variable_identity; metadata definitions remain year-specific; no assertion of measurement equivalence.,2024,2024,true,active
ipedsdb-panel-2004-2024-mixed-v1,SSGRRTT,float,variable_id:nces:DRVGR:00081696:SSGRRTT,identity,2024 exact source mapping; same_source_variable_identity; metadata definitions remain year-specific; no assertion of measurement equivalence.,2024,2024,true,active
ipedsdb-panel-2004-2024-mixed-v1,SSBA6RT,float,variable_id:nces:DRVGR:00081701:SSBA6RT,identity,2024 exact source mapping; same_source_variable_identity; metadata definitions remain year-specific; no assertion of measurement equivalence.,2024,2024,true,active
ipedsdb-panel-2004-2024-mixed-v1,NRGRRTT,float,variable_id:nces:DRVGR:00081706:NRGRRTT,identity,2024 exact source mapping; same_source_variable_identity; metadata definitions remain year-specific; no assertion of measurement equivalence.,2024,2024,true,active
ipedsdb-panel-2004-2024-mixed-v1,NRBA6RT,float,variable_id:nces:DRVGR:00081711:NRBA6RT,identity,2024 exact source mapping; same_source_variable_identity; metadata definitions remain year-specific; no assertion of measurement equivalence.,2024,2024,true,active
ipedsdb-panel-2004-2024-mixed-v1,SALTOTL__DRVHR__00040801__01167EF06C3C,float,variable_id:nces:DRVHR:00040801:SALTOTL,identity,2024 exact source mapping; same_source_variable_identity; metadata definitions remain year-specific; no assertion of measurement equivalence.,2024,2024,true,active
ipedsdb-panel-2004-2024-mixed-v1,SALPROF__DRVHR__00040806__0AAD47044B60,float,variable_id:nces:DRVHR:00040806:SALPROF,identity,2024 exact source mapping; same_source_variable_identity; metadata definitions remain year-specific; no assertion of measurement equivalence.,2024,2024,true,active
ipedsdb-panel-2004-2024-mixed-v1,SALASSC__DRVHR__00040811__0E209CDE3DD6,float,variable_id:nces:DRVHR:00040811:SALASSC,identity,2024 exact source mapping; same_source_variable_identity; metadata definitions remain year-specific; no assertion of measurement equivalence.,2024,2024,true,active
ipedsdb-panel-2004-2024-mixed-v1,SALASST__DRVHR__00040816__88A97A6FB5B9,float,variable_id:nces:DRVHR:00040816:SALASST,identity,2024 exact source mapping; same_source_variable_identity; metadata definitions remain year-specific; no assertion of measurement equivalence.,2024,2024,true,active
ipedsdb-panel-2004-2024-mixed-v1,SALINST__DRVHR__00040821__A2B27D2DEB06,float,variable_id:nces:DRVHR:00040821:SALINST,identity,2024 exact source mapping; same_source_variable_identity; metadata definitions remain year-specific; no assertion of measurement equivalence.,2024,2024,true,active
ipedsdb-panel-2004-2024-mixed-v1,SALLECT__DRVHR__00040826__96CD96F0AA97,float,variable_id:nces:DRVHR:00040826:SALLECT,identity,2024 exact source mapping; same_source_variable_identity; metadata definitions remain year-specific; no assertion of measurement equivalence.,2024,2024,true,active
ipedsdb-panel-2004-2024-mixed-v1,SALNRNK__DRVHR__00040831__E37BE3D3F541,float,variable_id:nces:DRVHR:00040831:SALNRNK,identity,2024 exact source mapping; same_source_variable_identity; metadata definitions remain year-specific; no assertion of measurement equivalence.,2024,2024,true,active
ipedsdb-panel-2004-2024-mixed-v1,SFTETOTL,float,variable_id:nces:DRVHR:00090305:SFTETOTL,identity,2024 exact source mapping; same_source_variable_identity; metadata definitions remain year-specific; no assertion of measurement equivalence.,2024,2024,true,active
ipedsdb-panel-2004-2024-mixed-v1,SFTEPSTC,float,variable_id:nces:DRVHR:00090310:SFTEPSTC,identity,2024 exact source mapping; same_source_variable_identity; metadata definitions remain year-specific; no assertion of measurement equivalence.,2024,2024,true,active
ipedsdb-panel-2004-2024-mixed-v1,SFTEINST,float,variable_id:nces:DRVHR:00090350:SFTEINST,identity,2024 exact source mapping; same_source_variable_identity; metadata definitions remain year-specific; no assertion of measurement equivalence.,2024,2024,true,active
ipedsdb-panel-2004-2024-mixed-v1,SFTERSRC,float,variable_id:nces:DRVHR:00090355:SFTERSRC,identity,2024 exact source mapping; same_source_variable_identity; metadata definitions remain year-specific; no assertion of measurement equivalence.,2024,2024,true,active
ipedsdb-panel-2004-2024-mixed-v1,SFTEPBSV,float,variable_id:nces:DRVHR:00090360:SFTEPBSV,identity,2024 exact source mapping; same_source_variable_identity; metadata definitions remain year-specific; no assertion of measurement equivalence.,2024,2024,true,active
ipedsdb-panel-2004-2024-mixed-v1,SFTELCAI,float,variable_id:nces:DRVHR:00090365:SFTELCAI,identity,2024 exact source mapping; same_source_variable_identity; metadata definitions remain year-specific; no assertion of measurement equivalence.,2024,2024,true,active
ipedsdb-panel-2004-2024-mixed-v1,SFTELCA,float,variable_id:nces:DRVHR:00090370:SFTELCA,identity,2024 exact source mapping; same_source_variable_identity; metadata definitions remain year-specific; no assertion of measurement equivalence.,2024,2024,true,active
ipedsdb-panel-2004-2024-mixed-v1,SFTEOTIS,float,variable_id:nces:DRVHR:00090375:SFTEOTIS,identity,2024 exact source mapping; same_source_variable_identity; metadata definitions remain year-specific; no assertion of measurement equivalence.,2024,2024,true,active
ipedsdb-panel-2004-2024-mixed-v1,SFTEMNGM,float,variable_id:nces:DRVHR:00090380:SFTEMNGM,identity,2024 exact source mapping; same_source_variable_identity; metadata definitions remain year-specific; no assertion of measurement equivalence.,2024,2024,true,active
ipedsdb-panel-2004-2024-mixed-v1,SFTEBFO,float,variable_id:nces:DRVHR:00090385:SFTEBFO,identity,2024 exact source mapping; same_source_variable_identity; metadata definitions remain year-specific; no assertion of measurement equivalence.,2024,2024,true,active
ipedsdb-panel-2004-2024-mixed-v1,SFTECES,float,variable_id:nces:DRVHR:00090390:SFTECES,identity,2024 exact source mapping; same_source_variable_identity; metadata definitions remain year-specific; no assertion of measurement equivalence.,2024,2024,true,active
ipedsdb-panel-2004-2024-mixed-v1,SFTECLAM,float,variable_id:nces:DRVHR:00090395:SFTECLAM,identity,2024 exact source mapping; same_source_variable_identity; metadata definitions remain year-specific; no assertion of measurement equivalence.,2024,2024,true,active
ipedsdb-panel-2004-2024-mixed-v1,SFTEHLTH,float,variable_id:nces:DRVHR:00090400:SFTEHLTH,identity,2024 exact source mapping; same_source_variable_identity; metadata definitions remain year-specific; no assertion of measurement equivalence.,2024,2024,true,active
ipedsdb-panel-2004-2024-mixed-v1,SFTEOTHR,float,variable_id:nces:DRVHR:00090405:SFTEOTHR,identity,2024 exact source mapping; same_source_variable_identity; metadata definitions remain year-specific; no assertion of measurement equivalence.,2024,2024,true,active
ipedsdb-panel-2004-2024-mixed-v1,SFTESRVC,float,variable_id:nces:DRVHR:00090410:SFTESRVC,identity,2024 exact source mapping; same_source_variable_identity; metadata definitions remain year-specific; no assertion of measurement equivalence.,2024,2024,true,active
ipedsdb-panel-2004-2024-mixed-v1,SFTESALE,float,variable_id:nces:DRVHR:00090415:SFTESALE,identity,2024 exact source mapping; same_source_variable_identity; metadata definitions remain year-specific; no assertion of measurement equivalence.,2024,2024,true,active
ipedsdb-panel-2004-2024-mixed-v1,SFTEOFAS,float,variable_id:nces:DRVHR:00090420:SFTEOFAS,identity,2024 exact source mapping; same_source_variable_identity; metadata definitions remain year-specific; no assertion of measurement equivalence.,2024,2024,true,active
ipedsdb-panel-2004-2024-mixed-v1,SFTENRCM,float,variable_id:nces:DRVHR:00090425:SFTENRCM,identity,2024 exact source mapping; same_source_variable_identity; metadata definitions remain year-specific; no assertion of measurement equivalence.,2024,2024,true,active
ipedsdb-panel-2004-2024-mixed-v1,SFTEPTMM,float,variable_id:nces:DRVHR:00090430:SFTEPTMM,identity,2024 exact source mapping; same_source_variable_identity; metadata definitions remain year-specific; no assertion of measurement equivalence.,2024,2024,true,active
ipedsdb-panel-2004-2024-mixed-v1,OM1TOTLAWDP4,float,variable_id:nces:DRVOM:00084101:OM1TOTLAWDP4,identity,2024 exact source mapping; same_source_variable_identity; metadata definitions remain year-specific; no assertion of measurement equivalence.,2024,2024,true,active
ipedsdb-panel-2004-2024-mixed-v1,OM1TOTLAWDP6,float,variable_id:nces:DRVOM:00084102:OM1TOTLAWDP6,identity,2024 exact source mapping; same_source_variable_identity; metadata definitions remain year-specific; no assertion of measurement equivalence.,2024,2024,true,active
ipedsdb-panel-2004-2024-mixed-v1,OM1TOTLAWDP8,float,variable_id:nces:DRVOM:00084103:OM1TOTLAWDP8,identity,2024 exact source mapping; same_source_variable_identity; metadata definitions remain year-specific; no assertion of measurement equivalence.,2024,2024,true,active
ipedsdb-panel-2004-2024-mixed-v1,OM1TOTLENYP8,float,variable_id:nces:DRVOM:00084104:OM1TOTLENYP8,identity,2024 exact source mapping; same_source_variable_identity; metadata definitions remain year-specific; no assertion of measurement equivalence.,2024,2024,true,active
ipedsdb-panel-2004-2024-mixed-v1,OM1TOTLENAP8,float,variable_id:nces:DRVOM:00084105:OM1TOTLENAP8,identity,2024 exact source mapping; same_source_variable_identity; metadata definitions remain year-specific; no assertion of measurement equivalence.,2024,2024,true,active
ipedsdb-panel-2004-2024-mixed-v1,OM1TOTLENUP8,float,variable_id:nces:DRVOM:00084106:OM1TOTLENUP8,identity,2024 exact source mapping; same_source_variable_identity; metadata definitions remain year-specific; no assertion of measurement equivalence.,2024,2024,true,active
ipedsdb-panel-2004-2024-mixed-v1,OM1TOTLCRTP8,float,variable_id:nces:DRVOM:00084107:OM1TOTLCRTP8,identity,2024 exact source mapping; same_source_variable_identity; metadata definitions remain year-specific; no assertion of measurement equivalence.,2024,2024,true,active
ipedsdb-panel-2004-2024-mixed-v1,OM1TOTLASCP8,float,variable_id:nces:DRVOM:00084108:OM1TOTLASCP8,identity,2024 exact source mapping; same_source_variable_identity; metadata definitions remain year-specific; no assertion of measurement equivalence.,2024,2024,true,active
ipedsdb-panel-2004-2024-mixed-v1,OM1TOTLBACP8,float,variable_id:nces:DRVOM:00084109:OM1TOTLBACP8,identity,2024 exact source mapping; same_source_variable_identity; metadata definitions remain year-specific; no assertion of measurement equivalence.,2024,2024,true,active
ipedsdb-panel-2004-2024-mixed-v1,OM1PELLAWDP4,float,variable_id:nces:DRVOM:00084111:OM1PELLAWDP4,identity,2024 exact source mapping; same_source_variable_identity; metadata definitions remain year-specific; no assertion of measurement equivalence.,2024,2024,true,active
ipedsdb-panel-2004-2024-mixed-v1,OM1PELLAWDP6,float,variable_id:nces:DRVOM:00084112:OM1PELLAWDP6,identity,2024 exact source mapping; same_source_variable_identity; metadata definitions remain year-specific; no assertion of measurement equivalence.,2024,2024,true,active
ipedsdb-panel-2004-2024-mixed-v1,OM1PELLAWDP8,float,variable_id:nces:DRVOM:00084113:OM1PELLAWDP8,identity,2024 exact source mapping; same_source_variable_identity; metadata definitions remain year-specific; no assertion of measurement equivalence.,2024,2024,true,active
ipedsdb-panel-2004-2024-mixed-v1,OM1PELLENYP8,float,variable_id:nces:DRVOM:00084114:OM1PELLENYP8,identity,2024 exact source mapping; same_source_variable_identity; metadata definitions remain year-specific; no assertion of measurement equivalence.,2024,2024,true,active
ipedsdb-panel-2004-2024-mixed-v1,OM1PELLENAP8,float,variable_id:nces:DRVOM:00084115:OM1PELLENAP8,identity,2024 exact source mapping; same_source_variable_identity; metadata definitions remain year-specific; no assertion of measurement equivalence.,2024,2024,true,active
ipedsdb-panel-2004-2024-mixed-v1,OM1PELLENUP8,float,variable_id:nces:DRVOM:00084116:OM1PELLENUP8,identity,2024 exact source mapping; same_source_variable_identity; metadata definitions remain year-specific; no assertion of measurement equivalence.,2024,2024,true,active
ipedsdb-panel-2004-2024-mixed-v1,OM1PELLCRTP8,float,variable_id:nces:DRVOM:00084117:OM1PELLCRTP8,identity,2024 exact source mapping; same_source_variable_identity; metadata definitions remain year-specific; no assertion of measurement equivalence.,2024,2024,true,active
ipedsdb-panel-2004-2024-mixed-v1,OM1PELLASCP8,float,variable_id:nces:DRVOM:00084118:OM1PELLASCP8,identity,2024 exact source mapping; same_source_variable_identity; metadata definitions remain year-specific; no assertion of measurement equivalence.,2024,2024,true,active
ipedsdb-panel-2004-2024-mixed-v1,OM1PELLBACP8,float,variable_id:nces:DRVOM:00084119:OM1PELLBACP8,identity,2024 exact source mapping; same_source_variable_identity; metadata definitions remain year-specific; no assertion of measurement equivalence.,2024,2024,true,active
ipedsdb-panel-2004-2024-mixed-v1,OM1NPELAWDP4,float,variable_id:nces:DRVOM:00084121:OM1NPELAWDP4,identity,2024 exact source mapping; same_source_variable_identity; metadata definitions remain year-specific; no assertion of measurement equivalence.,2024,2024,true,active
ipedsdb-panel-2004-2024-mixed-v1,OM1NPELAWDP6,float,variable_id:nces:DRVOM:00084122:OM1NPELAWDP6,identity,2024 exact source mapping; same_source_variable_identity; metadata definitions remain year-specific; no assertion of measurement equivalence.,2024,2024,true,active
ipedsdb-panel-2004-2024-mixed-v1,OM1NPELAWDP8,float,variable_id:nces:DRVOM:00084123:OM1NPELAWDP8,identity,2024 exact source mapping; same_source_variable_identity; metadata definitions remain year-specific; no assertion of measurement equivalence.,2024,2024,true,active
ipedsdb-panel-2004-2024-mixed-v1,OM1NPELENYP8,float,variable_id:nces:DRVOM:00084124:OM1NPELENYP8,identity,2024 exact source mapping; same_source_variable_identity; metadata definitions remain year-specific; no assertion of measurement equivalence.,2024,2024,true,active
ipedsdb-panel-2004-2024-mixed-v1,OM1NPELENAP8,float,variable_id:nces:DRVOM:00084125:OM1NPELENAP8,identity,2024 exact source mapping; same_source_variable_identity; metadata definitions remain year-specific; no assertion of measurement equivalence.,2024,2024,true,active
ipedsdb-panel-2004-2024-mixed-v1,OM1NPELENUP8,float,variable_id:nces:DRVOM:00084126:OM1NPELENUP8,identity,2024 exact source mapping; same_source_variable_identity; metadata definitions remain year-specific; no assertion of measurement equivalence.,2024,2024,true,active
ipedsdb-panel-2004-2024-mixed-v1,OM1NPELCRTP8,float,variable_id:nces:DRVOM:00084127:OM1NPELCRTP8,identity,2024 exact source mapping; same_source_variable_identity; metadata definitions remain year-specific; no assertion of measurement equivalence.,2024,2024,true,active
ipedsdb-panel-2004-2024-mixed-v1,OM1NPELASCP8,float,variable_id:nces:DRVOM:00084128:OM1NPELASCP8,identity,2024 exact source mapping; same_source_variable_identity; metadata definitions remain year-specific; no assertion of measurement equivalence.,2024,2024,true,active
ipedsdb-panel-2004-2024-mixed-v1,OM1NPELBACP8,float,variable_id:nces:DRVOM:00084129:OM1NPELBACP8,identity,2024 exact source mapping; same_source_variable_identity; metadata definitions remain year-specific; no assertion of measurement equivalence.,2024,2024,true,active
ipedsdb-panel-2004-2024-mixed-v1,OM2TOTLAWDP4,float,variable_id:nces:DRVOM:00084201:OM2TOTLAWDP4,identity,2024 exact source mapping; same_source_variable_identity; metadata definitions remain year-specific; no assertion of measurement equivalence.,2024,2024,true,active
ipedsdb-panel-2004-2024-mixed-v1,OM2TOTLAWDP6,float,variable_id:nces:DRVOM:00084202:OM2TOTLAWDP6,identity,2024 exact source mapping; same_source_variable_identity; metadata definitions remain year-specific; no assertion of measurement equivalence.,2024,2024,true,active
ipedsdb-panel-2004-2024-mixed-v1,OM2TOTLAWDP8,float,variable_id:nces:DRVOM:00084203:OM2TOTLAWDP8,identity,2024 exact source mapping; same_source_variable_identity; metadata definitions remain year-specific; no assertion of measurement equivalence.,2024,2024,true,active
ipedsdb-panel-2004-2024-mixed-v1,OM2TOTLENYP8,float,variable_id:nces:DRVOM:00084204:OM2TOTLENYP8,identity,2024 exact source mapping; same_source_variable_identity; metadata definitions remain year-specific; no assertion of measurement equivalence.,2024,2024,true,active
ipedsdb-panel-2004-2024-mixed-v1,OM2TOTLENAP8,float,variable_id:nces:DRVOM:00084205:OM2TOTLENAP8,identity,2024 exact source mapping; same_source_variable_identity; metadata definitions remain year-specific; no assertion of measurement equivalence.,2024,2024,true,active
ipedsdb-panel-2004-2024-mixed-v1,OM2TOTLENUP8,float,variable_id:nces:DRVOM:00084206:OM2TOTLENUP8,identity,2024 exact source mapping; same_source_variable_identity; metadata definitions remain year-specific; no assertion of measurement equivalence.,2024,2024,true,active
ipedsdb-panel-2004-2024-mixed-v1,OM2TOTLCRTP8,float,variable_id:nces:DRVOM:00084207:OM2TOTLCRTP8,identity,2024 exact source mapping; same_source_variable_identity; metadata definitions remain year-specific; no assertion of measurement equivalence.,2024,2024,true,active
ipedsdb-panel-2004-2024-mixed-v1,OM2TOTLASCP8,float,variable_id:nces:DRVOM:00084208:OM2TOTLASCP8,identity,2024 exact source mapping; same_source_variable_identity; metadata definitions remain year-specific; no assertion of measurement equivalence.,2024,2024,true,active
ipedsdb-panel-2004-2024-mixed-v1,OM2TOTLBACP8,float,variable_id:nces:DRVOM:00084209:OM2TOTLBACP8,identity,2024 exact source mapping; same_source_variable_identity; metadata definitions remain year-specific; no assertion of measurement equivalence.,2024,2024,true,active
ipedsdb-panel-2004-2024-mixed-v1,OM2PELLAWDP4,float,variable_id:nces:DRVOM:00084211:OM2PELLAWDP4,identity,2024 exact source mapping; same_source_variable_identity; metadata definitions remain year-specific; no assertion of measurement equivalence.,2024,2024,true,active
ipedsdb-panel-2004-2024-mixed-v1,OM2PELLAWDP6,float,variable_id:nces:DRVOM:00084212:OM2PELLAWDP6,identity,2024 exact source mapping; same_source_variable_identity; metadata definitions remain year-specific; no assertion of measurement equivalence.,2024,2024,true,active
ipedsdb-panel-2004-2024-mixed-v1,OM2PELLAWDP8,float,variable_id:nces:DRVOM:00084213:OM2PELLAWDP8,identity,2024 exact source mapping; same_source_variable_identity; metadata definitions remain year-specific; no assertion of measurement equivalence.,2024,2024,true,active
ipedsdb-panel-2004-2024-mixed-v1,OM2PELLENYP8,float,variable_id:nces:DRVOM:00084214:OM2PELLENYP8,identity,2024 exact source mapping; same_source_variable_identity; metadata definitions remain year-specific; no assertion of measurement equivalence.,2024,2024,true,active
ipedsdb-panel-2004-2024-mixed-v1,OM2PELLENAP8,float,variable_id:nces:DRVOM:00084215:OM2PELLENAP8,identity,2024 exact source mapping; same_source_variable_identity; metadata definitions remain year-specific; no assertion of measurement equivalence.,2024,2024,true,active
ipedsdb-panel-2004-2024-mixed-v1,OM2PELLENUP8,float,variable_id:nces:DRVOM:00084216:OM2PELLENUP8,identity,2024 exact source mapping; same_source_variable_identity; metadata definitions remain year-specific; no assertion of measurement equivalence.,2024,2024,true,active
ipedsdb-panel-2004-2024-mixed-v1,OM2PELLCRTP8,float,variable_id:nces:DRVOM:00084217:OM2PELLCRTP8,identity,2024 exact source mapping; same_source_variable_identity; metadata definitions remain year-specific; no assertion of measurement equivalence.,2024,2024,true,active
ipedsdb-panel-2004-2024-mixed-v1,OM2PELLASCP8,float,variable_id:nces:DRVOM:00084218:OM2PELLASCP8,identity,2024 exact source mapping; same_source_variable_identity; metadata definitions remain year-specific; no assertion of measurement equivalence.,2024,2024,true,active
ipedsdb-panel-2004-2024-mixed-v1,OM2PELLBACP8,float,variable_id:nces:DRVOM:00084219:OM2PELLBACP8,identity,2024 exact source mapping; same_source_variable_identity; metadata definitions remain year-specific; no assertion of measurement equivalence.,2024,2024,true,active
ipedsdb-panel-2004-2024-mixed-v1,OM2NPELAWDP4,float,variable_id:nces:DRVOM:00084221:OM2NPELAWDP4,identity,2024 exact source mapping; same_source_variable_identity; metadata definitions remain year-specific; no assertion of measurement equivalence.,2024,2024,true,active
ipedsdb-panel-2004-2024-mixed-v1,OM2NPELAWDP6,float,variable_id:nces:DRVOM:00084222:OM2NPELAWDP6,identity,2024 exact source mapping; same_source_variable_identity; metadata definitions remain year-specific; no assertion of measurement equivalence.,2024,2024,true,active
ipedsdb-panel-2004-2024-mixed-v1,OM2NPELAWDP8,float,variable_id:nces:DRVOM:00084223:OM2NPELAWDP8,identity,2024 exact source mapping; same_source_variable_identity; metadata definitions remain year-specific; no assertion of measurement equivalence.,2024,2024,true,active
ipedsdb-panel-2004-2024-mixed-v1,OM2NPELENYP8,float,variable_id:nces:DRVOM:00084224:OM2NPELENYP8,identity,2024 exact source mapping; same_source_variable_identity; metadata definitions remain year-specific; no assertion of measurement equivalence.,2024,2024,true,active
ipedsdb-panel-2004-2024-mixed-v1,OM2NPELENAP8,float,variable_id:nces:DRVOM:00084225:OM2NPELENAP8,identity,2024 exact source mapping; same_source_variable_identity; metadata definitions remain year-specific; no assertion of measurement equivalence.,2024,2024,true,active
ipedsdb-panel-2004-2024-mixed-v1,OM2NPELENUP8,float,variable_id:nces:DRVOM:00084226:OM2NPELENUP8,identity,2024 exact source mapping; same_source_variable_identity; metadata definitions remain year-specific; no assertion of measurement equivalence.,2024,2024,true,active
ipedsdb-panel-2004-2024-mixed-v1,OM2NPELCRTP8,float,variable_id:nces:DRVOM:00084227:OM2NPELCRTP8,identity,2024 exact source mapping; same_source_variable_identity; metadata definitions remain year-specific; no assertion of measurement equivalence.,2024,2024,true,active
ipedsdb-panel-2004-2024-mixed-v1,OM2NPELASCP8,float,variable_id:nces:DRVOM:00084228:OM2NPELASCP8,identity,2024 exact source mapping; same_source_variable_identity; metadata definitions remain year-specific; no assertion of measurement equivalence.,2024,2024,true,active
ipedsdb-panel-2004-2024-mixed-v1,OM2NPELBACP8,float,variable_id:nces:DRVOM:00084229:OM2NPELBACP8,identity,2024 exact source mapping; same_source_variable_identity; metadata definitions remain year-specific; no assertion of measurement equivalence.,2024,2024,true,active
ipedsdb-panel-2004-2024-mixed-v1,OM3TOTLAWDP4,float,variable_id:nces:DRVOM:00084301:OM3TOTLAWDP4,identity,2024 exact source mapping; same_source_variable_identity; metadata definitions remain year-specific; no assertion of measurement equivalence.,2024,2024,true,active
ipedsdb-panel-2004-2024-mixed-v1,OM3TOTLAWDP6,float,variable_id:nces:DRVOM:00084302:OM3TOTLAWDP6,identity,2024 exact source mapping; same_source_variable_identity; metadata definitions remain year-specific; no assertion of measurement equivalence.,2024,2024,true,active
ipedsdb-panel-2004-2024-mixed-v1,OM3TOTLAWDP8,float,variable_id:nces:DRVOM:00084303:OM3TOTLAWDP8,identity,2024 exact source mapping; same_source_variable_identity; metadata definitions remain year-specific; no assertion of measurement equivalence.,2024,2024,true,active
ipedsdb-panel-2004-2024-mixed-v1,OM3TOTLENYP8,float,variable_id:nces:DRVOM:00084304:OM3TOTLENYP8,identity,2024 exact source mapping; same_source_variable_identity; metadata definitions remain year-specific; no assertion of measurement equivalence.,2024,2024,true,active
ipedsdb-panel-2004-2024-mixed-v1,OM3TOTLENAP8,float,variable_id:nces:DRVOM:00084305:OM3TOTLENAP8,identity,2024 exact source mapping; same_source_variable_identity; metadata definitions remain year-specific; no assertion of measurement equivalence.,2024,2024,true,active
ipedsdb-panel-2004-2024-mixed-v1,OM3TOTLENUP8,float,variable_id:nces:DRVOM:00084306:OM3TOTLENUP8,identity,2024 exact source mapping; same_source_variable_identity; metadata definitions remain year-specific; no assertion of measurement equivalence.,2024,2024,true,active
ipedsdb-panel-2004-2024-mixed-v1,OM3TOTLCRTP8,float,variable_id:nces:DRVOM:00084307:OM3TOTLCRTP8,identity,2024 exact source mapping; same_source_variable_identity; metadata definitions remain year-specific; no assertion of measurement equivalence.,2024,2024,true,active
ipedsdb-panel-2004-2024-mixed-v1,OM3TOTLASCP8,float,variable_id:nces:DRVOM:00084308:OM3TOTLASCP8,identity,2024 exact source mapping; same_source_variable_identity; metadata definitions remain year-specific; no assertion of measurement equivalence.,2024,2024,true,active
ipedsdb-panel-2004-2024-mixed-v1,OM3TOTLBACP8,float,variable_id:nces:DRVOM:00084309:OM3TOTLBACP8,identity,2024 exact source mapping; same_source_variable_identity; metadata definitions remain year-specific; no assertion of measurement equivalence.,2024,2024,true,active
ipedsdb-panel-2004-2024-mixed-v1,OM3PELLAWDP4,float,variable_id:nces:DRVOM:00084311:OM3PELLAWDP4,identity,2024 exact source mapping; same_source_variable_identity; metadata definitions remain year-specific; no assertion of measurement equivalence.,2024,2024,true,active
ipedsdb-panel-2004-2024-mixed-v1,OM3PELLAWDP6,float,variable_id:nces:DRVOM:00084312:OM3PELLAWDP6,identity,2024 exact source mapping; same_source_variable_identity; metadata definitions remain year-specific; no assertion of measurement equivalence.,2024,2024,true,active
ipedsdb-panel-2004-2024-mixed-v1,OM3PELLAWDP8,float,variable_id:nces:DRVOM:00084313:OM3PELLAWDP8,identity,2024 exact source mapping; same_source_variable_identity; metadata definitions remain year-specific; no assertion of measurement equivalence.,2024,2024,true,active
ipedsdb-panel-2004-2024-mixed-v1,OM3PELLENYP8,float,variable_id:nces:DRVOM:00084314:OM3PELLENYP8,identity,2024 exact source mapping; same_source_variable_identity; metadata definitions remain year-specific; no assertion of measurement equivalence.,2024,2024,true,active
ipedsdb-panel-2004-2024-mixed-v1,OM3PELLENAP8,float,variable_id:nces:DRVOM:00084315:OM3PELLENAP8,identity,2024 exact source mapping; same_source_variable_identity; metadata definitions remain year-specific; no assertion of measurement equivalence.,2024,2024,true,active
ipedsdb-panel-2004-2024-mixed-v1,OM3PELLENUP8,float,variable_id:nces:DRVOM:00084316:OM3PELLENUP8,identity,2024 exact source mapping; same_source_variable_identity; metadata definitions remain year-specific; no assertion of measurement equivalence.,2024,2024,true,active
ipedsdb-panel-2004-2024-mixed-v1,OM3PELLCRTP8,float,variable_id:nces:DRVOM:00084317:OM3PELLCRTP8,identity,2024 exact source mapping; same_source_variable_identity; metadata definitions remain year-specific; no assertion of measurement equivalence.,2024,2024,true,active
ipedsdb-panel-2004-2024-mixed-v1,OM3PELLASCP8,float,variable_id:nces:DRVOM:00084318:OM3PELLASCP8,identity,2024 exact source mapping; same_source_variable_identity; metadata definitions remain year-specific; no assertion of measurement equivalence.,2024,2024,true,active
ipedsdb-panel-2004-2024-mixed-v1,OM3PELLBACP8,float,variable_id:nces:DRVOM:00084319:OM3PELLBACP8,identity,2024 exact source mapping; same_source_variable_identity; metadata definitions remain year-specific; no assertion of measurement equivalence.,2024,2024,true,active
ipedsdb-panel-2004-2024-mixed-v1,OM3NPELAWDP4,float,variable_id:nces:DRVOM:00084321:OM3NPELAWDP4,identity,2024 exact source mapping; same_source_variable_identity; metadata definitions remain year-specific; no assertion of measurement equivalence.,2024,2024,true,active
ipedsdb-panel-2004-2024-mixed-v1,OM3NPELAWDP6,float,variable_id:nces:DRVOM:00084322:OM3NPELAWDP6,identity,2024 exact source mapping; same_source_variable_identity; metadata definitions remain year-specific; no assertion of measurement equivalence.,2024,2024,true,active
ipedsdb-panel-2004-2024-mixed-v1,OM3NPELAWDP8,float,variable_id:nces:DRVOM:00084323:OM3NPELAWDP8,identity,2024 exact source mapping; same_source_variable_identity; metadata definitions remain year-specific; no assertion of measurement equivalence.,2024,2024,true,active
ipedsdb-panel-2004-2024-mixed-v1,OM3NPELENYP8,float,variable_id:nces:DRVOM:00084324:OM3NPELENYP8,identity,2024 exact source mapping; same_source_variable_identity; metadata definitions remain year-specific; no assertion of measurement equivalence.,2024,2024,true,active
ipedsdb-panel-2004-2024-mixed-v1,OM3NPELENAP8,float,variable_id:nces:DRVOM:00084325:OM3NPELENAP8,identity,2024 exact source mapping; same_source_variable_identity; metadata definitions remain year-specific; no assertion of measurement equivalence.,2024,2024,true,active
ipedsdb-panel-2004-2024-mixed-v1,OM3NPELENUP8,float,variable_id:nces:DRVOM:00084326:OM3NPELENUP8,identity,2024 exact source mapping; same_source_variable_identity; metadata definitions remain year-specific; no assertion of measurement equivalence.,2024,2024,true,active
ipedsdb-panel-2004-2024-mixed-v1,OM3NPELCRTP8,float,variable_id:nces:DRVOM:00084327:OM3NPELCRTP8,identity,2024 exact source mapping; same_source_variable_identity; metadata definitions remain year-specific; no assertion of measurement equivalence.,2024,2024,true,active
ipedsdb-panel-2004-2024-mixed-v1,OM3NPELASCP8,float,variable_id:nces:DRVOM:00084328:OM3NPELASCP8,identity,2024 exact source mapping; same_source_variable_identity; metadata definitions remain year-specific; no assertion of measurement equivalence.,2024,2024,true,active
ipedsdb-panel-2004-2024-mixed-v1,OM3NPELBACP8,float,variable_id:nces:DRVOM:00084329:OM3NPELBACP8,identity,2024 exact source mapping; same_source_variable_identity; metadata definitions remain year-specific; no assertion of measurement equivalence.,2024,2024,true,active
ipedsdb-panel-2004-2024-mixed-v1,OM4TOTLAWDP4,float,variable_id:nces:DRVOM:00084401:OM4TOTLAWDP4,identity,2024 exact source mapping; same_source_variable_identity; metadata definitions remain year-specific; no assertion of measurement equivalence.,2024,2024,true,active
ipedsdb-panel-2004-2024-mixed-v1,OM4TOTLAWDP6,float,variable_id:nces:DRVOM:00084402:OM4TOTLAWDP6,identity,2024 exact source mapping; same_source_variable_identity; metadata definitions remain year-specific; no assertion of measurement equivalence.,2024,2024,true,active
ipedsdb-panel-2004-2024-mixed-v1,OM4TOTLAWDP8,float,variable_id:nces:DRVOM:00084403:OM4TOTLAWDP8,identity,2024 exact source mapping; same_source_variable_identity; metadata definitions remain year-specific; no assertion of measurement equivalence.,2024,2024,true,active
ipedsdb-panel-2004-2024-mixed-v1,OM4TOTLENYP8,float,variable_id:nces:DRVOM:00084404:OM4TOTLENYP8,identity,2024 exact source mapping; same_source_variable_identity; metadata definitions remain year-specific; no assertion of measurement equivalence.,2024,2024,true,active
ipedsdb-panel-2004-2024-mixed-v1,OM4TOTLENAP8,float,variable_id:nces:DRVOM:00084405:OM4TOTLENAP8,identity,2024 exact source mapping; same_source_variable_identity; metadata definitions remain year-specific; no assertion of measurement equivalence.,2024,2024,true,active
ipedsdb-panel-2004-2024-mixed-v1,OM4TOTLENUP8,float,variable_id:nces:DRVOM:00084406:OM4TOTLENUP8,identity,2024 exact source mapping; same_source_variable_identity; metadata definitions remain year-specific; no assertion of measurement equivalence.,2024,2024,true,active
ipedsdb-panel-2004-2024-mixed-v1,OM4TOTLCRTP8,float,variable_id:nces:DRVOM:00084407:OM4TOTLCRTP8,identity,2024 exact source mapping; same_source_variable_identity; metadata definitions remain year-specific; no assertion of measurement equivalence.,2024,2024,true,active
ipedsdb-panel-2004-2024-mixed-v1,OM4TOTLASCP8,float,variable_id:nces:DRVOM:00084408:OM4TOTLASCP8,identity,2024 exact source mapping; same_source_variable_identity; metadata definitions remain year-specific; no assertion of measurement equivalence.,2024,2024,true,active
ipedsdb-panel-2004-2024-mixed-v1,OM4TOTLBACP8,float,variable_id:nces:DRVOM:00084409:OM4TOTLBACP8,identity,2024 exact source mapping; same_source_variable_identity; metadata definitions remain year-specific; no assertion of measurement equivalence.,2024,2024,true,active
ipedsdb-panel-2004-2024-mixed-v1,OM4PELLAWDP4,float,variable_id:nces:DRVOM:00084411:OM4PELLAWDP4,identity,2024 exact source mapping; same_source_variable_identity; metadata definitions remain year-specific; no assertion of measurement equivalence.,2024,2024,true,active
ipedsdb-panel-2004-2024-mixed-v1,OM4PELLAWDP6,float,variable_id:nces:DRVOM:00084412:OM4PELLAWDP6,identity,2024 exact source mapping; same_source_variable_identity; metadata definitions remain year-specific; no assertion of measurement equivalence.,2024,2024,true,active
ipedsdb-panel-2004-2024-mixed-v1,OM4PELLAWDP8,float,variable_id:nces:DRVOM:00084413:OM4PELLAWDP8,identity,2024 exact source mapping; same_source_variable_identity; metadata definitions remain year-specific; no assertion of measurement equivalence.,2024,2024,true,active
ipedsdb-panel-2004-2024-mixed-v1,OM4PELLENYP8,float,variable_id:nces:DRVOM:00084414:OM4PELLENYP8,identity,2024 exact source mapping; same_source_variable_identity; metadata definitions remain year-specific; no assertion of measurement equivalence.,2024,2024,true,active
ipedsdb-panel-2004-2024-mixed-v1,OM4PELLENAP8,float,variable_id:nces:DRVOM:00084415:OM4PELLENAP8,identity,2024 exact source mapping; same_source_variable_identity; metadata definitions remain year-specific; no assertion of measurement equivalence.,2024,2024,true,active
ipedsdb-panel-2004-2024-mixed-v1,OM4PELLENUP8,float,variable_id:nces:DRVOM:00084416:OM4PELLENUP8,identity,2024 exact source mapping; same_source_variable_identity; metadata definitions remain year-specific; no assertion of measurement equivalence.,2024,2024,true,active
ipedsdb-panel-2004-2024-mixed-v1,OM4PELLCRTP8,float,variable_id:nces:DRVOM:00084417:OM4PELLCRTP8,identity,2024 exact source mapping; same_source_variable_identity; metadata definitions remain year-specific; no assertion of measurement equivalence.,2024,2024,true,active
ipedsdb-panel-2004-2024-mixed-v1,OM4PELLASCP8,float,variable_id:nces:DRVOM:00084418:OM4PELLASCP8,identity,2024 exact source mapping; same_source_variable_identity; metadata definitions remain year-specific; no assertion of measurement equivalence.,2024,2024,true,active
ipedsdb-panel-2004-2024-mixed-v1,OM4PELLBACP8,float,variable_id:nces:DRVOM:00084419:OM4PELLBACP8,identity,2024 exact source mapping; same_source_variable_identity; metadata definitions remain year-specific; no assertion of measurement equivalence.,2024,2024,true,active
ipedsdb-panel-2004-2024-mixed-v1,OM4NPELAWDP4,float,variable_id:nces:DRVOM:00084421:OM4NPELAWDP4,identity,2024 exact source mapping; same_source_variable_identity; metadata definitions remain year-specific; no assertion of measurement equivalence.,2024,2024,true,active
ipedsdb-panel-2004-2024-mixed-v1,OM4NPELAWDP6,float,variable_id:nces:DRVOM:00084422:OM4NPELAWDP6,identity,2024 exact source mapping; same_source_variable_identity; metadata definitions remain year-specific; no assertion of measurement equivalence.,2024,2024,true,active
ipedsdb-panel-2004-2024-mixed-v1,OM4NPELAWDP8,float,variable_id:nces:DRVOM:00084423:OM4NPELAWDP8,identity,2024 exact source mapping; same_source_variable_identity; metadata definitions remain year-specific; no assertion of measurement equivalence.,2024,2024,true,active
ipedsdb-panel-2004-2024-mixed-v1,OM4NPELENYP8,float,variable_id:nces:DRVOM:00084424:OM4NPELENYP8,identity,2024 exact source mapping; same_source_variable_identity; metadata definitions remain year-specific; no assertion of measurement equivalence.,2024,2024,true,active
ipedsdb-panel-2004-2024-mixed-v1,OM4NPELENAP8,float,variable_id:nces:DRVOM:00084425:OM4NPELENAP8,identity,2024 exact source mapping; same_source_variable_identity; metadata definitions remain year-specific; no assertion of measurement equivalence.,2024,2024,true,active
ipedsdb-panel-2004-2024-mixed-v1,OM4NPELENUP8,float,variable_id:nces:DRVOM:00084426:OM4NPELENUP8,identity,2024 exact source mapping; same_source_variable_identity; metadata definitions remain year-specific; no assertion of measurement equivalence.,2024,2024,true,active
ipedsdb-panel-2004-2024-mixed-v1,OM4NPELCRTP8,float,variable_id:nces:DRVOM:00084427:OM4NPELCRTP8,identity,2024 exact source mapping; same_source_variable_identity; metadata definitions remain year-specific; no assertion of measurement equivalence.,2024,2024,true,active
ipedsdb-panel-2004-2024-mixed-v1,OM4NPELASCP8,float,variable_id:nces:DRVOM:00084428:OM4NPELASCP8,identity,2024 exact source mapping; same_source_variable_identity; metadata definitions remain year-specific; no assertion of measurement equivalence.,2024,2024,true,active
ipedsdb-panel-2004-2024-mixed-v1,OM4NPELBACP8,float,variable_id:nces:DRVOM:00084429:OM4NPELBACP8,identity,2024 exact source mapping; same_source_variable_identity; metadata definitions remain year-specific; no assertion of measurement equivalence.,2024,2024,true,active
ipedsdb-panel-2004-2024-mixed-v1,GRCOHRT,float,variable_id:nces:EFD:00021001:GRCOHRT,identity,2024 exact source mapping; same_source_variable_identity; metadata definitions remain year-specific; no assertion of measurement equivalence.,2024,2024,true,active
ipedsdb-panel-2004-2024-mixed-v1,UGENTERN,float,variable_id:nces:EFD:00021006:UGENTERN,identity,2024 exact source mapping; same_source_variable_identity; metadata definitions remain year-specific; no assertion of measurement equivalence.,2024,2024,true,active
ipedsdb-panel-2004-2024-mixed-v1,PGRCOHRT,float,variable_id:nces:EFD:00021011:PGRCOHRT,identity,2024 exact source mapping; same_source_variable_identity; metadata definitions remain year-specific; no assertion of measurement equivalence.,2024,2024,true,active
ipedsdb-panel-2004-2024-mixed-v1,RRFTCT,float,variable_id:nces:EFD:00021026:RRFTCT,identity,2024 exact source mapping; same_source_variable_identity; metadata definitions remain year-specific; no assertion of measurement equivalence.,2024,2024,true,active
ipedsdb-panel-2004-2024-mixed-v1,RRFTEX,float,variable_id:nces:EFD:00021031:RRFTEX,identity,2024 exact source mapping; same_source_variable_identity; metadata definitions remain year-specific; no assertion of measurement equivalence.,2024,2024,true,active
ipedsdb-panel-2004-2024-mixed-v1,RRFTIN,float,variable_id:nces:EFD:00021033:RRFTIN,identity,2024 exact source mapping; same_source_variable_identity; metadata definitions remain year-specific; no assertion of measurement equivalence.,2024,2024,true,active
ipedsdb-panel-2004-2024-mixed-v1,RRFTCTA,float,variable_id:nces:EFD:00021036:RRFTCTA,identity,2024 exact source mapping; same_source_variable_identity; metadata definitions remain year-specific; no assertion of measurement equivalence.,2024,2024,true,active
ipedsdb-panel-2004-2024-mixed-v1,RET_NMF,float,variable_id:nces:EFD:00021041:RET_NMF,identity,2024 exact source mapping; same_source_variable_identity; metadata definitions remain year-specific; no assertion of measurement equivalence.,2024,2024,true,active
ipedsdb-panel-2004-2024-mixed-v1,RET_PCF,float,variable_id:nces:EFD:00021016:RET_PCF,identity,2024 exact source mapping; same_source_variable_identity; metadata definitions remain year-specific; no assertion of measurement equivalence.,2024,2024,true,active
ipedsdb-panel-2004-2024-mixed-v1,RRPTCT,float,variable_id:nces:EFD:00021046:RRPTCT,identity,2024 exact source mapping; same_source_variable_identity; metadata definitions remain year-specific; no assertion of measurement equivalence.,2024,2024,true,active
ipedsdb-panel-2004-2024-mixed-v1,RRPTEX,float,variable_id:nces:EFD:00021051:RRPTEX,identity,2024 exact source mapping; same_source_variable_identity; metadata definitions remain year-specific; no assertion of measurement equivalence.,2024,2024,true,active
ipedsdb-panel-2004-2024-mixed-v1,RRPTIN,float,variable_id:nces:EFD:00021053:RRPTIN,identity,2024 exact source mapping; same_source_variable_identity; metadata definitions remain year-specific; no assertion of measurement equivalence.,2024,2024,true,active
ipedsdb-panel-2004-2024-mixed-v1,RRPTCTA,float,variable_id:nces:EFD:00021056:RRPTCTA,identity,2024 exact source mapping; same_source_variable_identity; metadata definitions remain year-specific; no assertion of measurement equivalence.,2024,2024,true,active
ipedsdb-panel-2004-2024-mixed-v1,RET_NMP,float,variable_id:nces:EFD:00021061:RET_NMP,identity,2024 exact source mapping; same_source_variable_identity; metadata definitions remain year-specific; no assertion of measurement equivalence.,2024,2024,true,active
ipedsdb-panel-2004-2024-mixed-v1,RET_PCP,float,variable_id:nces:EFD:00021021:RET_PCP,identity,2024 exact source mapping; same_source_variable_identity; metadata definitions remain year-specific; no assertion of measurement equivalence.,2024,2024,true,active
ipedsdb-panel-2004-2024-mixed-v1,STUFACR,float,variable_id:nces:EFD:00024301:STUFACR,identity,2024 exact source mapping; same_source_variable_identity; metadata definitions remain year-specific; no assertion of measurement equivalence.,2024,2024,true,active
ipedsdb-panel-2004-2024-mixed-v1,EFYTOTLT,float,variable_id:nces:EFFY_HS:00026321:EFYTOTLT,identity,2024 exact source mapping; same_source_variable_identity; metadata definitions remain year-specific; no assertion of measurement equivalence.,2024,2024,true,active
ipedsdb-panel-2004-2024-mixed-v1,EFYTOTLM,float,variable_id:nces:EFFY_HS:00026322:EFYTOTLM,identity,2024 exact source mapping; same_source_variable_identity; metadata definitions remain year-specific; no assertion of measurement equivalence.,2024,2024,true,active
ipedsdb-panel-2004-2024-mixed-v1,EFYTOTLW,float,variable_id:nces:EFFY_HS:00026323:EFYTOTLW,identity,2024 exact source mapping; same_source_variable_identity; metadata definitions remain year-specific; no assertion of measurement equivalence.,2024,2024,true,active
ipedsdb-panel-2004-2024-mixed-v1,EFYAIANT,float,variable_id:nces:EFFY_HS:00026326:EFYAIANT,identity,2024 exact source mapping; same_source_variable_identity; metadata definitions remain year-specific; no assertion of measurement equivalence.,2024,2024,true,active
ipedsdb-panel-2004-2024-mixed-v1,EFYAIANM,float,variable_id:nces:EFFY_HS:00026327:EFYAIANM,identity,2024 exact source mapping; same_source_variable_identity; metadata definitions remain year-specific; no assertion of measurement equivalence.,2024,2024,true,active
ipedsdb-panel-2004-2024-mixed-v1,EFYAIANW,float,variable_id:nces:EFFY_HS:00026328:EFYAIANW,identity,2024 exact source mapping; same_source_variable_identity; metadata definitions remain year-specific; no assertion of measurement equivalence.,2024,2024,true,active
ipedsdb-panel-2004-2024-mixed-v1,EFYASIAT,float,variable_id:nces:EFFY_HS:00026331:EFYASIAT,identity,2024 exact source mapping; same_source_variable_identity; metadata definitions remain year-specific; no assertion of measurement equivalence.,2024,2024,true,active
ipedsdb-panel-2004-2024-mixed-v1,EFYASIAM,float,variable_id:nces:EFFY_HS:00026332:EFYASIAM,identity,2024 exact source mapping; same_source_variable_identity; metadata definitions remain year-specific; no assertion of measurement equivalence.,2024,2024,true,active
ipedsdb-panel-2004-2024-mixed-v1,EFYASIAW,float,variable_id:nces:EFFY_HS:00026333:EFYASIAW,identity,2024 exact source mapping; same_source_variable_identity; metadata definitions remain year-specific; no assertion of measurement equivalence.,2024,2024,true,active
ipedsdb-panel-2004-2024-mixed-v1,EFYBKAAT,float,variable_id:nces:EFFY_HS:00026336:EFYBKAAT,identity,2024 exact source mapping; same_source_variable_identity; metadata definitions remain year-specific; no assertion of measurement equivalence.,2024,2024,true,active
ipedsdb-panel-2004-2024-mixed-v1,EFYBKAAM,float,variable_id:nces:EFFY_HS:00026337:EFYBKAAM,identity,2024 exact source mapping; same_source_variable_identity; metadata definitions remain year-specific; no assertion of measurement equivalence.,2024,2024,true,active
ipedsdb-panel-2004-2024-mixed-v1,EFYBKAAW,float,variable_id:nces:EFFY_HS:00026338:EFYBKAAW,identity,2024 exact source mapping; same_source_variable_identity; metadata definitions remain year-specific; no assertion of measurement equivalence.,2024,2024,true,active
ipedsdb-panel-2004-2024-mixed-v1,EFYHISPT,float,variable_id:nces:EFFY_HS:00026341:EFYHISPT,identity,2024 exact source mapping; same_source_variable_identity; metadata definitions remain year-specific; no assertion of measurement equivalence.,2024,2024,true,active
ipedsdb-panel-2004-2024-mixed-v1,EFYHISPM,float,variable_id:nces:EFFY_HS:00026342:EFYHISPM,identity,2024 exact source mapping; same_source_variable_identity; metadata definitions remain year-specific; no assertion of measurement equivalence.,2024,2024,true,active
ipedsdb-panel-2004-2024-mixed-v1,EFYHISPW,float,variable_id:nces:EFFY_HS:00026343:EFYHISPW,identity,2024 exact source mapping; same_source_variable_identity; metadata definitions remain year-specific; no assertion of measurement equivalence.,2024,2024,true,active
ipedsdb-panel-2004-2024-mixed-v1,EFYNHPIT,float,variable_id:nces:EFFY_HS:00026346:EFYNHPIT,identity,2024 exact source mapping; same_source_variable_identity; metadata definitions remain year-specific; no assertion of measurement equivalence.,2024,2024,true,active
ipedsdb-panel-2004-2024-mixed-v1,EFYNHPIM,float,variable_id:nces:EFFY_HS:00026347:EFYNHPIM,identity,2024 exact source mapping; same_source_variable_identity; metadata definitions remain year-specific; no assertion of measurement equivalence.,2024,2024,true,active
ipedsdb-panel-2004-2024-mixed-v1,EFYNHPIW,float,variable_id:nces:EFFY_HS:00026348:EFYNHPIW,identity,2024 exact source mapping; same_source_variable_identity; metadata definitions remain year-specific; no assertion of measurement equivalence.,2024,2024,true,active
ipedsdb-panel-2004-2024-mixed-v1,EFYWHITT,float,variable_id:nces:EFFY_HS:00026351:EFYWHITT,identity,2024 exact source mapping; same_source_variable_identity; metadata definitions remain year-specific; no assertion of measurement equivalence.,2024,2024,true,active
ipedsdb-panel-2004-2024-mixed-v1,EFYWHITM,float,variable_id:nces:EFFY_HS:00026352:EFYWHITM,identity,2024 exact source mapping; same_source_variable_identity; metadata definitions remain year-specific; no assertion of measurement equivalence.,2024,2024,true,active
ipedsdb-panel-2004-2024-mixed-v1,EFYWHITW,float,variable_id:nces:EFFY_HS:00026353:EFYWHITW,identity,2024 exact source mapping; same_source_variable_identity; metadata definitions remain year-specific; no assertion of measurement equivalence.,2024,2024,true,active
ipedsdb-panel-2004-2024-mixed-v1,EFY2MORT,float,variable_id:nces:EFFY_HS:00026356:EFY2MORT,identity,2024 exact source mapping; same_source_variable_identity; metadata definitions remain year-specific; no assertion of measurement equivalence.,2024,2024,true,active
ipedsdb-panel-2004-2024-mixed-v1,EFY2MORM,float,variable_id:nces:EFFY_HS:00026357:EFY2MORM,identity,2024 exact source mapping; same_source_variable_identity; metadata definitions remain year-specific; no assertion of measurement equivalence.,2024,2024,true,active
ipedsdb-panel-2004-2024-mixed-v1,EFY2MORW,float,variable_id:nces:EFFY_HS:00026358:EFY2MORW,identity,2024 exact source mapping; same_source_variable_identity; metadata definitions remain year-specific; no assertion of measurement equivalence.,2024,2024,true,active
ipedsdb-panel-2004-2024-mixed-v1,EFYUNKNT,float,variable_id:nces:EFFY_HS:00026361:EFYUNKNT,identity,2024 exact source mapping; same_source_variable_identity; metadata definitions remain year-specific; no assertion of measurement equivalence.,2024,2024,true,active
ipedsdb-panel-2004-2024-mixed-v1,EFYUNKNM,float,variable_id:nces:EFFY_HS:00026362:EFYUNKNM,identity,2024 exact source mapping; same_source_variable_identity; metadata definitions remain year-specific; no assertion of measurement equivalence.,2024,2024,true,active
ipedsdb-panel-2004-2024-mixed-v1,EFYUNKNW,float,variable_id:nces:EFFY_HS:00026363:EFYUNKNW,identity,2024 exact source mapping; same_source_variable_identity; metadata definitions remain year-specific; no assertion of measurement equivalence.,2024,2024,true,active
ipedsdb-panel-2004-2024-mixed-v1,EFYNRALT,float,variable_id:nces:EFFY_HS:00026366:EFYNRALT,identity,2024 exact source mapping; same_source_variable_identity; metadata definitions remain year-specific; no assertion of measurement equivalence.,2024,2024,true,active
ipedsdb-panel-2004-2024-mixed-v1,EFYNRALM,float,variable_id:nces:EFFY_HS:00026367:EFYNRALM,identity,2024 exact source mapping; same_source_variable_identity; metadata definitions remain year-specific; no assertion of measurement equivalence.,2024,2024,true,active
ipedsdb-panel-2004-2024-mixed-v1,EFYNRALW,float,variable_id:nces:EFFY_HS:00026368:EFYNRALW,identity,2024 exact source mapping; same_source_variable_identity; metadata definitions remain year-specific; no assertion of measurement equivalence.,2024,2024,true,active
ipedsdb-panel-2004-2024-mixed-v1,CDACTUA,float,variable_id:nces:EFIA:00020886:CDACTUA,identity,2024 exact source mapping; same_source_variable_identity; metadata definitions remain year-specific; no assertion of measurement equivalence.,2024,2024,true,active
ipedsdb-panel-2004-2024-mixed-v1,CNACTUA,float,variable_id:nces:EFIA:00020891:CNACTUA,identity,2024 exact source mapping; same_source_variable_identity; metadata definitions remain year-specific; no assertion of measurement equivalence.,2024,2024,true,active
ipedsdb-panel-2004-2024-mixed-v1,CDACTGA,float,variable_id:nces:EFIA:00020896:CDACTGA,identity,2024 exact source mapping; same_source_variable_identity; metadata definitions remain year-specific; no assertion of measurement equivalence.,2024,2024,true,active
ipedsdb-panel-2004-2024-mixed-v1,EFTEUG,float,variable_id:nces:EFIA:00022024:EFTEUG,identity,2024 exact source mapping; same_source_variable_identity; metadata definitions remain year-specific; no assertion of measurement equivalence.,2024,2024,true,active
ipedsdb-panel-2004-2024-mixed-v1,EFTEGD,float,variable_id:nces:EFIA:00022025:EFTEGD,identity,2024 exact source mapping; same_source_variable_identity; metadata definitions remain year-specific; no assertion of measurement equivalence.,2024,2024,true,active
ipedsdb-panel-2004-2024-mixed-v1,FTEUG,float,variable_id:nces:EFIA:00022026:FTEUG,identity,2024 exact source mapping; same_source_variable_identity; metadata definitions remain year-specific; no assertion of measurement equivalence.,2024,2024,true,active
ipedsdb-panel-2004-2024-mixed-v1,FTEGD,float,variable_id:nces:EFIA:00022027:FTEGD,identity,2024 exact source mapping; same_source_variable_identity; metadata definitions remain year-specific; no assertion of measurement equivalence.,2024,2024,true,active
ipedsdb-panel-2004-2024-mixed-v1,FTEDPP,float,variable_id:nces:EFIA:00024811:FTEDPP,identity,2024 exact source mapping; same_source_variable_identity; metadata definitions remain year-specific; no assertion of measurement equivalence.,2024,2024,true,active
ipedsdb-panel-2004-2024-mixed-v1,ACTTYPE,categorical string,variable_id:nces:EFIA:00022028:ACTTYPE,identity,2024 exact source mapping; same_source_variable_identity; metadata definitions remain year-specific; no assertion of measurement equivalence.,2024,2024,true,active
ipedsdb-panel-2004-2024-mixed-v1,F1A01,float,variable_id:nces:F_FA:00061386:F1A01,identity,2024 exact source mapping; same_source_variable_identity; metadata definitions remain year-specific; no assertion of measurement equivalence.,2024,2024,true,active
ipedsdb-panel-2004-2024-mixed-v1,F1A31,float,variable_id:nces:F_FA:00065001:F1A31,identity,2024 exact source mapping; same_source_variable_identity; metadata definitions remain year-specific; no assertion of measurement equivalence.,2024,2024,true,active
ipedsdb-panel-2004-2024-mixed-v1,F1A04,float,variable_id:nces:F_FA:00061401:F1A04,identity,2024 exact source mapping; same_source_variable_identity; metadata definitions remain year-specific; no assertion of measurement equivalence.,2024,2024,true,active
ipedsdb-panel-2004-2024-mixed-v1,F1A05,float,variable_id:nces:F_FA:00061406:F1A05,identity,2024 exact source mapping; same_source_variable_identity; metadata definitions remain year-specific; no assertion of measurement equivalence.,2024,2024,true,active
ipedsdb-panel-2004-2024-mixed-v1,F1A06,float,variable_id:nces:F_FA:00061411:F1A06,identity,2024 exact source mapping; same_source_variable_identity; metadata definitions remain year-specific; no assertion of measurement equivalence.,2024,2024,true,active
ipedsdb-panel-2004-2024-mixed-v1,F1A19,float,variable_id:nces:F_FA:00061473:F1A19,identity,2024 exact source mapping; same_source_variable_identity; metadata definitions remain year-specific; no assertion of measurement equivalence.,2024,2024,true,active
ipedsdb-panel-2004-2024-mixed-v1,F1A07,float,variable_id:nces:F_FA:00061416:F1A07,identity,2024 exact source mapping; same_source_variable_identity; metadata definitions remain year-specific; no assertion of measurement equivalence.,2024,2024,true,active
ipedsdb-panel-2004-2024-mixed-v1,F1A08,float,variable_id:nces:F_FA:00061421:F1A08,identity,2024 exact source mapping; same_source_variable_identity; metadata definitions remain year-specific; no assertion of measurement equivalence.,2024,2024,true,active
ipedsdb-panel-2004-2024-mixed-v1,F1A09,float,variable_id:nces:F_FA:00061426:F1A09,identity,2024 exact source mapping; same_source_variable_identity; metadata definitions remain year-specific; no assertion of measurement equivalence.,2024,2024,true,active
ipedsdb-panel-2004-2024-mixed-v1,F1A10,float,variable_id:nces:F_FA:00061431:F1A10,identity,2024 exact source mapping; same_source_variable_identity; metadata definitions remain year-specific; no assertion of measurement equivalence.,2024,2024,true,active
ipedsdb-panel-2004-2024-mixed-v1,F1A11,float,variable_id:nces:F_FA:00061436:F1A11,identity,2024 exact source mapping; same_source_variable_identity; metadata definitions remain year-specific; no assertion of measurement equivalence.,2024,2024,true,active
ipedsdb-panel-2004-2024-mixed-v1,F1A12,float,variable_id:nces:F_FA:00061441:F1A12,identity,2024 exact source mapping; same_source_variable_identity; metadata definitions remain year-specific; no assertion of measurement equivalence.,2024,2024,true,active
ipedsdb-panel-2004-2024-mixed-v1,F1A13,float,variable_id:nces:F_FA:00061446:F1A13,identity,2024 exact source mapping; same_source_variable_identity; metadata definitions remain year-specific; no assertion of measurement equivalence.,2024,2024,true,active
ipedsdb-panel-2004-2024-mixed-v1,F1A20,float,variable_id:nces:F_FA:00061474:F1A20,identity,2024 exact source mapping; same_source_variable_identity; metadata definitions remain year-specific; no assertion of measurement equivalence.,2024,2024,true,active
ipedsdb-panel-2004-2024-mixed-v1,F1A14,float,variable_id:nces:F_FA:00061451:F1A14,identity,2024 exact source mapping; same_source_variable_identity; metadata definitions remain year-specific; no assertion of measurement equivalence.,2024,2024,true,active
ipedsdb-panel-2004-2024-mixed-v1,F1A15,float,variable_id:nces:F_FA:00061456:F1A15,identity,2024 exact source mapping; same_source_variable_identity; metadata definitions remain year-specific; no assertion of measurement equivalence.,2024,2024,true,active
ipedsdb-panel-2004-2024-mixed-v1,F1A16,float,variable_id:nces:F_FA:00061461:F1A16,identity,2024 exact source mapping; same_source_variable_identity; metadata definitions remain year-specific; no assertion of measurement equivalence.,2024,2024,true,active
ipedsdb-panel-2004-2024-mixed-v1,F1A17,float,variable_id:nces:F_FA:00061466:F1A17,identity,2024 exact source mapping; same_source_variable_identity; metadata definitions remain year-specific; no assertion of measurement equivalence.,2024,2024,true,active
ipedsdb-panel-2004-2024-mixed-v1,F1A18,float,variable_id:nces:F_FA:00061471:F1A18,identity,2024 exact source mapping; same_source_variable_identity; metadata definitions remain year-specific; no assertion of measurement equivalence.,2024,2024,true,active
ipedsdb-panel-2004-2024-mixed-v1,F1A214,float,variable_id:nces:F_FA:00061491:F1A214,identity,2024 exact source mapping; same_source_variable_identity; metadata definitions remain year-specific; no assertion of measurement equivalence.,2024,2024,true,active
ipedsdb-panel-2004-2024-mixed-v1,F1A224,float,variable_id:nces:F_FA:00061511:F1A224,identity,2024 exact source mapping; same_source_variable_identity; metadata definitions remain year-specific; no assertion of measurement equivalence.,2024,2024,true,active
ipedsdb-panel-2004-2024-mixed-v1,F1A234,float,variable_id:nces:F_FA:00061531:F1A234,identity,2024 exact source mapping; same_source_variable_identity; metadata definitions remain year-specific; no assertion of measurement equivalence.,2024,2024,true,active
ipedsdb-panel-2004-2024-mixed-v1,F1A324,float,variable_id:nces:F_FA:00065006:F1A324,identity,2024 exact source mapping; same_source_variable_identity; metadata definitions remain year-specific; no assertion of measurement equivalence.,2024,2024,true,active
ipedsdb-panel-2004-2024-mixed-v1,F1A274,float,variable_id:nces:F_FA:00061611:F1A274,identity,2024 exact source mapping; same_source_variable_identity; metadata definitions remain year-specific; no assertion of measurement equivalence.,2024,2024,true,active
ipedsdb-panel-2004-2024-mixed-v1,F1A27T4,float,variable_id:nces:F_FA:00061615:F1A27T4,identity,2024 exact source mapping; same_source_variable_identity; metadata definitions remain year-specific; no assertion of measurement equivalence.,2024,2024,true,active
ipedsdb-panel-2004-2024-mixed-v1,F1A284,float,variable_id:nces:F_FA:00061631:F1A284,identity,2024 exact source mapping; same_source_variable_identity; metadata definitions remain year-specific; no assertion of measurement equivalence.,2024,2024,true,active
ipedsdb-panel-2004-2024-mixed-v1,F1A334,float,variable_id:nces:F_FA:00065011:F1A334,identity,2024 exact source mapping; same_source_variable_identity; metadata definitions remain year-specific; no assertion of measurement equivalence.,2024,2024,true,active
ipedsdb-panel-2004-2024-mixed-v1,F1A344,float,variable_id:nces:F_FA:00065016:F1A344,identity,2024 exact source mapping; same_source_variable_identity; metadata definitions remain year-specific; no assertion of measurement equivalence.,2024,2024,true,active
ipedsdb-panel-2004-2024-mixed-v1,F1D01,float,variable_id:nces:F_FA:00062281:F1D01,identity,2024 exact source mapping; same_source_variable_identity; metadata definitions remain year-specific; no assertion of measurement equivalence.,2024,2024,true,active
ipedsdb-panel-2004-2024-mixed-v1,F1D02,float,variable_id:nces:F_FA:00062286:F1D02,identity,2024 exact source mapping; same_source_variable_identity; metadata definitions remain year-specific; no assertion of measurement equivalence.,2024,2024,true,active
ipedsdb-panel-2004-2024-mixed-v1,F1D03,float,variable_id:nces:F_FA:00062291:F1D03,identity,2024 exact source mapping; same_source_variable_identity; metadata definitions remain year-specific; no assertion of measurement equivalence.,2024,2024,true,active
ipedsdb-panel-2004-2024-mixed-v1,F1D04,float,variable_id:nces:F_FA:00062296:F1D04,identity,2024 exact source mapping; same_source_variable_identity; metadata definitions remain year-specific; no assertion of measurement equivalence.,2024,2024,true,active
ipedsdb-panel-2004-2024-mixed-v1,F1D05,float,variable_id:nces:F_FA:00062301:F1D05,identity,2024 exact source mapping; same_source_variable_identity; metadata definitions remain year-specific; no assertion of measurement equivalence.,2024,2024,true,active
ipedsdb-panel-2004-2024-mixed-v1,F1D06,float,variable_id:nces:F_FA:00062306:F1D06,identity,2024 exact source mapping; same_source_variable_identity; metadata definitions remain year-specific; no assertion of measurement equivalence.,2024,2024,true,active
ipedsdb-panel-2004-2024-mixed-v1,F1B01,float,variable_id:nces:F_FA:00061636:F1B01,identity,2024 exact source mapping; same_source_variable_identity; metadata definitions remain year-specific; no assertion of measurement equivalence.,2024,2024,true,active
ipedsdb-panel-2004-2024-mixed-v1,F1B02,float,variable_id:nces:F_FA:00061641:F1B02,identity,2024 exact source mapping; same_source_variable_identity; metadata definitions remain year-specific; no assertion of measurement equivalence.,2024,2024,true,active
ipedsdb-panel-2004-2024-mixed-v1,F1B03,float,variable_id:nces:F_FA:00061646:F1B03,identity,2024 exact source mapping; same_source_variable_identity; metadata definitions remain year-specific; no assertion of measurement equivalence.,2024,2024,true,active
ipedsdb-panel-2004-2024-mixed-v1,F1B04,float,variable_id:nces:F_FA:00061651:F1B04,identity,2024 exact source mapping; same_source_variable_identity; metadata definitions remain year-specific; no assertion of measurement equivalence.,2024,2024,true,active
ipedsdb-panel-2004-2024-mixed-v1,F1B04A,float,variable_id:nces:F_FA:00065021:F1B04A,identity,2024 exact source mapping; same_source_variable_identity; metadata definitions remain year-specific; no assertion of measurement equivalence.,2024,2024,true,active
ipedsdb-panel-2004-2024-mixed-v1,F1B04B,float,variable_id:nces:F_FA:00065026:F1B04B,identity,2024 exact source mapping; same_source_variable_identity; metadata definitions remain year-specific; no assertion of measurement equivalence.,2024,2024,true,active
ipedsdb-panel-2004-2024-mixed-v1,F1B05,float,variable_id:nces:F_FA:00061656:F1B05,identity,2024 exact source mapping; same_source_variable_identity; metadata definitions remain year-specific; no assertion of measurement equivalence.,2024,2024,true,active
ipedsdb-panel-2004-2024-mixed-v1,F1B06,float,variable_id:nces:F_FA:00061661:F1B06,identity,2024 exact source mapping; same_source_variable_identity; metadata definitions remain year-specific; no assertion of measurement equivalence.,2024,2024,true,active
ipedsdb-panel-2004-2024-mixed-v1,F1B26,float,variable_id:nces:F_FA:00065031:F1B26,identity,2024 exact source mapping; same_source_variable_identity; metadata definitions remain year-specific; no assertion of measurement equivalence.,2024,2024,true,active
ipedsdb-panel-2004-2024-mixed-v1,F1B07,float,variable_id:nces:F_FA:00061666:F1B07,identity,2024 exact source mapping; same_source_variable_identity; metadata definitions remain year-specific; no assertion of measurement equivalence.,2024,2024,true,active
ipedsdb-panel-2004-2024-mixed-v1,F1B08,float,variable_id:nces:F_FA:00061671:F1B08,identity,2024 exact source mapping; same_source_variable_identity; metadata definitions remain year-specific; no assertion of measurement equivalence.,2024,2024,true,active
ipedsdb-panel-2004-2024-mixed-v1,F1B09,float,variable_id:nces:F_FA:00061676:F1B09,identity,2024 exact source mapping; same_source_variable_identity; metadata definitions remain year-specific; no assertion of measurement equivalence.,2024,2024,true,active
ipedsdb-panel-2004-2024-mixed-v1,F1B10,float,variable_id:nces:F_FA:00061681:F1B10,identity,2024 exact source mapping; same_source_variable_identity; metadata definitions remain year-specific; no assertion of measurement equivalence.,2024,2024,true,active
ipedsdb-panel-2004-2024-mixed-v1,F1B11,float,variable_id:nces:F_FA:00061686:F1B11,identity,2024 exact source mapping; same_source_variable_identity; metadata definitions remain year-specific; no assertion of measurement equivalence.,2024,2024,true,active
ipedsdb-panel-2004-2024-mixed-v1,F1B12,float,variable_id:nces:F_FA:00061691:F1B12,identity,2024 exact source mapping; same_source_variable_identity; metadata definitions remain year-specific; no assertion of measurement equivalence.,2024,2024,true,active
ipedsdb-panel-2004-2024-mixed-v1,F1B13,float,variable_id:nces:F_FA:00061696:F1B13,identity,2024 exact source mapping; same_source_variable_identity; metadata definitions remain year-specific; no assertion of measurement equivalence.,2024,2024,true,active
ipedsdb-panel-2004-2024-mixed-v1,F1B14,float,variable_id:nces:F_FA:00061701:F1B14,identity,2024 exact source mapping; same_source_variable_identity; metadata definitions remain year-specific; no assertion of measurement equivalence.,2024,2024,true,active
ipedsdb-panel-2004-2024-mixed-v1,F1B15,float,variable_id:nces:F_FA:00061706:F1B15,identity,2024 exact source mapping; same_source_variable_identity; metadata definitions remain year-specific; no assertion of measurement equivalence.,2024,2024,true,active
ipedsdb-panel-2004-2024-mixed-v1,F1B16,float,variable_id:nces:F_FA:00061711:F1B16,identity,2024 exact source mapping; same_source_variable_identity; metadata definitions remain year-specific; no assertion of measurement equivalence.,2024,2024,true,active
ipedsdb-panel-2004-2024-mixed-v1,F1B17,float,variable_id:nces:F_FA:00061716:F1B17,identity,2024 exact source mapping; same_source_variable_identity; metadata definitions remain year-specific; no assertion of measurement equivalence.,2024,2024,true,active
ipedsdb-panel-2004-2024-mixed-v1,F1B18,float,variable_id:nces:F_FA:00061821:F1B18,identity,2024 exact source mapping; same_source_variable_identity; metadata definitions remain year-specific; no assertion of measurement equivalence.,2024,2024,true,active
ipedsdb-panel-2004-2024-mixed-v1,F1B19,float,variable_id:nces:F_FA:00061826:F1B19,identity,2024 exact source mapping; same_source_variable_identity; metadata definitions remain year-specific; no assertion of measurement equivalence.,2024,2024,true,active
ipedsdb-panel-2004-2024-mixed-v1,F1B27,float,variable_id:nces:F_FA:00065033:F1B27,identity,2024 exact source mapping; same_source_variable_identity; metadata definitions remain year-specific; no assertion of measurement equivalence.,2024,2024,true,active
ipedsdb-panel-2004-2024-mixed-v1,F1B20,float,variable_id:nces:F_FA:00061831:F1B20,identity,2024 exact source mapping; same_source_variable_identity; metadata definitions remain year-specific; no assertion of measurement equivalence.,2024,2024,true,active
ipedsdb-panel-2004-2024-mixed-v1,F1B21,float,variable_id:nces:F_FA:00061836:F1B21,identity,2024 exact source mapping; same_source_variable_identity; metadata definitions remain year-specific; no assertion of measurement equivalence.,2024,2024,true,active
ipedsdb-panel-2004-2024-mixed-v1,F1B22,float,variable_id:nces:F_FA:00061841:F1B22,identity,2024 exact source mapping; same_source_variable_identity; metadata definitions remain year-specific; no assertion of measurement equivalence.,2024,2024,true,active
ipedsdb-panel-2004-2024-mixed-v1,F1B23,float,variable_id:nces:F_FA:00061846:F1B23,identity,2024 exact source mapping; same_source_variable_identity; metadata definitions remain year-specific; no assertion of measurement equivalence.,2024,2024,true,active
ipedsdb-panel-2004-2024-mixed-v1,F1B24,float,variable_id:nces:F_FA:00061851:F1B24,identity,2024 exact source mapping; same_source_variable_identity; metadata definitions remain year-specific; no assertion of measurement equivalence.,2024,2024,true,active
ipedsdb-panel-2004-2024-mixed-v1,F1B25,float,variable_id:nces:F_FA:00061856:F1B25,identity,2024 exact source mapping; same_source_variable_identity; metadata definitions remain year-specific; no assertion of measurement equivalence.,2024,2024,true,active
ipedsdb-panel-2004-2024-mixed-v1,F1C011,float,variable_id:nces:F_FA:00061861:F1C011,identity,2024 exact source mapping; same_source_variable_identity; metadata definitions remain year-specific; no assertion of measurement equivalence.,2024,2024,true,active
ipedsdb-panel-2004-2024-mixed-v1,F1C012,float,variable_id:nces:F_FA:00061866:F1C012,identity,2024 exact source mapping; same_source_variable_identity; metadata definitions remain year-specific; no assertion of measurement equivalence.,2024,2024,true,active
ipedsdb-panel-2004-2024-mixed-v1,F1C021,float,variable_id:nces:F_FA:00061886:F1C021,identity,2024 exact source mapping; same_source_variable_identity; metadata definitions remain year-specific; no assertion of measurement equivalence.,2024,2024,true,active
ipedsdb-panel-2004-2024-mixed-v1,F1C022,float,variable_id:nces:F_FA:00061891:F1C022,identity,2024 exact source mapping; same_source_variable_identity; metadata definitions remain year-specific; no assertion of measurement equivalence.,2024,2024,true,active
ipedsdb-panel-2004-2024-mixed-v1,F1C031,float,variable_id:nces:F_FA:00061911:F1C031,identity,2024 exact source mapping; same_source_variable_identity; metadata definitions remain year-specific; no assertion of measurement equivalence.,2024,2024,true,active
ipedsdb-panel-2004-2024-mixed-v1,F1C032,float,variable_id:nces:F_FA:00061916:F1C032,identity,2024 exact source mapping; same_source_variable_identity; metadata definitions remain year-specific; no assertion of measurement equivalence.,2024,2024,true,active
ipedsdb-panel-2004-2024-mixed-v1,F1C051,float,variable_id:nces:F_FA:00061936:F1C051,identity,2024 exact source mapping; same_source_variable_identity; metadata definitions remain year-specific; no assertion of measurement equivalence.,2024,2024,true,active
ipedsdb-panel-2004-2024-mixed-v1,F1C052,float,variable_id:nces:F_FA:00061941:F1C052,identity,2024 exact source mapping; same_source_variable_identity; metadata definitions remain year-specific; no assertion of measurement equivalence.,2024,2024,true,active
ipedsdb-panel-2004-2024-mixed-v1,F1C061,float,variable_id:nces:F_FA:00061961:F1C061,identity,2024 exact source mapping; same_source_variable_identity; metadata definitions remain year-specific; no assertion of measurement equivalence.,2024,2024,true,active
ipedsdb-panel-2004-2024-mixed-v1,F1C062,float,variable_id:nces:F_FA:00061966:F1C062,identity,2024 exact source mapping; same_source_variable_identity; metadata definitions remain year-specific; no assertion of measurement equivalence.,2024,2024,true,active
ipedsdb-panel-2004-2024-mixed-v1,F1C071,float,variable_id:nces:F_FA:00061986:F1C071,identity,2024 exact source mapping; same_source_variable_identity; metadata definitions remain year-specific; no assertion of measurement equivalence.,2024,2024,true,active
ipedsdb-panel-2004-2024-mixed-v1,F1C072,float,variable_id:nces:F_FA:00061991:F1C072,identity,2024 exact source mapping; same_source_variable_identity; metadata definitions remain year-specific; no assertion of measurement equivalence.,2024,2024,true,active
ipedsdb-panel-2004-2024-mixed-v1,F1C101,float,variable_id:nces:F_FA:00062046:F1C101,identity,2024 exact source mapping; same_source_variable_identity; metadata definitions remain year-specific; no assertion of measurement equivalence.,2024,2024,true,active
ipedsdb-panel-2004-2024-mixed-v1,F1C111,float,variable_id:nces:F_FA:00062071:F1C111,identity,2024 exact source mapping; same_source_variable_identity; metadata definitions remain year-specific; no assertion of measurement equivalence.,2024,2024,true,active
ipedsdb-panel-2004-2024-mixed-v1,F1C112,float,variable_id:nces:F_FA:00062076:F1C112,identity,2024 exact source mapping; same_source_variable_identity; metadata definitions remain year-specific; no assertion of measurement equivalence.,2024,2024,true,active
ipedsdb-panel-2004-2024-mixed-v1,F1C121,float,variable_id:nces:F_FA:00062096:F1C121,identity,2024 exact source mapping; same_source_variable_identity; metadata definitions remain year-specific; no assertion of measurement equivalence.,2024,2024,true,active
ipedsdb-panel-2004-2024-mixed-v1,F1C122,float,variable_id:nces:F_FA:00062101:F1C122,identity,2024 exact source mapping; same_source_variable_identity; metadata definitions remain year-specific; no assertion of measurement equivalence.,2024,2024,true,active
ipedsdb-panel-2004-2024-mixed-v1,F1C131,float,variable_id:nces:F_FA:00062121:F1C131,identity,2024 exact source mapping; same_source_variable_identity; metadata definitions remain year-specific; no assertion of measurement equivalence.,2024,2024,true,active
ipedsdb-panel-2004-2024-mixed-v1,F1C132,float,variable_id:nces:F_FA:00062126:F1C132,identity,2024 exact source mapping; same_source_variable_identity; metadata definitions remain year-specific; no assertion of measurement equivalence.,2024,2024,true,active
ipedsdb-panel-2004-2024-mixed-v1,F1C141,float,variable_id:nces:F_FA:00062146:F1C141,identity,2024 exact source mapping; same_source_variable_identity; metadata definitions remain year-specific; no assertion of measurement equivalence.,2024,2024,true,active
ipedsdb-panel-2004-2024-mixed-v1,F1C142,float,variable_id:nces:F_FA:00062151:F1C142,identity,2024 exact source mapping; same_source_variable_identity; metadata definitions remain year-specific; no assertion of measurement equivalence.,2024,2024,true,active
ipedsdb-panel-2004-2024-mixed-v1,F1C191,float,variable_id:nces:F_FA:00062256:F1C191,identity,2024 exact source mapping; same_source_variable_identity; metadata definitions remain year-specific; no assertion of measurement equivalence.,2024,2024,true,active
ipedsdb-panel-2004-2024-mixed-v1,F1C192,float,variable_id:nces:F_FA:00062261:F1C192,identity,2024 exact source mapping; same_source_variable_identity; metadata definitions remain year-specific; no assertion of measurement equivalence.,2024,2024,true,active
ipedsdb-panel-2004-2024-mixed-v1,F1C193,float,variable_id:nces:F_FA:00062266:F1C193,identity,2024 exact source mapping; same_source_variable_identity; metadata definitions remain year-specific; no assertion of measurement equivalence.,2024,2024,true,active
ipedsdb-panel-2004-2024-mixed-v1,F1C19OM,float,variable_id:nces:F_FA:00062268:F1C19OM,identity,2024 exact source mapping; same_source_variable_identity; metadata definitions remain year-specific; no assertion of measurement equivalence.,2024,2024,true,active
ipedsdb-panel-2004-2024-mixed-v1,F1C19DP,float,variable_id:nces:F_FA:00062271:F1C19DP,identity,2024 exact source mapping; same_source_variable_identity; metadata definitions remain year-specific; no assertion of measurement equivalence.,2024,2024,true,active
ipedsdb-panel-2004-2024-mixed-v1,F1C19IN,float,variable_id:nces:F_FA:00065088:F1C19IN,identity,2024 exact source mapping; same_source_variable_identity; metadata definitions remain year-specific; no assertion of measurement equivalence.,2024,2024,true,active
ipedsdb-panel-2004-2024-mixed-v1,F1C19OT,float,variable_id:nces:F_FA:00062276:F1C19OT,identity,2024 exact source mapping; same_source_variable_identity; metadata definitions remain year-specific; no assertion of measurement equivalence.,2024,2024,true,active
ipedsdb-panel-2004-2024-mixed-v1,F1MHP,categorical string,variable_id:nces:F_FA:00067051:F1MHP,identity,2024 exact source mapping; same_source_variable_identity; metadata definitions remain year-specific; no assertion of measurement equivalence.,2024,2024,true,active
ipedsdb-panel-2004-2024-mixed-v1,F1M01,float,variable_id:nces:F_FA:00067056:F1M01,identity,2024 exact source mapping; same_source_variable_identity; metadata definitions remain year-specific; no assertion of measurement equivalence.,2024,2024,true,active
ipedsdb-panel-2004-2024-mixed-v1,F1M02,float,variable_id:nces:F_FA:00067061:F1M02,identity,2024 exact source mapping; same_source_variable_identity; metadata definitions remain year-specific; no assertion of measurement equivalence.,2024,2024,true,active
ipedsdb-panel-2004-2024-mixed-v1,F1M03,float,variable_id:nces:F_FA:00067066:F1M03,identity,2024 exact source mapping; same_source_variable_identity; metadata definitions remain year-specific; no assertion of measurement equivalence.,2024,2024,true,active
ipedsdb-panel-2004-2024-mixed-v1,F1M04,float,variable_id:nces:F_FA:00067071:F1M04,identity,2024 exact source mapping; same_source_variable_identity; metadata definitions remain year-specific; no assertion of measurement equivalence.,2024,2024,true,active
ipedsdb-panel-2004-2024-mixed-v1,F1MHOP,categorical string,variable_id:nces:F_FA:00067052:F1MHOP,identity,2024 exact source mapping; same_source_variable_identity; metadata definitions remain year-specific; no assertion of measurement equivalence.,2024,2024,true,active
ipedsdb-panel-2004-2024-mixed-v1,F1M05,float,variable_id:nces:F_FA:00067076:F1M05,identity,2024 exact source mapping; same_source_variable_identity; metadata definitions remain year-specific; no assertion of measurement equivalence.,2024,2024,true,active
ipedsdb-panel-2004-2024-mixed-v1,F1M06,float,variable_id:nces:F_FA:00067081:F1M06,identity,2024 exact source mapping; same_source_variable_identity; metadata definitions remain year-specific; no assertion of measurement equivalence.,2024,2024,true,active
ipedsdb-panel-2004-2024-mixed-v1,F1M07,float,variable_id:nces:F_FA:00067086:F1M07,identity,2024 exact source mapping; same_source_variable_identity; metadata definitions remain year-specific; no assertion of measurement equivalence.,2024,2024,true,active
ipedsdb-panel-2004-2024-mixed-v1,F1M08,float,variable_id:nces:F_FA:00067091:F1M08,identity,2024 exact source mapping; same_source_variable_identity; metadata definitions remain year-specific; no assertion of measurement equivalence.,2024,2024,true,active
ipedsdb-panel-2004-2024-mixed-v1,F1E01,float,variable_id:nces:F_FA:00062321:F1E01,identity,2024 exact source mapping; same_source_variable_identity; metadata definitions remain year-specific; no assertion of measurement equivalence.,2024,2024,true,active
ipedsdb-panel-2004-2024-mixed-v1,F1E02,float,variable_id:nces:F_FA:00062326:F1E02,identity,2024 exact source mapping; same_source_variable_identity; metadata definitions remain year-specific; no assertion of measurement equivalence.,2024,2024,true,active
ipedsdb-panel-2004-2024-mixed-v1,F1E03,float,variable_id:nces:F_FA:00062331:F1E03,identity,2024 exact source mapping; same_source_variable_identity; metadata definitions remain year-specific; no assertion of measurement equivalence.,2024,2024,true,active
ipedsdb-panel-2004-2024-mixed-v1,F1E04,float,variable_id:nces:F_FA:00062336:F1E04,identity,2024 exact source mapping; same_source_variable_identity; metadata definitions remain year-specific; no assertion of measurement equivalence.,2024,2024,true,active
ipedsdb-panel-2004-2024-mixed-v1,F1E05,float,variable_id:nces:F_FA:00062341:F1E05,identity,2024 exact source mapping; same_source_variable_identity; metadata definitions remain year-specific; no assertion of measurement equivalence.,2024,2024,true,active
ipedsdb-panel-2004-2024-mixed-v1,F1E06,float,variable_id:nces:F_FA:00062346:F1E06,identity,2024 exact source mapping; same_source_variable_identity; metadata definitions remain year-specific; no assertion of measurement equivalence.,2024,2024,true,active
ipedsdb-panel-2004-2024-mixed-v1,F1E07,float,variable_id:nces:F_FA:00062351:F1E07,identity,2024 exact source mapping; same_source_variable_identity; metadata definitions remain year-specific; no assertion of measurement equivalence.,2024,2024,true,active
ipedsdb-panel-2004-2024-mixed-v1,F1E08,float,variable_id:nces:F_FA:00062356:F1E08,identity,2024 exact source mapping; same_source_variable_identity; metadata definitions remain year-specific; no assertion of measurement equivalence.,2024,2024,true,active
ipedsdb-panel-2004-2024-mixed-v1,F1E09,float,variable_id:nces:F_FA:00062361:F1E09,identity,2024 exact source mapping; same_source_variable_identity; metadata definitions remain year-specific; no assertion of measurement equivalence.,2024,2024,true,active
ipedsdb-panel-2004-2024-mixed-v1,F1E10,float,variable_id:nces:F_FA:00062366:F1E10,identity,2024 exact source mapping; same_source_variable_identity; metadata definitions remain year-specific; no assertion of measurement equivalence.,2024,2024,true,active
ipedsdb-panel-2004-2024-mixed-v1,F1E11,float,variable_id:nces:F_FA:00062371:F1E11,identity,2024 exact source mapping; same_source_variable_identity; metadata definitions remain year-specific; no assertion of measurement equivalence.,2024,2024,true,active
ipedsdb-panel-2004-2024-mixed-v1,F1E12,float,variable_id:nces:F_FA:00062378:F1E12,identity,2024 exact source mapping; same_source_variable_identity; metadata definitions remain year-specific; no assertion of measurement equivalence.,2024,2024,true,active
ipedsdb-panel-2004-2024-mixed-v1,F1E121,float,variable_id:nces:F_FA:00062380:F1E121,identity,2024 exact source mapping; same_source_variable_identity; metadata definitions remain year-specific; no assertion of measurement equivalence.,2024,2024,true,active
ipedsdb-panel-2004-2024-mixed-v1,F1E122,float,variable_id:nces:F_FA:00062382:F1E122,identity,2024 exact source mapping; same_source_variable_identity; metadata definitions remain year-specific; no assertion of measurement equivalence.,2024,2024,true,active
ipedsdb-panel-2004-2024-mixed-v1,F1E13,float,variable_id:nces:F_FA:00062384:F1E13,identity,2024 exact source mapping; same_source_variable_identity; metadata definitions remain year-specific; no assertion of measurement equivalence.,2024,2024,true,active
ipedsdb-panel-2004-2024-mixed-v1,F1E131,float,variable_id:nces:F_FA:00062386:F1E131,identity,2024 exact source mapping; same_source_variable_identity; metadata definitions remain year-specific; no assertion of measurement equivalence.,2024,2024,true,active
ipedsdb-panel-2004-2024-mixed-v1,F1E132,float,variable_id:nces:F_FA:00062388:F1E132,identity,2024 exact source mapping; same_source_variable_identity; metadata definitions remain year-specific; no assertion of measurement equivalence.,2024,2024,true,active
ipedsdb-panel-2004-2024-mixed-v1,F1E14,float,variable_id:nces:F_FA:00062390:F1E14,identity,2024 exact source mapping; same_source_variable_identity; metadata definitions remain year-specific; no assertion of measurement equivalence.,2024,2024,true,active
ipedsdb-panel-2004-2024-mixed-v1,F1E141,float,variable_id:nces:F_FA:00062392:F1E141,identity,2024 exact source mapping; same_source_variable_identity; metadata definitions remain year-specific; no assertion of measurement equivalence.,2024,2024,true,active
ipedsdb-panel-2004-2024-mixed-v1,F1E142,float,variable_id:nces:F_FA:00062394:F1E142,identity,2024 exact source mapping; same_source_variable_identity; metadata definitions remain year-specific; no assertion of measurement equivalence.,2024,2024,true,active
ipedsdb-panel-2004-2024-mixed-v1,F1E15,float,variable_id:nces:F_FA:00062396:F1E15,identity,2024 exact source mapping; same_source_variable_identity; metadata definitions remain year-specific; no assertion of measurement equivalence.,2024,2024,true,active
ipedsdb-panel-2004-2024-mixed-v1,F1E151,float,variable_id:nces:F_FA:00062398:F1E151,identity,2024 exact source mapping; same_source_variable_identity; metadata definitions remain year-specific; no assertion of measurement equivalence.,2024,2024,true,active
ipedsdb-panel-2004-2024-mixed-v1,F1E152,float,variable_id:nces:F_FA:00062400:F1E152,identity,2024 exact source mapping; same_source_variable_identity; metadata definitions remain year-specific; no assertion of measurement equivalence.,2024,2024,true,active
ipedsdb-panel-2004-2024-mixed-v1,F1E16,float,variable_id:nces:F_FA:00062402:F1E16,identity,2024 exact source mapping; same_source_variable_identity; metadata definitions remain year-specific; no assertion of measurement equivalence.,2024,2024,true,active
ipedsdb-panel-2004-2024-mixed-v1,F1E161,float,variable_id:nces:F_FA:00062404:F1E161,identity,2024 exact source mapping; same_source_variable_identity; metadata definitions remain year-specific; no assertion of measurement equivalence.,2024,2024,true,active
ipedsdb-panel-2004-2024-mixed-v1,F1E162,float,variable_id:nces:F_FA:00062406:F1E162,identity,2024 exact source mapping; same_source_variable_identity; metadata definitions remain year-specific; no assertion of measurement equivalence.,2024,2024,true,active
ipedsdb-panel-2004-2024-mixed-v1,F1E17,float,variable_id:nces:F_FA:00062408:F1E17,identity,2024 exact source mapping; same_source_variable_identity; metadata definitions remain year-specific; no assertion of measurement equivalence.,2024,2024,true,active
ipedsdb-panel-2004-2024-mixed-v1,F1E171,float,variable_id:nces:F_FA:00062410:F1E171,identity,2024 exact source mapping; same_source_variable_identity; metadata definitions remain year-specific; no assertion of measurement equivalence.,2024,2024,true,active
ipedsdb-panel-2004-2024-mixed-v1,F1E172,float,variable_id:nces:F_FA:00062412:F1E172,identity,2024 exact source mapping; same_source_variable_identity; metadata definitions remain year-specific; no assertion of measurement equivalence.,2024,2024,true,active
ipedsdb-panel-2004-2024-mixed-v1,F1FHA,categorical string,variable_id:nces:F_FA:00062376:F1FHA,identity,2024 exact source mapping; same_source_variable_identity; metadata definitions remain year-specific; no assertion of measurement equivalence.,2024,2024,true,active
ipedsdb-panel-2004-2024-mixed-v1,F1H01,float,variable_id:nces:F_FA:00062311:F1H01,identity,2024 exact source mapping; same_source_variable_identity; metadata definitions remain year-specific; no assertion of measurement equivalence.,2024,2024,true,active
ipedsdb-panel-2004-2024-mixed-v1,F1H02,float,variable_id:nces:F_FA:00062316:F1H02,identity,2024 exact source mapping; same_source_variable_identity; metadata definitions remain year-specific; no assertion of measurement equivalence.,2024,2024,true,active
ipedsdb-panel-2004-2024-mixed-v1,F1H03,float,variable_id:nces:F_FA:00062414:F1H03,identity,2024 exact source mapping; same_source_variable_identity; metadata definitions remain year-specific; no assertion of measurement equivalence.,2024,2024,true,active
ipedsdb-panel-2004-2024-mixed-v1,F1H03A,float,variable_id:nces:F_FA:00062416:F1H03A,identity,2024 exact source mapping; same_source_variable_identity; metadata definitions remain year-specific; no assertion of measurement equivalence.,2024,2024,true,active
ipedsdb-panel-2004-2024-mixed-v1,F1H03B,float,variable_id:nces:F_FA:00062418:F1H03B,identity,2024 exact source mapping; same_source_variable_identity; metadata definitions remain year-specific; no assertion of measurement equivalence.,2024,2024,true,active
ipedsdb-panel-2004-2024-mixed-v1,F1H03C,float,variable_id:nces:F_FA:00062420:F1H03C,identity,2024 exact source mapping; same_source_variable_identity; metadata definitions remain year-specific; no assertion of measurement equivalence.,2024,2024,true,active
ipedsdb-panel-2004-2024-mixed-v1,F1H03D,float,variable_id:nces:F_FA:00062422:F1H03D,identity,2024 exact source mapping; same_source_variable_identity; metadata definitions remain year-specific; no assertion of measurement equivalence.,2024,2024,true,active
ipedsdb-panel-2004-2024-mixed-v1,F1N01,float,variable_id:nces:F_FA:00062426:F1N01,identity,2024 exact source mapping; same_source_variable_identity; metadata definitions remain year-specific; no assertion of measurement equivalence.,2024,2024,true,active
ipedsdb-panel-2004-2024-mixed-v1,F1N02,float,variable_id:nces:F_FA:00062428:F1N02,identity,2024 exact source mapping; same_source_variable_identity; metadata definitions remain year-specific; no assertion of measurement equivalence.,2024,2024,true,active
ipedsdb-panel-2004-2024-mixed-v1,F1N03,float,variable_id:nces:F_FA:00062430:F1N03,identity,2024 exact source mapping; same_source_variable_identity; metadata definitions remain year-specific; no assertion of measurement equivalence.,2024,2024,true,active
ipedsdb-panel-2004-2024-mixed-v1,F1N04,float,variable_id:nces:F_FA:00062432:F1N04,identity,2024 exact source mapping; same_source_variable_identity; metadata definitions remain year-specific; no assertion of measurement equivalence.,2024,2024,true,active
ipedsdb-panel-2004-2024-mixed-v1,F1N05,float,variable_id:nces:F_FA:00062434:F1N05,identity,2024 exact source mapping; same_source_variable_identity; metadata definitions remain year-specific; no assertion of measurement equivalence.,2024,2024,true,active
ipedsdb-panel-2004-2024-mixed-v1,F1N06,float,variable_id:nces:F_FA:00062436:F1N06,identity,2024 exact source mapping; same_source_variable_identity; metadata definitions remain year-specific; no assertion of measurement equivalence.,2024,2024,true,active
ipedsdb-panel-2004-2024-mixed-v1,F1N07,float,variable_id:nces:F_FA:00062438:F1N07,identity,2024 exact source mapping; same_source_variable_identity; metadata definitions remain year-specific; no assertion of measurement equivalence.,2024,2024,true,active
ipedsdb-panel-2004-2024-mixed-v1,F2A01,float,variable_id:nces:F_F:00060606:F2A01,identity,2024 exact source mapping; same_source_variable_identity; metadata definitions remain year-specific; no assertion of measurement equivalence.,2024,2024,true,active
ipedsdb-panel-2004-2024-mixed-v1,F2A19,float,variable_id:nces:F_F:00065121:F2A19,identity,2024 exact source mapping; same_source_variable_identity; metadata definitions remain year-specific; no assertion of measurement equivalence.,2024,2024,true,active
ipedsdb-panel-2004-2024-mixed-v1,F2A20,float,variable_id:nces:F_F:00065126:F2A20,identity,2024 exact source mapping; same_source_variable_identity; metadata definitions remain year-specific; no assertion of measurement equivalence.,2024,2024,true,active
ipedsdb-panel-2004-2024-mixed-v1,F2A02,float,variable_id:nces:F_F:00060611:F2A02,identity,2024 exact source mapping; same_source_variable_identity; metadata definitions remain year-specific; no assertion of measurement equivalence.,2024,2024,true,active
ipedsdb-panel-2004-2024-mixed-v1,F2A03,float,variable_id:nces:F_F:00060616:F2A03,identity,2024 exact source mapping; same_source_variable_identity; metadata definitions remain year-specific; no assertion of measurement equivalence.,2024,2024,true,active
ipedsdb-panel-2004-2024-mixed-v1,F2A03A,float,variable_id:nces:F_F:00065091:F2A03A,identity,2024 exact source mapping; same_source_variable_identity; metadata definitions remain year-specific; no assertion of measurement equivalence.,2024,2024,true,active
ipedsdb-panel-2004-2024-mixed-v1,F2A04,float,variable_id:nces:F_F:00060621:F2A04,identity,2024 exact source mapping; same_source_variable_identity; metadata definitions remain year-specific; no assertion of measurement equivalence.,2024,2024,true,active
ipedsdb-panel-2004-2024-mixed-v1,F2A05,float,variable_id:nces:F_F:00060626:F2A05,identity,2024 exact source mapping; same_source_variable_identity; metadata definitions remain year-specific; no assertion of measurement equivalence.,2024,2024,true,active
ipedsdb-panel-2004-2024-mixed-v1,F2A05A,float,variable_id:nces:F_F:00064825:F2A05A,identity,2024 exact source mapping; same_source_variable_identity; metadata definitions remain year-specific; no assertion of measurement equivalence.,2024,2024,true,active
ipedsdb-panel-2004-2024-mixed-v1,F2A05B,float,variable_id:nces:F_F:00065096:F2A05B,identity,2024 exact source mapping; same_source_variable_identity; metadata definitions remain year-specific; no assertion of measurement equivalence.,2024,2024,true,active
ipedsdb-panel-2004-2024-mixed-v1,F2A06,float,variable_id:nces:F_F:00060631:F2A06,identity,2024 exact source mapping; same_source_variable_identity; metadata definitions remain year-specific; no assertion of measurement equivalence.,2024,2024,true,active
ipedsdb-panel-2004-2024-mixed-v1,F2A11,float,variable_id:nces:F_F:00060636:F2A11,identity,2024 exact source mapping; same_source_variable_identity; metadata definitions remain year-specific; no assertion of measurement equivalence.,2024,2024,true,active
ipedsdb-panel-2004-2024-mixed-v1,F2A12,float,variable_id:nces:F_F:00060641:F2A12,identity,2024 exact source mapping; same_source_variable_identity; metadata definitions remain year-specific; no assertion of measurement equivalence.,2024,2024,true,active
ipedsdb-panel-2004-2024-mixed-v1,F2A13,float,variable_id:nces:F_F:00060646:F2A13,identity,2024 exact source mapping; same_source_variable_identity; metadata definitions remain year-specific; no assertion of measurement equivalence.,2024,2024,true,active
ipedsdb-panel-2004-2024-mixed-v1,F2A15,float,variable_id:nces:F_F:00065101:F2A15,identity,2024 exact source mapping; same_source_variable_identity; metadata definitions remain year-specific; no assertion of measurement equivalence.,2024,2024,true,active
ipedsdb-panel-2004-2024-mixed-v1,F2A16,float,variable_id:nces:F_F:00065106:F2A16,identity,2024 exact source mapping; same_source_variable_identity; metadata definitions remain year-specific; no assertion of measurement equivalence.,2024,2024,true,active
ipedsdb-panel-2004-2024-mixed-v1,F2A17,float,variable_id:nces:F_F:00065111:F2A17,identity,2024 exact source mapping; same_source_variable_identity; metadata definitions remain year-specific; no assertion of measurement equivalence.,2024,2024,true,active
ipedsdb-panel-2004-2024-mixed-v1,F2A18,float,variable_id:nces:F_F:00065116:F2A18,identity,2024 exact source mapping; same_source_variable_identity; metadata definitions remain year-specific; no assertion of measurement equivalence.,2024,2024,true,active
ipedsdb-panel-2004-2024-mixed-v1,F2B01,float,variable_id:nces:F_F:00060656:F2B01,identity,2024 exact source mapping; same_source_variable_identity; metadata definitions remain year-specific; no assertion of measurement equivalence.,2024,2024,true,active
ipedsdb-panel-2004-2024-mixed-v1,F2B02,float,variable_id:nces:F_F:00060661:F2B02,identity,2024 exact source mapping; same_source_variable_identity; metadata definitions remain year-specific; no assertion of measurement equivalence.,2024,2024,true,active
ipedsdb-panel-2004-2024-mixed-v1,F2B03,float,variable_id:nces:F_F:00060666:F2B03,identity,2024 exact source mapping; same_source_variable_identity; metadata definitions remain year-specific; no assertion of measurement equivalence.,2024,2024,true,active
ipedsdb-panel-2004-2024-mixed-v1,F2B04,float,variable_id:nces:F_F:00060671:F2B04,identity,2024 exact source mapping; same_source_variable_identity; metadata definitions remain year-specific; no assertion of measurement equivalence.,2024,2024,true,active
ipedsdb-panel-2004-2024-mixed-v1,F2B05,float,variable_id:nces:F_F:00060676:F2B05,identity,2024 exact source mapping; same_source_variable_identity; metadata definitions remain year-specific; no assertion of measurement equivalence.,2024,2024,true,active
ipedsdb-panel-2004-2024-mixed-v1,F2B06,float,variable_id:nces:F_F:00060681:F2B06,identity,2024 exact source mapping; same_source_variable_identity; metadata definitions remain year-specific; no assertion of measurement equivalence.,2024,2024,true,active
ipedsdb-panel-2004-2024-mixed-v1,F2B07,float,variable_id:nces:F_F:00060686:F2B07,identity,2024 exact source mapping; same_source_variable_identity; metadata definitions remain year-specific; no assertion of measurement equivalence.,2024,2024,true,active
ipedsdb-panel-2004-2024-mixed-v1,F2C01,float,variable_id:nces:F_F:00060691:F2C01,identity,2024 exact source mapping; same_source_variable_identity; metadata definitions remain year-specific; no assertion of measurement equivalence.,2024,2024,true,active
ipedsdb-panel-2004-2024-mixed-v1,F2C02,float,variable_id:nces:F_F:00060696:F2C02,identity,2024 exact source mapping; same_source_variable_identity; metadata definitions remain year-specific; no assertion of measurement equivalence.,2024,2024,true,active
ipedsdb-panel-2004-2024-mixed-v1,F2C03,float,variable_id:nces:F_F:00060701:F2C03,identity,2024 exact source mapping; same_source_variable_identity; metadata definitions remain year-specific; no assertion of measurement equivalence.,2024,2024,true,active
ipedsdb-panel-2004-2024-mixed-v1,F2C04,float,variable_id:nces:F_F:00060706:F2C04,identity,2024 exact source mapping; same_source_variable_identity; metadata definitions remain year-specific; no assertion of measurement equivalence.,2024,2024,true,active
ipedsdb-panel-2004-2024-mixed-v1,F2C05,float,variable_id:nces:F_F:00060711:F2C05,identity,2024 exact source mapping; same_source_variable_identity; metadata definitions remain year-specific; no assertion of measurement equivalence.,2024,2024,true,active
ipedsdb-panel-2004-2024-mixed-v1,F2C06,float,variable_id:nces:F_F:00060716:F2C06,identity,2024 exact source mapping; same_source_variable_identity; metadata definitions remain year-specific; no assertion of measurement equivalence.,2024,2024,true,active
ipedsdb-panel-2004-2024-mixed-v1,F2C07,float,variable_id:nces:F_F:00060721:F2C07,identity,2024 exact source mapping; same_source_variable_identity; metadata definitions remain year-specific; no assertion of measurement equivalence.,2024,2024,true,active
ipedsdb-panel-2004-2024-mixed-v1,F2C08,float,variable_id:nces:F_F:00060726:F2C08,identity,2024 exact source mapping; same_source_variable_identity; metadata definitions remain year-specific; no assertion of measurement equivalence.,2024,2024,true,active
ipedsdb-panel-2004-2024-mixed-v1,F2C09,float,variable_id:nces:F_F:00060731:F2C09,identity,2024 exact source mapping; same_source_variable_identity; metadata definitions remain year-specific; no assertion of measurement equivalence.,2024,2024,true,active
ipedsdb-panel-2004-2024-mixed-v1,F2C10,float,variable_id:nces:F_F:00060733:F2C10,identity,2024 exact source mapping; same_source_variable_identity; metadata definitions remain year-specific; no assertion of measurement equivalence.,2024,2024,true,active
ipedsdb-panel-2004-2024-mixed-v1,F2C12,float,variable_id:nces:F_F:00061283:F2C12,identity,2024 exact source mapping; same_source_variable_identity; metadata definitions remain year-specific; no assertion of measurement equivalence.,2024,2024,true,active
ipedsdb-panel-2004-2024-mixed-v1,F2C121,float,variable_id:nces:F_F:00061285:F2C121,identity,2024 exact source mapping; same_source_variable_identity; metadata definitions remain year-specific; no assertion of measurement equivalence.,2024,2024,true,active
ipedsdb-panel-2004-2024-mixed-v1,F2C122,float,variable_id:nces:F_F:00061287:F2C122,identity,2024 exact source mapping; same_source_variable_identity; metadata definitions remain year-specific; no assertion of measurement equivalence.,2024,2024,true,active
ipedsdb-panel-2004-2024-mixed-v1,F2C13,float,variable_id:nces:F_F:00061289:F2C13,identity,2024 exact source mapping; same_source_variable_identity; metadata definitions remain year-specific; no assertion of measurement equivalence.,2024,2024,true,active
ipedsdb-panel-2004-2024-mixed-v1,F2C131,float,variable_id:nces:F_F:00061291:F2C131,identity,2024 exact source mapping; same_source_variable_identity; metadata definitions remain year-specific; no assertion of measurement equivalence.,2024,2024,true,active
ipedsdb-panel-2004-2024-mixed-v1,F2C132,float,variable_id:nces:F_F:00061293:F2C132,identity,2024 exact source mapping; same_source_variable_identity; metadata definitions remain year-specific; no assertion of measurement equivalence.,2024,2024,true,active
ipedsdb-panel-2004-2024-mixed-v1,F2C14,float,variable_id:nces:F_F:00061295:F2C14,identity,2024 exact source mapping; same_source_variable_identity; metadata definitions remain year-specific; no assertion of measurement equivalence.,2024,2024,true,active
ipedsdb-panel-2004-2024-mixed-v1,F2C141,float,variable_id:nces:F_F:00061297:F2C141,identity,2024 exact source mapping; same_source_variable_identity; metadata definitions remain year-specific; no assertion of measurement equivalence.,2024,2024,true,active
ipedsdb-panel-2004-2024-mixed-v1,F2C142,float,variable_id:nces:F_F:00061299:F2C142,identity,2024 exact source mapping; same_source_variable_identity; metadata definitions remain year-specific; no assertion of measurement equivalence.,2024,2024,true,active
ipedsdb-panel-2004-2024-mixed-v1,F2C15,float,variable_id:nces:F_F:00061301:F2C15,identity,2024 exact source mapping; same_source_variable_identity; metadata definitions remain year-specific; no assertion of measurement equivalence.,2024,2024,true,active
ipedsdb-panel-2004-2024-mixed-v1,F2C151,float,variable_id:nces:F_F:00061303:F2C151,identity,2024 exact source mapping; same_source_variable_identity; metadata definitions remain year-specific; no assertion of measurement equivalence.,2024,2024,true,active
ipedsdb-panel-2004-2024-mixed-v1,F2C152,float,variable_id:nces:F_F:00061305:F2C152,identity,2024 exact source mapping; same_source_variable_identity; metadata definitions remain year-specific; no assertion of measurement equivalence.,2024,2024,true,active
ipedsdb-panel-2004-2024-mixed-v1,F2C16,float,variable_id:nces:F_F:00061307:F2C16,identity,2024 exact source mapping; same_source_variable_identity; metadata definitions remain year-specific; no assertion of measurement equivalence.,2024,2024,true,active
ipedsdb-panel-2004-2024-mixed-v1,F2C161,float,variable_id:nces:F_F:00061309:F2C161,identity,2024 exact source mapping; same_source_variable_identity; metadata definitions remain year-specific; no assertion of measurement equivalence.,2024,2024,true,active
ipedsdb-panel-2004-2024-mixed-v1,F2C162,float,variable_id:nces:F_F:00061311:F2C162,identity,2024 exact source mapping; same_source_variable_identity; metadata definitions remain year-specific; no assertion of measurement equivalence.,2024,2024,true,active
ipedsdb-panel-2004-2024-mixed-v1,F2C17,float,variable_id:nces:F_F:00061313:F2C17,identity,2024 exact source mapping; same_source_variable_identity; metadata definitions remain year-specific; no assertion of measurement equivalence.,2024,2024,true,active
ipedsdb-panel-2004-2024-mixed-v1,F2C171,float,variable_id:nces:F_F:00061315:F2C171,identity,2024 exact source mapping; same_source_variable_identity; metadata definitions remain year-specific; no assertion of measurement equivalence.,2024,2024,true,active
ipedsdb-panel-2004-2024-mixed-v1,F2C172,float,variable_id:nces:F_F:00061317:F2C172,identity,2024 exact source mapping; same_source_variable_identity; metadata definitions remain year-specific; no assertion of measurement equivalence.,2024,2024,true,active
ipedsdb-panel-2004-2024-mixed-v1,F2D01,float,variable_id:nces:F_F:00060736:F2D01,identity,2024 exact source mapping; same_source_variable_identity; metadata definitions remain year-specific; no assertion of measurement equivalence.,2024,2024,true,active
ipedsdb-panel-2004-2024-mixed-v1,F2D012,float,variable_id:nces:F_F:00065131:F2D012,identity,2024 exact source mapping; same_source_variable_identity; metadata definitions remain year-specific; no assertion of measurement equivalence.,2024,2024,true,active
ipedsdb-panel-2004-2024-mixed-v1,F2D013,float,variable_id:nces:F_F:00065136:F2D013,identity,2024 exact source mapping; same_source_variable_identity; metadata definitions remain year-specific; no assertion of measurement equivalence.,2024,2024,true,active
ipedsdb-panel-2004-2024-mixed-v1,F2D014,float,variable_id:nces:F_F:00065141:F2D014,identity,2024 exact source mapping; same_source_variable_identity; metadata definitions remain year-specific; no assertion of measurement equivalence.,2024,2024,true,active
ipedsdb-panel-2004-2024-mixed-v1,F2D02,float,variable_id:nces:F_F:00060741:F2D02,identity,2024 exact source mapping; same_source_variable_identity; metadata definitions remain year-specific; no assertion of measurement equivalence.,2024,2024,true,active
ipedsdb-panel-2004-2024-mixed-v1,F2D022,float,variable_id:nces:F_F:00065146:F2D022,identity,2024 exact source mapping; same_source_variable_identity; metadata definitions remain year-specific; no assertion of measurement equivalence.,2024,2024,true,active
ipedsdb-panel-2004-2024-mixed-v1,F2D023,float,variable_id:nces:F_F:00065151:F2D023,identity,2024 exact source mapping; same_source_variable_identity; metadata definitions remain year-specific; no assertion of measurement equivalence.,2024,2024,true,active
ipedsdb-panel-2004-2024-mixed-v1,F2D024,float,variable_id:nces:F_F:00065156:F2D024,identity,2024 exact source mapping; same_source_variable_identity; metadata definitions remain year-specific; no assertion of measurement equivalence.,2024,2024,true,active
ipedsdb-panel-2004-2024-mixed-v1,F2D03,float,variable_id:nces:F_F:00060746:F2D03,identity,2024 exact source mapping; same_source_variable_identity; metadata definitions remain year-specific; no assertion of measurement equivalence.,2024,2024,true,active
ipedsdb-panel-2004-2024-mixed-v1,F2D032,float,variable_id:nces:F_F:00065161:F2D032,identity,2024 exact source mapping; same_source_variable_identity; metadata definitions remain year-specific; no assertion of measurement equivalence.,2024,2024,true,active
ipedsdb-panel-2004-2024-mixed-v1,F2D033,float,variable_id:nces:F_F:00065166:F2D033,identity,2024 exact source mapping; same_source_variable_identity; metadata definitions remain year-specific; no assertion of measurement equivalence.,2024,2024,true,active
ipedsdb-panel-2004-2024-mixed-v1,F2D034,float,variable_id:nces:F_F:00065171:F2D034,identity,2024 exact source mapping; same_source_variable_identity; metadata definitions remain year-specific; no assertion of measurement equivalence.,2024,2024,true,active
ipedsdb-panel-2004-2024-mixed-v1,F2D04,float,variable_id:nces:F_F:00060751:F2D04,identity,2024 exact source mapping; same_source_variable_identity; metadata definitions remain year-specific; no assertion of measurement equivalence.,2024,2024,true,active
ipedsdb-panel-2004-2024-mixed-v1,F2D042,float,variable_id:nces:F_F:00065176:F2D042,identity,2024 exact source mapping; same_source_variable_identity; metadata definitions remain year-specific; no assertion of measurement equivalence.,2024,2024,true,active
ipedsdb-panel-2004-2024-mixed-v1,F2D043,float,variable_id:nces:F_F:00065181:F2D043,identity,2024 exact source mapping; same_source_variable_identity; metadata definitions remain year-specific; no assertion of measurement equivalence.,2024,2024,true,active
ipedsdb-panel-2004-2024-mixed-v1,F2D044,float,variable_id:nces:F_F:00065186:F2D044,identity,2024 exact source mapping; same_source_variable_identity; metadata definitions remain year-specific; no assertion of measurement equivalence.,2024,2024,true,active
ipedsdb-panel-2004-2024-mixed-v1,F2D05,float,variable_id:nces:F_F:00060756:F2D05,identity,2024 exact source mapping; same_source_variable_identity; metadata definitions remain year-specific; no assertion of measurement equivalence.,2024,2024,true,active
ipedsdb-panel-2004-2024-mixed-v1,F2D052,float,variable_id:nces:F_F:00065191:F2D052,identity,2024 exact source mapping; same_source_variable_identity; metadata definitions remain year-specific; no assertion of measurement equivalence.,2024,2024,true,active
ipedsdb-panel-2004-2024-mixed-v1,F2D053,float,variable_id:nces:F_F:00065196:F2D053,identity,2024 exact source mapping; same_source_variable_identity; metadata definitions remain year-specific; no assertion of measurement equivalence.,2024,2024,true,active
ipedsdb-panel-2004-2024-mixed-v1,F2D054,float,variable_id:nces:F_F:00065201:F2D054,identity,2024 exact source mapping; same_source_variable_identity; metadata definitions remain year-specific; no assertion of measurement equivalence.,2024,2024,true,active
ipedsdb-panel-2004-2024-mixed-v1,F2D06,float,variable_id:nces:F_F:00060761:F2D06,identity,2024 exact source mapping; same_source_variable_identity; metadata definitions remain year-specific; no assertion of measurement equivalence.,2024,2024,true,active
ipedsdb-panel-2004-2024-mixed-v1,F2D062,float,variable_id:nces:F_F:00065206:F2D062,identity,2024 exact source mapping; same_source_variable_identity; metadata definitions remain year-specific; no assertion of measurement equivalence.,2024,2024,true,active
ipedsdb-panel-2004-2024-mixed-v1,F2D063,float,variable_id:nces:F_F:00065211:F2D063,identity,2024 exact source mapping; same_source_variable_identity; metadata definitions remain year-specific; no assertion of measurement equivalence.,2024,2024,true,active
ipedsdb-panel-2004-2024-mixed-v1,F2D064,float,variable_id:nces:F_F:00065216:F2D064,identity,2024 exact source mapping; same_source_variable_identity; metadata definitions remain year-specific; no assertion of measurement equivalence.,2024,2024,true,active
ipedsdb-panel-2004-2024-mixed-v1,F2D07,float,variable_id:nces:F_F:00060766:F2D07,identity,2024 exact source mapping; same_source_variable_identity; metadata definitions remain year-specific; no assertion of measurement equivalence.,2024,2024,true,active
ipedsdb-panel-2004-2024-mixed-v1,F2D072,float,variable_id:nces:F_F:00065221:F2D072,identity,2024 exact source mapping; same_source_variable_identity; metadata definitions remain year-specific; no assertion of measurement equivalence.,2024,2024,true,active
ipedsdb-panel-2004-2024-mixed-v1,F2D073,float,variable_id:nces:F_F:00065226:F2D073,identity,2024 exact source mapping; same_source_variable_identity; metadata definitions remain year-specific; no assertion of measurement equivalence.,2024,2024,true,active
ipedsdb-panel-2004-2024-mixed-v1,F2D074,float,variable_id:nces:F_F:00065231:F2D074,identity,2024 exact source mapping; same_source_variable_identity; metadata definitions remain year-specific; no assertion of measurement equivalence.,2024,2024,true,active
ipedsdb-panel-2004-2024-mixed-v1,F2D08,float,variable_id:nces:F_F:00060771:F2D08,identity,2024 exact source mapping; same_source_variable_identity; metadata definitions remain year-specific; no assertion of measurement equivalence.,2024,2024,true,active
ipedsdb-panel-2004-2024-mixed-v1,F2D082,float,variable_id:nces:F_F:00065236:F2D082,identity,2024 exact source mapping; same_source_variable_identity; metadata definitions remain year-specific; no assertion of measurement equivalence.,2024,2024,true,active
ipedsdb-panel-2004-2024-mixed-v1,F2D083,float,variable_id:nces:F_F:00065251:F2D083,identity,2024 exact source mapping; same_source_variable_identity; metadata definitions remain year-specific; no assertion of measurement equivalence.,2024,2024,true,active
ipedsdb-panel-2004-2024-mixed-v1,F2D084,float,variable_id:nces:F_F:00065266:F2D084,identity,2024 exact source mapping; same_source_variable_identity; metadata definitions remain year-specific; no assertion of measurement equivalence.,2024,2024,true,active
ipedsdb-panel-2004-2024-mixed-v1,F2D08A,float,variable_id:nces:F_F:00065281:F2D08A,identity,2024 exact source mapping; same_source_variable_identity; metadata definitions remain year-specific; no assertion of measurement equivalence.,2024,2024,true,active
ipedsdb-panel-2004-2024-mixed-v1,F2D082A,float,variable_id:nces:F_F:00065241:F2D082A,identity,2024 exact source mapping; same_source_variable_identity; metadata definitions remain year-specific; no assertion of measurement equivalence.,2024,2024,true,active
ipedsdb-panel-2004-2024-mixed-v1,F2D083A,float,variable_id:nces:F_F:00065256:F2D083A,identity,2024 exact source mapping; same_source_variable_identity; metadata definitions remain year-specific; no assertion of measurement equivalence.,2024,2024,true,active
ipedsdb-panel-2004-2024-mixed-v1,F2D084A,float,variable_id:nces:F_F:00065271:F2D084A,identity,2024 exact source mapping; same_source_variable_identity; metadata definitions remain year-specific; no assertion of measurement equivalence.,2024,2024,true,active
ipedsdb-panel-2004-2024-mixed-v1,F2D08B,float,variable_id:nces:F_F:00065286:F2D08B,identity,2024 exact source mapping; same_source_variable_identity; metadata definitions remain year-specific; no assertion of measurement equivalence.,2024,2024,true,active
ipedsdb-panel-2004-2024-mixed-v1,F2D082B,float,variable_id:nces:F_F:00065246:F2D082B,identity,2024 exact source mapping; same_source_variable_identity; metadata definitions remain year-specific; no assertion of measurement equivalence.,2024,2024,true,active
ipedsdb-panel-2004-2024-mixed-v1,F2D083B,float,variable_id:nces:F_F:00065261:F2D083B,identity,2024 exact source mapping; same_source_variable_identity; metadata definitions remain year-specific; no assertion of measurement equivalence.,2024,2024,true,active
ipedsdb-panel-2004-2024-mixed-v1,F2D084B,float,variable_id:nces:F_F:00065276:F2D084B,identity,2024 exact source mapping; same_source_variable_identity; metadata definitions remain year-specific; no assertion of measurement equivalence.,2024,2024,true,active
ipedsdb-panel-2004-2024-mixed-v1,F2D09,float,variable_id:nces:F_F:00060776:F2D09,identity,2024 exact source mapping; same_source_variable_identity; metadata definitions remain year-specific; no assertion of measurement equivalence.,2024,2024,true,active
ipedsdb-panel-2004-2024-mixed-v1,F2D092,float,variable_id:nces:F_F:00065291:F2D092,identity,2024 exact source mapping; same_source_variable_identity; metadata definitions remain year-specific; no assertion of measurement equivalence.,2024,2024,true,active
ipedsdb-panel-2004-2024-mixed-v1,F2D093,float,variable_id:nces:F_F:00065296:F2D093,identity,2024 exact source mapping; same_source_variable_identity; metadata definitions remain year-specific; no assertion of measurement equivalence.,2024,2024,true,active
ipedsdb-panel-2004-2024-mixed-v1,F2D094,float,variable_id:nces:F_F:00065301:F2D094,identity,2024 exact source mapping; same_source_variable_identity; metadata definitions remain year-specific; no assertion of measurement equivalence.,2024,2024,true,active
ipedsdb-panel-2004-2024-mixed-v1,F2D10,float,variable_id:nces:F_F:00060781:F2D10,identity,2024 exact source mapping; same_source_variable_identity; metadata definitions remain year-specific; no assertion of measurement equivalence.,2024,2024,true,active
ipedsdb-panel-2004-2024-mixed-v1,F2D102,float,variable_id:nces:F_F:00065306:F2D102,identity,2024 exact source mapping; same_source_variable_identity; metadata definitions remain year-specific; no assertion of measurement equivalence.,2024,2024,true,active
ipedsdb-panel-2004-2024-mixed-v1,F2D103,float,variable_id:nces:F_F:00065311:F2D103,identity,2024 exact source mapping; same_source_variable_identity; metadata definitions remain year-specific; no assertion of measurement equivalence.,2024,2024,true,active
ipedsdb-panel-2004-2024-mixed-v1,F2D104,float,variable_id:nces:F_F:00065316:F2D104,identity,2024 exact source mapping; same_source_variable_identity; metadata definitions remain year-specific; no assertion of measurement equivalence.,2024,2024,true,active
ipedsdb-panel-2004-2024-mixed-v1,F2D11,float,variable_id:nces:F_F:00060786:F2D11,identity,2024 exact source mapping; same_source_variable_identity; metadata definitions remain year-specific; no assertion of measurement equivalence.,2024,2024,true,active
ipedsdb-panel-2004-2024-mixed-v1,F2D112,float,variable_id:nces:F_F:00065321:F2D112,identity,2024 exact source mapping; same_source_variable_identity; metadata definitions remain year-specific; no assertion of measurement equivalence.,2024,2024,true,active
ipedsdb-panel-2004-2024-mixed-v1,F2D12,float,variable_id:nces:F_F:00060791:F2D12,identity,2024 exact source mapping; same_source_variable_identity; metadata definitions remain year-specific; no assertion of measurement equivalence.,2024,2024,true,active
ipedsdb-panel-2004-2024-mixed-v1,F2D122,float,variable_id:nces:F_F:00065326:F2D122,identity,2024 exact source mapping; same_source_variable_identity; metadata definitions remain year-specific; no assertion of measurement equivalence.,2024,2024,true,active
ipedsdb-panel-2004-2024-mixed-v1,F2D13,float,variable_id:nces:F_F:00060796:F2D13,identity,2024 exact source mapping; same_source_variable_identity; metadata definitions remain year-specific; no assertion of measurement equivalence.,2024,2024,true,active
ipedsdb-panel-2004-2024-mixed-v1,F2D132,float,variable_id:nces:F_F:00065331:F2D132,identity,2024 exact source mapping; same_source_variable_identity; metadata definitions remain year-specific; no assertion of measurement equivalence.,2024,2024,true,active
ipedsdb-panel-2004-2024-mixed-v1,F2D14,float,variable_id:nces:F_F:00060801:F2D14,identity,2024 exact source mapping; same_source_variable_identity; metadata definitions remain year-specific; no assertion of measurement equivalence.,2024,2024,true,active
ipedsdb-panel-2004-2024-mixed-v1,F2D142,float,variable_id:nces:F_F:00065336:F2D142,identity,2024 exact source mapping; same_source_variable_identity; metadata definitions remain year-specific; no assertion of measurement equivalence.,2024,2024,true,active
ipedsdb-panel-2004-2024-mixed-v1,F2D143,float,variable_id:nces:F_F:00065341:F2D143,identity,2024 exact source mapping; same_source_variable_identity; metadata definitions remain year-specific; no assertion of measurement equivalence.,2024,2024,true,active
ipedsdb-panel-2004-2024-mixed-v1,F2D144,float,variable_id:nces:F_F:00065346:F2D144,identity,2024 exact source mapping; same_source_variable_identity; metadata definitions remain year-specific; no assertion of measurement equivalence.,2024,2024,true,active
ipedsdb-panel-2004-2024-mixed-v1,F2D15,float,variable_id:nces:F_F:00060806:F2D15,identity,2024 exact source mapping; same_source_variable_identity; metadata definitions remain year-specific; no assertion of measurement equivalence.,2024,2024,true,active
ipedsdb-panel-2004-2024-mixed-v1,F2D152,float,variable_id:nces:F_F:00065351:F2D152,identity,2024 exact source mapping; same_source_variable_identity; metadata definitions remain year-specific; no assertion of measurement equivalence.,2024,2024,true,active
ipedsdb-panel-2004-2024-mixed-v1,F2D153,float,variable_id:nces:F_F:00065356:F2D153,identity,2024 exact source mapping; same_source_variable_identity; metadata definitions remain year-specific; no assertion of measurement equivalence.,2024,2024,true,active
ipedsdb-panel-2004-2024-mixed-v1,F2D154,float,variable_id:nces:F_F:00065361:F2D154,identity,2024 exact source mapping; same_source_variable_identity; metadata definitions remain year-specific; no assertion of measurement equivalence.,2024,2024,true,active
ipedsdb-panel-2004-2024-mixed-v1,F2D16,float,variable_id:nces:F_F:00060811:F2D16,identity,2024 exact source mapping; same_source_variable_identity; metadata definitions remain year-specific; no assertion of measurement equivalence.,2024,2024,true,active
ipedsdb-panel-2004-2024-mixed-v1,F2D162,float,variable_id:nces:F_F:00065366:F2D162,identity,2024 exact source mapping; same_source_variable_identity; metadata definitions remain year-specific; no assertion of measurement equivalence.,2024,2024,true,active
ipedsdb-panel-2004-2024-mixed-v1,F2D163,float,variable_id:nces:F_F:00065371:F2D163,identity,2024 exact source mapping; same_source_variable_identity; metadata definitions remain year-specific; no assertion of measurement equivalence.,2024,2024,true,active
ipedsdb-panel-2004-2024-mixed-v1,F2D164,float,variable_id:nces:F_F:00065376:F2D164,identity,2024 exact source mapping; same_source_variable_identity; metadata definitions remain year-specific; no assertion of measurement equivalence.,2024,2024,true,active
ipedsdb-panel-2004-2024-mixed-v1,F2D17,float,variable_id:nces:F_F:00065380:F2D17,identity,2024 exact source mapping; same_source_variable_identity; metadata definitions remain year-specific; no assertion of measurement equivalence.,2024,2024,true,active
ipedsdb-panel-2004-2024-mixed-v1,F2D172,float,variable_id:nces:F_F:00065381:F2D172,identity,2024 exact source mapping; same_source_variable_identity; metadata definitions remain year-specific; no assertion of measurement equivalence.,2024,2024,true,active
ipedsdb-panel-2004-2024-mixed-v1,F2D173,float,variable_id:nces:F_F:00065386:F2D173,identity,2024 exact source mapping; same_source_variable_identity; metadata definitions remain year-specific; no assertion of measurement equivalence.,2024,2024,true,active
ipedsdb-panel-2004-2024-mixed-v1,F2D174,float,variable_id:nces:F_F:00065387:F2D174,identity,2024 exact source mapping; same_source_variable_identity; metadata definitions remain year-specific; no assertion of measurement equivalence.,2024,2024,true,active
ipedsdb-panel-2004-2024-mixed-v1,F2D18,float,variable_id:nces:F_F:00065390:F2D18,identity,2024 exact source mapping; same_source_variable_identity; metadata definitions remain year-specific; no assertion of measurement equivalence.,2024,2024,true,active
ipedsdb-panel-2004-2024-mixed-v1,F2D182,float,variable_id:nces:F_F:00065391:F2D182,identity,2024 exact source mapping; same_source_variable_identity; metadata definitions remain year-specific; no assertion of measurement equivalence.,2024,2024,true,active
ipedsdb-panel-2004-2024-mixed-v1,F2D183,float,variable_id:nces:F_F:00065396:F2D183,identity,2024 exact source mapping; same_source_variable_identity; metadata definitions remain year-specific; no assertion of measurement equivalence.,2024,2024,true,active
ipedsdb-panel-2004-2024-mixed-v1,F2D184,float,variable_id:nces:F_F:00065401:F2D184,identity,2024 exact source mapping; same_source_variable_identity; metadata definitions remain year-specific; no assertion of measurement equivalence.,2024,2024,true,active
ipedsdb-panel-2004-2024-mixed-v1,F2E011,float,variable_id:nces:F_F:00060816:F2E011,identity,2024 exact source mapping; same_source_variable_identity; metadata definitions remain year-specific; no assertion of measurement equivalence.,2024,2024,true,active
ipedsdb-panel-2004-2024-mixed-v1,F2E012,float,variable_id:nces:F_F:00060821:F2E012,identity,2024 exact source mapping; same_source_variable_identity; metadata definitions remain year-specific; no assertion of measurement equivalence.,2024,2024,true,active
ipedsdb-panel-2004-2024-mixed-v1,F2E021,float,variable_id:nces:F_F:00060851:F2E021,identity,2024 exact source mapping; same_source_variable_identity; metadata definitions remain year-specific; no assertion of measurement equivalence.,2024,2024,true,active
ipedsdb-panel-2004-2024-mixed-v1,F2E022,float,variable_id:nces:F_F:00060856:F2E022,identity,2024 exact source mapping; same_source_variable_identity; metadata definitions remain year-specific; no assertion of measurement equivalence.,2024,2024,true,active
ipedsdb-panel-2004-2024-mixed-v1,F2E031,float,variable_id:nces:F_F:00060886:F2E031,identity,2024 exact source mapping; same_source_variable_identity; metadata definitions remain year-specific; no assertion of measurement equivalence.,2024,2024,true,active
ipedsdb-panel-2004-2024-mixed-v1,F2E032,float,variable_id:nces:F_F:00060891:F2E032,identity,2024 exact source mapping; same_source_variable_identity; metadata definitions remain year-specific; no assertion of measurement equivalence.,2024,2024,true,active
ipedsdb-panel-2004-2024-mixed-v1,F2E041,float,variable_id:nces:F_F:00060921:F2E041,identity,2024 exact source mapping; same_source_variable_identity; metadata definitions remain year-specific; no assertion of measurement equivalence.,2024,2024,true,active
ipedsdb-panel-2004-2024-mixed-v1,F2E042,float,variable_id:nces:F_F:00060926:F2E042,identity,2024 exact source mapping; same_source_variable_identity; metadata definitions remain year-specific; no assertion of measurement equivalence.,2024,2024,true,active
ipedsdb-panel-2004-2024-mixed-v1,F2E051,float,variable_id:nces:F_F:00060956:F2E051,identity,2024 exact source mapping; same_source_variable_identity; metadata definitions remain year-specific; no assertion of measurement equivalence.,2024,2024,true,active
ipedsdb-panel-2004-2024-mixed-v1,F2E052,float,variable_id:nces:F_F:00060961:F2E052,identity,2024 exact source mapping; same_source_variable_identity; metadata definitions remain year-specific; no assertion of measurement equivalence.,2024,2024,true,active
ipedsdb-panel-2004-2024-mixed-v1,F2E061,float,variable_id:nces:F_F:00060991:F2E061,identity,2024 exact source mapping; same_source_variable_identity; metadata definitions remain year-specific; no assertion of measurement equivalence.,2024,2024,true,active
ipedsdb-panel-2004-2024-mixed-v1,F2E062,float,variable_id:nces:F_F:00060996:F2E062,identity,2024 exact source mapping; same_source_variable_identity; metadata definitions remain year-specific; no assertion of measurement equivalence.,2024,2024,true,active
ipedsdb-panel-2004-2024-mixed-v1,F2E071,float,variable_id:nces:F_F:00061026:F2E071,identity,2024 exact source mapping; same_source_variable_identity; metadata definitions remain year-specific; no assertion of measurement equivalence.,2024,2024,true,active
ipedsdb-panel-2004-2024-mixed-v1,F2E072,float,variable_id:nces:F_F:00061031:F2E072,identity,2024 exact source mapping; same_source_variable_identity; metadata definitions remain year-specific; no assertion of measurement equivalence.,2024,2024,true,active
ipedsdb-panel-2004-2024-mixed-v1,F2E081,float,variable_id:nces:F_F:00061061:F2E081,identity,2024 exact source mapping; same_source_variable_identity; metadata definitions remain year-specific; no assertion of measurement equivalence.,2024,2024,true,active
ipedsdb-panel-2004-2024-mixed-v1,F2E091,float,variable_id:nces:F_F:00061096:F2E091,identity,2024 exact source mapping; same_source_variable_identity; metadata definitions remain year-specific; no assertion of measurement equivalence.,2024,2024,true,active
ipedsdb-panel-2004-2024-mixed-v1,F2E092,float,variable_id:nces:F_F:00061101:F2E092,identity,2024 exact source mapping; same_source_variable_identity; metadata definitions remain year-specific; no assertion of measurement equivalence.,2024,2024,true,active
ipedsdb-panel-2004-2024-mixed-v1,F2E101,float,variable_id:nces:F_F:00061131:F2E101,identity,2024 exact source mapping; same_source_variable_identity; metadata definitions remain year-specific; no assertion of measurement equivalence.,2024,2024,true,active
ipedsdb-panel-2004-2024-mixed-v1,F2E102,float,variable_id:nces:F_F:00061136:F2E102,identity,2024 exact source mapping; same_source_variable_identity; metadata definitions remain year-specific; no assertion of measurement equivalence.,2024,2024,true,active
ipedsdb-panel-2004-2024-mixed-v1,F2E121,float,variable_id:nces:F_F:00061201:F2E121,identity,2024 exact source mapping; same_source_variable_identity; metadata definitions remain year-specific; no assertion of measurement equivalence.,2024,2024,true,active
ipedsdb-panel-2004-2024-mixed-v1,F2E122,float,variable_id:nces:F_F:00061206:F2E122,identity,2024 exact source mapping; same_source_variable_identity; metadata definitions remain year-specific; no assertion of measurement equivalence.,2024,2024,true,active
ipedsdb-panel-2004-2024-mixed-v1,F2E131,float,variable_id:nces:F_F:00061236:F2E131,identity,2024 exact source mapping; same_source_variable_identity; metadata definitions remain year-specific; no assertion of measurement equivalence.,2024,2024,true,active
ipedsdb-panel-2004-2024-mixed-v1,F2E132,float,variable_id:nces:F_F:00061241:F2E132,identity,2024 exact source mapping; same_source_variable_identity; metadata definitions remain year-specific; no assertion of measurement equivalence.,2024,2024,true,active
ipedsdb-panel-2004-2024-mixed-v1,F2E133,float,variable_id:nces:F_F:00061246:F2E133,identity,2024 exact source mapping; same_source_variable_identity; metadata definitions remain year-specific; no assertion of measurement equivalence.,2024,2024,true,active
ipedsdb-panel-2004-2024-mixed-v1,F2E134,float,variable_id:nces:F_F:00061251:F2E134,identity,2024 exact source mapping; same_source_variable_identity; metadata definitions remain year-specific; no assertion of measurement equivalence.,2024,2024,true,active
ipedsdb-panel-2004-2024-mixed-v1,F2E135,float,variable_id:nces:F_F:00061256:F2E135,identity,2024 exact source mapping; same_source_variable_identity; metadata definitions remain year-specific; no assertion of measurement equivalence.,2024,2024,true,active
ipedsdb-panel-2004-2024-mixed-v1,F2E136,float,variable_id:nces:F_F:00061261:F2E136,identity,2024 exact source mapping; same_source_variable_identity; metadata definitions remain year-specific; no assertion of measurement equivalence.,2024,2024,true,active
ipedsdb-panel-2004-2024-mixed-v1,F2E137,float,variable_id:nces:F_F:00061266:F2E137,identity,2024 exact source mapping; same_source_variable_identity; metadata definitions remain year-specific; no assertion of measurement equivalence.,2024,2024,true,active
ipedsdb-panel-2004-2024-mixed-v1,F2FHA,categorical string,variable_id:nces:F_F:00061281:F2FHA,identity,2024 exact source mapping; same_source_variable_identity; metadata definitions remain year-specific; no assertion of measurement equivalence.,2024,2024,true,active
ipedsdb-panel-2004-2024-mixed-v1,F2H01,float,variable_id:nces:F_F:00061271:F2H01,identity,2024 exact source mapping; same_source_variable_identity; metadata definitions remain year-specific; no assertion of measurement equivalence.,2024,2024,true,active
ipedsdb-panel-2004-2024-mixed-v1,F2H02,float,variable_id:nces:F_F:00061276:F2H02,identity,2024 exact source mapping; same_source_variable_identity; metadata definitions remain year-specific; no assertion of measurement equivalence.,2024,2024,true,active
ipedsdb-panel-2004-2024-mixed-v1,F2H03,float,variable_id:nces:F_F:00061319:F2H03,identity,2024 exact source mapping; same_source_variable_identity; metadata definitions remain year-specific; no assertion of measurement equivalence.,2024,2024,true,active
ipedsdb-panel-2004-2024-mixed-v1,F2H03A,float,variable_id:nces:F_F:00061321:F2H03A,identity,2024 exact source mapping; same_source_variable_identity; metadata definitions remain year-specific; no assertion of measurement equivalence.,2024,2024,true,active
ipedsdb-panel-2004-2024-mixed-v1,F2H03B,float,variable_id:nces:F_F:00061323:F2H03B,identity,2024 exact source mapping; same_source_variable_identity; metadata definitions remain year-specific; no assertion of measurement equivalence.,2024,2024,true,active
ipedsdb-panel-2004-2024-mixed-v1,F2H03C,float,variable_id:nces:F_F:00061325:F2H03C,identity,2024 exact source mapping; same_source_variable_identity; metadata definitions remain year-specific; no assertion of measurement equivalence.,2024,2024,true,active
ipedsdb-panel-2004-2024-mixed-v1,F2H03D,float,variable_id:nces:F_F:00061327:F2H03D,identity,2024 exact source mapping; same_source_variable_identity; metadata definitions remain year-specific; no assertion of measurement equivalence.,2024,2024,true,active
ipedsdb-panel-2004-2024-mixed-v1,F2I01,float,variable_id:nces:F_F:00061329:F2I01,identity,2024 exact source mapping; same_source_variable_identity; metadata definitions remain year-specific; no assertion of measurement equivalence.,2024,2024,true,active
ipedsdb-panel-2004-2024-mixed-v1,F2I02,float,variable_id:nces:F_F:00061331:F2I02,identity,2024 exact source mapping; same_source_variable_identity; metadata definitions remain year-specific; no assertion of measurement equivalence.,2024,2024,true,active
ipedsdb-panel-2004-2024-mixed-v1,F2I03,float,variable_id:nces:F_F:00061333:F2I03,identity,2024 exact source mapping; same_source_variable_identity; metadata definitions remain year-specific; no assertion of measurement equivalence.,2024,2024,true,active
ipedsdb-panel-2004-2024-mixed-v1,F2I04,float,variable_id:nces:F_F:00061335:F2I04,identity,2024 exact source mapping; same_source_variable_identity; metadata definitions remain year-specific; no assertion of measurement equivalence.,2024,2024,true,active
ipedsdb-panel-2004-2024-mixed-v1,F2I05,float,variable_id:nces:F_F:00061337:F2I05,identity,2024 exact source mapping; same_source_variable_identity; metadata definitions remain year-specific; no assertion of measurement equivalence.,2024,2024,true,active
ipedsdb-panel-2004-2024-mixed-v1,F2I06,float,variable_id:nces:F_F:00061339:F2I06,identity,2024 exact source mapping; same_source_variable_identity; metadata definitions remain year-specific; no assertion of measurement equivalence.,2024,2024,true,active
ipedsdb-panel-2004-2024-mixed-v1,F2I07,float,variable_id:nces:F_F:00061341:F2I07,identity,2024 exact source mapping; same_source_variable_identity; metadata definitions remain year-specific; no assertion of measurement equivalence.,2024,2024,true,active
ipedsdb-panel-2004-2024-mixed-v1,F3A01,float,variable_id:nces:F_F:00062821:F3A01,identity,2024 exact source mapping; same_source_variable_identity; metadata definitions remain year-specific; no assertion of measurement equivalence.,2024,2024,true,active
ipedsdb-panel-2004-2024-mixed-v1,F3A01A,float,variable_id:nces:F_F:00066405:F3A01A,identity,2024 exact source mapping; same_source_variable_identity; metadata definitions remain year-specific; no assertion of measurement equivalence.,2024,2024,true,active
ipedsdb-panel-2004-2024-mixed-v1,F3A01B,float,variable_id:nces:F_F:00066410:F3A01B,identity,2024 exact source mapping; same_source_variable_identity; metadata definitions remain year-specific; no assertion of measurement equivalence.,2024,2024,true,active
ipedsdb-panel-2004-2024-mixed-v1,F3A01C,float,variable_id:nces:F_F:00066415:F3A01C,identity,2024 exact source mapping; same_source_variable_identity; metadata definitions remain year-specific; no assertion of measurement equivalence.,2024,2024,true,active
ipedsdb-panel-2004-2024-mixed-v1,F3A02,float,variable_id:nces:F_F:00062826:F3A02,identity,2024 exact source mapping; same_source_variable_identity; metadata definitions remain year-specific; no assertion of measurement equivalence.,2024,2024,true,active
ipedsdb-panel-2004-2024-mixed-v1,F3A02A,float,variable_id:nces:F_F:00066420:F3A02A,identity,2024 exact source mapping; same_source_variable_identity; metadata definitions remain year-specific; no assertion of measurement equivalence.,2024,2024,true,active
ipedsdb-panel-2004-2024-mixed-v1,F3A03,float,variable_id:nces:F_F:00062831:F3A03,identity,2024 exact source mapping; same_source_variable_identity; metadata definitions remain year-specific; no assertion of measurement equivalence.,2024,2024,true,active
ipedsdb-panel-2004-2024-mixed-v1,F3A04,float,variable_id:nces:F_F:00062836:F3A04,identity,2024 exact source mapping; same_source_variable_identity; metadata definitions remain year-specific; no assertion of measurement equivalence.,2024,2024,true,active
ipedsdb-panel-2004-2024-mixed-v1,F3A05,float,variable_id:nces:F_F:00066425:F3A05,identity,2024 exact source mapping; same_source_variable_identity; metadata definitions remain year-specific; no assertion of measurement equivalence.,2024,2024,true,active
ipedsdb-panel-2004-2024-mixed-v1,F3A06,float,variable_id:nces:F_F:00066430:F3A06,identity,2024 exact source mapping; same_source_variable_identity; metadata definitions remain year-specific; no assertion of measurement equivalence.,2024,2024,true,active
ipedsdb-panel-2004-2024-mixed-v1,F3A07,float,variable_id:nces:F_F:00066435:F3A07,identity,2024 exact source mapping; same_source_variable_identity; metadata definitions remain year-specific; no assertion of measurement equivalence.,2024,2024,true,active
ipedsdb-panel-2004-2024-mixed-v1,F3A08,float,variable_id:nces:F_F:00066440:F3A08,identity,2024 exact source mapping; same_source_variable_identity; metadata definitions remain year-specific; no assertion of measurement equivalence.,2024,2024,true,active
ipedsdb-panel-2004-2024-mixed-v1,F3A09,float,variable_id:nces:F_F:00066445:F3A09,identity,2024 exact source mapping; same_source_variable_identity; metadata definitions remain year-specific; no assertion of measurement equivalence.,2024,2024,true,active
ipedsdb-panel-2004-2024-mixed-v1,F3A10,float,variable_id:nces:F_F:00066450:F3A10,identity,2024 exact source mapping; same_source_variable_identity; metadata definitions remain year-specific; no assertion of measurement equivalence.,2024,2024,true,active
ipedsdb-panel-2004-2024-mixed-v1,F3A11,float,variable_id:nces:F_F:00066455:F3A11,identity,2024 exact source mapping; same_source_variable_identity; metadata definitions remain year-specific; no assertion of measurement equivalence.,2024,2024,true,active
ipedsdb-panel-2004-2024-mixed-v1,F3A12,float,variable_id:nces:F_F:00066460:F3A12,identity,2024 exact source mapping; same_source_variable_identity; metadata definitions remain year-specific; no assertion of measurement equivalence.,2024,2024,true,active
ipedsdb-panel-2004-2024-mixed-v1,F3B01,float,variable_id:nces:F_F:00062841:F3B01,identity,2024 exact source mapping; same_source_variable_identity; metadata definitions remain year-specific; no assertion of measurement equivalence.,2024,2024,true,active
ipedsdb-panel-2004-2024-mixed-v1,F3B02,float,variable_id:nces:F_F:00062846:F3B02,identity,2024 exact source mapping; same_source_variable_identity; metadata definitions remain year-specific; no assertion of measurement equivalence.,2024,2024,true,active
ipedsdb-panel-2004-2024-mixed-v1,F3B03,float,variable_id:nces:F_F:00062851:F3B03,identity,2024 exact source mapping; same_source_variable_identity; metadata definitions remain year-specific; no assertion of measurement equivalence.,2024,2024,true,active
ipedsdb-panel-2004-2024-mixed-v1,F3B04,float,variable_id:nces:F_F:00062856:F3B04,identity,2024 exact source mapping; same_source_variable_identity; metadata definitions remain year-specific; no assertion of measurement equivalence.,2024,2024,true,active
ipedsdb-panel-2004-2024-mixed-v1,F3B05,float,variable_id:nces:F_F:00062861:F3B05,identity,2024 exact source mapping; same_source_variable_identity; metadata definitions remain year-specific; no assertion of measurement equivalence.,2024,2024,true,active
ipedsdb-panel-2004-2024-mixed-v1,F3B06,float,variable_id:nces:F_F:00062866:F3B06,identity,2024 exact source mapping; same_source_variable_identity; metadata definitions remain year-specific; no assertion of measurement equivalence.,2024,2024,true,active
ipedsdb-panel-2004-2024-mixed-v1,F3B07,float,variable_id:nces:F_F:00062871:F3B07,identity,2024 exact source mapping; same_source_variable_identity; metadata definitions remain year-specific; no assertion of measurement equivalence.,2024,2024,true,active
ipedsdb-panel-2004-2024-mixed-v1,F3B08,float,variable_id:nces:F_F:00062876:F3B08,identity,2024 exact source mapping; same_source_variable_identity; metadata definitions remain year-specific; no assertion of measurement equivalence.,2024,2024,true,active
ipedsdb-panel-2004-2024-mixed-v1,F3C01,float,variable_id:nces:F_F:00062881:F3C01,identity,2024 exact source mapping; same_source_variable_identity; metadata definitions remain year-specific; no assertion of measurement equivalence.,2024,2024,true,active
ipedsdb-panel-2004-2024-mixed-v1,F3C02,float,variable_id:nces:F_F:00062886:F3C02,identity,2024 exact source mapping; same_source_variable_identity; metadata definitions remain year-specific; no assertion of measurement equivalence.,2024,2024,true,active
ipedsdb-panel-2004-2024-mixed-v1,F3C03,float,variable_id:nces:F_F:00062891:F3C03,identity,2024 exact source mapping; same_source_variable_identity; metadata definitions remain year-specific; no assertion of measurement equivalence.,2024,2024,true,active
ipedsdb-panel-2004-2024-mixed-v1,F3C03A,float,variable_id:nces:F_F:00066465:F3C03A,identity,2024 exact source mapping; same_source_variable_identity; metadata definitions remain year-specific; no assertion of measurement equivalence.,2024,2024,true,active
ipedsdb-panel-2004-2024-mixed-v1,F3C03B,float,variable_id:nces:F_F:00066470:F3C03B,identity,2024 exact source mapping; same_source_variable_identity; metadata definitions remain year-specific; no assertion of measurement equivalence.,2024,2024,true,active
ipedsdb-panel-2004-2024-mixed-v1,F3C04,float,variable_id:nces:F_F:00062896:F3C04,identity,2024 exact source mapping; same_source_variable_identity; metadata definitions remain year-specific; no assertion of measurement equivalence.,2024,2024,true,active
ipedsdb-panel-2004-2024-mixed-v1,F3C05,float,variable_id:nces:F_F:00062901:F3C05,identity,2024 exact source mapping; same_source_variable_identity; metadata definitions remain year-specific; no assertion of measurement equivalence.,2024,2024,true,active
ipedsdb-panel-2004-2024-mixed-v1,F3C06,float,variable_id:nces:F_F:00062906:F3C06,identity,2024 exact source mapping; same_source_variable_identity; metadata definitions remain year-specific; no assertion of measurement equivalence.,2024,2024,true,active
ipedsdb-panel-2004-2024-mixed-v1,F3C07,float,variable_id:nces:F_F:00062911:F3C07,identity,2024 exact source mapping; same_source_variable_identity; metadata definitions remain year-specific; no assertion of measurement equivalence.,2024,2024,true,active
ipedsdb-panel-2004-2024-mixed-v1,F3C08,float,variable_id:nces:F_F:00062913:F3C08,identity,2024 exact source mapping; same_source_variable_identity; metadata definitions remain year-specific; no assertion of measurement equivalence.,2024,2024,true,active
ipedsdb-panel-2004-2024-mixed-v1,F3C12,float,variable_id:nces:F_F:00068283:F3C12,identity,2024 exact source mapping; same_source_variable_identity; metadata definitions remain year-specific; no assertion of measurement equivalence.,2024,2024,true,active
ipedsdb-panel-2004-2024-mixed-v1,F3C121,float,variable_id:nces:F_F:00068285:F3C121,identity,2024 exact source mapping; same_source_variable_identity; metadata definitions remain year-specific; no assertion of measurement equivalence.,2024,2024,true,active
ipedsdb-panel-2004-2024-mixed-v1,F3C122,float,variable_id:nces:F_F:00068287:F3C122,identity,2024 exact source mapping; same_source_variable_identity; metadata definitions remain year-specific; no assertion of measurement equivalence.,2024,2024,true,active
ipedsdb-panel-2004-2024-mixed-v1,F3C13,float,variable_id:nces:F_F:00068289:F3C13,identity,2024 exact source mapping; same_source_variable_identity; metadata definitions remain year-specific; no assertion of measurement equivalence.,2024,2024,true,active
ipedsdb-panel-2004-2024-mixed-v1,F3C131,float,variable_id:nces:F_F:00068291:F3C131,identity,2024 exact source mapping; same_source_variable_identity; metadata definitions remain year-specific; no assertion of measurement equivalence.,2024,2024,true,active
ipedsdb-panel-2004-2024-mixed-v1,F3C132,float,variable_id:nces:F_F:00068293:F3C132,identity,2024 exact source mapping; same_source_variable_identity; metadata definitions remain year-specific; no assertion of measurement equivalence.,2024,2024,true,active
ipedsdb-panel-2004-2024-mixed-v1,F3C14,float,variable_id:nces:F_F:00068295:F3C14,identity,2024 exact source mapping; same_source_variable_identity; metadata definitions remain year-specific; no assertion of measurement equivalence.,2024,2024,true,active
ipedsdb-panel-2004-2024-mixed-v1,F3C141,float,variable_id:nces:F_F:00068297:F3C141,identity,2024 exact source mapping; same_source_variable_identity; metadata definitions remain year-specific; no assertion of measurement equivalence.,2024,2024,true,active
ipedsdb-panel-2004-2024-mixed-v1,F3C142,float,variable_id:nces:F_F:00068299:F3C142,identity,2024 exact source mapping; same_source_variable_identity; metadata definitions remain year-specific; no assertion of measurement equivalence.,2024,2024,true,active
ipedsdb-panel-2004-2024-mixed-v1,F3C15,float,variable_id:nces:F_F:00068301:F3C15,identity,2024 exact source mapping; same_source_variable_identity; metadata definitions remain year-specific; no assertion of measurement equivalence.,2024,2024,true,active
ipedsdb-panel-2004-2024-mixed-v1,F3C151,float,variable_id:nces:F_F:00068303:F3C151,identity,2024 exact source mapping; same_source_variable_identity; metadata definitions remain year-specific; no assertion of measurement equivalence.,2024,2024,true,active
ipedsdb-panel-2004-2024-mixed-v1,F3C152,float,variable_id:nces:F_F:00068305:F3C152,identity,2024 exact source mapping; same_source_variable_identity; metadata definitions remain year-specific; no assertion of measurement equivalence.,2024,2024,true,active
ipedsdb-panel-2004-2024-mixed-v1,F3C16,float,variable_id:nces:F_F:00068307:F3C16,identity,2024 exact source mapping; same_source_variable_identity; metadata definitions remain year-specific; no assertion of measurement equivalence.,2024,2024,true,active
ipedsdb-panel-2004-2024-mixed-v1,F3C161,float,variable_id:nces:F_F:00068309:F3C161,identity,2024 exact source mapping; same_source_variable_identity; metadata definitions remain year-specific; no assertion of measurement equivalence.,2024,2024,true,active
ipedsdb-panel-2004-2024-mixed-v1,F3C162,float,variable_id:nces:F_F:00068311:F3C162,identity,2024 exact source mapping; same_source_variable_identity; metadata definitions remain year-specific; no assertion of measurement equivalence.,2024,2024,true,active
ipedsdb-panel-2004-2024-mixed-v1,F3C17,float,variable_id:nces:F_F:00068313:F3C17,identity,2024 exact source mapping; same_source_variable_identity; metadata definitions remain year-specific; no assertion of measurement equivalence.,2024,2024,true,active
ipedsdb-panel-2004-2024-mixed-v1,F3C171,float,variable_id:nces:F_F:00068315:F3C171,identity,2024 exact source mapping; same_source_variable_identity; metadata definitions remain year-specific; no assertion of measurement equivalence.,2024,2024,true,active
ipedsdb-panel-2004-2024-mixed-v1,F3C172,float,variable_id:nces:F_F:00068317:F3C172,identity,2024 exact source mapping; same_source_variable_identity; metadata definitions remain year-specific; no assertion of measurement equivalence.,2024,2024,true,active
ipedsdb-panel-2004-2024-mixed-v1,F3D01,float,variable_id:nces:F_F:00062916:F3D01,identity,2024 exact source mapping; same_source_variable_identity; metadata definitions remain year-specific; no assertion of measurement equivalence.,2024,2024,true,active
ipedsdb-panel-2004-2024-mixed-v1,F3D02,float,variable_id:nces:F_F:00062921:F3D02,identity,2024 exact source mapping; same_source_variable_identity; metadata definitions remain year-specific; no assertion of measurement equivalence.,2024,2024,true,active
ipedsdb-panel-2004-2024-mixed-v1,F3D02A,float,variable_id:nces:F_F:00066475:F3D02A,identity,2024 exact source mapping; same_source_variable_identity; metadata definitions remain year-specific; no assertion of measurement equivalence.,2024,2024,true,active
ipedsdb-panel-2004-2024-mixed-v1,F3D02B,float,variable_id:nces:F_F:00066480:F3D02B,identity,2024 exact source mapping; same_source_variable_identity; metadata definitions remain year-specific; no assertion of measurement equivalence.,2024,2024,true,active
ipedsdb-panel-2004-2024-mixed-v1,F3D03,float,variable_id:nces:F_F:00062926:F3D03,identity,2024 exact source mapping; same_source_variable_identity; metadata definitions remain year-specific; no assertion of measurement equivalence.,2024,2024,true,active
ipedsdb-panel-2004-2024-mixed-v1,F3D03A,float,variable_id:nces:F_F:00066485:F3D03A,identity,2024 exact source mapping; same_source_variable_identity; metadata definitions remain year-specific; no assertion of measurement equivalence.,2024,2024,true,active
ipedsdb-panel-2004-2024-mixed-v1,F3D03B,float,variable_id:nces:F_F:00066490:F3D03B,identity,2024 exact source mapping; same_source_variable_identity; metadata definitions remain year-specific; no assertion of measurement equivalence.,2024,2024,true,active
ipedsdb-panel-2004-2024-mixed-v1,F3D03C,float,variable_id:nces:F_F:00066495:F3D03C,identity,2024 exact source mapping; same_source_variable_identity; metadata definitions remain year-specific; no assertion of measurement equivalence.,2024,2024,true,active
ipedsdb-panel-2004-2024-mixed-v1,F3D03D,float,variable_id:nces:F_F:00066500:F3D03D,identity,2024 exact source mapping; same_source_variable_identity; metadata definitions remain year-specific; no assertion of measurement equivalence.,2024,2024,true,active
ipedsdb-panel-2004-2024-mixed-v1,F3D04,float,variable_id:nces:F_F:00062931:F3D04,identity,2024 exact source mapping; same_source_variable_identity; metadata definitions remain year-specific; no assertion of measurement equivalence.,2024,2024,true,active
ipedsdb-panel-2004-2024-mixed-v1,F3D05,float,variable_id:nces:F_F:00062936:F3D05,identity,2024 exact source mapping; same_source_variable_identity; metadata definitions remain year-specific; no assertion of measurement equivalence.,2024,2024,true,active
ipedsdb-panel-2004-2024-mixed-v1,F3D06,float,variable_id:nces:F_F:00062941:F3D06,identity,2024 exact source mapping; same_source_variable_identity; metadata definitions remain year-specific; no assertion of measurement equivalence.,2024,2024,true,active
ipedsdb-panel-2004-2024-mixed-v1,F3D07,float,variable_id:nces:F_F:00062946:F3D07,identity,2024 exact source mapping; same_source_variable_identity; metadata definitions remain year-specific; no assertion of measurement equivalence.,2024,2024,true,active
ipedsdb-panel-2004-2024-mixed-v1,F3D12,float,variable_id:nces:F_F:00066505:F3D12,identity,2024 exact source mapping; same_source_variable_identity; metadata definitions remain year-specific; no assertion of measurement equivalence.,2024,2024,true,active
ipedsdb-panel-2004-2024-mixed-v1,F3D08,float,variable_id:nces:F_F:00062951:F3D08,identity,2024 exact source mapping; same_source_variable_identity; metadata definitions remain year-specific; no assertion of measurement equivalence.,2024,2024,true,active
ipedsdb-panel-2004-2024-mixed-v1,F3D09,float,variable_id:nces:F_F:00062956:F3D09,identity,2024 exact source mapping; same_source_variable_identity; metadata definitions remain year-specific; no assertion of measurement equivalence.,2024,2024,true,active
ipedsdb-panel-2004-2024-mixed-v1,F3E011,float,variable_id:nces:F_F:00062961:F3E011,identity,2024 exact source mapping; same_source_variable_identity; metadata definitions remain year-specific; no assertion of measurement equivalence.,2024,2024,true,active
ipedsdb-panel-2004-2024-mixed-v1,F3E012,float,variable_id:nces:F_F:00066515:F3E012,identity,2024 exact source mapping; same_source_variable_identity; metadata definitions remain year-specific; no assertion of measurement equivalence.,2024,2024,true,active
ipedsdb-panel-2004-2024-mixed-v1,F3E02A1,float,variable_id:nces:F_F:00066545:F3E02A1,identity,2024 exact source mapping; same_source_variable_identity; metadata definitions remain year-specific; no assertion of measurement equivalence.,2024,2024,true,active
ipedsdb-panel-2004-2024-mixed-v1,F3E02A2,float,variable_id:nces:F_F:00066550:F3E02A2,identity,2024 exact source mapping; same_source_variable_identity; metadata definitions remain year-specific; no assertion of measurement equivalence.,2024,2024,true,active
ipedsdb-panel-2004-2024-mixed-v1,F3E02B1,float,variable_id:nces:F_F:00066580:F3E02B1,identity,2024 exact source mapping; same_source_variable_identity; metadata definitions remain year-specific; no assertion of measurement equivalence.,2024,2024,true,active
ipedsdb-panel-2004-2024-mixed-v1,F3E02B2,float,variable_id:nces:F_F:00066585:F3E02B2,identity,2024 exact source mapping; same_source_variable_identity; metadata definitions remain year-specific; no assertion of measurement equivalence.,2024,2024,true,active
ipedsdb-panel-2004-2024-mixed-v1,F3E03A1,float,variable_id:nces:F_F:00066615:F3E03A1,identity,2024 exact source mapping; same_source_variable_identity; metadata definitions remain year-specific; no assertion of measurement equivalence.,2024,2024,true,active
ipedsdb-panel-2004-2024-mixed-v1,F3E03A2,float,variable_id:nces:F_F:00066620:F3E03A2,identity,2024 exact source mapping; same_source_variable_identity; metadata definitions remain year-specific; no assertion of measurement equivalence.,2024,2024,true,active
ipedsdb-panel-2004-2024-mixed-v1,F3E03B1,float,variable_id:nces:F_F:00066650:F3E03B1,identity,2024 exact source mapping; same_source_variable_identity; metadata definitions remain year-specific; no assertion of measurement equivalence.,2024,2024,true,active
ipedsdb-panel-2004-2024-mixed-v1,F3E03B2,float,variable_id:nces:F_F:00066655:F3E03B2,identity,2024 exact source mapping; same_source_variable_identity; metadata definitions remain year-specific; no assertion of measurement equivalence.,2024,2024,true,active
ipedsdb-panel-2004-2024-mixed-v1,F3E03C1,float,variable_id:nces:F_F:00066685:F3E03C1,identity,2024 exact source mapping; same_source_variable_identity; metadata definitions remain year-specific; no assertion of measurement equivalence.,2024,2024,true,active
ipedsdb-panel-2004-2024-mixed-v1,F3E03C2,float,variable_id:nces:F_F:00066690:F3E03C2,identity,2024 exact source mapping; same_source_variable_identity; metadata definitions remain year-specific; no assertion of measurement equivalence.,2024,2024,true,active
ipedsdb-panel-2004-2024-mixed-v1,F3E041,float,variable_id:nces:F_F:00062976:F3E041,identity,2024 exact source mapping; same_source_variable_identity; metadata definitions remain year-specific; no assertion of measurement equivalence.,2024,2024,true,active
ipedsdb-panel-2004-2024-mixed-v1,F3E042,float,variable_id:nces:F_F:00066725:F3E042,identity,2024 exact source mapping; same_source_variable_identity; metadata definitions remain year-specific; no assertion of measurement equivalence.,2024,2024,true,active
ipedsdb-panel-2004-2024-mixed-v1,F3E051,float,variable_id:nces:F_F:00062981:F3E051,identity,2024 exact source mapping; same_source_variable_identity; metadata definitions remain year-specific; no assertion of measurement equivalence.,2024,2024,true,active
ipedsdb-panel-2004-2024-mixed-v1,F3E101,float,variable_id:nces:F_F:00066830:F3E101,identity,2024 exact source mapping; same_source_variable_identity; metadata definitions remain year-specific; no assertion of measurement equivalence.,2024,2024,true,active
ipedsdb-panel-2004-2024-mixed-v1,F3E102,float,variable_id:nces:F_F:00066835:F3E102,identity,2024 exact source mapping; same_source_variable_identity; metadata definitions remain year-specific; no assertion of measurement equivalence.,2024,2024,true,active
ipedsdb-panel-2004-2024-mixed-v1,F3E061,float,variable_id:nces:F_F:00062986:F3E061,identity,2024 exact source mapping; same_source_variable_identity; metadata definitions remain year-specific; no assertion of measurement equivalence.,2024,2024,true,active
ipedsdb-panel-2004-2024-mixed-v1,F3E062,float,variable_id:nces:F_F:00066770:F3E062,identity,2024 exact source mapping; same_source_variable_identity; metadata definitions remain year-specific; no assertion of measurement equivalence.,2024,2024,true,active
ipedsdb-panel-2004-2024-mixed-v1,F3E071,float,variable_id:nces:F_F:00062991:F3E071,identity,2024 exact source mapping; same_source_variable_identity; metadata definitions remain year-specific; no assertion of measurement equivalence.,2024,2024,true,active
ipedsdb-panel-2004-2024-mixed-v1,F3E072,float,variable_id:nces:F_F:00066805:F3E072,identity,2024 exact source mapping; same_source_variable_identity; metadata definitions remain year-specific; no assertion of measurement equivalence.,2024,2024,true,active
ipedsdb-panel-2004-2024-mixed-v1,F3E073,float,variable_id:nces:F_F:00066810:F3E073,identity,2024 exact source mapping; same_source_variable_identity; metadata definitions remain year-specific; no assertion of measurement equivalence.,2024,2024,true,active
ipedsdb-panel-2004-2024-mixed-v1,F3E074,float,variable_id:nces:F_F:00066812:F3E074,identity,2024 exact source mapping; same_source_variable_identity; metadata definitions remain year-specific; no assertion of measurement equivalence.,2024,2024,true,active
ipedsdb-panel-2004-2024-mixed-v1,F3E075,float,variable_id:nces:F_F:00066815:F3E075,identity,2024 exact source mapping; same_source_variable_identity; metadata definitions remain year-specific; no assertion of measurement equivalence.,2024,2024,true,active
ipedsdb-panel-2004-2024-mixed-v1,F3E076,float,variable_id:nces:F_F:00066820:F3E076,identity,2024 exact source mapping; same_source_variable_identity; metadata definitions remain year-specific; no assertion of measurement equivalence.,2024,2024,true,active
ipedsdb-panel-2004-2024-mixed-v1,F3E077,float,variable_id:nces:F_F:00066825:F3E077,identity,2024 exact source mapping; same_source_variable_identity; metadata definitions remain year-specific; no assertion of measurement equivalence.,2024,2024,true,active
ipedsdb-panel-2004-2024-mixed-v1,F3F01,float,variable_id:nces:F_F:00066900:F3F01,identity,2024 exact source mapping; same_source_variable_identity; metadata definitions remain year-specific; no assertion of measurement equivalence.,2024,2024,true,active
ipedsdb-panel-2004-2024-mixed-v1,F3F02,float,variable_id:nces:F_F:00066905:F3F02,identity,2024 exact source mapping; same_source_variable_identity; metadata definitions remain year-specific; no assertion of measurement equivalence.,2024,2024,true,active
ipedsdb-panel-2004-2024-mixed-v1,F3F03,categorical string,variable_id:nces:F_F:00066910:F3F03,identity,2024 exact source mapping; same_source_variable_identity; metadata definitions remain year-specific; no assertion of measurement equivalence.,2024,2024,true,active
ipedsdb-panel-2004-2024-mixed-v1,F3G01,float,variable_id:nces:F_F:00068319:F3G01,identity,2024 exact source mapping; same_source_variable_identity; metadata definitions remain year-specific; no assertion of measurement equivalence.,2024,2024,true,active
ipedsdb-panel-2004-2024-mixed-v1,F3G02,float,variable_id:nces:F_F:00068321:F3G02,identity,2024 exact source mapping; same_source_variable_identity; metadata definitions remain year-specific; no assertion of measurement equivalence.,2024,2024,true,active
ipedsdb-panel-2004-2024-mixed-v1,F3G03,float,variable_id:nces:F_F:00068323:F3G03,identity,2024 exact source mapping; same_source_variable_identity; metadata definitions remain year-specific; no assertion of measurement equivalence.,2024,2024,true,active
ipedsdb-panel-2004-2024-mixed-v1,F3G04,float,variable_id:nces:F_F:00068325:F3G04,identity,2024 exact source mapping; same_source_variable_identity; metadata definitions remain year-specific; no assertion of measurement equivalence.,2024,2024,true,active
ipedsdb-panel-2004-2024-mixed-v1,F3G05,float,variable_id:nces:F_F:00068327:F3G05,identity,2024 exact source mapping; same_source_variable_identity; metadata definitions remain year-specific; no assertion of measurement equivalence.,2024,2024,true,active
ipedsdb-panel-2004-2024-mixed-v1,F3G06,float,variable_id:nces:F_F:00068329:F3G06,identity,2024 exact source mapping; same_source_variable_identity; metadata definitions remain year-specific; no assertion of measurement equivalence.,2024,2024,true,active
ipedsdb-panel-2004-2024-mixed-v1,F3G07,float,variable_id:nces:F_F:00068331:F3G07,identity,2024 exact source mapping; same_source_variable_identity; metadata definitions remain year-specific; no assertion of measurement equivalence.,2024,2024,true,active
ipedsdb-panel-2004-2024-mixed-v1,STAT_IC,categorical string,variable_id:nces:FLAGS:00010231:STAT_IC,identity,2024 exact source mapping; same_source_variable_identity; metadata definitions remain year-specific; no assertion of measurement equivalence.,2024,2024,true,active
ipedsdb-panel-2004-2024-mixed-v1,LOCK_IC,categorical string,variable_id:nces:FLAGS:00010236:LOCK_IC,identity,2024 exact source mapping; same_source_variable_identity; metadata definitions remain year-specific; no assertion of measurement equivalence.,2024,2024,true,active
ipedsdb-panel-2004-2024-mixed-v1,IMP_IC,categorical string,variable_id:nces:FLAGS:00015050:IMP_IC,identity,2024 exact source mapping; same_source_variable_identity; metadata definitions remain year-specific; no assertion of measurement equivalence.,2024,2024,true,active
ipedsdb-panel-2004-2024-mixed-v1,STAT_C,categorical string,variable_id:nces:FLAGS:00030001:STAT_C,identity,2024 exact source mapping; same_source_variable_identity; metadata definitions remain year-specific; no assertion of measurement equivalence.,2024,2024,true,active
ipedsdb-panel-2004-2024-mixed-v1,LOCK_C,categorical string,variable_id:nces:FLAGS:00030006:LOCK_C,identity,2024 exact source mapping; same_source_variable_identity; metadata definitions remain year-specific; no assertion of measurement equivalence.,2024,2024,true,active
ipedsdb-panel-2004-2024-mixed-v1,PRCH_C,categorical string,variable_id:nces:FLAGS:00030011:PRCH_C,identity,2024 exact source mapping; same_source_variable_identity; metadata definitions remain year-specific; no assertion of measurement equivalence.,2024,2024,true,active
ipedsdb-panel-2004-2024-mixed-v1,IDX_C,float,variable_id:nces:FLAGS:00030016:IDX_C,identity,2024 exact source mapping; same_source_variable_identity; metadata definitions remain year-specific; no assertion of measurement equivalence.,2024,2024,true,active
ipedsdb-panel-2004-2024-mixed-v1,PCC_F,float,variable_id:nces:FLAGS:00030018:PCC_F,identity,2024 exact source mapping; same_source_variable_identity; metadata definitions remain year-specific; no assertion of measurement equivalence.,2024,2024,true,active
ipedsdb-panel-2004-2024-mixed-v1,IMP_C,categorical string,variable_id:nces:FLAGS:00030021:IMP_C,identity,2024 exact source mapping; same_source_variable_identity; metadata definitions remain year-specific; no assertion of measurement equivalence.,2024,2024,true,active
ipedsdb-panel-2004-2024-mixed-v1,STAT_E12,categorical string,variable_id:nces:FLAGS:00024001:STAT_E12,identity,2024 exact source mapping; same_source_variable_identity; metadata definitions remain year-specific; no assertion of measurement equivalence.,2024,2024,true,active
ipedsdb-panel-2004-2024-mixed-v1,LOCK_E12,categorical string,variable_id:nces:FLAGS:00024006:LOCK_E12,identity,2024 exact source mapping; same_source_variable_identity; metadata definitions remain year-specific; no assertion of measurement equivalence.,2024,2024,true,active
ipedsdb-panel-2004-2024-mixed-v1,PRCH_E12,categorical string,variable_id:nces:FLAGS:00024011:PRCH_E12,identity,2024 exact source mapping; same_source_variable_identity; metadata definitions remain year-specific; no assertion of measurement equivalence.,2024,2024,true,active
ipedsdb-panel-2004-2024-mixed-v1,IDX_E12,float,variable_id:nces:FLAGS:00024016:IDX_E12,identity,2024 exact source mapping; same_source_variable_identity; metadata definitions remain year-specific; no assertion of measurement equivalence.,2024,2024,true,active
ipedsdb-panel-2004-2024-mixed-v1,PCE12_F,float,variable_id:nces:FLAGS:00024018:PCE12_F,identity,2024 exact source mapping; same_source_variable_identity; metadata definitions remain year-specific; no assertion of measurement equivalence.,2024,2024,true,active
ipedsdb-panel-2004-2024-mixed-v1,IMP_E12,categorical string,variable_id:nces:FLAGS:00024021:IMP_E12,identity,2024 exact source mapping; same_source_variable_identity; metadata definitions remain year-specific; no assertion of measurement equivalence.,2024,2024,true,active
ipedsdb-panel-2004-2024-mixed-v1,ENRHSST,categorical string,variable_id:nces:FLAGS:00017031:ENRHSST,identity,2024 exact source mapping; exact_2023_number_name_relocated; metadata definitions remain year-specific; no assertion of measurement equivalence.,2024,2024,true,active
ipedsdb-panel-2004-2024-mixed-v1,ENRHSST1,categorical string,variable_id:nces:FLAGS:00017032:ENRHSST1,identity,2024 exact source mapping; exact_2023_number_name_relocated; metadata definitions remain year-specific; no assertion of measurement equivalence.,2024,2024,true,active
ipedsdb-panel-2004-2024-mixed-v1,ENRHSST2,categorical string,variable_id:nces:FLAGS:00017033:ENRHSST2,identity,2024 exact source mapping; exact_2023_number_name_relocated; metadata definitions remain year-specific; no assertion of measurement equivalence.,2024,2024,true,active
ipedsdb-panel-2004-2024-mixed-v1,STAT_COS,categorical string,variable_id:nces:FLAGS:00016276:STAT_COS,identity,2024 exact source mapping; new_2024_identity; metadata definitions remain year-specific; no assertion of measurement equivalence.,2024,2024,true,active
ipedsdb-panel-2004-2024-mixed-v1,STAT_COS1,categorical string,variable_id:nces:FLAGS:00016280:STAT_COS1,identity,2024 exact source mapping; new_2024_identity; metadata definitions remain year-specific; no assertion of measurement equivalence.,2024,2024,true,active
ipedsdb-panel-2004-2024-mixed-v1,LOCK_COS1,categorical string,variable_id:nces:FLAGS:00016281:LOCK_COS1,identity,2024 exact source mapping; new_2024_identity; metadata definitions remain year-specific; no assertion of measurement equivalence.,2024,2024,true,active
ipedsdb-panel-2004-2024-mixed-v1,PRCH_COS,categorical string,variable_id:nces:FLAGS:00016286:PRCH_COS,identity,2024 exact source mapping; new_2024_identity; metadata definitions remain year-specific; no assertion of measurement equivalence.,2024,2024,true,active
ipedsdb-panel-2004-2024-mixed-v1,IDX_COS,float,variable_id:nces:FLAGS:00016291:IDX_COS,identity,2024 exact source mapping; new_2024_identity; metadata definitions remain year-specific; no assertion of measurement equivalence.,2024,2024,true,active
ipedsdb-panel-2004-2024-mixed-v1,PCCOS_F,float,variable_id:nces:FLAGS:00016296:PCCOS_F,identity,2024 exact source mapping; new_2024_identity; metadata definitions remain year-specific; no assertion of measurement equivalence.,2024,2024,true,active
ipedsdb-panel-2004-2024-mixed-v1,IMP_COS1,categorical string,variable_id:nces:FLAGS:00016301:IMP_COS1,identity,2024 exact source mapping; new_2024_identity; metadata definitions remain year-specific; no assertion of measurement equivalence.,2024,2024,true,active
ipedsdb-panel-2004-2024-mixed-v1,STAT_COS2,categorical string,variable_id:nces:FLAGS:00016277:STAT_COS2,identity,2024 exact source mapping; new_2024_identity; metadata definitions remain year-specific; no assertion of measurement equivalence.,2024,2024,true,active
ipedsdb-panel-2004-2024-mixed-v1,LOCK_COS2,categorical string,variable_id:nces:FLAGS:00016285:LOCK_COS2,identity,2024 exact source mapping; new_2024_identity; metadata definitions remain year-specific; no assertion of measurement equivalence.,2024,2024,true,active
ipedsdb-panel-2004-2024-mixed-v1,IMP_COS2,categorical string,variable_id:nces:FLAGS:00016305:IMP_COS2,identity,2024 exact source mapping; new_2024_identity; metadata definitions remain year-specific; no assertion of measurement equivalence.,2024,2024,true,active
ipedsdb-panel-2004-2024-mixed-v1,STAT_SFA,categorical string,variable_id:nces:FLAGS:00070001:STAT_SFA,identity,2024 exact source mapping; same_source_variable_identity; metadata definitions remain year-specific; no assertion of measurement equivalence.,2024,2024,true,active
ipedsdb-panel-2004-2024-mixed-v1,LOCK_SFA,categorical string,variable_id:nces:FLAGS:00070006:LOCK_SFA,identity,2024 exact source mapping; same_source_variable_identity; metadata definitions remain year-specific; no assertion of measurement equivalence.,2024,2024,true,active
ipedsdb-panel-2004-2024-mixed-v1,PRCH_SFA,categorical string,variable_id:nces:FLAGS:00070011:PRCH_SFA,identity,2024 exact source mapping; same_source_variable_identity; metadata definitions remain year-specific; no assertion of measurement equivalence.,2024,2024,true,active
ipedsdb-panel-2004-2024-mixed-v1,IDX_SFA,float,variable_id:nces:FLAGS:00070016:IDX_SFA,identity,2024 exact source mapping; same_source_variable_identity; metadata definitions remain year-specific; no assertion of measurement equivalence.,2024,2024,true,active
ipedsdb-panel-2004-2024-mixed-v1,PCSFA_F,float,variable_id:nces:FLAGS:00070018:PCSFA_F,identity,2024 exact source mapping; same_source_variable_identity; metadata definitions remain year-specific; no assertion of measurement equivalence.,2024,2024,true,active
ipedsdb-panel-2004-2024-mixed-v1,IMP_SFA,categorical string,variable_id:nces:FLAGS:00070021:IMP_SFA,identity,2024 exact source mapping; same_source_variable_identity; metadata definitions remain year-specific; no assertion of measurement equivalence.,2024,2024,true,active
ipedsdb-panel-2004-2024-mixed-v1,SFAFORM,categorical string,variable_id:nces:FLAGS:00071981:SFAFORM,identity,2024 exact source mapping; same_source_variable_identity; metadata definitions remain year-specific; no assertion of measurement equivalence.,2024,2024,true,active
ipedsdb-panel-2004-2024-mixed-v1,STAT_GR,categorical string,variable_id:nces:FLAGS:00080001:STAT_GR,identity,2024 exact source mapping; same_source_variable_identity; metadata definitions remain year-specific; no assertion of measurement equivalence.,2024,2024,true,active
ipedsdb-panel-2004-2024-mixed-v1,LOCK_GR,categorical string,variable_id:nces:FLAGS:00080006:LOCK_GR,identity,2024 exact source mapping; same_source_variable_identity; metadata definitions remain year-specific; no assertion of measurement equivalence.,2024,2024,true,active
ipedsdb-panel-2004-2024-mixed-v1,PRCH_GR,categorical string,variable_id:nces:FLAGS:00080011:PRCH_GR,identity,2024 exact source mapping; same_source_variable_identity; metadata definitions remain year-specific; no assertion of measurement equivalence.,2024,2024,true,active
ipedsdb-panel-2004-2024-mixed-v1,IDX_GR,float,variable_id:nces:FLAGS:00080016:IDX_GR,identity,2024 exact source mapping; same_source_variable_identity; metadata definitions remain year-specific; no assertion of measurement equivalence.,2024,2024,true,active
ipedsdb-panel-2004-2024-mixed-v1,PCGR_F,float,variable_id:nces:FLAGS:00080018:PCGR_F,identity,2024 exact source mapping; same_source_variable_identity; metadata definitions remain year-specific; no assertion of measurement equivalence.,2024,2024,true,active
ipedsdb-panel-2004-2024-mixed-v1,IMP_GR,categorical string,variable_id:nces:FLAGS:00080021:IMP_GR,identity,2024 exact source mapping; same_source_variable_identity; metadata definitions remain year-specific; no assertion of measurement equivalence.,2024,2024,true,active
ipedsdb-panel-2004-2024-mixed-v1,COHRTSTU,categorical string,variable_id:nces:FLAGS:00080026:COHRTSTU,identity,2024 exact source mapping; same_source_variable_identity; metadata definitions remain year-specific; no assertion of measurement equivalence.,2024,2024,true,active
ipedsdb-panel-2004-2024-mixed-v1,STAT_GR2,categorical string,variable_id:nces:FLAGS:00080101:STAT_GR2,identity,2024 exact source mapping; same_source_variable_identity; metadata definitions remain year-specific; no assertion of measurement equivalence.,2024,2024,true,active
ipedsdb-panel-2004-2024-mixed-v1,LOCK_GR2,categorical string,variable_id:nces:FLAGS:00080106:LOCK_GR2,identity,2024 exact source mapping; same_source_variable_identity; metadata definitions remain year-specific; no assertion of measurement equivalence.,2024,2024,true,active
ipedsdb-panel-2004-2024-mixed-v1,PRCH_GR2,categorical string,variable_id:nces:FLAGS:00080111:PRCH_GR2,identity,2024 exact source mapping; same_source_variable_identity; metadata definitions remain year-specific; no assertion of measurement equivalence.,2024,2024,true,active
ipedsdb-panel-2004-2024-mixed-v1,IDX_GR2,float,variable_id:nces:FLAGS:00080116:IDX_GR2,identity,2024 exact source mapping; same_source_variable_identity; metadata definitions remain year-specific; no assertion of measurement equivalence.,2024,2024,true,active
ipedsdb-panel-2004-2024-mixed-v1,PCGR2_F,float,variable_id:nces:FLAGS:00080117:PCGR2_F,identity,2024 exact source mapping; same_source_variable_identity; metadata definitions remain year-specific; no assertion of measurement equivalence.,2024,2024,true,active
ipedsdb-panel-2004-2024-mixed-v1,IMP_GR2,categorical string,variable_id:nces:FLAGS:00080121:IMP_GR2,identity,2024 exact source mapping; same_source_variable_identity; metadata definitions remain year-specific; no assertion of measurement equivalence.,2024,2024,true,active
ipedsdb-panel-2004-2024-mixed-v1,STAT_OM,categorical string,variable_id:nces:FLAGS:00082101:STAT_OM,identity,2024 exact source mapping; same_source_variable_identity; metadata definitions remain year-specific; no assertion of measurement equivalence.,2024,2024,true,active
ipedsdb-panel-2004-2024-mixed-v1,LOCK_OM,categorical string,variable_id:nces:FLAGS:00082106:LOCK_OM,identity,2024 exact source mapping; same_source_variable_identity; metadata definitions remain year-specific; no assertion of measurement equivalence.,2024,2024,true,active
ipedsdb-panel-2004-2024-mixed-v1,PRCH_OM,categorical string,variable_id:nces:FLAGS:00082111:PRCH_OM,identity,2024 exact source mapping; same_source_variable_identity; metadata definitions remain year-specific; no assertion of measurement equivalence.,2024,2024,true,active
ipedsdb-panel-2004-2024-mixed-v1,IDX_OM,float,variable_id:nces:FLAGS:00082116:IDX_OM,identity,2024 exact source mapping; same_source_variable_identity; metadata definitions remain year-specific; no assertion of measurement equivalence.,2024,2024,true,active
ipedsdb-panel-2004-2024-mixed-v1,PCOM_F,float,variable_id:nces:FLAGS:00082121:PCOM_F,identity,2024 exact source mapping; same_source_variable_identity; metadata definitions remain year-specific; no assertion of measurement equivalence.,2024,2024,true,active
ipedsdb-panel-2004-2024-mixed-v1,IMP_OM,categorical string,variable_id:nces:FLAGS:00082126:IMP_OM,identity,2024 exact source mapping; same_source_variable_identity; metadata definitions remain year-specific; no assertion of measurement equivalence.,2024,2024,true,active
ipedsdb-panel-2004-2024-mixed-v1,STAT_ADM,categorical string,variable_id:nces:FLAGS:00010517:STAT_ADM,identity,2024 exact source mapping; same_source_variable_identity; metadata definitions remain year-specific; no assertion of measurement equivalence.,2024,2024,true,active
ipedsdb-panel-2004-2024-mixed-v1,LOCK_ADM,categorical string,variable_id:nces:FLAGS:00010518:LOCK_ADM,identity,2024 exact source mapping; same_source_variable_identity; metadata definitions remain year-specific; no assertion of measurement equivalence.,2024,2024,true,active
ipedsdb-panel-2004-2024-mixed-v1,PRCH_ADM,categorical string,variable_id:nces:FLAGS:00017001:PRCH_ADM,identity,2024 exact source mapping; same_source_variable_identity; metadata definitions remain year-specific; no assertion of measurement equivalence.,2024,2024,true,active
ipedsdb-panel-2004-2024-mixed-v1,IDX_ADM,float,variable_id:nces:FLAGS:00017002:IDX_ADM,identity,2024 exact source mapping; same_source_variable_identity; metadata definitions remain year-specific; no assertion of measurement equivalence.,2024,2024,true,active
ipedsdb-panel-2004-2024-mixed-v1,PCADM_F,float,variable_id:nces:FLAGS:00017003:PCADM_F,identity,2024 exact source mapping; same_source_variable_identity; metadata definitions remain year-specific; no assertion of measurement equivalence.,2024,2024,true,active
ipedsdb-panel-2004-2024-mixed-v1,IMP_ADM,categorical string,variable_id:nces:FLAGS:00010519:IMP_ADM,identity,2024 exact source mapping; same_source_variable_identity; metadata definitions remain year-specific; no assertion of measurement equivalence.,2024,2024,true,active
ipedsdb-panel-2004-2024-mixed-v1,STAT_HR,categorical string,variable_id:nces:FLAGS:00090003:STAT_HR,identity,2024 exact source mapping; same_source_variable_identity; metadata definitions remain year-specific; no assertion of measurement equivalence.,2024,2024,true,active
ipedsdb-panel-2004-2024-mixed-v1,LOCK_HR,categorical string,variable_id:nces:FLAGS:00090007:LOCK_HR,identity,2024 exact source mapping; same_source_variable_identity; metadata definitions remain year-specific; no assertion of measurement equivalence.,2024,2024,true,active
ipedsdb-panel-2004-2024-mixed-v1,PRCH_HR,categorical string,variable_id:nces:FLAGS:00090009:PRCH_HR,identity,2024 exact source mapping; same_source_variable_identity; metadata definitions remain year-specific; no assertion of measurement equivalence.,2024,2024,true,active
ipedsdb-panel-2004-2024-mixed-v1,IDX_HR,float,variable_id:nces:FLAGS:00090013:IDX_HR,identity,2024 exact source mapping; same_source_variable_identity; metadata definitions remain year-specific; no assertion of measurement equivalence.,2024,2024,true,active
ipedsdb-panel-2004-2024-mixed-v1,PCHR_F,float,variable_id:nces:FLAGS:00090019:PCHR_F,identity,2024 exact source mapping; same_source_variable_identity; metadata definitions remain year-specific; no assertion of measurement equivalence.,2024,2024,true,active
ipedsdb-panel-2004-2024-mixed-v1,IMP_HR,categorical string,variable_id:nces:FLAGS:00090005:IMP_HR,identity,2024 exact source mapping; same_source_variable_identity; metadata definitions remain year-specific; no assertion of measurement equivalence.,2024,2024,true,active
ipedsdb-panel-2004-2024-mixed-v1,FTEMP15,categorical string,variable_id:nces:FLAGS:00050026:FTEMP15,identity,2024 exact source mapping; same_source_variable_identity; metadata definitions remain year-specific; no assertion of measurement equivalence.,2024,2024,true,active
ipedsdb-panel-2004-2024-mixed-v1,TENURSYS,categorical string,variable_id:nces:FLAGS:00090200:TENURSYS,identity,2024 exact source mapping; same_source_variable_identity; metadata definitions remain year-specific; no assertion of measurement equivalence.,2024,2024,true,active
ipedsdb-panel-2004-2024-mixed-v1,SA_EXCL,categorical string,variable_id:nces:FLAGS:00040002:SA_EXCL,identity,2024 exact source mapping; same_source_variable_identity; metadata definitions remain year-specific; no assertion of measurement equivalence.,2024,2024,true,active
ipedsdb-panel-2004-2024-mixed-v1,STAT_EAP,categorical string,variable_id:nces:FLAGS:00090001:STAT_EAP,identity,2024 exact source mapping; same_source_variable_identity; metadata definitions remain year-specific; no assertion of measurement equivalence.,2024,2024,true,active
ipedsdb-panel-2004-2024-mixed-v1,STAT_SA,categorical string,variable_id:nces:FLAGS:00040224:STAT_SA,identity,2024 exact source mapping; same_source_variable_identity; metadata definitions remain year-specific; no assertion of measurement equivalence.,2024,2024,true,active
ipedsdb-panel-2004-2024-mixed-v1,STAT_S,categorical string,variable_id:nces:FLAGS:00050001:STAT_S,identity,2024 exact source mapping; same_source_variable_identity; metadata definitions remain year-specific; no assertion of measurement equivalence.,2024,2024,true,active
ipedsdb-panel-2004-2024-mixed-v1,STAT_EF,categorical string,variable_id:nces:FLAGS:00020001:STAT_EF,identity,2024 exact source mapping; same_source_variable_identity; metadata definitions remain year-specific; no assertion of measurement equivalence.,2024,2024,true,active
ipedsdb-panel-2004-2024-mixed-v1,LOCK_EF,categorical string,variable_id:nces:FLAGS:00020006:LOCK_EF,identity,2024 exact source mapping; same_source_variable_identity; metadata definitions remain year-specific; no assertion of measurement equivalence.,2024,2024,true,active
ipedsdb-panel-2004-2024-mixed-v1,PRCH_EF,categorical string,variable_id:nces:FLAGS:00020011:PRCH_EF,identity,2024 exact source mapping; same_source_variable_identity; metadata definitions remain year-specific; no assertion of measurement equivalence.,2024,2024,true,active
ipedsdb-panel-2004-2024-mixed-v1,IDX_EF,float,variable_id:nces:FLAGS:00020016:IDX_EF,identity,2024 exact source mapping; same_source_variable_identity; metadata definitions remain year-specific; no assertion of measurement equivalence.,2024,2024,true,active
ipedsdb-panel-2004-2024-mixed-v1,PCEF_F,float,variable_id:nces:FLAGS:00020018:PCEF_F,identity,2024 exact source mapping; same_source_variable_identity; metadata definitions remain year-specific; no assertion of measurement equivalence.,2024,2024,true,active
ipedsdb-panel-2004-2024-mixed-v1,IMP_EF,categorical string,variable_id:nces:FLAGS:00020021:IMP_EF,identity,2024 exact source mapping; same_source_variable_identity; metadata definitions remain year-specific; no assertion of measurement equivalence.,2024,2024,true,active
ipedsdb-panel-2004-2024-mixed-v1,PTA99_EF,categorical string,variable_id:nces:FLAGS:00020026:PTA99_EF,identity,2024 exact source mapping; same_source_variable_identity; metadata definitions remain year-specific; no assertion of measurement equivalence.,2024,2024,true,active
ipedsdb-panel-2004-2024-mixed-v1,PTACIPEF,categorical string,variable_id:nces:FLAGS:00023367:PTACIPEF,identity,2024 exact source mapping; same_source_variable_identity; metadata definitions remain year-specific; no assertion of measurement equivalence.,2024,2024,true,active
ipedsdb-panel-2004-2024-mixed-v1,PTB_EF,categorical string,variable_id:nces:FLAGS:00020031:PTB_EF,identity,2024 exact source mapping; same_source_variable_identity; metadata definitions remain year-specific; no assertion of measurement equivalence.,2024,2024,true,active
ipedsdb-panel-2004-2024-mixed-v1,PTC_EF,categorical string,variable_id:nces:FLAGS:00020036:PTC_EF,identity,2024 exact source mapping; same_source_variable_identity; metadata definitions remain year-specific; no assertion of measurement equivalence.,2024,2024,true,active
ipedsdb-panel-2004-2024-mixed-v1,PTD_EF,categorical string,variable_id:nces:FLAGS:00020041:PTD_EF,identity,2024 exact source mapping; same_source_variable_identity; metadata definitions remain year-specific; no assertion of measurement equivalence.,2024,2024,true,active
ipedsdb-panel-2004-2024-mixed-v1,STAT_F,categorical string,variable_id:nces:FLAGS:00060006:STAT_F,identity,2024 exact source mapping; same_source_variable_identity; metadata definitions remain year-specific; no assertion of measurement equivalence.,2024,2024,true,active
ipedsdb-panel-2004-2024-mixed-v1,LOCK_F,categorical string,variable_id:nces:FLAGS:00060011:LOCK_F,identity,2024 exact source mapping; same_source_variable_identity; metadata definitions remain year-specific; no assertion of measurement equivalence.,2024,2024,true,active
ipedsdb-panel-2004-2024-mixed-v1,PRCH_F,categorical string,variable_id:nces:FLAGS:00060016:PRCH_F,identity,2024 exact source mapping; same_source_variable_identity; metadata definitions remain year-specific; no assertion of measurement equivalence.,2024,2024,true,active
ipedsdb-panel-2004-2024-mixed-v1,IDX_F,float,variable_id:nces:FLAGS:00060021:IDX_F,identity,2024 exact source mapping; same_source_variable_identity; metadata definitions remain year-specific; no assertion of measurement equivalence.,2024,2024,true,active
ipedsdb-panel-2004-2024-mixed-v1,PCF_F,float,variable_id:nces:FLAGS:00060023:PCF_F,identity,2024 exact source mapping; same_source_variable_identity; metadata definitions remain year-specific; no assertion of measurement equivalence.,2024,2024,true,active
ipedsdb-panel-2004-2024-mixed-v1,PRCHTP_F,categorical string,variable_id:nces:FLAGS:00060015:PRCHTP_F,identity,2024 exact source mapping; same_source_variable_identity; metadata definitions remain year-specific; no assertion of measurement equivalence.,2024,2024,true,active
ipedsdb-panel-2004-2024-mixed-v1,IMP_F,categorical string,variable_id:nces:FLAGS:00060026:IMP_F,identity,2024 exact source mapping; same_source_variable_identity; metadata definitions remain year-specific; no assertion of measurement equivalence.,2024,2024,true,active
ipedsdb-panel-2004-2024-mixed-v1,FORM_F,categorical string,variable_id:nces:FLAGS:00060001:FORM_F,identity,2024 exact source mapping; same_source_variable_identity; metadata definitions remain year-specific; no assertion of measurement equivalence.,2024,2024,true,active
ipedsdb-panel-2004-2024-mixed-v1,FYBEG,categorical string,variable_id:nces:FLAGS:00060031:FYBEG,identity,2024 exact source mapping; same_source_variable_identity; metadata definitions remain year-specific; no assertion of measurement equivalence.,2024,2024,true,active
ipedsdb-panel-2004-2024-mixed-v1,FYEND,categorical string,variable_id:nces:FLAGS:00060036:FYEND,identity,2024 exact source mapping; same_source_variable_identity; metadata definitions remain year-specific; no assertion of measurement equivalence.,2024,2024,true,active
ipedsdb-panel-2004-2024-mixed-v1,GPFS,categorical string,variable_id:nces:FLAGS:00060041:GPFS,identity,2024 exact source mapping; same_source_variable_identity; metadata definitions remain year-specific; no assertion of measurement equivalence.,2024,2024,true,active
ipedsdb-panel-2004-2024-mixed-v1,F1GASBAL,categorical string,variable_id:nces:FLAGS:00060051:F1GASBAL,identity,2024 exact source mapping; same_source_variable_identity; metadata definitions remain year-specific; no assertion of measurement equivalence.,2024,2024,true,active
ipedsdb-panel-2004-2024-mixed-v1,F2PELL,categorical string,variable_id:nces:FLAGS:00060081:F2PELL,identity,2024 exact source mapping; same_source_variable_identity; metadata definitions remain year-specific; no assertion of measurement equivalence.,2024,2024,true,active
ipedsdb-panel-2004-2024-mixed-v1,F3PELL,categorical string,variable_id:nces:FLAGS:00060082:F3PELL,identity,2024 exact source mapping; same_source_variable_identity; metadata definitions remain year-specific; no assertion of measurement equivalence.,2024,2024,true,active
ipedsdb-panel-2004-2024-mixed-v1,FCOLATHL,categorical string,variable_id:nces:FLAGS:00060100:FCOLATHL,identity,2024 exact source mapping; same_source_variable_identity; metadata definitions remain year-specific; no assertion of measurement equivalence.,2024,2024,true,active
ipedsdb-panel-2004-2024-mixed-v1,F_ATHEX1,categorical string,variable_id:nces:FLAGS:00060102:F_ATHEX1,identity,2024 exact source mapping; same_source_variable_identity; metadata definitions remain year-specific; no assertion of measurement equivalence.,2024,2024,true,active
ipedsdb-panel-2004-2024-mixed-v1,F_ATHEX2,categorical string,variable_id:nces:FLAGS:00060104:F_ATHEX2,identity,2024 exact source mapping; same_source_variable_identity; metadata definitions remain year-specific; no assertion of measurement equivalence.,2024,2024,true,active
ipedsdb-panel-2004-2024-mixed-v1,F_ATHEX9,categorical string,variable_id:nces:FLAGS:00060106:F_ATHEX9,identity,2024 exact source mapping; same_source_variable_identity; metadata definitions remain year-specific; no assertion of measurement equivalence.,2024,2024,true,active
ipedsdb-panel-2004-2024-mixed-v1,F_ATHRV,categorical string,variable_id:nces:FLAGS:00060110:F_ATHRV,identity,2024 exact source mapping; same_source_variable_identity; metadata definitions remain year-specific; no assertion of measurement equivalence.,2024,2024,true,active
ipedsdb-panel-2004-2024-mixed-v1,F_ATHRV1,categorical string,variable_id:nces:FLAGS:00060091:F_ATHRV1,identity,2024 exact source mapping; same_source_variable_identity; metadata definitions remain year-specific; no assertion of measurement equivalence.,2024,2024,true,active
ipedsdb-panel-2004-2024-mixed-v1,F_ATHRV2,categorical string,variable_id:nces:FLAGS:00060092:F_ATHRV2,identity,2024 exact source mapping; same_source_variable_identity; metadata definitions remain year-specific; no assertion of measurement equivalence.,2024,2024,true,active
ipedsdb-panel-2004-2024-mixed-v1,F_ATHRV9,categorical string,variable_id:nces:FLAGS:00060094:F_ATHRV9,identity,2024 exact source mapping; same_source_variable_identity; metadata definitions remain year-specific; no assertion of measurement equivalence.,2024,2024,true,active
ipedsdb-panel-2004-2024-mixed-v1,F3BIST,categorical string,variable_id:nces:FLAGS:00066915:F3BIST,identity,2024 exact source mapping; same_source_variable_identity; metadata definitions remain year-specific; no assertion of measurement equivalence.,2024,2024,true,active
ipedsdb-panel-2004-2024-mixed-v1,STAT_AL,categorical string,variable_id:nces:FLAGS:00160001:STAT_AL,identity,2024 exact source mapping; same_source_variable_identity; metadata definitions remain year-specific; no assertion of measurement equivalence.,2024,2024,true,active
ipedsdb-panel-2004-2024-mixed-v1,LOCK_AL,categorical string,variable_id:nces:FLAGS:00160006:LOCK_AL,identity,2024 exact source mapping; same_source_variable_identity; metadata definitions remain year-specific; no assertion of measurement equivalence.,2024,2024,true,active
ipedsdb-panel-2004-2024-mixed-v1,PRCH_AL,categorical string,variable_id:nces:FLAGS:00160011:PRCH_AL,identity,2024 exact source mapping; same_source_variable_identity; metadata definitions remain year-specific; no assertion of measurement equivalence.,2024,2024,true,active
ipedsdb-panel-2004-2024-mixed-v1,IDX_AL,float,variable_id:nces:FLAGS:00160016:IDX_AL,identity,2024 exact source mapping; same_source_variable_identity; metadata definitions remain year-specific; no assertion of measurement equivalence.,2024,2024,true,active
ipedsdb-panel-2004-2024-mixed-v1,PCAL_F,float,variable_id:nces:FLAGS:00160018:PCAL_F,identity,2024 exact source mapping; same_source_variable_identity; metadata definitions remain year-specific; no assertion of measurement equivalence.,2024,2024,true,active
ipedsdb-panel-2004-2024-mixed-v1,IMP_AL,categorical string,variable_id:nces:FLAGS:00160021:IMP_AL,identity,2024 exact source mapping; same_source_variable_identity; metadata definitions remain year-specific; no assertion of measurement equivalence.,2024,2024,true,active
ipedsdb-panel-2004-2024-mixed-v1,HASAL,categorical string,variable_id:nces:FLAGS:00160026:HASAL,identity,2024 exact source mapping; same_source_variable_identity; metadata definitions remain year-specific; no assertion of measurement equivalence.,2024,2024,true,active
ipedsdb-panel-2004-2024-mixed-v1,NTRLDSTR,categorical string,variable_id:nces:FLAGS:00016076:NTRLDSTR,identity,2024 exact source mapping; same_source_variable_identity; metadata definitions remain year-specific; no assertion of measurement equivalence.,2024,2024,true,active
ipedsdb-panel-2004-2024-mixed-v1,BAREVCT,float,variable_id:nces:GR200:00081281:BAREVCT,identity,2024 exact source mapping; same_source_variable_identity; metadata definitions remain year-specific; no assertion of measurement equivalence.,2024,2024,true,active
ipedsdb-panel-2004-2024-mixed-v1,BAEXCLU,float,variable_id:nces:GR200:00081286:BAEXCLU,identity,2024 exact source mapping; same_source_variable_identity; metadata definitions remain year-specific; no assertion of measurement equivalence.,2024,2024,true,active
ipedsdb-panel-2004-2024-mixed-v1,BAAC150,float,variable_id:nces:GR200:00081291:BAAC150,identity,2024 exact source mapping; same_source_variable_identity; metadata definitions remain year-specific; no assertion of measurement equivalence.,2024,2024,true,active
ipedsdb-panel-2004-2024-mixed-v1,BANC100,float,variable_id:nces:GR200:00081296:BANC100,identity,2024 exact source mapping; same_source_variable_identity; metadata definitions remain year-specific; no assertion of measurement equivalence.,2024,2024,true,active
ipedsdb-panel-2004-2024-mixed-v1,BAGR100,float,variable_id:nces:GR200:00081301:BAGR100,identity,2024 exact source mapping; same_source_variable_identity; metadata definitions remain year-specific; no assertion of measurement equivalence.,2024,2024,true,active
ipedsdb-panel-2004-2024-mixed-v1,BANC150,float,variable_id:nces:GR200:00081306:BANC150,identity,2024 exact source mapping; same_source_variable_identity; metadata definitions remain year-specific; no assertion of measurement equivalence.,2024,2024,true,active
ipedsdb-panel-2004-2024-mixed-v1,BAGR150,float,variable_id:nces:GR200:00081311:BAGR150,identity,2024 exact source mapping; same_source_variable_identity; metadata definitions remain year-specific; no assertion of measurement equivalence.,2024,2024,true,active
ipedsdb-panel-2004-2024-mixed-v1,BAAEXCL,float,variable_id:nces:GR200:00081316:BAAEXCL,identity,2024 exact source mapping; same_source_variable_identity; metadata definitions remain year-specific; no assertion of measurement equivalence.,2024,2024,true,active
ipedsdb-panel-2004-2024-mixed-v1,BAAC200,float,variable_id:nces:GR200:00081321:BAAC200,identity,2024 exact source mapping; same_source_variable_identity; metadata definitions remain year-specific; no assertion of measurement equivalence.,2024,2024,true,active
ipedsdb-panel-2004-2024-mixed-v1,BANC200A,float,variable_id:nces:GR200:00081326:BANC200A,identity,2024 exact source mapping; same_source_variable_identity; metadata definitions remain year-specific; no assertion of measurement equivalence.,2024,2024,true,active
ipedsdb-panel-2004-2024-mixed-v1,BASTEND,float,variable_id:nces:GR200:00081338:BASTEND,identity,2024 exact source mapping; same_source_variable_identity; metadata definitions remain year-specific; no assertion of measurement equivalence.,2024,2024,true,active
ipedsdb-panel-2004-2024-mixed-v1,BANC200,float,variable_id:nces:GR200:00081331:BANC200,identity,2024 exact source mapping; same_source_variable_identity; metadata definitions remain year-specific; no assertion of measurement equivalence.,2024,2024,true,active
ipedsdb-panel-2004-2024-mixed-v1,BAGR200,float,variable_id:nces:GR200:00081336:BAGR200,identity,2024 exact source mapping; same_source_variable_identity; metadata definitions remain year-specific; no assertion of measurement equivalence.,2024,2024,true,active
ipedsdb-panel-2004-2024-mixed-v1,L4REVCT,float,variable_id:nces:GR200:00081341:L4REVCT,identity,2024 exact source mapping; same_source_variable_identity; metadata definitions remain year-specific; no assertion of measurement equivalence.,2024,2024,true,active
ipedsdb-panel-2004-2024-mixed-v1,L4EXCLU,float,variable_id:nces:GR200:00081346:L4EXCLU,identity,2024 exact source mapping; same_source_variable_identity; metadata definitions remain year-specific; no assertion of measurement equivalence.,2024,2024,true,active
ipedsdb-panel-2004-2024-mixed-v1,L4AC150,float,variable_id:nces:GR200:00081351:L4AC150,identity,2024 exact source mapping; same_source_variable_identity; metadata definitions remain year-specific; no assertion of measurement equivalence.,2024,2024,true,active
ipedsdb-panel-2004-2024-mixed-v1,L4NC100,float,variable_id:nces:GR200:00081356:L4NC100,identity,2024 exact source mapping; same_source_variable_identity; metadata definitions remain year-specific; no assertion of measurement equivalence.,2024,2024,true,active
ipedsdb-panel-2004-2024-mixed-v1,L4GR100,float,variable_id:nces:GR200:00081361:L4GR100,identity,2024 exact source mapping; same_source_variable_identity; metadata definitions remain year-specific; no assertion of measurement equivalence.,2024,2024,true,active
ipedsdb-panel-2004-2024-mixed-v1,L4NC150,float,variable_id:nces:GR200:00081366:L4NC150,identity,2024 exact source mapping; same_source_variable_identity; metadata definitions remain year-specific; no assertion of measurement equivalence.,2024,2024,true,active
ipedsdb-panel-2004-2024-mixed-v1,L4GR150,float,variable_id:nces:GR200:00081371:L4GR150,identity,2024 exact source mapping; same_source_variable_identity; metadata definitions remain year-specific; no assertion of measurement equivalence.,2024,2024,true,active
ipedsdb-panel-2004-2024-mixed-v1,L4AEXCL,float,variable_id:nces:GR200:00081376:L4AEXCL,identity,2024 exact source mapping; same_source_variable_identity; metadata definitions remain year-specific; no assertion of measurement equivalence.,2024,2024,true,active
ipedsdb-panel-2004-2024-mixed-v1,L4AC200,float,variable_id:nces:GR200:00081381:L4AC200,identity,2024 exact source mapping; same_source_variable_identity; metadata definitions remain year-specific; no assertion of measurement equivalence.,2024,2024,true,active
ipedsdb-panel-2004-2024-mixed-v1,L4NC200A,float,variable_id:nces:GR200:00081386:L4NC200A,identity,2024 exact source mapping; same_source_variable_identity; metadata definitions remain year-specific; no assertion of measurement equivalence.,2024,2024,true,active
ipedsdb-panel-2004-2024-mixed-v1,L4STEND,float,variable_id:nces:GR200:00081398:L4STEND,identity,2024 exact source mapping; same_source_variable_identity; metadata definitions remain year-specific; no assertion of measurement equivalence.,2024,2024,true,active
ipedsdb-panel-2004-2024-mixed-v1,L4NC200,float,variable_id:nces:GR200:00081391:L4NC200,identity,2024 exact source mapping; same_source_variable_identity; metadata definitions remain year-specific; no assertion of measurement equivalence.,2024,2024,true,active
ipedsdb-panel-2004-2024-mixed-v1,L4GR200,float,variable_id:nces:GR200:00081396:L4GR200,identity,2024 exact source mapping; same_source_variable_identity; metadata definitions remain year-specific; no assertion of measurement equivalence.,2024,2024,true,active
ipedsdb-panel-2004-2024-mixed-v1,LINE_10,float,variable_id:nces:GR_L:00080906:LINE_10,identity,2024 exact source mapping; same_source_variable_identity; metadata definitions remain year-specific; no assertion of measurement equivalence.,2024,2024,true,active
ipedsdb-panel-2004-2024-mixed-v1,LINE_45,float,variable_id:nces:GR_L:00080907:LINE_45,identity,2024 exact source mapping; same_source_variable_identity; metadata definitions remain year-specific; no assertion of measurement equivalence.,2024,2024,true,active
ipedsdb-panel-2004-2024-mixed-v1,LINE_50,float,variable_id:nces:GR_L:00080915:LINE_50,identity,2024 exact source mapping; same_source_variable_identity; metadata definitions remain year-specific; no assertion of measurement equivalence.,2024,2024,true,active
ipedsdb-panel-2004-2024-mixed-v1,LINE_55,float,variable_id:nces:GR_L:00081401:LINE_55,identity,2024 exact source mapping; same_source_variable_identity; metadata definitions remain year-specific; no assertion of measurement equivalence.,2024,2024,true,active
ipedsdb-panel-2004-2024-mixed-v1,LINE_11,float,variable_id:nces:GR_L:00080916:LINE_11,identity,2024 exact source mapping; same_source_variable_identity; metadata definitions remain year-specific; no assertion of measurement equivalence.,2024,2024,true,active
ipedsdb-panel-2004-2024-mixed-v1,LINE_30,float,variable_id:nces:GR_L:00080917:LINE_30,identity,2024 exact source mapping; same_source_variable_identity; metadata definitions remain year-specific; no assertion of measurement equivalence.,2024,2024,true,active
ipedsdb-panel-2004-2024-mixed-v1,LINE_51,float,variable_id:nces:GR_L:00080908:LINE_51,identity,2024 exact source mapping; same_source_variable_identity; metadata definitions remain year-specific; no assertion of measurement equivalence.,2024,2024,true,active
ipedsdb-panel-2004-2024-mixed-v1,LINE_52,float,variable_id:nces:GR_L:00080909:LINE_52,identity,2024 exact source mapping; same_source_variable_identity; metadata definitions remain year-specific; no assertion of measurement equivalence.,2024,2024,true,active
ipedsdb-panel-2004-2024-mixed-v1,PGLIN10,float,variable_id:nces:GR_L:00081626:PGLIN10,identity,2024 exact source mapping; same_source_variable_identity; metadata definitions remain year-specific; no assertion of measurement equivalence.,2024,2024,true,active
ipedsdb-panel-2004-2024-mixed-v1,PGLIN45,float,variable_id:nces:GR_L:00081631:PGLIN45,identity,2024 exact source mapping; same_source_variable_identity; metadata definitions remain year-specific; no assertion of measurement equivalence.,2024,2024,true,active
ipedsdb-panel-2004-2024-mixed-v1,PGLIN50,float,variable_id:nces:GR_L:00081636:PGLIN50,identity,2024 exact source mapping; same_source_variable_identity; metadata definitions remain year-specific; no assertion of measurement equivalence.,2024,2024,true,active
ipedsdb-panel-2004-2024-mixed-v1,PGLIN11,float,variable_id:nces:GR_L:00081641:PGLIN11,identity,2024 exact source mapping; same_source_variable_identity; metadata definitions remain year-specific; no assertion of measurement equivalence.,2024,2024,true,active
ipedsdb-panel-2004-2024-mixed-v1,SSLIN10,float,variable_id:nces:GR_L:00081646:SSLIN10,identity,2024 exact source mapping; same_source_variable_identity; metadata definitions remain year-specific; no assertion of measurement equivalence.,2024,2024,true,active
ipedsdb-panel-2004-2024-mixed-v1,SSLIN45,float,variable_id:nces:GR_L:00081651:SSLIN45,identity,2024 exact source mapping; same_source_variable_identity; metadata definitions remain year-specific; no assertion of measurement equivalence.,2024,2024,true,active
ipedsdb-panel-2004-2024-mixed-v1,SSLIN50,float,variable_id:nces:GR_L:00081656:SSLIN50,identity,2024 exact source mapping; same_source_variable_identity; metadata definitions remain year-specific; no assertion of measurement equivalence.,2024,2024,true,active
ipedsdb-panel-2004-2024-mixed-v1,SSLIN11,float,variable_id:nces:GR_L:00081661:SSLIN11,identity,2024 exact source mapping; same_source_variable_identity; metadata definitions remain year-specific; no assertion of measurement equivalence.,2024,2024,true,active
ipedsdb-panel-2004-2024-mixed-v1,NRLIN10,float,variable_id:nces:GR_L:00081666:NRLIN10,identity,2024 exact source mapping; same_source_variable_identity; metadata definitions remain year-specific; no assertion of measurement equivalence.,2024,2024,true,active
ipedsdb-panel-2004-2024-mixed-v1,NRLIN45,float,variable_id:nces:GR_L:00081671:NRLIN45,identity,2024 exact source mapping; same_source_variable_identity; metadata definitions remain year-specific; no assertion of measurement equivalence.,2024,2024,true,active
ipedsdb-panel-2004-2024-mixed-v1,NRLIN50,float,variable_id:nces:GR_L:00081676:NRLIN50,identity,2024 exact source mapping; same_source_variable_identity; metadata definitions remain year-specific; no assertion of measurement equivalence.,2024,2024,true,active
ipedsdb-panel-2004-2024-mixed-v1,NRLIN11,float,variable_id:nces:GR_L:00081681:NRLIN11,identity,2024 exact source mapping; same_source_variable_identity; metadata definitions remain year-specific; no assertion of measurement equivalence.,2024,2024,true,active
ipedsdb-panel-2004-2024-mixed-v1,INSTNM,free text,variable_id:nces:HD:00010001:INSTNM,identity,2024 exact source mapping; same_source_variable_identity; metadata definitions remain year-specific; no assertion of measurement equivalence.,2024,2024,true,active
ipedsdb-panel-2004-2024-mixed-v1,IALIAS,free text,variable_id:nces:HD:00016081:IALIAS,identity,2024 exact source mapping; same_source_variable_identity; metadata definitions remain year-specific; no assertion of measurement equivalence.,2024,2024,true,active
ipedsdb-panel-2004-2024-mixed-v1,ADDR,free text,variable_id:nces:HD:00010006:ADDR,identity,2024 exact source mapping; same_source_variable_identity; metadata definitions remain year-specific; no assertion of measurement equivalence.,2024,2024,true,active
ipedsdb-panel-2004-2024-mixed-v1,CITY,free text,variable_id:nces:HD:00010011:CITY,identity,2024 exact source mapping; same_source_variable_identity; metadata definitions remain year-specific; no assertion of measurement equivalence.,2024,2024,true,active
ipedsdb-panel-2004-2024-mixed-v1,STABBR,categorical string,variable_id:nces:HD:00010016:STABBR,identity,2024 exact source mapping; same_source_variable_identity; metadata definitions remain year-specific; no assertion of measurement equivalence.,2024,2024,true,active
ipedsdb-panel-2004-2024-mixed-v1,ZIP,free text,variable_id:nces:HD:00010021:ZIP,identity,2024 exact source mapping; same_source_variable_identity; metadata definitions remain year-specific; no assertion of measurement equivalence.,2024,2024,true,active
ipedsdb-panel-2004-2024-mixed-v1,FIPS,categorical string,variable_id:nces:HD:00010026:FIPS,identity,2024 exact source mapping; same_source_variable_identity; metadata definitions remain year-specific; no assertion of measurement equivalence.,2024,2024,true,active
ipedsdb-panel-2004-2024-mixed-v1,OBEREG,categorical string,variable_id:nces:HD:00010031:OBEREG,identity,2024 exact source mapping; same_source_variable_identity; metadata definitions remain year-specific; no assertion of measurement equivalence.,2024,2024,true,active
ipedsdb-panel-2004-2024-mixed-v1,CHFNM,free text,variable_id:nces:HD:00010036:CHFNM,identity,2024 exact source mapping; same_source_variable_identity; metadata definitions remain year-specific; no assertion of measurement equivalence.,2024,2024,true,active
ipedsdb-panel-2004-2024-mixed-v1,CHFTITLE,free text,variable_id:nces:HD:00010041:CHFTITLE,identity,2024 exact source mapping; same_source_variable_identity; metadata definitions remain year-specific; no assertion of measurement equivalence.,2024,2024,true,active
ipedsdb-panel-2004-2024-mixed-v1,GENTELE,free text,variable_id:nces:HD:00010046:GENTELE,identity,2024 exact source mapping; same_source_variable_identity; metadata definitions remain year-specific; no assertion of measurement equivalence.,2024,2024,true,active
ipedsdb-panel-2004-2024-mixed-v1,EIN,free text,variable_id:nces:HD:00010061:EIN,identity,2024 exact source mapping; same_source_variable_identity; metadata definitions remain year-specific; no assertion of measurement equivalence.,2024,2024,true,active
ipedsdb-panel-2004-2024-mixed-v1,UEIS,free text,variable_id:nces:HD:00010069:UEIS,identity,2024 exact source mapping; same_source_variable_identity; metadata definitions remain year-specific; no assertion of measurement equivalence.,2024,2024,true,active
ipedsdb-panel-2004-2024-mixed-v1,OPEID,free text,variable_id:nces:HD:00010071:OPEID,identity,2024 exact source mapping; same_source_variable_identity; metadata definitions remain year-specific; no assertion of measurement equivalence.,2024,2024,true,active
ipedsdb-panel-2004-2024-mixed-v1,OPEFLAG,categorical string,variable_id:nces:HD:00010076:OPEFLAG,identity,2024 exact source mapping; same_source_variable_identity; metadata definitions remain year-specific; no assertion of measurement equivalence.,2024,2024,true,active
ipedsdb-panel-2004-2024-mixed-v1,WEBADDR,free text,variable_id:nces:HD:00010081:WEBADDR,identity,2024 exact source mapping; same_source_variable_identity; metadata definitions remain year-specific; no assertion of measurement equivalence.,2024,2024,true,active
ipedsdb-panel-2004-2024-mixed-v1,ADMINURL,free text,variable_id:nces:HD:00010058:ADMINURL,identity,2024 exact source mapping; same_source_variable_identity; metadata definitions remain year-specific; no assertion of measurement equivalence.,2024,2024,true,active
ipedsdb-panel-2004-2024-mixed-v1,FAIDURL,free text,variable_id:nces:HD:00010053:FAIDURL,identity,2024 exact source mapping; same_source_variable_identity; metadata definitions remain year-specific; no assertion of measurement equivalence.,2024,2024,true,active
ipedsdb-panel-2004-2024-mixed-v1,APPLURL,free text,variable_id:nces:HD:00010059:APPLURL,identity,2024 exact source mapping; same_source_variable_identity; metadata definitions remain year-specific; no assertion of measurement equivalence.,2024,2024,true,active
ipedsdb-panel-2004-2024-mixed-v1,NPRICURL,free text,variable_id:nces:HD:00010083:NPRICURL,identity,2024 exact source mapping; same_source_variable_identity; metadata definitions remain year-specific; no assertion of measurement equivalence.,2024,2024,true,active
ipedsdb-panel-2004-2024-mixed-v1,VETURL,free text,variable_id:nces:HD:00016131:VETURL,identity,2024 exact source mapping; same_source_variable_identity; metadata definitions remain year-specific; no assertion of measurement equivalence.,2024,2024,true,active
ipedsdb-panel-2004-2024-mixed-v1,ATHURL,free text,variable_id:nces:HD:00080081:ATHURL,identity,2024 exact source mapping; same_source_variable_identity; metadata definitions remain year-specific; no assertion of measurement equivalence.,2024,2024,true,active
ipedsdb-panel-2004-2024-mixed-v1,DISAURL,free text,variable_id:nces:HD:00010060:DISAURL,identity,2024 exact source mapping; same_source_variable_identity; metadata definitions remain year-specific; no assertion of measurement equivalence.,2024,2024,true,active
ipedsdb-panel-2004-2024-mixed-v1,SECTOR,categorical string,variable_id:nces:HD:00010086:SECTOR,identity,2024 exact source mapping; same_source_variable_identity; metadata definitions remain year-specific; no assertion of measurement equivalence.,2024,2024,true,active
ipedsdb-panel-2004-2024-mixed-v1,ICLEVEL,categorical string,variable_id:nces:HD:00010091:ICLEVEL,identity,2024 exact source mapping; same_source_variable_identity; metadata definitions remain year-specific; no assertion of measurement equivalence.,2024,2024,true,active
ipedsdb-panel-2004-2024-mixed-v1,CONTROL,categorical string,variable_id:nces:HD:00010096:CONTROL,identity,2024 exact source mapping; same_source_variable_identity; metadata definitions remain year-specific; no assertion of measurement equivalence.,2024,2024,true,active
ipedsdb-panel-2004-2024-mixed-v1,HLOFFER,categorical string,variable_id:nces:HD:00010101:HLOFFER,identity,2024 exact source mapping; same_source_variable_identity; metadata definitions remain year-specific; no assertion of measurement equivalence.,2024,2024,true,active
ipedsdb-panel-2004-2024-mixed-v1,UGOFFER,categorical string,variable_id:nces:HD:00010106:UGOFFER,identity,2024 exact source mapping; same_source_variable_identity; metadata definitions remain year-specific; no assertion of measurement equivalence.,2024,2024,true,active
ipedsdb-panel-2004-2024-mixed-v1,GROFFER,categorical string,variable_id:nces:HD:00010111:GROFFER,identity,2024 exact source mapping; same_source_variable_identity; metadata definitions remain year-specific; no assertion of measurement equivalence.,2024,2024,true,active
ipedsdb-panel-2004-2024-mixed-v1,HDEGOFR1,categorical string,variable_id:nces:HD:00010122:HDEGOFR1,identity,2024 exact source mapping; same_source_variable_identity; metadata definitions remain year-specific; no assertion of measurement equivalence.,2024,2024,true,active
ipedsdb-panel-2004-2024-mixed-v1,DEGGRANT,categorical string,variable_id:nces:HD:00010126:DEGGRANT,identity,2024 exact source mapping; same_source_variable_identity; metadata definitions remain year-specific; no assertion of measurement equivalence.,2024,2024,true,active
ipedsdb-panel-2004-2024-mixed-v1,HBCU,categorical string,variable_id:nces:HD:00010151:HBCU,identity,2024 exact source mapping; same_source_variable_identity; metadata definitions remain year-specific; no assertion of measurement equivalence.,2024,2024,true,active
ipedsdb-panel-2004-2024-mixed-v1,HOSPITAL,categorical string,variable_id:nces:HD:00010156:HOSPITAL,identity,2024 exact source mapping; same_source_variable_identity; metadata definitions remain year-specific; no assertion of measurement equivalence.,2024,2024,true,active
ipedsdb-panel-2004-2024-mixed-v1,MEDICAL,categorical string,variable_id:nces:HD:00010161:MEDICAL,identity,2024 exact source mapping; same_source_variable_identity; metadata definitions remain year-specific; no assertion of measurement equivalence.,2024,2024,true,active
ipedsdb-panel-2004-2024-mixed-v1,TRIBAL,categorical string,variable_id:nces:HD:00010166:TRIBAL,identity,2024 exact source mapping; same_source_variable_identity; metadata definitions remain year-specific; no assertion of measurement equivalence.,2024,2024,true,active
ipedsdb-panel-2004-2024-mixed-v1,LOCALE,categorical string,variable_id:nces:HD:00010176:LOCALE,identity,2024 exact source mapping; same_source_variable_identity; metadata definitions remain year-specific; no assertion of measurement equivalence.,2024,2024,true,active
ipedsdb-panel-2004-2024-mixed-v1,OPENPUBL,categorical string,variable_id:nces:HD:00010181:OPENPUBL,identity,2024 exact source mapping; same_source_variable_identity; metadata definitions remain year-specific; no assertion of measurement equivalence.,2024,2024,true,active
ipedsdb-panel-2004-2024-mixed-v1,ACT,categorical string,variable_id:nces:HD:00010186:ACT,identity,2024 exact source mapping; same_source_variable_identity; metadata definitions remain year-specific; no assertion of measurement equivalence.,2024,2024,true,active
ipedsdb-panel-2004-2024-mixed-v1,NEWID,float,variable_id:nces:HD:00010191:NEWID,identity,2024 exact source mapping; same_source_variable_identity; metadata definitions remain year-specific; no assertion of measurement equivalence.,2024,2024,true,active
ipedsdb-panel-2004-2024-mixed-v1,DEATHYR,categorical string,variable_id:nces:HD:00010196:DEATHYR,identity,2024 exact source mapping; same_source_variable_identity; metadata definitions remain year-specific; no assertion of measurement equivalence.,2024,2024,true,active
ipedsdb-panel-2004-2024-mixed-v1,CLOSEDAT,free text,variable_id:nces:HD:00010201:CLOSEDAT,identity,2024 exact source mapping; same_source_variable_identity; metadata definitions remain year-specific; no assertion of measurement equivalence.,2024,2024,true,active
ipedsdb-panel-2004-2024-mixed-v1,CYACTIVE,categorical string,variable_id:nces:HD:00010206:CYACTIVE,identity,2024 exact source mapping; same_source_variable_identity; metadata definitions remain year-specific; no assertion of measurement equivalence.,2024,2024,true,active
ipedsdb-panel-2004-2024-mixed-v1,POSTSEC,categorical string,variable_id:nces:HD:00010211:POSTSEC,identity,2024 exact source mapping; same_source_variable_identity; metadata definitions remain year-specific; no assertion of measurement equivalence.,2024,2024,true,active
ipedsdb-panel-2004-2024-mixed-v1,PSEFLAG,categorical string,variable_id:nces:HD:00010216:PSEFLAG,identity,2024 exact source mapping; same_source_variable_identity; metadata definitions remain year-specific; no assertion of measurement equivalence.,2024,2024,true,active
ipedsdb-panel-2004-2024-mixed-v1,PSET4FLG,categorical string,variable_id:nces:HD:00010221:PSET4FLG,identity,2024 exact source mapping; same_source_variable_identity; metadata definitions remain year-specific; no assertion of measurement equivalence.,2024,2024,true,active
ipedsdb-panel-2004-2024-mixed-v1,RPTMTH,categorical string,variable_id:nces:HD:00015055:RPTMTH,identity,2024 exact source mapping; same_source_variable_identity; metadata definitions remain year-specific; no assertion of measurement equivalence.,2024,2024,true,active
ipedsdb-panel-2004-2024-mixed-v1,INSTCAT,categorical string,variable_id:nces:HD:00015210:INSTCAT,identity,2024 exact source mapping; same_source_variable_identity; metadata definitions remain year-specific; no assertion of measurement equivalence.,2024,2024,true,active
ipedsdb-panel-2004-2024-mixed-v1,C00CARNEGIE,categorical string,variable_id:nces:HD:00010300:C00CARNEGIE,identity,2024 exact source mapping; new_2024_identity; metadata definitions remain year-specific; no assertion of measurement equivalence.,2024,2024,true,active
ipedsdb-panel-2004-2024-mixed-v1,C21BASIC,categorical string,variable_id:nces:HD:00015620:C21BASIC,identity,2024 exact source mapping; same_source_variable_identity; metadata definitions remain year-specific; no assertion of measurement equivalence.,2024,2024,true,active
ipedsdb-panel-2004-2024-mixed-v1,CARNEGIEIC,categorical string,variable_id:nces:HD:00010305:CARNEGIEIC,identity,2024 exact source mapping; new_2024_identity; metadata definitions remain year-specific; no assertion of measurement equivalence.,2024,2024,true,active
ipedsdb-panel-2004-2024-mixed-v1,CARNEGIESAEC,categorical string,variable_id:nces:HD:00010310:CARNEGIESAEC,identity,2024 exact source mapping; new_2024_identity; metadata definitions remain year-specific; no assertion of measurement equivalence.,2024,2024,true,active
ipedsdb-panel-2004-2024-mixed-v1,CARNEGIERSCH,categorical string,variable_id:nces:HD:00010331:CARNEGIERSCH,identity,2024 exact source mapping; new_2024_identity; metadata definitions remain year-specific; no assertion of measurement equivalence.,2024,2024,true,active
ipedsdb-panel-2004-2024-mixed-v1,CARNEGIESIZE,categorical string,variable_id:nces:HD:00010315:CARNEGIESIZE,identity,2024 exact source mapping; new_2024_identity; metadata definitions remain year-specific; no assertion of measurement equivalence.,2024,2024,true,active
ipedsdb-panel-2004-2024-mixed-v1,CARNEGIEALF,categorical string,variable_id:nces:HD:00010320:CARNEGIEALF,identity,2024 exact source mapping; new_2024_identity; metadata definitions remain year-specific; no assertion of measurement equivalence.,2024,2024,true,active
ipedsdb-panel-2004-2024-mixed-v1,CARNEGIEAPM,categorical string,variable_id:nces:HD:00010325:CARNEGIEAPM,identity,2024 exact source mapping; new_2024_identity; metadata definitions remain year-specific; no assertion of measurement equivalence.,2024,2024,true,active
ipedsdb-panel-2004-2024-mixed-v1,CARNEGIEGPM,categorical string,variable_id:nces:HD:00010330:CARNEGIEGPM,identity,2024 exact source mapping; new_2024_identity; metadata definitions remain year-specific; no assertion of measurement equivalence.,2024,2024,true,active
ipedsdb-panel-2004-2024-mixed-v1,LANDGRNT,categorical string,variable_id:nces:HD:00015225:LANDGRNT,identity,2024 exact source mapping; same_source_variable_identity; metadata definitions remain year-specific; no assertion of measurement equivalence.,2024,2024,true,active
ipedsdb-panel-2004-2024-mixed-v1,INSTSIZE,categorical string,variable_id:nces:HD:00023357:INSTSIZE,identity,2024 exact source mapping; same_source_variable_identity; metadata definitions remain year-specific; no assertion of measurement equivalence.,2024,2024,true,active
ipedsdb-panel-2004-2024-mixed-v1,F1SYSTYP__HD__00016066__7C2F4E76311D,categorical string,variable_id:nces:HD:00016066:F1SYSTYP,identity,2024 exact source mapping; same_source_variable_identity; metadata definitions remain year-specific; no assertion of measurement equivalence.,2024,2024,true,active
ipedsdb-panel-2004-2024-mixed-v1,F1SYSNAM__HD__00016071__CDF351E00584,free text,variable_id:nces:HD:00016071:F1SYSNAM,identity,2024 exact source mapping; same_source_variable_identity; metadata definitions remain year-specific; no assertion of measurement equivalence.,2024,2024,true,active
ipedsdb-panel-2004-2024-mixed-v1,F1SYSCOD,categorical string,variable_id:nces:HD:00016070:F1SYSCOD,identity,2024 exact source mapping; same_source_variable_identity; metadata definitions remain year-specific; no assertion of measurement equivalence.,2024,2024,true,active
ipedsdb-panel-2004-2024-mixed-v1,CBSA,categorical string,variable_id:nces:HD:00016086:CBSA,identity,2024 exact source mapping; same_source_variable_identity; metadata definitions remain year-specific; no assertion of measurement equivalence.,2024,2024,true,active
ipedsdb-panel-2004-2024-mixed-v1,CBSATYPE,categorical string,variable_id:nces:HD:00016091:CBSATYPE,identity,2024 exact source mapping; same_source_variable_identity; metadata definitions remain year-specific; no assertion of measurement equivalence.,2024,2024,true,active
ipedsdb-panel-2004-2024-mixed-v1,CSA,categorical string,variable_id:nces:HD:00016096:CSA,identity,2024 exact source mapping; same_source_variable_identity; metadata definitions remain year-specific; no assertion of measurement equivalence.,2024,2024,true,active
ipedsdb-panel-2004-2024-mixed-v1,COUNTYCD,categorical string,variable_id:nces:HD:00016116:COUNTYCD,identity,2024 exact source mapping; same_source_variable_identity; metadata definitions remain year-specific; no assertion of measurement equivalence.,2024,2024,true,active
ipedsdb-panel-2004-2024-mixed-v1,COUNTYNM,free text,variable_id:nces:HD:00016121:COUNTYNM,identity,2024 exact source mapping; same_source_variable_identity; metadata definitions remain year-specific; no assertion of measurement equivalence.,2024,2024,true,active
ipedsdb-panel-2004-2024-mixed-v1,CNGDSTCD,categorical string,variable_id:nces:HD:00016126:CNGDSTCD,identity,2024 exact source mapping; same_source_variable_identity; metadata definitions remain year-specific; no assertion of measurement equivalence.,2024,2024,true,active
ipedsdb-panel-2004-2024-mixed-v1,LONGITUD,float,variable_id:nces:HD:00016106:LONGITUD,identity,2024 exact source mapping; same_source_variable_identity; metadata definitions remain year-specific; no assertion of measurement equivalence.,2024,2024,true,active
ipedsdb-panel-2004-2024-mixed-v1,LATITUDE,float,variable_id:nces:HD:00016111:LATITUDE,identity,2024 exact source mapping; same_source_variable_identity; metadata definitions remain year-specific; no assertion of measurement equivalence.,2024,2024,true,active
ipedsdb-panel-2004-2024-mixed-v1,DFRCGID__HD__00015230__4C2F698A0FD3,categorical string,variable_id:nces:HD:00015230:DFRCGID,identity,2024 exact source mapping; same_source_variable_identity; metadata definitions remain year-specific; no assertion of measurement equivalence.,2024,2024,true,active
ipedsdb-panel-2004-2024-mixed-v1,DFRCUSCG__HD__00016000__95607880F445,categorical string,variable_id:nces:HD:00016000:DFRCUSCG,identity,2024 exact source mapping; same_source_variable_identity; metadata definitions remain year-specific; no assertion of measurement equivalence.,2024,2024,true,active
ipedsdb-panel-2004-2024-mixed-v1,PEO1ISTR,categorical string,variable_id:nces:IC:00010361:PEO1ISTR,identity,2024 exact source mapping; same_source_variable_identity; metadata definitions remain year-specific; no assertion of measurement equivalence.,2024,2024,true,active
ipedsdb-panel-2004-2024-mixed-v1,PEO2ISTR,categorical string,variable_id:nces:IC:00010366:PEO2ISTR,identity,2024 exact source mapping; same_source_variable_identity; metadata definitions remain year-specific; no assertion of measurement equivalence.,2024,2024,true,active
ipedsdb-panel-2004-2024-mixed-v1,PEO3ISTR,categorical string,variable_id:nces:IC:00010371:PEO3ISTR,identity,2024 exact source mapping; same_source_variable_identity; metadata definitions remain year-specific; no assertion of measurement equivalence.,2024,2024,true,active
ipedsdb-panel-2004-2024-mixed-v1,PEO4ISTR,categorical string,variable_id:nces:IC:00010376:PEO4ISTR,identity,2024 exact source mapping; same_source_variable_identity; metadata definitions remain year-specific; no assertion of measurement equivalence.,2024,2024,true,active
ipedsdb-panel-2004-2024-mixed-v1,PEO5ISTR,categorical string,variable_id:nces:IC:00010381:PEO5ISTR,identity,2024 exact source mapping; same_source_variable_identity; metadata definitions remain year-specific; no assertion of measurement equivalence.,2024,2024,true,active
ipedsdb-panel-2004-2024-mixed-v1,PEO6ISTR,categorical string,variable_id:nces:IC:00010386:PEO6ISTR,identity,2024 exact source mapping; same_source_variable_identity; metadata definitions remain year-specific; no assertion of measurement equivalence.,2024,2024,true,active
ipedsdb-panel-2004-2024-mixed-v1,PEO7ISTR,categorical string,variable_id:nces:IC:00010388:PEO7ISTR,identity,2024 exact source mapping; same_source_variable_identity; metadata definitions remain year-specific; no assertion of measurement equivalence.,2024,2024,true,active
ipedsdb-panel-2004-2024-mixed-v1,CNTLAFFI,categorical string,variable_id:nces:IC:00010391:CNTLAFFI,identity,2024 exact source mapping; same_source_variable_identity; metadata definitions remain year-specific; no assertion of measurement equivalence.,2024,2024,true,active
ipedsdb-panel-2004-2024-mixed-v1,PUBPRIME,categorical string,variable_id:nces:IC:00010396:PUBPRIME,identity,2024 exact source mapping; same_source_variable_identity; metadata definitions remain year-specific; no assertion of measurement equivalence.,2024,2024,true,active
ipedsdb-panel-2004-2024-mixed-v1,PUBSECON,categorical string,variable_id:nces:IC:00010401:PUBSECON,identity,2024 exact source mapping; same_source_variable_identity; metadata definitions remain year-specific; no assertion of measurement equivalence.,2024,2024,true,active
ipedsdb-panel-2004-2024-mixed-v1,RELAFFIL,categorical string,variable_id:nces:IC:00010406:RELAFFIL,identity,2024 exact source mapping; same_source_variable_identity; metadata definitions remain year-specific; no assertion of measurement equivalence.,2024,2024,true,active
ipedsdb-panel-2004-2024-mixed-v1,LEVEL1,categorical string,variable_id:nces:IC:00010411:LEVEL1,identity,2024 exact source mapping; same_source_variable_identity; metadata definitions remain year-specific; no assertion of measurement equivalence.,2024,2024,true,active
ipedsdb-panel-2004-2024-mixed-v1,LEVEL1A,categorical string,variable_id:nces:IC:00010412:LEVEL1A,identity,2024 exact source mapping; same_source_variable_identity; metadata definitions remain year-specific; no assertion of measurement equivalence.,2024,2024,true,active
ipedsdb-panel-2004-2024-mixed-v1,LEVEL1B,categorical string,variable_id:nces:IC:00010413:LEVEL1B,identity,2024 exact source mapping; same_source_variable_identity; metadata definitions remain year-specific; no assertion of measurement equivalence.,2024,2024,true,active
ipedsdb-panel-2004-2024-mixed-v1,LEVEL2,categorical string,variable_id:nces:IC:00010416:LEVEL2,identity,2024 exact source mapping; same_source_variable_identity; metadata definitions remain year-specific; no assertion of measurement equivalence.,2024,2024,true,active
ipedsdb-panel-2004-2024-mixed-v1,LEVEL3,categorical string,variable_id:nces:IC:00010421:LEVEL3,identity,2024 exact source mapping; same_source_variable_identity; metadata definitions remain year-specific; no assertion of measurement equivalence.,2024,2024,true,active
ipedsdb-panel-2004-2024-mixed-v1,LEVEL4,categorical string,variable_id:nces:IC:00010426:LEVEL4,identity,2024 exact source mapping; same_source_variable_identity; metadata definitions remain year-specific; no assertion of measurement equivalence.,2024,2024,true,active
ipedsdb-panel-2004-2024-mixed-v1,LEVEL5,categorical string,variable_id:nces:IC:00010431:LEVEL5,identity,2024 exact source mapping; same_source_variable_identity; metadata definitions remain year-specific; no assertion of measurement equivalence.,2024,2024,true,active
ipedsdb-panel-2004-2024-mixed-v1,LEVEL6,categorical string,variable_id:nces:IC:00010436:LEVEL6,identity,2024 exact source mapping; same_source_variable_identity; metadata definitions remain year-specific; no assertion of measurement equivalence.,2024,2024,true,active
ipedsdb-panel-2004-2024-mixed-v1,LEVEL7,categorical string,variable_id:nces:IC:00010441:LEVEL7,identity,2024 exact source mapping; same_source_variable_identity; metadata definitions remain year-specific; no assertion of measurement equivalence.,2024,2024,true,active
ipedsdb-panel-2004-2024-mixed-v1,LEVEL8,categorical string,variable_id:nces:IC:00010446:LEVEL8,identity,2024 exact source mapping; same_source_variable_identity; metadata definitions remain year-specific; no assertion of measurement equivalence.,2024,2024,true,active
ipedsdb-panel-2004-2024-mixed-v1,LEVEL12,categorical string,variable_id:nces:IC:00010466:LEVEL12,identity,2024 exact source mapping; same_source_variable_identity; metadata definitions remain year-specific; no assertion of measurement equivalence.,2024,2024,true,active
ipedsdb-panel-2004-2024-mixed-v1,LEVEL17,categorical string,variable_id:nces:IC:00010452:LEVEL17,identity,2024 exact source mapping; same_source_variable_identity; metadata definitions remain year-specific; no assertion of measurement equivalence.,2024,2024,true,active
ipedsdb-panel-2004-2024-mixed-v1,LEVEL18,categorical string,variable_id:nces:IC:00010453:LEVEL18,identity,2024 exact source mapping; same_source_variable_identity; metadata definitions remain year-specific; no assertion of measurement equivalence.,2024,2024,true,active
ipedsdb-panel-2004-2024-mixed-v1,LEVEL19,categorical string,variable_id:nces:IC:00010454:LEVEL19,identity,2024 exact source mapping; same_source_variable_identity; metadata definitions remain year-specific; no assertion of measurement equivalence.,2024,2024,true,active
ipedsdb-panel-2004-2024-mixed-v1,CALSYS,categorical string,variable_id:nces:IC:00010901:CALSYS,identity,2024 exact source mapping; same_source_variable_identity; metadata definitions remain year-specific; no assertion of measurement equivalence.,2024,2024,true,active
ipedsdb-panel-2004-2024-mixed-v1,FT_UG,categorical string,variable_id:nces:IC:00010926:FT_UG,identity,2024 exact source mapping; same_source_variable_identity; metadata definitions remain year-specific; no assertion of measurement equivalence.,2024,2024,true,active
ipedsdb-panel-2004-2024-mixed-v1,FT_FTUG,categorical string,variable_id:nces:IC:00010931:FT_FTUG,identity,2024 exact source mapping; same_source_variable_identity; metadata definitions remain year-specific; no assertion of measurement equivalence.,2024,2024,true,active
ipedsdb-panel-2004-2024-mixed-v1,FTGDNIDP,categorical string,variable_id:nces:IC:00015301:FTGDNIDP,identity,2024 exact source mapping; same_source_variable_identity; metadata definitions remain year-specific; no assertion of measurement equivalence.,2024,2024,true,active
ipedsdb-panel-2004-2024-mixed-v1,PT_UG,categorical string,variable_id:nces:IC:00010946:PT_UG,identity,2024 exact source mapping; same_source_variable_identity; metadata definitions remain year-specific; no assertion of measurement equivalence.,2024,2024,true,active
ipedsdb-panel-2004-2024-mixed-v1,PT_FTUG,categorical string,variable_id:nces:IC:00010951:PT_FTUG,identity,2024 exact source mapping; same_source_variable_identity; metadata definitions remain year-specific; no assertion of measurement equivalence.,2024,2024,true,active
ipedsdb-panel-2004-2024-mixed-v1,PTGDNIDP,categorical string,variable_id:nces:IC:00015306:PTGDNIDP,identity,2024 exact source mapping; same_source_variable_identity; metadata definitions remain year-specific; no assertion of measurement equivalence.,2024,2024,true,active
ipedsdb-panel-2004-2024-mixed-v1,DOCPP,categorical string,variable_id:nces:IC:00015311:DOCPP,identity,2024 exact source mapping; same_source_variable_identity; metadata definitions remain year-specific; no assertion of measurement equivalence.,2024,2024,true,active
ipedsdb-panel-2004-2024-mixed-v1,DOCPPSP,categorical string,variable_id:nces:IC:00015316:DOCPPSP,identity,2024 exact source mapping; same_source_variable_identity; metadata definitions remain year-specific; no assertion of measurement equivalence.,2024,2024,true,active
ipedsdb-panel-2004-2024-mixed-v1,OPENADMP,categorical string,variable_id:nces:IC:00010516:OPENADMP,identity,2024 exact source mapping; same_source_variable_identity; metadata definitions remain year-specific; no assertion of measurement equivalence.,2024,2024,true,active
ipedsdb-panel-2004-2024-mixed-v1,NONCRDT1,categorical string,variable_id:nces:IC:00017011:NONCRDT1,identity,2024 exact source mapping; same_source_variable_identity; metadata definitions remain year-specific; no assertion of measurement equivalence.,2024,2024,true,active
ipedsdb-panel-2004-2024-mixed-v1,NONCRDT2,categorical string,variable_id:nces:IC:00017012:NONCRDT2,identity,2024 exact source mapping; same_source_variable_identity; metadata definitions remain year-specific; no assertion of measurement equivalence.,2024,2024,true,active
ipedsdb-panel-2004-2024-mixed-v1,NONCRDT3,categorical string,variable_id:nces:IC:00017013:NONCRDT3,identity,2024 exact source mapping; same_source_variable_identity; metadata definitions remain year-specific; no assertion of measurement equivalence.,2024,2024,true,active
ipedsdb-panel-2004-2024-mixed-v1,NONCRDT4,categorical string,variable_id:nces:IC:00017014:NONCRDT4,identity,2024 exact source mapping; same_source_variable_identity; metadata definitions remain year-specific; no assertion of measurement equivalence.,2024,2024,true,active
ipedsdb-panel-2004-2024-mixed-v1,NONCRDT5,categorical string,variable_id:nces:IC:00017015:NONCRDT5,identity,2024 exact source mapping; same_source_variable_identity; metadata definitions remain year-specific; no assertion of measurement equivalence.,2024,2024,true,active
ipedsdb-panel-2004-2024-mixed-v1,NONCRDT6,categorical string,variable_id:nces:IC:00017016:NONCRDT6,identity,2024 exact source mapping; same_source_variable_identity; metadata definitions remain year-specific; no assertion of measurement equivalence.,2024,2024,true,active
ipedsdb-panel-2004-2024-mixed-v1,NONCRDT7,categorical string,variable_id:nces:IC:00017017:NONCRDT7,identity,2024 exact source mapping; same_source_variable_identity; metadata definitions remain year-specific; no assertion of measurement equivalence.,2024,2024,true,active
ipedsdb-panel-2004-2024-mixed-v1,NONCRDT8,categorical string,variable_id:nces:IC:00017018:NONCRDT8,identity,2024 exact source mapping; same_source_variable_identity; metadata definitions remain year-specific; no assertion of measurement equivalence.,2024,2024,true,active
ipedsdb-panel-2004-2024-mixed-v1,NONCRDT9,categorical string,variable_id:nces:IC:00017019:NONCRDT9,identity,2024 exact source mapping; same_source_variable_identity; metadata definitions remain year-specific; no assertion of measurement equivalence.,2024,2024,true,active
ipedsdb-panel-2004-2024-mixed-v1,VET1,categorical string,variable_id:nces:IC:00016141:VET1,identity,2024 exact source mapping; same_source_variable_identity; metadata definitions remain year-specific; no assertion of measurement equivalence.,2024,2024,true,active
ipedsdb-panel-2004-2024-mixed-v1,VET2,categorical string,variable_id:nces:IC:00016142:VET2,identity,2024 exact source mapping; same_source_variable_identity; metadata definitions remain year-specific; no assertion of measurement equivalence.,2024,2024,true,active
ipedsdb-panel-2004-2024-mixed-v1,VET3,categorical string,variable_id:nces:IC:00016143:VET3,identity,2024 exact source mapping; same_source_variable_identity; metadata definitions remain year-specific; no assertion of measurement equivalence.,2024,2024,true,active
ipedsdb-panel-2004-2024-mixed-v1,VET4,categorical string,variable_id:nces:IC:00016144:VET4,identity,2024 exact source mapping; same_source_variable_identity; metadata definitions remain year-specific; no assertion of measurement equivalence.,2024,2024,true,active
ipedsdb-panel-2004-2024-mixed-v1,VET5,categorical string,variable_id:nces:IC:00016145:VET5,identity,2024 exact source mapping; same_source_variable_identity; metadata definitions remain year-specific; no assertion of measurement equivalence.,2024,2024,true,active
ipedsdb-panel-2004-2024-mixed-v1,VET9,categorical string,variable_id:nces:IC:00016149:VET9,identity,2024 exact source mapping; same_source_variable_identity; metadata definitions remain year-specific; no assertion of measurement equivalence.,2024,2024,true,active
ipedsdb-panel-2004-2024-mixed-v1,CREDITS2,categorical string,variable_id:nces:IC:00010686:CREDITS2,identity,2024 exact source mapping; same_source_variable_identity; metadata definitions remain year-specific; no assertion of measurement equivalence.,2024,2024,true,active
ipedsdb-panel-2004-2024-mixed-v1,CREDITS3,categorical string,variable_id:nces:IC:00010691:CREDITS3,identity,2024 exact source mapping; same_source_variable_identity; metadata definitions remain year-specific; no assertion of measurement equivalence.,2024,2024,true,active
ipedsdb-panel-2004-2024-mixed-v1,CREDITS4,categorical string,variable_id:nces:IC:00010696:CREDITS4,identity,2024 exact source mapping; same_source_variable_identity; metadata definitions remain year-specific; no assertion of measurement equivalence.,2024,2024,true,active
ipedsdb-panel-2004-2024-mixed-v1,SLO5,categorical string,variable_id:nces:IC:00010721:SLO5,identity,2024 exact source mapping; same_source_variable_identity; metadata definitions remain year-specific; no assertion of measurement equivalence.,2024,2024,true,active
ipedsdb-panel-2004-2024-mixed-v1,SLO51,categorical string,variable_id:nces:IC:00010726:SLO51,identity,2024 exact source mapping; same_source_variable_identity; metadata definitions remain year-specific; no assertion of measurement equivalence.,2024,2024,true,active
ipedsdb-panel-2004-2024-mixed-v1,SLO52,categorical string,variable_id:nces:IC:00010731:SLO52,identity,2024 exact source mapping; same_source_variable_identity; metadata definitions remain year-specific; no assertion of measurement equivalence.,2024,2024,true,active
ipedsdb-panel-2004-2024-mixed-v1,SLO521,categorical string,variable_id:nces:IC:00010733:SLO521,identity,2024 exact source mapping; same_source_variable_identity; metadata definitions remain year-specific; no assertion of measurement equivalence.,2024,2024,true,active
ipedsdb-panel-2004-2024-mixed-v1,SLO53,categorical string,variable_id:nces:IC:00010736:SLO53,identity,2024 exact source mapping; same_source_variable_identity; metadata definitions remain year-specific; no assertion of measurement equivalence.,2024,2024,true,active
ipedsdb-panel-2004-2024-mixed-v1,SLO6,categorical string,variable_id:nces:IC:00010741:SLO6,identity,2024 exact source mapping; same_source_variable_identity; metadata definitions remain year-specific; no assertion of measurement equivalence.,2024,2024,true,active
ipedsdb-panel-2004-2024-mixed-v1,SLO7,categorical string,variable_id:nces:IC:00010746:SLO7,identity,2024 exact source mapping; same_source_variable_identity; metadata definitions remain year-specific; no assertion of measurement equivalence.,2024,2024,true,active
ipedsdb-panel-2004-2024-mixed-v1,SLOA,categorical string,variable_id:nces:IC:00010749:SLOA,identity,2024 exact source mapping; same_source_variable_identity; metadata definitions remain year-specific; no assertion of measurement equivalence.,2024,2024,true,active
ipedsdb-panel-2004-2024-mixed-v1,SLO8,categorical string,variable_id:nces:IC:00010751:SLO8,identity,2024 exact source mapping; same_source_variable_identity; metadata definitions remain year-specific; no assertion of measurement equivalence.,2024,2024,true,active
ipedsdb-panel-2004-2024-mixed-v1,SLO81,categorical string,variable_id:nces:IC:00010756:SLO81,identity,2024 exact source mapping; same_source_variable_identity; metadata definitions remain year-specific; no assertion of measurement equivalence.,2024,2024,true,active
ipedsdb-panel-2004-2024-mixed-v1,SLO82,categorical string,variable_id:nces:IC:00010761:SLO82,identity,2024 exact source mapping; same_source_variable_identity; metadata definitions remain year-specific; no assertion of measurement equivalence.,2024,2024,true,active
ipedsdb-panel-2004-2024-mixed-v1,SLO83,categorical string,variable_id:nces:IC:00010766:SLO83,identity,2024 exact source mapping; same_source_variable_identity; metadata definitions remain year-specific; no assertion of measurement equivalence.,2024,2024,true,active
ipedsdb-panel-2004-2024-mixed-v1,SLOB,categorical string,variable_id:nces:IC:00010769:SLOB,identity,2024 exact source mapping; same_source_variable_identity; metadata definitions remain year-specific; no assertion of measurement equivalence.,2024,2024,true,active
ipedsdb-panel-2004-2024-mixed-v1,SLO9,categorical string,variable_id:nces:IC:00010771:SLO9,identity,2024 exact source mapping; same_source_variable_identity; metadata definitions remain year-specific; no assertion of measurement equivalence.,2024,2024,true,active
ipedsdb-panel-2004-2024-mixed-v1,YRSCOLL,categorical string,variable_id:nces:IC:00010776:YRSCOLL,identity,2024 exact source mapping; same_source_variable_identity; metadata definitions remain year-specific; no assertion of measurement equivalence.,2024,2024,true,active
ipedsdb-panel-2004-2024-mixed-v1,STUSRV2,categorical string,variable_id:nces:IC:00010786:STUSRV2,identity,2024 exact source mapping; same_source_variable_identity; metadata definitions remain year-specific; no assertion of measurement equivalence.,2024,2024,true,active
ipedsdb-panel-2004-2024-mixed-v1,STUSRV3,categorical string,variable_id:nces:IC:00010791:STUSRV3,identity,2024 exact source mapping; same_source_variable_identity; metadata definitions remain year-specific; no assertion of measurement equivalence.,2024,2024,true,active
ipedsdb-panel-2004-2024-mixed-v1,STUSRV4,categorical string,variable_id:nces:IC:00010796:STUSRV4,identity,2024 exact source mapping; same_source_variable_identity; metadata definitions remain year-specific; no assertion of measurement equivalence.,2024,2024,true,active
ipedsdb-panel-2004-2024-mixed-v1,STUSRV8,categorical string,variable_id:nces:IC:00010801:STUSRV8,identity,2024 exact source mapping; same_source_variable_identity; metadata definitions remain year-specific; no assertion of measurement equivalence.,2024,2024,true,active
ipedsdb-panel-2004-2024-mixed-v1,STUSRV9,categorical string,variable_id:nces:IC:00010806:STUSRV9,identity,2024 exact source mapping; same_source_variable_identity; metadata definitions remain year-specific; no assertion of measurement equivalence.,2024,2024,true,active
ipedsdb-panel-2004-2024-mixed-v1,LIBRES1,categorical string,variable_id:nces:IC:00016151:LIBRES1,identity,2024 exact source mapping; same_source_variable_identity; metadata definitions remain year-specific; no assertion of measurement equivalence.,2024,2024,true,active
ipedsdb-panel-2004-2024-mixed-v1,LIBRES2,categorical string,variable_id:nces:IC:00016153:LIBRES2,identity,2024 exact source mapping; same_source_variable_identity; metadata definitions remain year-specific; no assertion of measurement equivalence.,2024,2024,true,active
ipedsdb-panel-2004-2024-mixed-v1,LIBRES3,categorical string,variable_id:nces:IC:00016155:LIBRES3,identity,2024 exact source mapping; same_source_variable_identity; metadata definitions remain year-specific; no assertion of measurement equivalence.,2024,2024,true,active
ipedsdb-panel-2004-2024-mixed-v1,LIBRES4,categorical string,variable_id:nces:IC:00016157:LIBRES4,identity,2024 exact source mapping; same_source_variable_identity; metadata definitions remain year-specific; no assertion of measurement equivalence.,2024,2024,true,active
ipedsdb-panel-2004-2024-mixed-v1,LIBRES5,categorical string,variable_id:nces:IC:00016159:LIBRES5,identity,2024 exact source mapping; same_source_variable_identity; metadata definitions remain year-specific; no assertion of measurement equivalence.,2024,2024,true,active
ipedsdb-panel-2004-2024-mixed-v1,LIBRES6,categorical string,variable_id:nces:IC:00016161:LIBRES6,identity,2024 exact source mapping; same_source_variable_identity; metadata definitions remain year-specific; no assertion of measurement equivalence.,2024,2024,true,active
ipedsdb-panel-2004-2024-mixed-v1,LIBRES9,categorical string,variable_id:nces:IC:00016163:LIBRES9,identity,2024 exact source mapping; same_source_variable_identity; metadata definitions remain year-specific; no assertion of measurement equivalence.,2024,2024,true,active
ipedsdb-panel-2004-2024-mixed-v1,DSTNUGC,categorical string,variable_id:nces:IC:00015421:DSTNUGC,identity,2024 exact source mapping; same_source_variable_identity; metadata definitions remain year-specific; no assertion of measurement equivalence.,2024,2024,true,active
ipedsdb-panel-2004-2024-mixed-v1,DSTNUGP,categorical string,variable_id:nces:IC:00015426:DSTNUGP,identity,2024 exact source mapping; same_source_variable_identity; metadata definitions remain year-specific; no assertion of measurement equivalence.,2024,2024,true,active
ipedsdb-panel-2004-2024-mixed-v1,DSTNUGN,categorical string,variable_id:nces:IC:00015431:DSTNUGN,identity,2024 exact source mapping; same_source_variable_identity; metadata definitions remain year-specific; no assertion of measurement equivalence.,2024,2024,true,active
ipedsdb-panel-2004-2024-mixed-v1,DSTNGC,categorical string,variable_id:nces:IC:00015436:DSTNGC,identity,2024 exact source mapping; same_source_variable_identity; metadata definitions remain year-specific; no assertion of measurement equivalence.,2024,2024,true,active
ipedsdb-panel-2004-2024-mixed-v1,DSTNGP,categorical string,variable_id:nces:IC:00015441:DSTNGP,identity,2024 exact source mapping; same_source_variable_identity; metadata definitions remain year-specific; no assertion of measurement equivalence.,2024,2024,true,active
ipedsdb-panel-2004-2024-mixed-v1,DSTNGN,categorical string,variable_id:nces:IC:00015446:DSTNGN,identity,2024 exact source mapping; same_source_variable_identity; metadata definitions remain year-specific; no assertion of measurement equivalence.,2024,2024,true,active
ipedsdb-panel-2004-2024-mixed-v1,DISTCRS,categorical string,variable_id:nces:IC:00015400:DISTCRS,identity,2024 exact source mapping; same_source_variable_identity; metadata definitions remain year-specific; no assertion of measurement equivalence.,2024,2024,true,active
ipedsdb-panel-2004-2024-mixed-v1,DISTPGS,categorical string,variable_id:nces:IC:00015451:DISTPGS,identity,2024 exact source mapping; same_source_variable_identity; metadata definitions remain year-specific; no assertion of measurement equivalence.,2024,2024,true,active
ipedsdb-panel-2004-2024-mixed-v1,DSTNCED1,categorical string,variable_id:nces:IC:00015406:DSTNCED1,identity,2024 exact source mapping; same_source_variable_identity; metadata definitions remain year-specific; no assertion of measurement equivalence.,2024,2024,true,active
ipedsdb-panel-2004-2024-mixed-v1,DSTNCED2,categorical string,variable_id:nces:IC:00015411:DSTNCED2,identity,2024 exact source mapping; same_source_variable_identity; metadata definitions remain year-specific; no assertion of measurement equivalence.,2024,2024,true,active
ipedsdb-panel-2004-2024-mixed-v1,DSTNCED3,categorical string,variable_id:nces:IC:00015416:DSTNCED3,identity,2024 exact source mapping; same_source_variable_identity; metadata definitions remain year-specific; no assertion of measurement equivalence.,2024,2024,true,active
ipedsdb-panel-2004-2024-mixed-v1,DISTNCED,categorical string,variable_id:nces:IC:00015401:DISTNCED,identity,2024 exact source mapping; same_source_variable_identity; metadata definitions remain year-specific; no assertion of measurement equivalence.,2024,2024,true,active
ipedsdb-panel-2004-2024-mixed-v1,DISAB,categorical string,variable_id:nces:IC:00024566:DISAB,identity,2024 exact source mapping; same_source_variable_identity; metadata definitions remain year-specific; no assertion of measurement equivalence.,2024,2024,true,active
ipedsdb-panel-2004-2024-mixed-v1,DISABPCT,float,variable_id:nces:IC:00024571:DISABPCT,identity,2024 exact source mapping; same_source_variable_identity; metadata definitions remain year-specific; no assertion of measurement equivalence.,2024,2024,true,active
ipedsdb-panel-2004-2024-mixed-v1,ATHASSOC,categorical string,variable_id:nces:IC:00010816:ATHASSOC,identity,2024 exact source mapping; same_source_variable_identity; metadata definitions remain year-specific; no assertion of measurement equivalence.,2024,2024,true,active
ipedsdb-panel-2004-2024-mixed-v1,ASSOC1,categorical string,variable_id:nces:IC:00010821:ASSOC1,identity,2024 exact source mapping; same_source_variable_identity; metadata definitions remain year-specific; no assertion of measurement equivalence.,2024,2024,true,active
ipedsdb-panel-2004-2024-mixed-v1,ASSOC2,categorical string,variable_id:nces:IC:00010826:ASSOC2,identity,2024 exact source mapping; same_source_variable_identity; metadata definitions remain year-specific; no assertion of measurement equivalence.,2024,2024,true,active
ipedsdb-panel-2004-2024-mixed-v1,ASSOC3,categorical string,variable_id:nces:IC:00010831:ASSOC3,identity,2024 exact source mapping; same_source_variable_identity; metadata definitions remain year-specific; no assertion of measurement equivalence.,2024,2024,true,active
ipedsdb-panel-2004-2024-mixed-v1,ASSOC4,categorical string,variable_id:nces:IC:00010836:ASSOC4,identity,2024 exact source mapping; same_source_variable_identity; metadata definitions remain year-specific; no assertion of measurement equivalence.,2024,2024,true,active
ipedsdb-panel-2004-2024-mixed-v1,ASSOC5,categorical string,variable_id:nces:IC:00010841:ASSOC5,identity,2024 exact source mapping; same_source_variable_identity; metadata definitions remain year-specific; no assertion of measurement equivalence.,2024,2024,true,active
ipedsdb-panel-2004-2024-mixed-v1,ASSOC6,categorical string,variable_id:nces:IC:00010846:ASSOC6,identity,2024 exact source mapping; same_source_variable_identity; metadata definitions remain year-specific; no assertion of measurement equivalence.,2024,2024,true,active
ipedsdb-panel-2004-2024-mixed-v1,SPORT1__IC__00010851__7D55EB351C4C,categorical string,variable_id:nces:IC:00010851:SPORT1,identity,2024 exact source mapping; same_source_variable_identity; metadata definitions remain year-specific; no assertion of measurement equivalence.,2024,2024,true,active
ipedsdb-panel-2004-2024-mixed-v1,CONFNO1,categorical string,variable_id:nces:IC:00010856:CONFNO1,identity,2024 exact source mapping; same_source_variable_identity; metadata definitions remain year-specific; no assertion of measurement equivalence.,2024,2024,true,active
ipedsdb-panel-2004-2024-mixed-v1,SPORT2__IC__00010861__97A96A9B544F,categorical string,variable_id:nces:IC:00010861:SPORT2,identity,2024 exact source mapping; same_source_variable_identity; metadata definitions remain year-specific; no assertion of measurement equivalence.,2024,2024,true,active
ipedsdb-panel-2004-2024-mixed-v1,CONFNO2,categorical string,variable_id:nces:IC:00010866:CONFNO2,identity,2024 exact source mapping; same_source_variable_identity; metadata definitions remain year-specific; no assertion of measurement equivalence.,2024,2024,true,active
ipedsdb-panel-2004-2024-mixed-v1,SPORT3__IC__00010871__2875849DDEB0,categorical string,variable_id:nces:IC:00010871:SPORT3,identity,2024 exact source mapping; same_source_variable_identity; metadata definitions remain year-specific; no assertion of measurement equivalence.,2024,2024,true,active
ipedsdb-panel-2004-2024-mixed-v1,CONFNO3,categorical string,variable_id:nces:IC:00010876:CONFNO3,identity,2024 exact source mapping; same_source_variable_identity; metadata definitions remain year-specific; no assertion of measurement equivalence.,2024,2024,true,active
ipedsdb-panel-2004-2024-mixed-v1,SPORT4__IC__00010881__0C986EED4E7E,categorical string,variable_id:nces:IC:00010881:SPORT4,identity,2024 exact source mapping; same_source_variable_identity; metadata definitions remain year-specific; no assertion of measurement equivalence.,2024,2024,true,active
ipedsdb-panel-2004-2024-mixed-v1,CONFNO4,categorical string,variable_id:nces:IC:00010886:CONFNO4,identity,2024 exact source mapping; same_source_variable_identity; metadata definitions remain year-specific; no assertion of measurement equivalence.,2024,2024,true,active
ipedsdb-panel-2004-2024-mixed-v1,MISSIONURL,free text,variable_id:nces:ICMISSION:00011136:MISSIONURL,identity,2024 exact source mapping; same_source_variable_identity; metadata definitions remain year-specific; no assertion of measurement equivalence.,2024,2024,true,active
ipedsdb-panel-2004-2024-mixed-v1,MISSION,free text,variable_id:nces:ICMISSION:00011141:MISSION,identity,2024 exact source mapping; same_source_variable_identity; metadata definitions remain year-specific; no assertion of measurement equivalence.,2024,2024,true,active
ipedsdb-panel-2004-2024-mixed-v1,SANIN01,float,variable_id:nces:SAL_NIS:00040606:SANIN01,identity,2024 exact source mapping; same_source_variable_identity; metadata definitions remain year-specific; no assertion of measurement equivalence.,2024,2024,true,active
ipedsdb-panel-2004-2024-mixed-v1,SANIT01,float,variable_id:nces:SAL_NIS:00040611:SANIT01,identity,2024 exact source mapping; same_source_variable_identity; metadata definitions remain year-specific; no assertion of measurement equivalence.,2024,2024,true,active
ipedsdb-panel-2004-2024-mixed-v1,SANIN02,float,variable_id:nces:SAL_NIS:00040616:SANIN02,identity,2024 exact source mapping; same_source_variable_identity; metadata definitions remain year-specific; no assertion of measurement equivalence.,2024,2024,true,active
ipedsdb-panel-2004-2024-mixed-v1,SANIT02,float,variable_id:nces:SAL_NIS:00040621:SANIT02,identity,2024 exact source mapping; same_source_variable_identity; metadata definitions remain year-specific; no assertion of measurement equivalence.,2024,2024,true,active
ipedsdb-panel-2004-2024-mixed-v1,SANIN03,float,variable_id:nces:SAL_NIS:00040626:SANIN03,identity,2024 exact source mapping; same_source_variable_identity; metadata definitions remain year-specific; no assertion of measurement equivalence.,2024,2024,true,active
ipedsdb-panel-2004-2024-mixed-v1,SANIT03,float,variable_id:nces:SAL_NIS:00040631:SANIT03,identity,2024 exact source mapping; same_source_variable_identity; metadata definitions remain year-specific; no assertion of measurement equivalence.,2024,2024,true,active
ipedsdb-panel-2004-2024-mixed-v1,SANIN04,float,variable_id:nces:SAL_NIS:00040636:SANIN04,identity,2024 exact source mapping; same_source_variable_identity; metadata definitions remain year-specific; no assertion of measurement equivalence.,2024,2024,true,active
ipedsdb-panel-2004-2024-mixed-v1,SANIT04,float,variable_id:nces:SAL_NIS:00040641:SANIT04,identity,2024 exact source mapping; same_source_variable_identity; metadata definitions remain year-specific; no assertion of measurement equivalence.,2024,2024,true,active
ipedsdb-panel-2004-2024-mixed-v1,SANIN05,float,variable_id:nces:SAL_NIS:00040646:SANIN05,identity,2024 exact source mapping; same_source_variable_identity; metadata definitions remain year-specific; no assertion of measurement equivalence.,2024,2024,true,active
ipedsdb-panel-2004-2024-mixed-v1,SANIT05,float,variable_id:nces:SAL_NIS:00040651:SANIT05,identity,2024 exact source mapping; same_source_variable_identity; metadata definitions remain year-specific; no assertion of measurement equivalence.,2024,2024,true,active
ipedsdb-panel-2004-2024-mixed-v1,SANIN06,float,variable_id:nces:SAL_NIS:00040656:SANIN06,identity,2024 exact source mapping; same_source_variable_identity; metadata definitions remain year-specific; no assertion of measurement equivalence.,2024,2024,true,active
ipedsdb-panel-2004-2024-mixed-v1,SANIT06,float,variable_id:nces:SAL_NIS:00040661:SANIT06,identity,2024 exact source mapping; same_source_variable_identity; metadata definitions remain year-specific; no assertion of measurement equivalence.,2024,2024,true,active
ipedsdb-panel-2004-2024-mixed-v1,SANIN07,float,variable_id:nces:SAL_NIS:00040666:SANIN07,identity,2024 exact source mapping; same_source_variable_identity; metadata definitions remain year-specific; no assertion of measurement equivalence.,2024,2024,true,active
ipedsdb-panel-2004-2024-mixed-v1,SANIT07,float,variable_id:nces:SAL_NIS:00040671:SANIT07,identity,2024 exact source mapping; same_source_variable_identity; metadata definitions remain year-specific; no assertion of measurement equivalence.,2024,2024,true,active
ipedsdb-panel-2004-2024-mixed-v1,SANIN08,float,variable_id:nces:SAL_NIS:00040676:SANIN08,identity,2024 exact source mapping; same_source_variable_identity; metadata definitions remain year-specific; no assertion of measurement equivalence.,2024,2024,true,active
ipedsdb-panel-2004-2024-mixed-v1,SANIT08,float,variable_id:nces:SAL_NIS:00040681:SANIT08,identity,2024 exact source mapping; same_source_variable_identity; metadata definitions remain year-specific; no assertion of measurement equivalence.,2024,2024,true,active
ipedsdb-panel-2004-2024-mixed-v1,SANIN09,float,variable_id:nces:SAL_NIS:00040686:SANIN09,identity,2024 exact source mapping; same_source_variable_identity; metadata definitions remain year-specific; no assertion of measurement equivalence.,2024,2024,true,active
ipedsdb-panel-2004-2024-mixed-v1,SANIT09,float,variable_id:nces:SAL_NIS:00040691:SANIT09,identity,2024 exact source mapping; same_source_variable_identity; metadata definitions remain year-specific; no assertion of measurement equivalence.,2024,2024,true,active
ipedsdb-panel-2004-2024-mixed-v1,SANIN10,float,variable_id:nces:SAL_NIS:00040696:SANIN10,identity,2024 exact source mapping; same_source_variable_identity; metadata definitions remain year-specific; no assertion of measurement equivalence.,2024,2024,true,active
ipedsdb-panel-2004-2024-mixed-v1,SANIT10,float,variable_id:nces:SAL_NIS:00040701:SANIT10,identity,2024 exact source mapping; same_source_variable_identity; metadata definitions remain year-specific; no assertion of measurement equivalence.,2024,2024,true,active
ipedsdb-panel-2004-2024-mixed-v1,SANIN11,float,variable_id:nces:SAL_NIS:00040706:SANIN11,identity,2024 exact source mapping; same_source_variable_identity; metadata definitions remain year-specific; no assertion of measurement equivalence.,2024,2024,true,active
ipedsdb-panel-2004-2024-mixed-v1,SANIT11,float,variable_id:nces:SAL_NIS:00040711:SANIT11,identity,2024 exact source mapping; same_source_variable_identity; metadata definitions remain year-specific; no assertion of measurement equivalence.,2024,2024,true,active
ipedsdb-panel-2004-2024-mixed-v1,SANIN12,float,variable_id:nces:SAL_NIS:00040716:SANIN12,identity,2024 exact source mapping; same_source_variable_identity; metadata definitions remain year-specific; no assertion of measurement equivalence.,2024,2024,true,active
ipedsdb-panel-2004-2024-mixed-v1,SANIT12,float,variable_id:nces:SAL_NIS:00040721:SANIT12,identity,2024 exact source mapping; same_source_variable_identity; metadata definitions remain year-specific; no assertion of measurement equivalence.,2024,2024,true,active
ipedsdb-panel-2004-2024-mixed-v1,SANIN13,float,variable_id:nces:SAL_NIS:00040726:SANIN13,identity,2024 exact source mapping; same_source_variable_identity; metadata definitions remain year-specific; no assertion of measurement equivalence.,2024,2024,true,active
ipedsdb-panel-2004-2024-mixed-v1,SANIT13,float,variable_id:nces:SAL_NIS:00040731:SANIT13,identity,2024 exact source mapping; same_source_variable_identity; metadata definitions remain year-specific; no assertion of measurement equivalence.,2024,2024,true,active
ipedsdb-panel-2004-2024-mixed-v1,SANIN14,float,variable_id:nces:SAL_NIS:00040736:SANIN14,identity,2024 exact source mapping; same_source_variable_identity; metadata definitions remain year-specific; no assertion of measurement equivalence.,2024,2024,true,active
ipedsdb-panel-2004-2024-mixed-v1,SANIT14,float,variable_id:nces:SAL_NIS:00040741:SANIT14,identity,2024 exact source mapping; same_source_variable_identity; metadata definitions remain year-specific; no assertion of measurement equivalence.,2024,2024,true,active
ipedsdb-panel-2004-2024-mixed-v1,SCUGRAD,float,variable_id:nces:SFA:00070291:SCUGRAD,identity,2024 exact source mapping; same_source_variable_identity; metadata definitions remain year-specific; no assertion of measurement equivalence.,2024,2024,true,active
ipedsdb-panel-2004-2024-mixed-v1,SCUGDGSK,float,variable_id:nces:SFA:00073004:SCUGDGSK,identity,2024 exact source mapping; exact_2023_number_name_relocated; metadata definitions remain year-specific; no assertion of measurement equivalence.,2024,2024,true,active
ipedsdb-panel-2004-2024-mixed-v1,SCUGNDGS,float,variable_id:nces:SFA:00073006:SCUGNDGS,identity,2024 exact source mapping; exact_2023_number_name_relocated; metadata definitions remain year-specific; no assertion of measurement equivalence.,2024,2024,true,active
ipedsdb-panel-2004-2024-mixed-v1,SCUGFFN,float,variable_id:nces:SFA:00070286:SCUGFFN,identity,2024 exact source mapping; same_source_variable_identity; metadata definitions remain year-specific; no assertion of measurement equivalence.,2024,2024,true,active
ipedsdb-panel-2004-2024-mixed-v1,SCUGFFP,float,variable_id:nces:SFA:00070296:SCUGFFP,identity,2024 exact source mapping; same_source_variable_identity; metadata definitions remain year-specific; no assertion of measurement equivalence.,2024,2024,true,active
ipedsdb-panel-2004-2024-mixed-v1,SCFA2__SFA_P__00070176__A64DAD4D82AB,float,variable_id:nces:SFA:00070176:SCFA2,identity,2024 exact source mapping; exact_2023_number_name_relocated; metadata definitions remain year-specific; no assertion of measurement equivalence.,2024,2024,true,active
ipedsdb-panel-2004-2024-mixed-v1,SCFA2DG,float,variable_id:nces:SFA:00073014:SCFA2DG,identity,2024 exact source mapping; exact_2023_number_name_relocated; metadata definitions remain year-specific; no assertion of measurement equivalence.,2024,2024,true,active
ipedsdb-panel-2004-2024-mixed-v1,SCFA2ND,float,variable_id:nces:SFA:00073016:SCFA2ND,identity,2024 exact source mapping; new_2024_identity; metadata definitions remain year-specific; no assertion of measurement equivalence.,2024,2024,true,active
ipedsdb-panel-2004-2024-mixed-v1,SCFA1N__SFA_P__00070126__333E45B5BCDA,float,variable_id:nces:SFA:00070126:SCFA1N,identity,2024 exact source mapping; exact_2023_number_name_relocated; metadata definitions remain year-specific; no assertion of measurement equivalence.,2024,2024,true,active
ipedsdb-panel-2004-2024-mixed-v1,SCFA1P__SFA_P__00070131__A90DF6170E34,float,variable_id:nces:SFA:00070131:SCFA1P,identity,2024 exact source mapping; exact_2023_number_name_relocated; metadata definitions remain year-specific; no assertion of measurement equivalence.,2024,2024,true,active
ipedsdb-panel-2004-2024-mixed-v1,SCFY2__SFA_P__00070191__3ECFEDF8E81F,float,variable_id:nces:SFA:00070191:SCFY2,identity,2024 exact source mapping; exact_2023_number_name_relocated; metadata definitions remain year-specific; no assertion of measurement equivalence.,2024,2024,true,active
ipedsdb-panel-2004-2024-mixed-v1,SCFY2DG,float,variable_id:nces:SFA:00073040:SCFY2DG,identity,2024 exact source mapping; exact_2023_number_name_relocated; metadata definitions remain year-specific; no assertion of measurement equivalence.,2024,2024,true,active
ipedsdb-panel-2004-2024-mixed-v1,SCFY2ND,float,variable_id:nces:SFA:00073042:SCFY2ND,identity,2024 exact source mapping; exact_2023_number_name_relocated; metadata definitions remain year-specific; no assertion of measurement equivalence.,2024,2024,true,active
ipedsdb-panel-2004-2024-mixed-v1,SCFY1N__SFA_P__00070181__87199A4B1142,float,variable_id:nces:SFA:00070181:SCFY1N,identity,2024 exact source mapping; exact_2023_number_name_relocated; metadata definitions remain year-specific; no assertion of measurement equivalence.,2024,2024,true,active
ipedsdb-panel-2004-2024-mixed-v1,SCFY1P__SFA_P__00070186__21363DA29931,float,variable_id:nces:SFA:00070186:SCFY1P,identity,2024 exact source mapping; exact_2023_number_name_relocated; metadata definitions remain year-specific; no assertion of measurement equivalence.,2024,2024,true,active
ipedsdb-panel-2004-2024-mixed-v1,UAGRNTN,float,variable_id:nces:SFA:00070401:UAGRNTN,identity,2024 exact source mapping; exact_2023_number_name_relocated; metadata definitions remain year-specific; no assertion of measurement equivalence.,2024,2024,true,active
ipedsdb-panel-2004-2024-mixed-v1,UAGRNTP,float,variable_id:nces:SFA:00070406:UAGRNTP,identity,2024 exact source mapping; exact_2023_number_name_relocated; metadata definitions remain year-specific; no assertion of measurement equivalence.,2024,2024,true,active
ipedsdb-panel-2004-2024-mixed-v1,UAGRNTT,float,variable_id:nces:SFA:00070301:UAGRNTT,identity,2024 exact source mapping; exact_2023_number_name_relocated; metadata definitions remain year-specific; no assertion of measurement equivalence.,2024,2024,true,active
ipedsdb-panel-2004-2024-mixed-v1,UAGRNTA,float,variable_id:nces:SFA:00070411:UAGRNTA,identity,2024 exact source mapping; exact_2023_number_name_relocated; metadata definitions remain year-specific; no assertion of measurement equivalence.,2024,2024,true,active
ipedsdb-panel-2004-2024-mixed-v1,UDGAGRNTN,float,variable_id:nces:SFA:00073056:UDGAGRNTN,identity,2024 exact source mapping; exact_2023_number_name_relocated; metadata definitions remain year-specific; no assertion of measurement equivalence.,2024,2024,true,active
ipedsdb-panel-2004-2024-mixed-v1,UDGAGRNTP,float,variable_id:nces:SFA:00073058:UDGAGRNTP,identity,2024 exact source mapping; exact_2023_number_name_relocated; metadata definitions remain year-specific; no assertion of measurement equivalence.,2024,2024,true,active
ipedsdb-panel-2004-2024-mixed-v1,UDGAGRNTT,float,variable_id:nces:SFA:00073060:UDGAGRNTT,identity,2024 exact source mapping; exact_2023_number_name_relocated; metadata definitions remain year-specific; no assertion of measurement equivalence.,2024,2024,true,active
ipedsdb-panel-2004-2024-mixed-v1,UDGAGRNTA,float,variable_id:nces:SFA:00073062:UDGAGRNTA,identity,2024 exact source mapping; exact_2023_number_name_relocated; metadata definitions remain year-specific; no assertion of measurement equivalence.,2024,2024,true,active
ipedsdb-panel-2004-2024-mixed-v1,UNDAGRNTN,float,variable_id:nces:SFA:00073064:UNDAGRNTN,identity,2024 exact source mapping; exact_2023_number_name_relocated; metadata definitions remain year-specific; no assertion of measurement equivalence.,2024,2024,true,active
ipedsdb-panel-2004-2024-mixed-v1,UNDAGRNTP,float,variable_id:nces:SFA:00073066:UNDAGRNTP,identity,2024 exact source mapping; exact_2023_number_name_relocated; metadata definitions remain year-specific; no assertion of measurement equivalence.,2024,2024,true,active
ipedsdb-panel-2004-2024-mixed-v1,UNDAGRNTT,float,variable_id:nces:SFA:00073068:UNDAGRNTT,identity,2024 exact source mapping; exact_2023_number_name_relocated; metadata definitions remain year-specific; no assertion of measurement equivalence.,2024,2024,true,active
ipedsdb-panel-2004-2024-mixed-v1,UNDAGRNTA,float,variable_id:nces:SFA:00073070:UNDAGRNTA,identity,2024 exact source mapping; exact_2023_number_name_relocated; metadata definitions remain year-specific; no assertion of measurement equivalence.,2024,2024,true,active
ipedsdb-panel-2004-2024-mixed-v1,UPGRNTN,float,variable_id:nces:SFA:00070306:UPGRNTN,identity,2024 exact source mapping; exact_2023_number_name_relocated; metadata definitions remain year-specific; no assertion of measurement equivalence.,2024,2024,true,active
ipedsdb-panel-2004-2024-mixed-v1,UPGRNTP,float,variable_id:nces:SFA:00070416:UPGRNTP,identity,2024 exact source mapping; exact_2023_number_name_relocated; metadata definitions remain year-specific; no assertion of measurement equivalence.,2024,2024,true,active
ipedsdb-panel-2004-2024-mixed-v1,UPGRNTT,float,variable_id:nces:SFA:00070421:UPGRNTT,identity,2024 exact source mapping; exact_2023_number_name_relocated; metadata definitions remain year-specific; no assertion of measurement equivalence.,2024,2024,true,active
ipedsdb-panel-2004-2024-mixed-v1,UPGRNTA,float,variable_id:nces:SFA:00070426:UPGRNTA,identity,2024 exact source mapping; exact_2023_number_name_relocated; metadata definitions remain year-specific; no assertion of measurement equivalence.,2024,2024,true,active
ipedsdb-panel-2004-2024-mixed-v1,UDGPGRNTN,float,variable_id:nces:SFA:00073079:UDGPGRNTN,identity,2024 exact source mapping; exact_2023_number_name_relocated; metadata definitions remain year-specific; no assertion of measurement equivalence.,2024,2024,true,active
ipedsdb-panel-2004-2024-mixed-v1,UDGPGRNTP,float,variable_id:nces:SFA:00073080:UDGPGRNTP,identity,2024 exact source mapping; exact_2023_number_name_relocated; metadata definitions remain year-specific; no assertion of measurement equivalence.,2024,2024,true,active
ipedsdb-panel-2004-2024-mixed-v1,UDGPGRNTT,float,variable_id:nces:SFA:00073081:UDGPGRNTT,identity,2024 exact source mapping; exact_2023_number_name_relocated; metadata definitions remain year-specific; no assertion of measurement equivalence.,2024,2024,true,active
ipedsdb-panel-2004-2024-mixed-v1,UDGPGRNTA,float,variable_id:nces:SFA:00073082:UDGPGRNTA,identity,2024 exact source mapping; exact_2023_number_name_relocated; metadata definitions remain year-specific; no assertion of measurement equivalence.,2024,2024,true,active
ipedsdb-panel-2004-2024-mixed-v1,UNDPGRNTN,float,variable_id:nces:SFA:00073084:UNDPGRNTN,identity,2024 exact source mapping; exact_2023_number_name_relocated; metadata definitions remain year-specific; no assertion of measurement equivalence.,2024,2024,true,active
ipedsdb-panel-2004-2024-mixed-v1,UNDPGRNTP,float,variable_id:nces:SFA:00073085:UNDPGRNTP,identity,2024 exact source mapping; exact_2023_number_name_relocated; metadata definitions remain year-specific; no assertion of measurement equivalence.,2024,2024,true,active
ipedsdb-panel-2004-2024-mixed-v1,UNDPGRNTT,float,variable_id:nces:SFA:00073086:UNDPGRNTT,identity,2024 exact source mapping; exact_2023_number_name_relocated; metadata definitions remain year-specific; no assertion of measurement equivalence.,2024,2024,true,active
ipedsdb-panel-2004-2024-mixed-v1,UNDPGRNTA,float,variable_id:nces:SFA:00073087:UNDPGRNTA,identity,2024 exact source mapping; exact_2023_number_name_relocated; metadata definitions remain year-specific; no assertion of measurement equivalence.,2024,2024,true,active
ipedsdb-panel-2004-2024-mixed-v1,UFLOANN,float,variable_id:nces:SFA:00070431:UFLOANN,identity,2024 exact source mapping; exact_2023_number_name_relocated; metadata definitions remain year-specific; no assertion of measurement equivalence.,2024,2024,true,active
ipedsdb-panel-2004-2024-mixed-v1,UFLOANP,float,variable_id:nces:SFA:00070436:UFLOANP,identity,2024 exact source mapping; exact_2023_number_name_relocated; metadata definitions remain year-specific; no assertion of measurement equivalence.,2024,2024,true,active
ipedsdb-panel-2004-2024-mixed-v1,UFLOANT,float,variable_id:nces:SFA:00070441:UFLOANT,identity,2024 exact source mapping; exact_2023_number_name_relocated; metadata definitions remain year-specific; no assertion of measurement equivalence.,2024,2024,true,active
ipedsdb-panel-2004-2024-mixed-v1,UFLOANA,float,variable_id:nces:SFA:00070446:UFLOANA,identity,2024 exact source mapping; exact_2023_number_name_relocated; metadata definitions remain year-specific; no assertion of measurement equivalence.,2024,2024,true,active
ipedsdb-panel-2004-2024-mixed-v1,UDGFLOANN,float,variable_id:nces:SFA:00073089:UDGFLOANN,identity,2024 exact source mapping; exact_2023_number_name_relocated; metadata definitions remain year-specific; no assertion of measurement equivalence.,2024,2024,true,active
ipedsdb-panel-2004-2024-mixed-v1,UDGFLOANP,float,variable_id:nces:SFA:00073090:UDGFLOANP,identity,2024 exact source mapping; exact_2023_number_name_relocated; metadata definitions remain year-specific; no assertion of measurement equivalence.,2024,2024,true,active
ipedsdb-panel-2004-2024-mixed-v1,UDGFLOANT,float,variable_id:nces:SFA:00073091:UDGFLOANT,identity,2024 exact source mapping; exact_2023_number_name_relocated; metadata definitions remain year-specific; no assertion of measurement equivalence.,2024,2024,true,active
ipedsdb-panel-2004-2024-mixed-v1,UDGFLOANA,float,variable_id:nces:SFA:00073092:UDGFLOANA,identity,2024 exact source mapping; exact_2023_number_name_relocated; metadata definitions remain year-specific; no assertion of measurement equivalence.,2024,2024,true,active
ipedsdb-panel-2004-2024-mixed-v1,UNDFLOANN,float,variable_id:nces:SFA:00073094:UNDFLOANN,identity,2024 exact source mapping; exact_2023_number_name_relocated; metadata definitions remain year-specific; no assertion of measurement equivalence.,2024,2024,true,active
ipedsdb-panel-2004-2024-mixed-v1,UNDFLOANP,float,variable_id:nces:SFA:00073095:UNDFLOANP,identity,2024 exact source mapping; exact_2023_number_name_relocated; metadata definitions remain year-specific; no assertion of measurement equivalence.,2024,2024,true,active
ipedsdb-panel-2004-2024-mixed-v1,UNDFLOANT,float,variable_id:nces:SFA:00073096:UNDFLOANT,identity,2024 exact source mapping; exact_2023_number_name_relocated; metadata definitions remain year-specific; no assertion of measurement equivalence.,2024,2024,true,active
ipedsdb-panel-2004-2024-mixed-v1,UNDFLOANA,float,variable_id:nces:SFA:00073097:UNDFLOANA,identity,2024 exact source mapping; exact_2023_number_name_relocated; metadata definitions remain year-specific; no assertion of measurement equivalence.,2024,2024,true,active
ipedsdb-panel-2004-2024-mixed-v1,ANYAIDN__SFA_P__00070196__9C746E21D858,float,variable_id:nces:SFA:00070196:ANYAIDN,identity,2024 exact source mapping; exact_2023_number_name_relocated; metadata definitions remain year-specific; no assertion of measurement equivalence.,2024,2024,true,active
ipedsdb-panel-2004-2024-mixed-v1,ANYAIDP__SFA_P__00070201__3029359FB165,float,variable_id:nces:SFA:00070201:ANYAIDP,identity,2024 exact source mapping; exact_2023_number_name_relocated; metadata definitions remain year-specific; no assertion of measurement equivalence.,2024,2024,true,active
ipedsdb-panel-2004-2024-mixed-v1,AIDFSIN,float,variable_id:nces:SFA:00071099:AIDFSIN,identity,2024 exact source mapping; exact_2023_number_name_relocated; metadata definitions remain year-specific; no assertion of measurement equivalence.,2024,2024,true,active
ipedsdb-panel-2004-2024-mixed-v1,AIDFSIP,float,variable_id:nces:SFA:00071100:AIDFSIP,identity,2024 exact source mapping; exact_2023_number_name_relocated; metadata definitions remain year-specific; no assertion of measurement equivalence.,2024,2024,true,active
ipedsdb-panel-2004-2024-mixed-v1,AGRNT_N__SFA_P__00070311__7772381601BE,float,variable_id:nces:SFA:00070311:AGRNT_N,identity,2024 exact source mapping; exact_2023_number_name_relocated; metadata definitions remain year-specific; no assertion of measurement equivalence.,2024,2024,true,active
ipedsdb-panel-2004-2024-mixed-v1,AGRNT_P__SFA_P__00070316__6D2CBF72DB63,float,variable_id:nces:SFA:00070316:AGRNT_P,identity,2024 exact source mapping; exact_2023_number_name_relocated; metadata definitions remain year-specific; no assertion of measurement equivalence.,2024,2024,true,active
ipedsdb-panel-2004-2024-mixed-v1,AGRNT_T,float,variable_id:nces:SFA:00070451:AGRNT_T,identity,2024 exact source mapping; exact_2023_number_name_relocated; metadata definitions remain year-specific; no assertion of measurement equivalence.,2024,2024,true,active
ipedsdb-panel-2004-2024-mixed-v1,AGRNT_A__SFA_P__00070321__516B07129244,float,variable_id:nces:SFA:00070321:AGRNT_A,identity,2024 exact source mapping; exact_2023_number_name_relocated; metadata definitions remain year-specific; no assertion of measurement equivalence.,2024,2024,true,active
ipedsdb-panel-2004-2024-mixed-v1,FGRNT_N__SFA_P__00070206__8A619698EC6E,float,variable_id:nces:SFA:00070206:FGRNT_N,identity,2024 exact source mapping; exact_2023_number_name_relocated; metadata definitions remain year-specific; no assertion of measurement equivalence.,2024,2024,true,active
ipedsdb-panel-2004-2024-mixed-v1,FGRNT_P__SFA_P__00070211__6854879C86ED,float,variable_id:nces:SFA:00070211:FGRNT_P,identity,2024 exact source mapping; exact_2023_number_name_relocated; metadata definitions remain year-specific; no assertion of measurement equivalence.,2024,2024,true,active
ipedsdb-panel-2004-2024-mixed-v1,FGRNT_T,float,variable_id:nces:SFA:00070456:FGRNT_T,identity,2024 exact source mapping; exact_2023_number_name_relocated; metadata definitions remain year-specific; no assertion of measurement equivalence.,2024,2024,true,active
ipedsdb-panel-2004-2024-mixed-v1,FGRNT_A__SFA_P__00070216__A44C9F2D3A23,float,variable_id:nces:SFA:00070216:FGRNT_A,identity,2024 exact source mapping; exact_2023_number_name_relocated; metadata definitions remain year-specific; no assertion of measurement equivalence.,2024,2024,true,active
ipedsdb-panel-2004-2024-mixed-v1,PGRNT_N__SFA_P__00070326__C7F9332BE1B9,float,variable_id:nces:SFA:00070326:PGRNT_N,identity,2024 exact source mapping; exact_2023_number_name_relocated; metadata definitions remain year-specific; no assertion of measurement equivalence.,2024,2024,true,active
ipedsdb-panel-2004-2024-mixed-v1,PGRNT_P__SFA_P__00070331__68C7460741C4,float,variable_id:nces:SFA:00070331:PGRNT_P,identity,2024 exact source mapping; exact_2023_number_name_relocated; metadata definitions remain year-specific; no assertion of measurement equivalence.,2024,2024,true,active
ipedsdb-panel-2004-2024-mixed-v1,PGRNT_T,float,variable_id:nces:SFA:00070461:PGRNT_T,identity,2024 exact source mapping; exact_2023_number_name_relocated; metadata definitions remain year-specific; no assertion of measurement equivalence.,2024,2024,true,active
ipedsdb-panel-2004-2024-mixed-v1,PGRNT_A__SFA_P__00070336__58371BC76411,float,variable_id:nces:SFA:00070336:PGRNT_A,identity,2024 exact source mapping; exact_2023_number_name_relocated; metadata definitions remain year-specific; no assertion of measurement equivalence.,2024,2024,true,active
ipedsdb-panel-2004-2024-mixed-v1,OFGRT_N__SFA_P__00070341__31E149257E89,float,variable_id:nces:SFA:00070341:OFGRT_N,identity,2024 exact source mapping; exact_2023_number_name_relocated; metadata definitions remain year-specific; no assertion of measurement equivalence.,2024,2024,true,active
ipedsdb-panel-2004-2024-mixed-v1,OFGRT_P__SFA_P__00070346__F206221D684E,float,variable_id:nces:SFA:00070346:OFGRT_P,identity,2024 exact source mapping; exact_2023_number_name_relocated; metadata definitions remain year-specific; no assertion of measurement equivalence.,2024,2024,true,active
ipedsdb-panel-2004-2024-mixed-v1,OFGRT_T,float,variable_id:nces:SFA:00070466:OFGRT_T,identity,2024 exact source mapping; exact_2023_number_name_relocated; metadata definitions remain year-specific; no assertion of measurement equivalence.,2024,2024,true,active
ipedsdb-panel-2004-2024-mixed-v1,OFGRT_A__SFA_P__00070351__3DD90321F045,float,variable_id:nces:SFA:00070351:OFGRT_A,identity,2024 exact source mapping; exact_2023_number_name_relocated; metadata definitions remain year-specific; no assertion of measurement equivalence.,2024,2024,true,active
ipedsdb-panel-2004-2024-mixed-v1,SGRNT_N__SFA_P__00070221__4CBF9751C590,float,variable_id:nces:SFA:00070221:SGRNT_N,identity,2024 exact source mapping; exact_2023_number_name_relocated; metadata definitions remain year-specific; no assertion of measurement equivalence.,2024,2024,true,active
ipedsdb-panel-2004-2024-mixed-v1,SGRNT_P__SFA_P__00070226__E127A08E7B82,float,variable_id:nces:SFA:00070226:SGRNT_P,identity,2024 exact source mapping; exact_2023_number_name_relocated; metadata definitions remain year-specific; no assertion of measurement equivalence.,2024,2024,true,active
ipedsdb-panel-2004-2024-mixed-v1,SGRNT_T,float,variable_id:nces:SFA:00070471:SGRNT_T,identity,2024 exact source mapping; exact_2023_number_name_relocated; metadata definitions remain year-specific; no assertion of measurement equivalence.,2024,2024,true,active
ipedsdb-panel-2004-2024-mixed-v1,SGRNT_A__SFA_P__00070231__1E5CD17699BB,float,variable_id:nces:SFA:00070231:SGRNT_A,identity,2024 exact source mapping; exact_2023_number_name_relocated; metadata definitions remain year-specific; no assertion of measurement equivalence.,2024,2024,true,active
ipedsdb-panel-2004-2024-mixed-v1,IGRNT_N__SFA_P__00070236__4B0668A4E245,float,variable_id:nces:SFA:00070236:IGRNT_N,identity,2024 exact source mapping; exact_2023_number_name_relocated; metadata definitions remain year-specific; no assertion of measurement equivalence.,2024,2024,true,active
ipedsdb-panel-2004-2024-mixed-v1,IGRNT_P__SFA_P__00070241__C988B60A751A,float,variable_id:nces:SFA:00070241:IGRNT_P,identity,2024 exact source mapping; exact_2023_number_name_relocated; metadata definitions remain year-specific; no assertion of measurement equivalence.,2024,2024,true,active
ipedsdb-panel-2004-2024-mixed-v1,IGRNT_T,float,variable_id:nces:SFA:00070476:IGRNT_T,identity,2024 exact source mapping; exact_2023_number_name_relocated; metadata definitions remain year-specific; no assertion of measurement equivalence.,2024,2024,true,active
ipedsdb-panel-2004-2024-mixed-v1,IGRNT_A__SFA_P__00070246__1F4182AE6E2D,float,variable_id:nces:SFA:00070246:IGRNT_A,identity,2024 exact source mapping; exact_2023_number_name_relocated; metadata definitions remain year-specific; no assertion of measurement equivalence.,2024,2024,true,active
ipedsdb-panel-2004-2024-mixed-v1,LOAN_N__SFA_P__00070251__693A87D05E92,float,variable_id:nces:SFA:00070251:LOAN_N,identity,2024 exact source mapping; exact_2023_number_name_relocated; metadata definitions remain year-specific; no assertion of measurement equivalence.,2024,2024,true,active
ipedsdb-panel-2004-2024-mixed-v1,LOAN_P__SFA_P__00070256__88845B92CADA,float,variable_id:nces:SFA:00070256:LOAN_P,identity,2024 exact source mapping; exact_2023_number_name_relocated; metadata definitions remain year-specific; no assertion of measurement equivalence.,2024,2024,true,active
ipedsdb-panel-2004-2024-mixed-v1,LOAN_T,float,variable_id:nces:SFA:00070481:LOAN_T,identity,2024 exact source mapping; exact_2023_number_name_relocated; metadata definitions remain year-specific; no assertion of measurement equivalence.,2024,2024,true,active
ipedsdb-panel-2004-2024-mixed-v1,LOAN_A__SFA_P__00070261__785B5A2F13FF,float,variable_id:nces:SFA:00070261:LOAN_A,identity,2024 exact source mapping; exact_2023_number_name_relocated; metadata definitions remain year-specific; no assertion of measurement equivalence.,2024,2024,true,active
ipedsdb-panel-2004-2024-mixed-v1,FLOAN_N__SFA_P__00070356__8885517A3C9A,float,variable_id:nces:SFA:00070356:FLOAN_N,identity,2024 exact source mapping; exact_2023_number_name_relocated; metadata definitions remain year-specific; no assertion of measurement equivalence.,2024,2024,true,active
ipedsdb-panel-2004-2024-mixed-v1,FLOAN_P__SFA_P__00070361__A9AEB207431F,float,variable_id:nces:SFA:00070361:FLOAN_P,identity,2024 exact source mapping; exact_2023_number_name_relocated; metadata definitions remain year-specific; no assertion of measurement equivalence.,2024,2024,true,active
ipedsdb-panel-2004-2024-mixed-v1,FLOAN_T,float,variable_id:nces:SFA:00070486:FLOAN_T,identity,2024 exact source mapping; exact_2023_number_name_relocated; metadata definitions remain year-specific; no assertion of measurement equivalence.,2024,2024,true,active
ipedsdb-panel-2004-2024-mixed-v1,FLOAN_A__SFA_P__00070366__7359E5980342,float,variable_id:nces:SFA:00070366:FLOAN_A,identity,2024 exact source mapping; exact_2023_number_name_relocated; metadata definitions remain year-specific; no assertion of measurement equivalence.,2024,2024,true,active
ipedsdb-panel-2004-2024-mixed-v1,OLOAN_N__SFA_P__00070371__998B77A1614F,float,variable_id:nces:SFA:00070371:OLOAN_N,identity,2024 exact source mapping; exact_2023_number_name_relocated; metadata definitions remain year-specific; no assertion of measurement equivalence.,2024,2024,true,active
ipedsdb-panel-2004-2024-mixed-v1,OLOAN_P__SFA_P__00070376__5F155D73990C,float,variable_id:nces:SFA:00070376:OLOAN_P,identity,2024 exact source mapping; exact_2023_number_name_relocated; metadata definitions remain year-specific; no assertion of measurement equivalence.,2024,2024,true,active
ipedsdb-panel-2004-2024-mixed-v1,OLOAN_T,float,variable_id:nces:SFA:00070491:OLOAN_T,identity,2024 exact source mapping; exact_2023_number_name_relocated; metadata definitions remain year-specific; no assertion of measurement equivalence.,2024,2024,true,active
ipedsdb-panel-2004-2024-mixed-v1,OLOAN_A__SFA_P__00070381__59C3439C3DDF,float,variable_id:nces:SFA:00070381:OLOAN_A,identity,2024 exact source mapping; exact_2023_number_name_relocated; metadata definitions remain year-specific; no assertion of measurement equivalence.,2024,2024,true,active
ipedsdb-panel-2004-2024-mixed-v1,PARTVT,categorical string,variable_id:nces:SFAV:00072091:PARTVT,identity,2024 exact source mapping; new_2024_identity; metadata definitions remain year-specific; no assertion of measurement equivalence.,2024,2024,true,active
ipedsdb-panel-2004-2024-mixed-v1,PO9,categorical string,variable_id:nces:SFAV:00072092:PO9,identity,2024 exact source mapping; new_2024_identity; metadata definitions remain year-specific; no assertion of measurement equivalence.,2024,2024,true,active
ipedsdb-panel-2004-2024-mixed-v1,DOD,categorical string,variable_id:nces:SFAV:00072093:DOD,identity,2024 exact source mapping; new_2024_identity; metadata definitions remain year-specific; no assertion of measurement equivalence.,2024,2024,true,active
ipedsdb-panel-2004-2024-mixed-v1,UGPO9_N,float,variable_id:nces:SFAV:00072001:UGPO9_N,identity,2024 exact source mapping; same_source_variable_identity; metadata definitions remain year-specific; no assertion of measurement equivalence.,2024,2024,true,active
ipedsdb-panel-2004-2024-mixed-v1,UGPO9_T,float,variable_id:nces:SFAV:00072006:UGPO9_T,identity,2024 exact source mapping; same_source_variable_identity; metadata definitions remain year-specific; no assertion of measurement equivalence.,2024,2024,true,active
ipedsdb-panel-2004-2024-mixed-v1,UGPO9_A,float,variable_id:nces:SFAV:00072011:UGPO9_A,identity,2024 exact source mapping; same_source_variable_identity; metadata definitions remain year-specific; no assertion of measurement equivalence.,2024,2024,true,active
ipedsdb-panel-2004-2024-mixed-v1,GPO9_N,float,variable_id:nces:SFAV:00072016:GPO9_N,identity,2024 exact source mapping; same_source_variable_identity; metadata definitions remain year-specific; no assertion of measurement equivalence.,2024,2024,true,active
ipedsdb-panel-2004-2024-mixed-v1,GPO9_T,float,variable_id:nces:SFAV:00072021:GPO9_T,identity,2024 exact source mapping; same_source_variable_identity; metadata definitions remain year-specific; no assertion of measurement equivalence.,2024,2024,true,active
ipedsdb-panel-2004-2024-mixed-v1,GPO9_A,float,variable_id:nces:SFAV:00072026:GPO9_A,identity,2024 exact source mapping; same_source_variable_identity; metadata definitions remain year-specific; no assertion of measurement equivalence.,2024,2024,true,active
ipedsdb-panel-2004-2024-mixed-v1,PO9_N,float,variable_id:nces:SFAV:00072031:PO9_N,identity,2024 exact source mapping; same_source_variable_identity; metadata definitions remain year-specific; no assertion of measurement equivalence.,2024,2024,true,active
ipedsdb-panel-2004-2024-mixed-v1,PO9_T,float,variable_id:nces:SFAV:00072036:PO9_T,identity,2024 exact source mapping; same_source_variable_identity; metadata definitions remain year-specific; no assertion of measurement equivalence.,2024,2024,true,active
ipedsdb-panel-2004-2024-mixed-v1,PO9_A,float,variable_id:nces:SFAV:00072041:PO9_A,identity,2024 exact source mapping; same_source_variable_identity; metadata definitions remain year-specific; no assertion of measurement equivalence.,2024,2024,true,active
ipedsdb-panel-2004-2024-mixed-v1,UGDOD_N,float,variable_id:nces:SFAV:00072046:UGDOD_N,identity,2024 exact source mapping; same_source_variable_identity; metadata definitions remain year-specific; no assertion of measurement equivalence.,2024,2024,true,active
ipedsdb-panel-2004-2024-mixed-v1,UGDOD_T,float,variable_id:nces:SFAV:00072051:UGDOD_T,identity,2024 exact source mapping; same_source_variable_identity; metadata definitions remain year-specific; no assertion of measurement equivalence.,2024,2024,true,active
ipedsdb-panel-2004-2024-mixed-v1,UGDOD_A,float,variable_id:nces:SFAV:00072056:UGDOD_A,identity,2024 exact source mapping; same_source_variable_identity; metadata definitions remain year-specific; no assertion of measurement equivalence.,2024,2024,true,active
ipedsdb-panel-2004-2024-mixed-v1,GDOD_N,float,variable_id:nces:SFAV:00072061:GDOD_N,identity,2024 exact source mapping; same_source_variable_identity; metadata definitions remain year-specific; no assertion of measurement equivalence.,2024,2024,true,active
ipedsdb-panel-2004-2024-mixed-v1,GDOD_T,float,variable_id:nces:SFAV:00072066:GDOD_T,identity,2024 exact source mapping; same_source_variable_identity; metadata definitions remain year-specific; no assertion of measurement equivalence.,2024,2024,true,active
ipedsdb-panel-2004-2024-mixed-v1,GDOD_A,float,variable_id:nces:SFAV:00072071:GDOD_A,identity,2024 exact source mapping; same_source_variable_identity; metadata definitions remain year-specific; no assertion of measurement equivalence.,2024,2024,true,active
ipedsdb-panel-2004-2024-mixed-v1,DOD_N,float,variable_id:nces:SFAV:00072076:DOD_N,identity,2024 exact source mapping; same_source_variable_identity; metadata definitions remain year-specific; no assertion of measurement equivalence.,2024,2024,true,active
ipedsdb-panel-2004-2024-mixed-v1,DOD_T,float,variable_id:nces:SFAV:00072081:DOD_T,identity,2024 exact source mapping; same_source_variable_identity; metadata definitions remain year-specific; no assertion of measurement equivalence.,2024,2024,true,active
ipedsdb-panel-2004-2024-mixed-v1,DOD_A,float,variable_id:nces:SFAV:00072086:DOD_A,identity,2024 exact source mapping; same_source_variable_identity; metadata definitions remain year-specific; no assertion of measurement equivalence.,2024,2024,true,active
