contract_id,source_file,family_id,component_varname,component_code,semantic_type,active_tokens,inactive_tokens,missing_tokens,output_column,output_type,multi_active_policy,drop_components,source_evidence,review_note
ipedsdb-panel-2004-2024-mixed-v1,ADM,IDENTITY_2024_ADMCON1_00010521,ADMCON1,00010521,not_collapsible,,,,,,,false,Original IPEDS202425.accdb SHA256 98e9175e54ba719cf7f0bfcc8e043fac4d11babd1b73ba1701ebbdc23e5470f5; exact physical schema and varTable24; effective source_manifest.json records final fall revisions.,Authorized 2024 integration audit: retain source category as its own field; exact-year codes remain in codebook; no active/inactive token inference or categorical collapse.
ipedsdb-panel-2004-2024-mixed-v1,ADM,IDENTITY_2024_ADMCON2_00010526,ADMCON2,00010526,not_collapsible,,,,,,,false,Original IPEDS202425.accdb SHA256 98e9175e54ba719cf7f0bfcc8e043fac4d11babd1b73ba1701ebbdc23e5470f5; exact physical schema and varTable24; effective source_manifest.json records final fall revisions.,Authorized 2024 integration audit: retain source category as its own field; exact-year codes remain in codebook; no active/inactive token inference or categorical collapse.
ipedsdb-panel-2004-2024-mixed-v1,ADM,IDENTITY_2024_ADMCON3_00010531,ADMCON3,00010531,not_collapsible,,,,,,,false,Original IPEDS202425.accdb SHA256 98e9175e54ba719cf7f0bfcc8e043fac4d11babd1b73ba1701ebbdc23e5470f5; exact physical schema and varTable24; effective source_manifest.json records final fall revisions.,Authorized 2024 integration audit: retain source category as its own field; exact-year codes remain in codebook; no active/inactive token inference or categorical collapse.
ipedsdb-panel-2004-2024-mixed-v1,ADM,IDENTITY_2024_ADMCON4_00010536,ADMCON4,00010536,not_collapsible,,,,,,,false,Original IPEDS202425.accdb SHA256 98e9175e54ba719cf7f0bfcc8e043fac4d11babd1b73ba1701ebbdc23e5470f5; exact physical schema and varTable24; effective source_manifest.json records final fall revisions.,Authorized 2024 integration audit: retain source category as its own field; exact-year codes remain in codebook; no active/inactive token inference or categorical collapse.
ipedsdb-panel-2004-2024-mixed-v1,ADM,IDENTITY_2024_ADMCON5_00010541,ADMCON5,00010541,not_collapsible,,,,,,,false,Original IPEDS202425.accdb SHA256 98e9175e54ba719cf7f0bfcc8e043fac4d11babd1b73ba1701ebbdc23e5470f5; exact physical schema and varTable24; effective source_manifest.json records final fall revisions.,Authorized 2024 integration audit: retain source category as its own field; exact-year codes remain in codebook; no active/inactive token inference or categorical collapse.
ipedsdb-panel-2004-2024-mixed-v1,ADM,IDENTITY_2024_ADMCON6_00010546,ADMCON6,00010546,not_collapsible,,,,,,,false,Original IPEDS202425.accdb SHA256 98e9175e54ba719cf7f0bfcc8e043fac4d11babd1b73ba1701ebbdc23e5470f5; exact physical schema and varTable24; effective source_manifest.json records final fall revisions.,Authorized 2024 integration audit: retain source category as its own field; exact-year codes remain in codebook; no active/inactive token inference or categorical collapse.
ipedsdb-panel-2004-2024-mixed-v1,ADM,IDENTITY_2024_ADMCON7_00010551,ADMCON7,00010551,not_collapsible,,,,,,,false,Original IPEDS202425.accdb SHA256 98e9175e54ba719cf7f0bfcc8e043fac4d11babd1b73ba1701ebbdc23e5470f5; exact physical schema and varTable24; effective source_manifest.json records final fall revisions.,Authorized 2024 integration audit: retain source category as its own field; exact-year codes remain in codebook; no active/inactive token inference or categorical collapse.
ipedsdb-panel-2004-2024-mixed-v1,ADM,IDENTITY_2024_ADMCON8_00010556,ADMCON8,00010556,not_collapsible,,,,,,,false,Original IPEDS202425.accdb SHA256 98e9175e54ba719cf7f0bfcc8e043fac4d11babd1b73ba1701ebbdc23e5470f5; exact physical schema and varTable24; effective source_manifest.json records final fall revisions.,Authorized 2024 integration audit: retain source category as its own field; exact-year codes remain in codebook; no active/inactive token inference or categorical collapse.
ipedsdb-panel-2004-2024-mixed-v1,ADM,IDENTITY_2024_ADMCON9_00010559,ADMCON9,00010559,not_collapsible,,,,,,,false,Original IPEDS202425.accdb SHA256 98e9175e54ba719cf7f0bfcc8e043fac4d11babd1b73ba1701ebbdc23e5470f5; exact physical schema and varTable24; effective source_manifest.json records final fall revisions.,Authorized 2024 integration audit: retain source category as its own field; exact-year codes remain in codebook; no active/inactive token inference or categorical collapse.
ipedsdb-panel-2004-2024-mixed-v1,ADM,IDENTITY_2024_ADMCON10_00010548,ADMCON10,00010548,not_collapsible,,,,,,,false,Original IPEDS202425.accdb SHA256 98e9175e54ba719cf7f0bfcc8e043fac4d11babd1b73ba1701ebbdc23e5470f5; exact physical schema and varTable24; effective source_manifest.json records final fall revisions.,Authorized 2024 integration audit: retain source category as its own field; exact-year codes remain in codebook; no active/inactive token inference or categorical collapse.
ipedsdb-panel-2004-2024-mixed-v1,ADM,IDENTITY_2024_ADMCON11_00010549,ADMCON11,00010549,not_collapsible,,,,,,,false,Original IPEDS202425.accdb SHA256 98e9175e54ba719cf7f0bfcc8e043fac4d11babd1b73ba1701ebbdc23e5470f5; exact physical schema and varTable24; effective source_manifest.json records final fall revisions.,Authorized 2024 integration audit: retain source category as its own field; exact-year codes remain in codebook; no active/inactive token inference or categorical collapse.
ipedsdb-panel-2004-2024-mixed-v1,ADM,IDENTITY_2024_ADMCON12_00010550,ADMCON12,00010550,not_collapsible,,,,,,,false,Original IPEDS202425.accdb SHA256 98e9175e54ba719cf7f0bfcc8e043fac4d11babd1b73ba1701ebbdc23e5470f5; exact physical schema and varTable24; effective source_manifest.json records final fall revisions.,Authorized 2024 integration audit: retain source category as its own field; exact-year codes remain in codebook; no active/inactive token inference or categorical collapse.
ipedsdb-panel-2004-2024-mixed-v1,AL,IDENTITY_2024_LEXP100K_00160153,LEXP100K,00160153,not_collapsible,,,,,,,false,Original IPEDS202425.accdb SHA256 98e9175e54ba719cf7f0bfcc8e043fac4d11babd1b73ba1701ebbdc23e5470f5; exact physical schema and varTable24; effective source_manifest.json records final fall revisions.,Authorized 2024 integration audit: retain source category as its own field; exact-year codes remain in codebook; no active/inactive token inference or categorical collapse.
ipedsdb-panel-2004-2024-mixed-v1,AL,IDENTITY_2024_LCOLELYN_00160100,LCOLELYN,00160100,not_collapsible,,,,,,,false,Original IPEDS202425.accdb SHA256 98e9175e54ba719cf7f0bfcc8e043fac4d11babd1b73ba1701ebbdc23e5470f5; exact physical schema and varTable24; effective source_manifest.json records final fall revisions.,Authorized 2024 integration audit: retain source category as its own field; exact-year codes remain in codebook; no active/inactive token inference or categorical collapse.
ipedsdb-panel-2004-2024-mixed-v1,AL,IDENTITY_2024_LILLDYN_00160310,LILLDYN,00160310,not_collapsible,,,,,,,false,Original IPEDS202425.accdb SHA256 98e9175e54ba719cf7f0bfcc8e043fac4d11babd1b73ba1701ebbdc23e5470f5; exact physical schema and varTable24; effective source_manifest.json records final fall revisions.,Authorized 2024 integration audit: retain source category as its own field; exact-year codes remain in codebook; no active/inactive token inference or categorical collapse.
ipedsdb-panel-2004-2024-mixed-v1,AL,IDENTITY_2024_LILSYN_00160325,LILSYN,00160325,not_collapsible,,,,,,,false,Original IPEDS202425.accdb SHA256 98e9175e54ba719cf7f0bfcc8e043fac4d11babd1b73ba1701ebbdc23e5470f5; exact physical schema and varTable24; effective source_manifest.json records final fall revisions.,Authorized 2024 integration audit: retain source category as its own field; exact-year codes remain in codebook; no active/inactive token inference or categorical collapse.
ipedsdb-panel-2004-2024-mixed-v1,AL,IDENTITY_2024_LFRNGBYN_00160160,LFRNGBYN,00160160,not_collapsible,,,,,,,false,Original IPEDS202425.accdb SHA256 98e9175e54ba719cf7f0bfcc8e043fac4d11babd1b73ba1701ebbdc23e5470f5; exact physical schema and varTable24; effective source_manifest.json records final fall revisions.,Authorized 2024 integration audit: retain source category as its own field; exact-year codes remain in codebook; no active/inactive token inference or categorical collapse.
ipedsdb-panel-2004-2024-mixed-v1,COST,IDENTITY_2024_ROOM_00010966,ROOM,00010966,not_collapsible,,,,,,,false,Original IPEDS202425.accdb SHA256 98e9175e54ba719cf7f0bfcc8e043fac4d11babd1b73ba1701ebbdc23e5470f5; exact physical schema and varTable24; effective source_manifest.json records final fall revisions.,Authorized 2024 integration audit: retain source category as its own field; exact-year codes remain in codebook; no active/inactive token inference or categorical collapse.
ipedsdb-panel-2004-2024-mixed-v1,COST,IDENTITY_2024_ALLONCAM_00015066,ALLONCAM,00015066,not_collapsible,,,,,,,false,Original IPEDS202425.accdb SHA256 98e9175e54ba719cf7f0bfcc8e043fac4d11babd1b73ba1701ebbdc23e5470f5; exact physical schema and varTable24; effective source_manifest.json records final fall revisions.,Authorized 2024 integration audit: retain source category as its own field; exact-year codes remain in codebook; no active/inactive token inference or categorical collapse.
ipedsdb-panel-2004-2024-mixed-v1,COST,IDENTITY_2024_TUITVARY_00010961,TUITVARY,00010961,not_collapsible,,,,,,,false,Original IPEDS202425.accdb SHA256 98e9175e54ba719cf7f0bfcc8e043fac4d11babd1b73ba1701ebbdc23e5470f5; exact physical schema and varTable24; effective source_manifest.json records final fall revisions.,Authorized 2024 integration audit: retain source category as its own field; exact-year codes remain in codebook; no active/inactive token inference or categorical collapse.
ipedsdb-panel-2004-2024-mixed-v1,COST,IDENTITY_2024_BOARD_00010976,BOARD,00010976,not_collapsible,,,,,,,false,Original IPEDS202425.accdb SHA256 98e9175e54ba719cf7f0bfcc8e043fac4d11babd1b73ba1701ebbdc23e5470f5; exact physical schema and varTable24; effective source_manifest.json records final fall revisions.,Authorized 2024 integration audit: retain source category as its own field; exact-year codes remain in codebook; no active/inactive token inference or categorical collapse.
ipedsdb-panel-2004-2024-mixed-v1,COST,IDENTITY_2024_APPFEEUW_00016171,APPFEEUW,00016171,not_collapsible,,,,,,,false,Original IPEDS202425.accdb SHA256 98e9175e54ba719cf7f0bfcc8e043fac4d11babd1b73ba1701ebbdc23e5470f5; exact physical schema and varTable24; effective source_manifest.json records final fall revisions.,Authorized 2024 integration audit: retain source category as its own field; exact-year codes remain in codebook; no active/inactive token inference or categorical collapse.
ipedsdb-panel-2004-2024-mixed-v1,COST,IDENTITY_2024_APPFEEGW_00016176,APPFEEGW,00016176,not_collapsible,,,,,,,false,Original IPEDS202425.accdb SHA256 98e9175e54ba719cf7f0bfcc8e043fac4d11babd1b73ba1701ebbdc23e5470f5; exact physical schema and varTable24; effective source_manifest.json records final fall revisions.,Authorized 2024 integration audit: retain source category as its own field; exact-year codes remain in codebook; no active/inactive token inference or categorical collapse.
ipedsdb-panel-2004-2024-mixed-v1,COST,IDENTITY_2024_APPFEEDW_00016186,APPFEEDW,00016186,not_collapsible,,,,,,,false,Original IPEDS202425.accdb SHA256 98e9175e54ba719cf7f0bfcc8e043fac4d11babd1b73ba1701ebbdc23e5470f5; exact physical schema and varTable24; effective source_manifest.json records final fall revisions.,Authorized 2024 integration audit: retain source category as its own field; exact-year codes remain in codebook; no active/inactive token inference or categorical collapse.
ipedsdb-panel-2004-2024-mixed-v1,COST,IDENTITY_2024_PRMPGM_00017021,PRMPGM,00017021,not_collapsible,,,,,,,false,Original IPEDS202425.accdb SHA256 98e9175e54ba719cf7f0bfcc8e043fac4d11babd1b73ba1701ebbdc23e5470f5; exact physical schema and varTable24; effective source_manifest.json records final fall revisions.,Authorized 2024 integration audit: retain source category as its own field; exact-year codes remain in codebook; no active/inactive token inference or categorical collapse.
ipedsdb-panel-2004-2024-mixed-v1,COST,IDENTITY_2024_TUITPL_00015241,TUITPL,00015241,not_collapsible,,,,,,,false,Original IPEDS202425.accdb SHA256 98e9175e54ba719cf7f0bfcc8e043fac4d11babd1b73ba1701ebbdc23e5470f5; exact physical schema and varTable24; effective source_manifest.json records final fall revisions.,Authorized 2024 integration audit: retain source category as its own field; exact-year codes remain in codebook; no active/inactive token inference or categorical collapse.
ipedsdb-panel-2004-2024-mixed-v1,COST,IDENTITY_2024_TUITPL1_00015244,TUITPL1,00015244,not_collapsible,,,,,,,false,Original IPEDS202425.accdb SHA256 98e9175e54ba719cf7f0bfcc8e043fac4d11babd1b73ba1701ebbdc23e5470f5; exact physical schema and varTable24; effective source_manifest.json records final fall revisions.,Authorized 2024 integration audit: retain source category as its own field; exact-year codes remain in codebook; no active/inactive token inference or categorical collapse.
ipedsdb-panel-2004-2024-mixed-v1,COST,IDENTITY_2024_TUITPL2_00015247,TUITPL2,00015247,not_collapsible,,,,,,,false,Original IPEDS202425.accdb SHA256 98e9175e54ba719cf7f0bfcc8e043fac4d11babd1b73ba1701ebbdc23e5470f5; exact physical schema and varTable24; effective source_manifest.json records final fall revisions.,Authorized 2024 integration audit: retain source category as its own field; exact-year codes remain in codebook; no active/inactive token inference or categorical collapse.
ipedsdb-panel-2004-2024-mixed-v1,COST,IDENTITY_2024_TUITPL3_00015250,TUITPL3,00015250,not_collapsible,,,,,,,false,Original IPEDS202425.accdb SHA256 98e9175e54ba719cf7f0bfcc8e043fac4d11babd1b73ba1701ebbdc23e5470f5; exact physical schema and varTable24; effective source_manifest.json records final fall revisions.,Authorized 2024 integration audit: retain source category as its own field; exact-year codes remain in codebook; no active/inactive token inference or categorical collapse.
ipedsdb-panel-2004-2024-mixed-v1,COST,IDENTITY_2024_TUITPL4_00015253,TUITPL4,00015253,not_collapsible,,,,,,,false,Original IPEDS202425.accdb SHA256 98e9175e54ba719cf7f0bfcc8e043fac4d11babd1b73ba1701ebbdc23e5470f5; exact physical schema and varTable24; effective source_manifest.json records final fall revisions.,Authorized 2024 integration audit: retain source category as its own field; exact-year codes remain in codebook; no active/inactive token inference or categorical collapse.
ipedsdb-panel-2004-2024-mixed-v1,COST,IDENTITY_2024_FAFSAQ1_00016191,FAFSAQ1,00016191,not_collapsible,,,,,,,false,Original IPEDS202425.accdb SHA256 98e9175e54ba719cf7f0bfcc8e043fac4d11babd1b73ba1701ebbdc23e5470f5; exact physical schema and varTable24; effective source_manifest.json records final fall revisions.,Authorized 2024 integration audit: retain source category as its own field; exact-year codes remain in codebook; no active/inactive token inference or categorical collapse.
ipedsdb-panel-2004-2024-mixed-v1,COST,IDENTITY_2024_FAFSAQ2_00016196,FAFSAQ2,00016196,not_collapsible,,,,,,,false,Original IPEDS202425.accdb SHA256 98e9175e54ba719cf7f0bfcc8e043fac4d11babd1b73ba1701ebbdc23e5470f5; exact physical schema and varTable24; effective source_manifest.json records final fall revisions.,Authorized 2024 integration audit: retain source category as its own field; exact-year codes remain in codebook; no active/inactive token inference or categorical collapse.
ipedsdb-panel-2004-2024-mixed-v1,COST,IDENTITY_2024_CIPCODE1_00011256,CIPCODE1,00011256,not_collapsible,,,,,,,false,Original IPEDS202425.accdb SHA256 98e9175e54ba719cf7f0bfcc8e043fac4d11babd1b73ba1701ebbdc23e5470f5; exact physical schema and varTable24; effective source_manifest.json records final fall revisions.,Authorized 2024 integration audit: retain source category as its own field; exact-year codes remain in codebook; no active/inactive token inference or categorical collapse.
ipedsdb-panel-2004-2024-mixed-v1,COST,IDENTITY_2024_PRGMSR1_00011262,PRGMSR1,00011262,not_collapsible,,,,,,,false,Original IPEDS202425.accdb SHA256 98e9175e54ba719cf7f0bfcc8e043fac4d11babd1b73ba1701ebbdc23e5470f5; exact physical schema and varTable24; effective source_manifest.json records final fall revisions.,Authorized 2024 integration audit: retain source category as its own field; exact-year codes remain in codebook; no active/inactive token inference or categorical collapse.
ipedsdb-panel-2004-2024-mixed-v1,COST,IDENTITY_2024_CIPCODE2_00011371,CIPCODE2,00011371,not_collapsible,,,,,,,false,Original IPEDS202425.accdb SHA256 98e9175e54ba719cf7f0bfcc8e043fac4d11babd1b73ba1701ebbdc23e5470f5; exact physical schema and varTable24; effective source_manifest.json records final fall revisions.,Authorized 2024 integration audit: retain source category as its own field; exact-year codes remain in codebook; no active/inactive token inference or categorical collapse.
ipedsdb-panel-2004-2024-mixed-v1,COST,IDENTITY_2024_PRGMSR2_00011388,PRGMSR2,00011388,not_collapsible,,,,,,,false,Original IPEDS202425.accdb SHA256 98e9175e54ba719cf7f0bfcc8e043fac4d11babd1b73ba1701ebbdc23e5470f5; exact physical schema and varTable24; effective source_manifest.json records final fall revisions.,Authorized 2024 integration audit: retain source category as its own field; exact-year codes remain in codebook; no active/inactive token inference or categorical collapse.
ipedsdb-panel-2004-2024-mixed-v1,COST,IDENTITY_2024_CIPCODE3_00011391,CIPCODE3,00011391,not_collapsible,,,,,,,false,Original IPEDS202425.accdb SHA256 98e9175e54ba719cf7f0bfcc8e043fac4d11babd1b73ba1701ebbdc23e5470f5; exact physical schema and varTable24; effective source_manifest.json records final fall revisions.,Authorized 2024 integration audit: retain source category as its own field; exact-year codes remain in codebook; no active/inactive token inference or categorical collapse.
ipedsdb-panel-2004-2024-mixed-v1,COST,IDENTITY_2024_PRGMSR3_00011408,PRGMSR3,00011408,not_collapsible,,,,,,,false,Original IPEDS202425.accdb SHA256 98e9175e54ba719cf7f0bfcc8e043fac4d11babd1b73ba1701ebbdc23e5470f5; exact physical schema and varTable24; effective source_manifest.json records final fall revisions.,Authorized 2024 integration audit: retain source category as its own field; exact-year codes remain in codebook; no active/inactive token inference or categorical collapse.
ipedsdb-panel-2004-2024-mixed-v1,COST,IDENTITY_2024_CIPCODE4_00011411,CIPCODE4,00011411,not_collapsible,,,,,,,false,Original IPEDS202425.accdb SHA256 98e9175e54ba719cf7f0bfcc8e043fac4d11babd1b73ba1701ebbdc23e5470f5; exact physical schema and varTable24; effective source_manifest.json records final fall revisions.,Authorized 2024 integration audit: retain source category as its own field; exact-year codes remain in codebook; no active/inactive token inference or categorical collapse.
ipedsdb-panel-2004-2024-mixed-v1,COST,IDENTITY_2024_PRGMSR4_00011428,PRGMSR4,00011428,not_collapsible,,,,,,,false,Original IPEDS202425.accdb SHA256 98e9175e54ba719cf7f0bfcc8e043fac4d11babd1b73ba1701ebbdc23e5470f5; exact physical schema and varTable24; effective source_manifest.json records final fall revisions.,Authorized 2024 integration audit: retain source category as its own field; exact-year codes remain in codebook; no active/inactive token inference or categorical collapse.
ipedsdb-panel-2004-2024-mixed-v1,COST,IDENTITY_2024_CIPCODE5_00011431,CIPCODE5,00011431,not_collapsible,,,,,,,false,Original IPEDS202425.accdb SHA256 98e9175e54ba719cf7f0bfcc8e043fac4d11babd1b73ba1701ebbdc23e5470f5; exact physical schema and varTable24; effective source_manifest.json records final fall revisions.,Authorized 2024 integration audit: retain source category as its own field; exact-year codes remain in codebook; no active/inactive token inference or categorical collapse.
ipedsdb-panel-2004-2024-mixed-v1,COST,IDENTITY_2024_PRGMSR5_00011448,PRGMSR5,00011448,not_collapsible,,,,,,,false,Original IPEDS202425.accdb SHA256 98e9175e54ba719cf7f0bfcc8e043fac4d11babd1b73ba1701ebbdc23e5470f5; exact physical schema and varTable24; effective source_manifest.json records final fall revisions.,Authorized 2024 integration audit: retain source category as its own field; exact-year codes remain in codebook; no active/inactive token inference or categorical collapse.
ipedsdb-panel-2004-2024-mixed-v1,COST,IDENTITY_2024_CIPCODE6_00011451,CIPCODE6,00011451,not_collapsible,,,,,,,false,Original IPEDS202425.accdb SHA256 98e9175e54ba719cf7f0bfcc8e043fac4d11babd1b73ba1701ebbdc23e5470f5; exact physical schema and varTable24; effective source_manifest.json records final fall revisions.,Authorized 2024 integration audit: retain source category as its own field; exact-year codes remain in codebook; no active/inactive token inference or categorical collapse.
ipedsdb-panel-2004-2024-mixed-v1,COST,IDENTITY_2024_PRGMSR6_00011468,PRGMSR6,00011468,not_collapsible,,,,,,,false,Original IPEDS202425.accdb SHA256 98e9175e54ba719cf7f0bfcc8e043fac4d11babd1b73ba1701ebbdc23e5470f5; exact physical schema and varTable24; effective source_manifest.json records final fall revisions.,Authorized 2024 integration audit: retain source category as its own field; exact-year codes remain in codebook; no active/inactive token inference or categorical collapse.
ipedsdb-panel-2004-2024-mixed-v1,EFIA,IDENTITY_2024_ACTTYPE_00022028,ACTTYPE,00022028,not_collapsible,,,,,,,false,Original IPEDS202425.accdb SHA256 98e9175e54ba719cf7f0bfcc8e043fac4d11babd1b73ba1701ebbdc23e5470f5; exact physical schema and varTable24; effective source_manifest.json records final fall revisions.,Authorized 2024 integration audit: retain source category as its own field; exact-year codes remain in codebook; no active/inactive token inference or categorical collapse.
ipedsdb-panel-2004-2024-mixed-v1,F_FA,IDENTITY_2024_F1MHP_00067051,F1MHP,00067051,not_collapsible,,,,,,,false,Original IPEDS202425.accdb SHA256 98e9175e54ba719cf7f0bfcc8e043fac4d11babd1b73ba1701ebbdc23e5470f5; exact physical schema and varTable24; effective source_manifest.json records final fall revisions.,Authorized 2024 integration audit: retain source category as its own field; exact-year codes remain in codebook; no active/inactive token inference or categorical collapse.
ipedsdb-panel-2004-2024-mixed-v1,F_FA,IDENTITY_2024_F1MHOP_00067052,F1MHOP,00067052,not_collapsible,,,,,,,false,Original IPEDS202425.accdb SHA256 98e9175e54ba719cf7f0bfcc8e043fac4d11babd1b73ba1701ebbdc23e5470f5; exact physical schema and varTable24; effective source_manifest.json records final fall revisions.,Authorized 2024 integration audit: retain source category as its own field; exact-year codes remain in codebook; no active/inactive token inference or categorical collapse.
ipedsdb-panel-2004-2024-mixed-v1,F_FA,IDENTITY_2024_F1FHA_00062376,F1FHA,00062376,not_collapsible,,,,,,,false,Original IPEDS202425.accdb SHA256 98e9175e54ba719cf7f0bfcc8e043fac4d11babd1b73ba1701ebbdc23e5470f5; exact physical schema and varTable24; effective source_manifest.json records final fall revisions.,Authorized 2024 integration audit: retain source category as its own field; exact-year codes remain in codebook; no active/inactive token inference or categorical collapse.
ipedsdb-panel-2004-2024-mixed-v1,F_F,IDENTITY_2024_F2FHA_00061281,F2FHA,00061281,not_collapsible,,,,,,,false,Original IPEDS202425.accdb SHA256 98e9175e54ba719cf7f0bfcc8e043fac4d11babd1b73ba1701ebbdc23e5470f5; exact physical schema and varTable24; effective source_manifest.json records final fall revisions.,Authorized 2024 integration audit: retain source category as its own field; exact-year codes remain in codebook; no active/inactive token inference or categorical collapse.
ipedsdb-panel-2004-2024-mixed-v1,F_F,IDENTITY_2024_F3F03_00066910,F3F03,00066910,not_collapsible,,,,,,,false,Original IPEDS202425.accdb SHA256 98e9175e54ba719cf7f0bfcc8e043fac4d11babd1b73ba1701ebbdc23e5470f5; exact physical schema and varTable24; effective source_manifest.json records final fall revisions.,Authorized 2024 integration audit: retain source category as its own field; exact-year codes remain in codebook; no active/inactive token inference or categorical collapse.
ipedsdb-panel-2004-2024-mixed-v1,FLAGS,IDENTITY_2024_STAT_IC_00010231,STAT_IC,00010231,not_collapsible,,,,,,,false,Original IPEDS202425.accdb SHA256 98e9175e54ba719cf7f0bfcc8e043fac4d11babd1b73ba1701ebbdc23e5470f5; exact physical schema and varTable24; effective source_manifest.json records final fall revisions.,Authorized 2024 integration audit: retain source category as its own field; exact-year codes remain in codebook; no active/inactive token inference or categorical collapse.
ipedsdb-panel-2004-2024-mixed-v1,FLAGS,IDENTITY_2024_LOCK_IC_00010236,LOCK_IC,00010236,not_collapsible,,,,,,,false,Original IPEDS202425.accdb SHA256 98e9175e54ba719cf7f0bfcc8e043fac4d11babd1b73ba1701ebbdc23e5470f5; exact physical schema and varTable24; effective source_manifest.json records final fall revisions.,Authorized 2024 integration audit: retain source category as its own field; exact-year codes remain in codebook; no active/inactive token inference or categorical collapse.
ipedsdb-panel-2004-2024-mixed-v1,FLAGS,IDENTITY_2024_IMP_IC_00015050,IMP_IC,00015050,not_collapsible,,,,,,,false,Original IPEDS202425.accdb SHA256 98e9175e54ba719cf7f0bfcc8e043fac4d11babd1b73ba1701ebbdc23e5470f5; exact physical schema and varTable24; effective source_manifest.json records final fall revisions.,Authorized 2024 integration audit: retain source category as its own field; exact-year codes remain in codebook; no active/inactive token inference or categorical collapse.
ipedsdb-panel-2004-2024-mixed-v1,FLAGS,IDENTITY_2024_STAT_C_00030001,STAT_C,00030001,not_collapsible,,,,,,,false,Original IPEDS202425.accdb SHA256 98e9175e54ba719cf7f0bfcc8e043fac4d11babd1b73ba1701ebbdc23e5470f5; exact physical schema and varTable24; effective source_manifest.json records final fall revisions.,Authorized 2024 integration audit: retain source category as its own field; exact-year codes remain in codebook; no active/inactive token inference or categorical collapse.
ipedsdb-panel-2004-2024-mixed-v1,FLAGS,IDENTITY_2024_LOCK_C_00030006,LOCK_C,00030006,not_collapsible,,,,,,,false,Original IPEDS202425.accdb SHA256 98e9175e54ba719cf7f0bfcc8e043fac4d11babd1b73ba1701ebbdc23e5470f5; exact physical schema and varTable24; effective source_manifest.json records final fall revisions.,Authorized 2024 integration audit: retain source category as its own field; exact-year codes remain in codebook; no active/inactive token inference or categorical collapse.
ipedsdb-panel-2004-2024-mixed-v1,FLAGS,IDENTITY_2024_PRCH_C_00030011,PRCH_C,00030011,not_collapsible,,,,,,,false,Original IPEDS202425.accdb SHA256 98e9175e54ba719cf7f0bfcc8e043fac4d11babd1b73ba1701ebbdc23e5470f5; exact physical schema and varTable24; effective source_manifest.json records final fall revisions.,Authorized 2024 integration audit: retain source category as its own field; exact-year codes remain in codebook; no active/inactive token inference or categorical collapse.
ipedsdb-panel-2004-2024-mixed-v1,FLAGS,IDENTITY_2024_IMP_C_00030021,IMP_C,00030021,not_collapsible,,,,,,,false,Original IPEDS202425.accdb SHA256 98e9175e54ba719cf7f0bfcc8e043fac4d11babd1b73ba1701ebbdc23e5470f5; exact physical schema and varTable24; effective source_manifest.json records final fall revisions.,Authorized 2024 integration audit: retain source category as its own field; exact-year codes remain in codebook; no active/inactive token inference or categorical collapse.
ipedsdb-panel-2004-2024-mixed-v1,FLAGS,IDENTITY_2024_STAT_E12_00024001,STAT_E12,00024001,not_collapsible,,,,,,,false,Original IPEDS202425.accdb SHA256 98e9175e54ba719cf7f0bfcc8e043fac4d11babd1b73ba1701ebbdc23e5470f5; exact physical schema and varTable24; effective source_manifest.json records final fall revisions.,Authorized 2024 integration audit: retain source category as its own field; exact-year codes remain in codebook; no active/inactive token inference or categorical collapse.
ipedsdb-panel-2004-2024-mixed-v1,FLAGS,IDENTITY_2024_LOCK_E12_00024006,LOCK_E12,00024006,not_collapsible,,,,,,,false,Original IPEDS202425.accdb SHA256 98e9175e54ba719cf7f0bfcc8e043fac4d11babd1b73ba1701ebbdc23e5470f5; exact physical schema and varTable24; effective source_manifest.json records final fall revisions.,Authorized 2024 integration audit: retain source category as its own field; exact-year codes remain in codebook; no active/inactive token inference or categorical collapse.
ipedsdb-panel-2004-2024-mixed-v1,FLAGS,IDENTITY_2024_PRCH_E12_00024011,PRCH_E12,00024011,not_collapsible,,,,,,,false,Original IPEDS202425.accdb SHA256 98e9175e54ba719cf7f0bfcc8e043fac4d11babd1b73ba1701ebbdc23e5470f5; exact physical schema and varTable24; effective source_manifest.json records final fall revisions.,Authorized 2024 integration audit: retain source category as its own field; exact-year codes remain in codebook; no active/inactive token inference or categorical collapse.
ipedsdb-panel-2004-2024-mixed-v1,FLAGS,IDENTITY_2024_IMP_E12_00024021,IMP_E12,00024021,not_collapsible,,,,,,,false,Original IPEDS202425.accdb SHA256 98e9175e54ba719cf7f0bfcc8e043fac4d11babd1b73ba1701ebbdc23e5470f5; exact physical schema and varTable24; effective source_manifest.json records final fall revisions.,Authorized 2024 integration audit: retain source category as its own field; exact-year codes remain in codebook; no active/inactive token inference or categorical collapse.
ipedsdb-panel-2004-2024-mixed-v1,FLAGS,IDENTITY_2024_ENRHSST_00017031,ENRHSST,00017031,not_collapsible,,,,,,,false,Original IPEDS202425.accdb SHA256 98e9175e54ba719cf7f0bfcc8e043fac4d11babd1b73ba1701ebbdc23e5470f5; exact physical schema and varTable24; effective source_manifest.json records final fall revisions.,Authorized 2024 integration audit: retain source category as its own field; exact-year codes remain in codebook; no active/inactive token inference or categorical collapse.
ipedsdb-panel-2004-2024-mixed-v1,FLAGS,IDENTITY_2024_ENRHSST1_00017032,ENRHSST1,00017032,not_collapsible,,,,,,,false,Original IPEDS202425.accdb SHA256 98e9175e54ba719cf7f0bfcc8e043fac4d11babd1b73ba1701ebbdc23e5470f5; exact physical schema and varTable24; effective source_manifest.json records final fall revisions.,Authorized 2024 integration audit: retain source category as its own field; exact-year codes remain in codebook; no active/inactive token inference or categorical collapse.
ipedsdb-panel-2004-2024-mixed-v1,FLAGS,IDENTITY_2024_ENRHSST2_00017033,ENRHSST2,00017033,not_collapsible,,,,,,,false,Original IPEDS202425.accdb SHA256 98e9175e54ba719cf7f0bfcc8e043fac4d11babd1b73ba1701ebbdc23e5470f5; exact physical schema and varTable24; effective source_manifest.json records final fall revisions.,Authorized 2024 integration audit: retain source category as its own field; exact-year codes remain in codebook; no active/inactive token inference or categorical collapse.
ipedsdb-panel-2004-2024-mixed-v1,FLAGS,IDENTITY_2024_STAT_COS_00016276,STAT_COS,00016276,not_collapsible,,,,,,,false,Original IPEDS202425.accdb SHA256 98e9175e54ba719cf7f0bfcc8e043fac4d11babd1b73ba1701ebbdc23e5470f5; exact physical schema and varTable24; effective source_manifest.json records final fall revisions.,Authorized 2024 integration audit: retain source category as its own field; exact-year codes remain in codebook; no active/inactive token inference or categorical collapse.
ipedsdb-panel-2004-2024-mixed-v1,FLAGS,IDENTITY_2024_STAT_COS1_00016280,STAT_COS1,00016280,not_collapsible,,,,,,,false,Original IPEDS202425.accdb SHA256 98e9175e54ba719cf7f0bfcc8e043fac4d11babd1b73ba1701ebbdc23e5470f5; exact physical schema and varTable24; effective source_manifest.json records final fall revisions.,Authorized 2024 integration audit: retain source category as its own field; exact-year codes remain in codebook; no active/inactive token inference or categorical collapse.
ipedsdb-panel-2004-2024-mixed-v1,FLAGS,IDENTITY_2024_LOCK_COS1_00016281,LOCK_COS1,00016281,not_collapsible,,,,,,,false,Original IPEDS202425.accdb SHA256 98e9175e54ba719cf7f0bfcc8e043fac4d11babd1b73ba1701ebbdc23e5470f5; exact physical schema and varTable24; effective source_manifest.json records final fall revisions.,Authorized 2024 integration audit: retain source category as its own field; exact-year codes remain in codebook; no active/inactive token inference or categorical collapse.
ipedsdb-panel-2004-2024-mixed-v1,FLAGS,IDENTITY_2024_PRCH_COS_00016286,PRCH_COS,00016286,not_collapsible,,,,,,,false,Original IPEDS202425.accdb SHA256 98e9175e54ba719cf7f0bfcc8e043fac4d11babd1b73ba1701ebbdc23e5470f5; exact physical schema and varTable24; effective source_manifest.json records final fall revisions.,Authorized 2024 integration audit: retain source category as its own field; exact-year codes remain in codebook; no active/inactive token inference or categorical collapse.
ipedsdb-panel-2004-2024-mixed-v1,FLAGS,IDENTITY_2024_IMP_COS1_00016301,IMP_COS1,00016301,not_collapsible,,,,,,,false,Original IPEDS202425.accdb SHA256 98e9175e54ba719cf7f0bfcc8e043fac4d11babd1b73ba1701ebbdc23e5470f5; exact physical schema and varTable24; effective source_manifest.json records final fall revisions.,Authorized 2024 integration audit: retain source category as its own field; exact-year codes remain in codebook; no active/inactive token inference or categorical collapse.
ipedsdb-panel-2004-2024-mixed-v1,FLAGS,IDENTITY_2024_STAT_COS2_00016277,STAT_COS2,00016277,not_collapsible,,,,,,,false,Original IPEDS202425.accdb SHA256 98e9175e54ba719cf7f0bfcc8e043fac4d11babd1b73ba1701ebbdc23e5470f5; exact physical schema and varTable24; effective source_manifest.json records final fall revisions.,Authorized 2024 integration audit: retain source category as its own field; exact-year codes remain in codebook; no active/inactive token inference or categorical collapse.
ipedsdb-panel-2004-2024-mixed-v1,FLAGS,IDENTITY_2024_LOCK_COS2_00016285,LOCK_COS2,00016285,not_collapsible,,,,,,,false,Original IPEDS202425.accdb SHA256 98e9175e54ba719cf7f0bfcc8e043fac4d11babd1b73ba1701ebbdc23e5470f5; exact physical schema and varTable24; effective source_manifest.json records final fall revisions.,Authorized 2024 integration audit: retain source category as its own field; exact-year codes remain in codebook; no active/inactive token inference or categorical collapse.
ipedsdb-panel-2004-2024-mixed-v1,FLAGS,IDENTITY_2024_IMP_COS2_00016305,IMP_COS2,00016305,not_collapsible,,,,,,,false,Original IPEDS202425.accdb SHA256 98e9175e54ba719cf7f0bfcc8e043fac4d11babd1b73ba1701ebbdc23e5470f5; exact physical schema and varTable24; effective source_manifest.json records final fall revisions.,Authorized 2024 integration audit: retain source category as its own field; exact-year codes remain in codebook; no active/inactive token inference or categorical collapse.
ipedsdb-panel-2004-2024-mixed-v1,FLAGS,IDENTITY_2024_STAT_SFA_00070001,STAT_SFA,00070001,not_collapsible,,,,,,,false,Original IPEDS202425.accdb SHA256 98e9175e54ba719cf7f0bfcc8e043fac4d11babd1b73ba1701ebbdc23e5470f5; exact physical schema and varTable24; effective source_manifest.json records final fall revisions.,Authorized 2024 integration audit: retain source category as its own field; exact-year codes remain in codebook; no active/inactive token inference or categorical collapse.
ipedsdb-panel-2004-2024-mixed-v1,FLAGS,IDENTITY_2024_LOCK_SFA_00070006,LOCK_SFA,00070006,not_collapsible,,,,,,,false,Original IPEDS202425.accdb SHA256 98e9175e54ba719cf7f0bfcc8e043fac4d11babd1b73ba1701ebbdc23e5470f5; exact physical schema and varTable24; effective source_manifest.json records final fall revisions.,Authorized 2024 integration audit: retain source category as its own field; exact-year codes remain in codebook; no active/inactive token inference or categorical collapse.
ipedsdb-panel-2004-2024-mixed-v1,FLAGS,IDENTITY_2024_PRCH_SFA_00070011,PRCH_SFA,00070011,not_collapsible,,,,,,,false,Original IPEDS202425.accdb SHA256 98e9175e54ba719cf7f0bfcc8e043fac4d11babd1b73ba1701ebbdc23e5470f5; exact physical schema and varTable24; effective source_manifest.json records final fall revisions.,Authorized 2024 integration audit: retain source category as its own field; exact-year codes remain in codebook; no active/inactive token inference or categorical collapse.
ipedsdb-panel-2004-2024-mixed-v1,FLAGS,IDENTITY_2024_IMP_SFA_00070021,IMP_SFA,00070021,not_collapsible,,,,,,,false,Original IPEDS202425.accdb SHA256 98e9175e54ba719cf7f0bfcc8e043fac4d11babd1b73ba1701ebbdc23e5470f5; exact physical schema and varTable24; effective source_manifest.json records final fall revisions.,Authorized 2024 integration audit: retain source category as its own field; exact-year codes remain in codebook; no active/inactive token inference or categorical collapse.
ipedsdb-panel-2004-2024-mixed-v1,FLAGS,IDENTITY_2024_SFAFORM_00071981,SFAFORM,00071981,not_collapsible,,,,,,,false,Original IPEDS202425.accdb SHA256 98e9175e54ba719cf7f0bfcc8e043fac4d11babd1b73ba1701ebbdc23e5470f5; exact physical schema and varTable24; effective source_manifest.json records final fall revisions.,Authorized 2024 integration audit: retain source category as its own field; exact-year codes remain in codebook; no active/inactive token inference or categorical collapse.
ipedsdb-panel-2004-2024-mixed-v1,FLAGS,IDENTITY_2024_STAT_GR_00080001,STAT_GR,00080001,not_collapsible,,,,,,,false,Original IPEDS202425.accdb SHA256 98e9175e54ba719cf7f0bfcc8e043fac4d11babd1b73ba1701ebbdc23e5470f5; exact physical schema and varTable24; effective source_manifest.json records final fall revisions.,Authorized 2024 integration audit: retain source category as its own field; exact-year codes remain in codebook; no active/inactive token inference or categorical collapse.
ipedsdb-panel-2004-2024-mixed-v1,FLAGS,IDENTITY_2024_LOCK_GR_00080006,LOCK_GR,00080006,not_collapsible,,,,,,,false,Original IPEDS202425.accdb SHA256 98e9175e54ba719cf7f0bfcc8e043fac4d11babd1b73ba1701ebbdc23e5470f5; exact physical schema and varTable24; effective source_manifest.json records final fall revisions.,Authorized 2024 integration audit: retain source category as its own field; exact-year codes remain in codebook; no active/inactive token inference or categorical collapse.
ipedsdb-panel-2004-2024-mixed-v1,FLAGS,IDENTITY_2024_PRCH_GR_00080011,PRCH_GR,00080011,not_collapsible,,,,,,,false,Original IPEDS202425.accdb SHA256 98e9175e54ba719cf7f0bfcc8e043fac4d11babd1b73ba1701ebbdc23e5470f5; exact physical schema and varTable24; effective source_manifest.json records final fall revisions.,Authorized 2024 integration audit: retain source category as its own field; exact-year codes remain in codebook; no active/inactive token inference or categorical collapse.
ipedsdb-panel-2004-2024-mixed-v1,FLAGS,IDENTITY_2024_IMP_GR_00080021,IMP_GR,00080021,not_collapsible,,,,,,,false,Original IPEDS202425.accdb SHA256 98e9175e54ba719cf7f0bfcc8e043fac4d11babd1b73ba1701ebbdc23e5470f5; exact physical schema and varTable24; effective source_manifest.json records final fall revisions.,Authorized 2024 integration audit: retain source category as its own field; exact-year codes remain in codebook; no active/inactive token inference or categorical collapse.
ipedsdb-panel-2004-2024-mixed-v1,FLAGS,IDENTITY_2024_COHRTSTU_00080026,COHRTSTU,00080026,not_collapsible,,,,,,,false,Original IPEDS202425.accdb SHA256 98e9175e54ba719cf7f0bfcc8e043fac4d11babd1b73ba1701ebbdc23e5470f5; exact physical schema and varTable24; effective source_manifest.json records final fall revisions.,Authorized 2024 integration audit: retain source category as its own field; exact-year codes remain in codebook; no active/inactive token inference or categorical collapse.
ipedsdb-panel-2004-2024-mixed-v1,FLAGS,IDENTITY_2024_STAT_GR2_00080101,STAT_GR2,00080101,not_collapsible,,,,,,,false,Original IPEDS202425.accdb SHA256 98e9175e54ba719cf7f0bfcc8e043fac4d11babd1b73ba1701ebbdc23e5470f5; exact physical schema and varTable24; effective source_manifest.json records final fall revisions.,Authorized 2024 integration audit: retain source category as its own field; exact-year codes remain in codebook; no active/inactive token inference or categorical collapse.
ipedsdb-panel-2004-2024-mixed-v1,FLAGS,IDENTITY_2024_LOCK_GR2_00080106,LOCK_GR2,00080106,not_collapsible,,,,,,,false,Original IPEDS202425.accdb SHA256 98e9175e54ba719cf7f0bfcc8e043fac4d11babd1b73ba1701ebbdc23e5470f5; exact physical schema and varTable24; effective source_manifest.json records final fall revisions.,Authorized 2024 integration audit: retain source category as its own field; exact-year codes remain in codebook; no active/inactive token inference or categorical collapse.
ipedsdb-panel-2004-2024-mixed-v1,FLAGS,IDENTITY_2024_PRCH_GR2_00080111,PRCH_GR2,00080111,not_collapsible,,,,,,,false,Original IPEDS202425.accdb SHA256 98e9175e54ba719cf7f0bfcc8e043fac4d11babd1b73ba1701ebbdc23e5470f5; exact physical schema and varTable24; effective source_manifest.json records final fall revisions.,Authorized 2024 integration audit: retain source category as its own field; exact-year codes remain in codebook; no active/inactive token inference or categorical collapse.
ipedsdb-panel-2004-2024-mixed-v1,FLAGS,IDENTITY_2024_IMP_GR2_00080121,IMP_GR2,00080121,not_collapsible,,,,,,,false,Original IPEDS202425.accdb SHA256 98e9175e54ba719cf7f0bfcc8e043fac4d11babd1b73ba1701ebbdc23e5470f5; exact physical schema and varTable24; effective source_manifest.json records final fall revisions.,Authorized 2024 integration audit: retain source category as its own field; exact-year codes remain in codebook; no active/inactive token inference or categorical collapse.
ipedsdb-panel-2004-2024-mixed-v1,FLAGS,IDENTITY_2024_STAT_OM_00082101,STAT_OM,00082101,not_collapsible,,,,,,,false,Original IPEDS202425.accdb SHA256 98e9175e54ba719cf7f0bfcc8e043fac4d11babd1b73ba1701ebbdc23e5470f5; exact physical schema and varTable24; effective source_manifest.json records final fall revisions.,Authorized 2024 integration audit: retain source category as its own field; exact-year codes remain in codebook; no active/inactive token inference or categorical collapse.
ipedsdb-panel-2004-2024-mixed-v1,FLAGS,IDENTITY_2024_LOCK_OM_00082106,LOCK_OM,00082106,not_collapsible,,,,,,,false,Original IPEDS202425.accdb SHA256 98e9175e54ba719cf7f0bfcc8e043fac4d11babd1b73ba1701ebbdc23e5470f5; exact physical schema and varTable24; effective source_manifest.json records final fall revisions.,Authorized 2024 integration audit: retain source category as its own field; exact-year codes remain in codebook; no active/inactive token inference or categorical collapse.
ipedsdb-panel-2004-2024-mixed-v1,FLAGS,IDENTITY_2024_PRCH_OM_00082111,PRCH_OM,00082111,not_collapsible,,,,,,,false,Original IPEDS202425.accdb SHA256 98e9175e54ba719cf7f0bfcc8e043fac4d11babd1b73ba1701ebbdc23e5470f5; exact physical schema and varTable24; effective source_manifest.json records final fall revisions.,Authorized 2024 integration audit: retain source category as its own field; exact-year codes remain in codebook; no active/inactive token inference or categorical collapse.
ipedsdb-panel-2004-2024-mixed-v1,FLAGS,IDENTITY_2024_IMP_OM_00082126,IMP_OM,00082126,not_collapsible,,,,,,,false,Original IPEDS202425.accdb SHA256 98e9175e54ba719cf7f0bfcc8e043fac4d11babd1b73ba1701ebbdc23e5470f5; exact physical schema and varTable24; effective source_manifest.json records final fall revisions.,Authorized 2024 integration audit: retain source category as its own field; exact-year codes remain in codebook; no active/inactive token inference or categorical collapse.
ipedsdb-panel-2004-2024-mixed-v1,FLAGS,IDENTITY_2024_STAT_ADM_00010517,STAT_ADM,00010517,not_collapsible,,,,,,,false,Original IPEDS202425.accdb SHA256 98e9175e54ba719cf7f0bfcc8e043fac4d11babd1b73ba1701ebbdc23e5470f5; exact physical schema and varTable24; effective source_manifest.json records final fall revisions.,Authorized 2024 integration audit: retain source category as its own field; exact-year codes remain in codebook; no active/inactive token inference or categorical collapse.
ipedsdb-panel-2004-2024-mixed-v1,FLAGS,IDENTITY_2024_LOCK_ADM_00010518,LOCK_ADM,00010518,not_collapsible,,,,,,,false,Original IPEDS202425.accdb SHA256 98e9175e54ba719cf7f0bfcc8e043fac4d11babd1b73ba1701ebbdc23e5470f5; exact physical schema and varTable24; effective source_manifest.json records final fall revisions.,Authorized 2024 integration audit: retain source category as its own field; exact-year codes remain in codebook; no active/inactive token inference or categorical collapse.
ipedsdb-panel-2004-2024-mixed-v1,FLAGS,IDENTITY_2024_PRCH_ADM_00017001,PRCH_ADM,00017001,not_collapsible,,,,,,,false,Original IPEDS202425.accdb SHA256 98e9175e54ba719cf7f0bfcc8e043fac4d11babd1b73ba1701ebbdc23e5470f5; exact physical schema and varTable24; effective source_manifest.json records final fall revisions.,Authorized 2024 integration audit: retain source category as its own field; exact-year codes remain in codebook; no active/inactive token inference or categorical collapse.
ipedsdb-panel-2004-2024-mixed-v1,FLAGS,IDENTITY_2024_IMP_ADM_00010519,IMP_ADM,00010519,not_collapsible,,,,,,,false,Original IPEDS202425.accdb SHA256 98e9175e54ba719cf7f0bfcc8e043fac4d11babd1b73ba1701ebbdc23e5470f5; exact physical schema and varTable24; effective source_manifest.json records final fall revisions.,Authorized 2024 integration audit: retain source category as its own field; exact-year codes remain in codebook; no active/inactive token inference or categorical collapse.
ipedsdb-panel-2004-2024-mixed-v1,FLAGS,IDENTITY_2024_STAT_HR_00090003,STAT_HR,00090003,not_collapsible,,,,,,,false,Original IPEDS202425.accdb SHA256 98e9175e54ba719cf7f0bfcc8e043fac4d11babd1b73ba1701ebbdc23e5470f5; exact physical schema and varTable24; effective source_manifest.json records final fall revisions.,Authorized 2024 integration audit: retain source category as its own field; exact-year codes remain in codebook; no active/inactive token inference or categorical collapse.
ipedsdb-panel-2004-2024-mixed-v1,FLAGS,IDENTITY_2024_LOCK_HR_00090007,LOCK_HR,00090007,not_collapsible,,,,,,,false,Original IPEDS202425.accdb SHA256 98e9175e54ba719cf7f0bfcc8e043fac4d11babd1b73ba1701ebbdc23e5470f5; exact physical schema and varTable24; effective source_manifest.json records final fall revisions.,Authorized 2024 integration audit: retain source category as its own field; exact-year codes remain in codebook; no active/inactive token inference or categorical collapse.
ipedsdb-panel-2004-2024-mixed-v1,FLAGS,IDENTITY_2024_PRCH_HR_00090009,PRCH_HR,00090009,not_collapsible,,,,,,,false,Original IPEDS202425.accdb SHA256 98e9175e54ba719cf7f0bfcc8e043fac4d11babd1b73ba1701ebbdc23e5470f5; exact physical schema and varTable24; effective source_manifest.json records final fall revisions.,Authorized 2024 integration audit: retain source category as its own field; exact-year codes remain in codebook; no active/inactive token inference or categorical collapse.
ipedsdb-panel-2004-2024-mixed-v1,FLAGS,IDENTITY_2024_IMP_HR_00090005,IMP_HR,00090005,not_collapsible,,,,,,,false,Original IPEDS202425.accdb SHA256 98e9175e54ba719cf7f0bfcc8e043fac4d11babd1b73ba1701ebbdc23e5470f5; exact physical schema and varTable24; effective source_manifest.json records final fall revisions.,Authorized 2024 integration audit: retain source category as its own field; exact-year codes remain in codebook; no active/inactive token inference or categorical collapse.
ipedsdb-panel-2004-2024-mixed-v1,FLAGS,IDENTITY_2024_FTEMP15_00050026,FTEMP15,00050026,not_collapsible,,,,,,,false,Original IPEDS202425.accdb SHA256 98e9175e54ba719cf7f0bfcc8e043fac4d11babd1b73ba1701ebbdc23e5470f5; exact physical schema and varTable24; effective source_manifest.json records final fall revisions.,Authorized 2024 integration audit: retain source category as its own field; exact-year codes remain in codebook; no active/inactive token inference or categorical collapse.
ipedsdb-panel-2004-2024-mixed-v1,FLAGS,IDENTITY_2024_TENURSYS_00090200,TENURSYS,00090200,not_collapsible,,,,,,,false,Original IPEDS202425.accdb SHA256 98e9175e54ba719cf7f0bfcc8e043fac4d11babd1b73ba1701ebbdc23e5470f5; exact physical schema and varTable24; effective source_manifest.json records final fall revisions.,Authorized 2024 integration audit: retain source category as its own field; exact-year codes remain in codebook; no active/inactive token inference or categorical collapse.
ipedsdb-panel-2004-2024-mixed-v1,FLAGS,IDENTITY_2024_SA_EXCL_00040002,SA_EXCL,00040002,not_collapsible,,,,,,,false,Original IPEDS202425.accdb SHA256 98e9175e54ba719cf7f0bfcc8e043fac4d11babd1b73ba1701ebbdc23e5470f5; exact physical schema and varTable24; effective source_manifest.json records final fall revisions.,Authorized 2024 integration audit: retain source category as its own field; exact-year codes remain in codebook; no active/inactive token inference or categorical collapse.
ipedsdb-panel-2004-2024-mixed-v1,FLAGS,IDENTITY_2024_STAT_EAP_00090001,STAT_EAP,00090001,not_collapsible,,,,,,,false,Original IPEDS202425.accdb SHA256 98e9175e54ba719cf7f0bfcc8e043fac4d11babd1b73ba1701ebbdc23e5470f5; exact physical schema and varTable24; effective source_manifest.json records final fall revisions.,Authorized 2024 integration audit: retain source category as its own field; exact-year codes remain in codebook; no active/inactive token inference or categorical collapse.
ipedsdb-panel-2004-2024-mixed-v1,FLAGS,IDENTITY_2024_STAT_SA_00040224,STAT_SA,00040224,not_collapsible,,,,,,,false,Original IPEDS202425.accdb SHA256 98e9175e54ba719cf7f0bfcc8e043fac4d11babd1b73ba1701ebbdc23e5470f5; exact physical schema and varTable24; effective source_manifest.json records final fall revisions.,Authorized 2024 integration audit: retain source category as its own field; exact-year codes remain in codebook; no active/inactive token inference or categorical collapse.
ipedsdb-panel-2004-2024-mixed-v1,FLAGS,IDENTITY_2024_STAT_S_00050001,STAT_S,00050001,not_collapsible,,,,,,,false,Original IPEDS202425.accdb SHA256 98e9175e54ba719cf7f0bfcc8e043fac4d11babd1b73ba1701ebbdc23e5470f5; exact physical schema and varTable24; effective source_manifest.json records final fall revisions.,Authorized 2024 integration audit: retain source category as its own field; exact-year codes remain in codebook; no active/inactive token inference or categorical collapse.
ipedsdb-panel-2004-2024-mixed-v1,FLAGS,IDENTITY_2024_STAT_EF_00020001,STAT_EF,00020001,not_collapsible,,,,,,,false,Original IPEDS202425.accdb SHA256 98e9175e54ba719cf7f0bfcc8e043fac4d11babd1b73ba1701ebbdc23e5470f5; exact physical schema and varTable24; effective source_manifest.json records final fall revisions.,Authorized 2024 integration audit: retain source category as its own field; exact-year codes remain in codebook; no active/inactive token inference or categorical collapse.
ipedsdb-panel-2004-2024-mixed-v1,FLAGS,IDENTITY_2024_LOCK_EF_00020006,LOCK_EF,00020006,not_collapsible,,,,,,,false,Original IPEDS202425.accdb SHA256 98e9175e54ba719cf7f0bfcc8e043fac4d11babd1b73ba1701ebbdc23e5470f5; exact physical schema and varTable24; effective source_manifest.json records final fall revisions.,Authorized 2024 integration audit: retain source category as its own field; exact-year codes remain in codebook; no active/inactive token inference or categorical collapse.
ipedsdb-panel-2004-2024-mixed-v1,FLAGS,IDENTITY_2024_PRCH_EF_00020011,PRCH_EF,00020011,not_collapsible,,,,,,,false,Original IPEDS202425.accdb SHA256 98e9175e54ba719cf7f0bfcc8e043fac4d11babd1b73ba1701ebbdc23e5470f5; exact physical schema and varTable24; effective source_manifest.json records final fall revisions.,Authorized 2024 integration audit: retain source category as its own field; exact-year codes remain in codebook; no active/inactive token inference or categorical collapse.
ipedsdb-panel-2004-2024-mixed-v1,FLAGS,IDENTITY_2024_IMP_EF_00020021,IMP_EF,00020021,not_collapsible,,,,,,,false,Original IPEDS202425.accdb SHA256 98e9175e54ba719cf7f0bfcc8e043fac4d11babd1b73ba1701ebbdc23e5470f5; exact physical schema and varTable24; effective source_manifest.json records final fall revisions.,Authorized 2024 integration audit: retain source category as its own field; exact-year codes remain in codebook; no active/inactive token inference or categorical collapse.
ipedsdb-panel-2004-2024-mixed-v1,FLAGS,IDENTITY_2024_PTA99_EF_00020026,PTA99_EF,00020026,not_collapsible,,,,,,,false,Original IPEDS202425.accdb SHA256 98e9175e54ba719cf7f0bfcc8e043fac4d11babd1b73ba1701ebbdc23e5470f5; exact physical schema and varTable24; effective source_manifest.json records final fall revisions.,Authorized 2024 integration audit: retain source category as its own field; exact-year codes remain in codebook; no active/inactive token inference or categorical collapse.
ipedsdb-panel-2004-2024-mixed-v1,FLAGS,IDENTITY_2024_PTACIPEF_00023367,PTACIPEF,00023367,not_collapsible,,,,,,,false,Original IPEDS202425.accdb SHA256 98e9175e54ba719cf7f0bfcc8e043fac4d11babd1b73ba1701ebbdc23e5470f5; exact physical schema and varTable24; effective source_manifest.json records final fall revisions.,Authorized 2024 integration audit: retain source category as its own field; exact-year codes remain in codebook; no active/inactive token inference or categorical collapse.
ipedsdb-panel-2004-2024-mixed-v1,FLAGS,IDENTITY_2024_PTB_EF_00020031,PTB_EF,00020031,not_collapsible,,,,,,,false,Original IPEDS202425.accdb SHA256 98e9175e54ba719cf7f0bfcc8e043fac4d11babd1b73ba1701ebbdc23e5470f5; exact physical schema and varTable24; effective source_manifest.json records final fall revisions.,Authorized 2024 integration audit: retain source category as its own field; exact-year codes remain in codebook; no active/inactive token inference or categorical collapse.
ipedsdb-panel-2004-2024-mixed-v1,FLAGS,IDENTITY_2024_PTC_EF_00020036,PTC_EF,00020036,not_collapsible,,,,,,,false,Original IPEDS202425.accdb SHA256 98e9175e54ba719cf7f0bfcc8e043fac4d11babd1b73ba1701ebbdc23e5470f5; exact physical schema and varTable24; effective source_manifest.json records final fall revisions.,Authorized 2024 integration audit: retain source category as its own field; exact-year codes remain in codebook; no active/inactive token inference or categorical collapse.
ipedsdb-panel-2004-2024-mixed-v1,FLAGS,IDENTITY_2024_PTD_EF_00020041,PTD_EF,00020041,not_collapsible,,,,,,,false,Original IPEDS202425.accdb SHA256 98e9175e54ba719cf7f0bfcc8e043fac4d11babd1b73ba1701ebbdc23e5470f5; exact physical schema and varTable24; effective source_manifest.json records final fall revisions.,Authorized 2024 integration audit: retain source category as its own field; exact-year codes remain in codebook; no active/inactive token inference or categorical collapse.
ipedsdb-panel-2004-2024-mixed-v1,FLAGS,IDENTITY_2024_STAT_F_00060006,STAT_F,00060006,not_collapsible,,,,,,,false,Original IPEDS202425.accdb SHA256 98e9175e54ba719cf7f0bfcc8e043fac4d11babd1b73ba1701ebbdc23e5470f5; exact physical schema and varTable24; effective source_manifest.json records final fall revisions.,Authorized 2024 integration audit: retain source category as its own field; exact-year codes remain in codebook; no active/inactive token inference or categorical collapse.
ipedsdb-panel-2004-2024-mixed-v1,FLAGS,IDENTITY_2024_LOCK_F_00060011,LOCK_F,00060011,not_collapsible,,,,,,,false,Original IPEDS202425.accdb SHA256 98e9175e54ba719cf7f0bfcc8e043fac4d11babd1b73ba1701ebbdc23e5470f5; exact physical schema and varTable24; effective source_manifest.json records final fall revisions.,Authorized 2024 integration audit: retain source category as its own field; exact-year codes remain in codebook; no active/inactive token inference or categorical collapse.
ipedsdb-panel-2004-2024-mixed-v1,FLAGS,IDENTITY_2024_PRCH_F_00060016,PRCH_F,00060016,not_collapsible,,,,,,,false,Original IPEDS202425.accdb SHA256 98e9175e54ba719cf7f0bfcc8e043fac4d11babd1b73ba1701ebbdc23e5470f5; exact physical schema and varTable24; effective source_manifest.json records final fall revisions.,Authorized 2024 integration audit: retain source category as its own field; exact-year codes remain in codebook; no active/inactive token inference or categorical collapse.
ipedsdb-panel-2004-2024-mixed-v1,FLAGS,IDENTITY_2024_PRCHTP_F_00060015,PRCHTP_F,00060015,not_collapsible,,,,,,,false,Original IPEDS202425.accdb SHA256 98e9175e54ba719cf7f0bfcc8e043fac4d11babd1b73ba1701ebbdc23e5470f5; exact physical schema and varTable24; effective source_manifest.json records final fall revisions.,Authorized 2024 integration audit: retain source category as its own field; exact-year codes remain in codebook; no active/inactive token inference or categorical collapse.
ipedsdb-panel-2004-2024-mixed-v1,FLAGS,IDENTITY_2024_IMP_F_00060026,IMP_F,00060026,not_collapsible,,,,,,,false,Original IPEDS202425.accdb SHA256 98e9175e54ba719cf7f0bfcc8e043fac4d11babd1b73ba1701ebbdc23e5470f5; exact physical schema and varTable24; effective source_manifest.json records final fall revisions.,Authorized 2024 integration audit: retain source category as its own field; exact-year codes remain in codebook; no active/inactive token inference or categorical collapse.
ipedsdb-panel-2004-2024-mixed-v1,FLAGS,IDENTITY_2024_FORM_F_00060001,FORM_F,00060001,not_collapsible,,,,,,,false,Original IPEDS202425.accdb SHA256 98e9175e54ba719cf7f0bfcc8e043fac4d11babd1b73ba1701ebbdc23e5470f5; exact physical schema and varTable24; effective source_manifest.json records final fall revisions.,Authorized 2024 integration audit: retain source category as its own field; exact-year codes remain in codebook; no active/inactive token inference or categorical collapse.
ipedsdb-panel-2004-2024-mixed-v1,FLAGS,IDENTITY_2024_FYBEG_00060031,FYBEG,00060031,not_collapsible,,,,,,,false,Original IPEDS202425.accdb SHA256 98e9175e54ba719cf7f0bfcc8e043fac4d11babd1b73ba1701ebbdc23e5470f5; exact physical schema and varTable24; effective source_manifest.json records final fall revisions.,Authorized 2024 integration audit: retain source category as its own field; exact-year codes remain in codebook; no active/inactive token inference or categorical collapse.
ipedsdb-panel-2004-2024-mixed-v1,FLAGS,IDENTITY_2024_FYEND_00060036,FYEND,00060036,not_collapsible,,,,,,,false,Original IPEDS202425.accdb SHA256 98e9175e54ba719cf7f0bfcc8e043fac4d11babd1b73ba1701ebbdc23e5470f5; exact physical schema and varTable24; effective source_manifest.json records final fall revisions.,Authorized 2024 integration audit: retain source category as its own field; exact-year codes remain in codebook; no active/inactive token inference or categorical collapse.
ipedsdb-panel-2004-2024-mixed-v1,FLAGS,IDENTITY_2024_GPFS_00060041,GPFS,00060041,not_collapsible,,,,,,,false,Original IPEDS202425.accdb SHA256 98e9175e54ba719cf7f0bfcc8e043fac4d11babd1b73ba1701ebbdc23e5470f5; exact physical schema and varTable24; effective source_manifest.json records final fall revisions.,Authorized 2024 integration audit: retain source category as its own field; exact-year codes remain in codebook; no active/inactive token inference or categorical collapse.
ipedsdb-panel-2004-2024-mixed-v1,FLAGS,IDENTITY_2024_F1GASBAL_00060051,F1GASBAL,00060051,not_collapsible,,,,,,,false,Original IPEDS202425.accdb SHA256 98e9175e54ba719cf7f0bfcc8e043fac4d11babd1b73ba1701ebbdc23e5470f5; exact physical schema and varTable24; effective source_manifest.json records final fall revisions.,Authorized 2024 integration audit: retain source category as its own field; exact-year codes remain in codebook; no active/inactive token inference or categorical collapse.
ipedsdb-panel-2004-2024-mixed-v1,FLAGS,IDENTITY_2024_F2PELL_00060081,F2PELL,00060081,not_collapsible,,,,,,,false,Original IPEDS202425.accdb SHA256 98e9175e54ba719cf7f0bfcc8e043fac4d11babd1b73ba1701ebbdc23e5470f5; exact physical schema and varTable24; effective source_manifest.json records final fall revisions.,Authorized 2024 integration audit: retain source category as its own field; exact-year codes remain in codebook; no active/inactive token inference or categorical collapse.
ipedsdb-panel-2004-2024-mixed-v1,FLAGS,IDENTITY_2024_F3PELL_00060082,F3PELL,00060082,not_collapsible,,,,,,,false,Original IPEDS202425.accdb SHA256 98e9175e54ba719cf7f0bfcc8e043fac4d11babd1b73ba1701ebbdc23e5470f5; exact physical schema and varTable24; effective source_manifest.json records final fall revisions.,Authorized 2024 integration audit: retain source category as its own field; exact-year codes remain in codebook; no active/inactive token inference or categorical collapse.
ipedsdb-panel-2004-2024-mixed-v1,FLAGS,IDENTITY_2024_FCOLATHL_00060100,FCOLATHL,00060100,not_collapsible,,,,,,,false,Original IPEDS202425.accdb SHA256 98e9175e54ba719cf7f0bfcc8e043fac4d11babd1b73ba1701ebbdc23e5470f5; exact physical schema and varTable24; effective source_manifest.json records final fall revisions.,Authorized 2024 integration audit: retain source category as its own field; exact-year codes remain in codebook; no active/inactive token inference or categorical collapse.
ipedsdb-panel-2004-2024-mixed-v1,FLAGS,IDENTITY_2024_F_ATHEX1_00060102,F_ATHEX1,00060102,not_collapsible,,,,,,,false,Original IPEDS202425.accdb SHA256 98e9175e54ba719cf7f0bfcc8e043fac4d11babd1b73ba1701ebbdc23e5470f5; exact physical schema and varTable24; effective source_manifest.json records final fall revisions.,Authorized 2024 integration audit: retain source category as its own field; exact-year codes remain in codebook; no active/inactive token inference or categorical collapse.
ipedsdb-panel-2004-2024-mixed-v1,FLAGS,IDENTITY_2024_F_ATHEX2_00060104,F_ATHEX2,00060104,not_collapsible,,,,,,,false,Original IPEDS202425.accdb SHA256 98e9175e54ba719cf7f0bfcc8e043fac4d11babd1b73ba1701ebbdc23e5470f5; exact physical schema and varTable24; effective source_manifest.json records final fall revisions.,Authorized 2024 integration audit: retain source category as its own field; exact-year codes remain in codebook; no active/inactive token inference or categorical collapse.
ipedsdb-panel-2004-2024-mixed-v1,FLAGS,IDENTITY_2024_F_ATHEX9_00060106,F_ATHEX9,00060106,not_collapsible,,,,,,,false,Original IPEDS202425.accdb SHA256 98e9175e54ba719cf7f0bfcc8e043fac4d11babd1b73ba1701ebbdc23e5470f5; exact physical schema and varTable24; effective source_manifest.json records final fall revisions.,Authorized 2024 integration audit: retain source category as its own field; exact-year codes remain in codebook; no active/inactive token inference or categorical collapse.
ipedsdb-panel-2004-2024-mixed-v1,FLAGS,IDENTITY_2024_F_ATHRV_00060110,F_ATHRV,00060110,not_collapsible,,,,,,,false,Original IPEDS202425.accdb SHA256 98e9175e54ba719cf7f0bfcc8e043fac4d11babd1b73ba1701ebbdc23e5470f5; exact physical schema and varTable24; effective source_manifest.json records final fall revisions.,Authorized 2024 integration audit: retain source category as its own field; exact-year codes remain in codebook; no active/inactive token inference or categorical collapse.
ipedsdb-panel-2004-2024-mixed-v1,FLAGS,IDENTITY_2024_F_ATHRV1_00060091,F_ATHRV1,00060091,not_collapsible,,,,,,,false,Original IPEDS202425.accdb SHA256 98e9175e54ba719cf7f0bfcc8e043fac4d11babd1b73ba1701ebbdc23e5470f5; exact physical schema and varTable24; effective source_manifest.json records final fall revisions.,Authorized 2024 integration audit: retain source category as its own field; exact-year codes remain in codebook; no active/inactive token inference or categorical collapse.
ipedsdb-panel-2004-2024-mixed-v1,FLAGS,IDENTITY_2024_F_ATHRV2_00060092,F_ATHRV2,00060092,not_collapsible,,,,,,,false,Original IPEDS202425.accdb SHA256 98e9175e54ba719cf7f0bfcc8e043fac4d11babd1b73ba1701ebbdc23e5470f5; exact physical schema and varTable24; effective source_manifest.json records final fall revisions.,Authorized 2024 integration audit: retain source category as its own field; exact-year codes remain in codebook; no active/inactive token inference or categorical collapse.
ipedsdb-panel-2004-2024-mixed-v1,FLAGS,IDENTITY_2024_F_ATHRV9_00060094,F_ATHRV9,00060094,not_collapsible,,,,,,,false,Original IPEDS202425.accdb SHA256 98e9175e54ba719cf7f0bfcc8e043fac4d11babd1b73ba1701ebbdc23e5470f5; exact physical schema and varTable24; effective source_manifest.json records final fall revisions.,Authorized 2024 integration audit: retain source category as its own field; exact-year codes remain in codebook; no active/inactive token inference or categorical collapse.
ipedsdb-panel-2004-2024-mixed-v1,FLAGS,IDENTITY_2024_F3BIST_00066915,F3BIST,00066915,not_collapsible,,,,,,,false,Original IPEDS202425.accdb SHA256 98e9175e54ba719cf7f0bfcc8e043fac4d11babd1b73ba1701ebbdc23e5470f5; exact physical schema and varTable24; effective source_manifest.json records final fall revisions.,Authorized 2024 integration audit: retain source category as its own field; exact-year codes remain in codebook; no active/inactive token inference or categorical collapse.
ipedsdb-panel-2004-2024-mixed-v1,FLAGS,IDENTITY_2024_STAT_AL_00160001,STAT_AL,00160001,not_collapsible,,,,,,,false,Original IPEDS202425.accdb SHA256 98e9175e54ba719cf7f0bfcc8e043fac4d11babd1b73ba1701ebbdc23e5470f5; exact physical schema and varTable24; effective source_manifest.json records final fall revisions.,Authorized 2024 integration audit: retain source category as its own field; exact-year codes remain in codebook; no active/inactive token inference or categorical collapse.
ipedsdb-panel-2004-2024-mixed-v1,FLAGS,IDENTITY_2024_LOCK_AL_00160006,LOCK_AL,00160006,not_collapsible,,,,,,,false,Original IPEDS202425.accdb SHA256 98e9175e54ba719cf7f0bfcc8e043fac4d11babd1b73ba1701ebbdc23e5470f5; exact physical schema and varTable24; effective source_manifest.json records final fall revisions.,Authorized 2024 integration audit: retain source category as its own field; exact-year codes remain in codebook; no active/inactive token inference or categorical collapse.
ipedsdb-panel-2004-2024-mixed-v1,FLAGS,IDENTITY_2024_PRCH_AL_00160011,PRCH_AL,00160011,not_collapsible,,,,,,,false,Original IPEDS202425.accdb SHA256 98e9175e54ba719cf7f0bfcc8e043fac4d11babd1b73ba1701ebbdc23e5470f5; exact physical schema and varTable24; effective source_manifest.json records final fall revisions.,Authorized 2024 integration audit: retain source category as its own field; exact-year codes remain in codebook; no active/inactive token inference or categorical collapse.
ipedsdb-panel-2004-2024-mixed-v1,FLAGS,IDENTITY_2024_IMP_AL_00160021,IMP_AL,00160021,not_collapsible,,,,,,,false,Original IPEDS202425.accdb SHA256 98e9175e54ba719cf7f0bfcc8e043fac4d11babd1b73ba1701ebbdc23e5470f5; exact physical schema and varTable24; effective source_manifest.json records final fall revisions.,Authorized 2024 integration audit: retain source category as its own field; exact-year codes remain in codebook; no active/inactive token inference or categorical collapse.
ipedsdb-panel-2004-2024-mixed-v1,FLAGS,IDENTITY_2024_HASAL_00160026,HASAL,00160026,not_collapsible,,,,,,,false,Original IPEDS202425.accdb SHA256 98e9175e54ba719cf7f0bfcc8e043fac4d11babd1b73ba1701ebbdc23e5470f5; exact physical schema and varTable24; effective source_manifest.json records final fall revisions.,Authorized 2024 integration audit: retain source category as its own field; exact-year codes remain in codebook; no active/inactive token inference or categorical collapse.
ipedsdb-panel-2004-2024-mixed-v1,FLAGS,IDENTITY_2024_NTRLDSTR_00016076,NTRLDSTR,00016076,not_collapsible,,,,,,,false,Original IPEDS202425.accdb SHA256 98e9175e54ba719cf7f0bfcc8e043fac4d11babd1b73ba1701ebbdc23e5470f5; exact physical schema and varTable24; effective source_manifest.json records final fall revisions.,Authorized 2024 integration audit: retain source category as its own field; exact-year codes remain in codebook; no active/inactive token inference or categorical collapse.
ipedsdb-panel-2004-2024-mixed-v1,HD,IDENTITY_2024_STABBR_00010016,STABBR,00010016,not_collapsible,,,,,,,false,Original IPEDS202425.accdb SHA256 98e9175e54ba719cf7f0bfcc8e043fac4d11babd1b73ba1701ebbdc23e5470f5; exact physical schema and varTable24; effective source_manifest.json records final fall revisions.,Authorized 2024 integration audit: retain source category as its own field; exact-year codes remain in codebook; no active/inactive token inference or categorical collapse.
ipedsdb-panel-2004-2024-mixed-v1,HD,IDENTITY_2024_FIPS_00010026,FIPS,00010026,not_collapsible,,,,,,,false,Original IPEDS202425.accdb SHA256 98e9175e54ba719cf7f0bfcc8e043fac4d11babd1b73ba1701ebbdc23e5470f5; exact physical schema and varTable24; effective source_manifest.json records final fall revisions.,Authorized 2024 integration audit: retain source category as its own field; exact-year codes remain in codebook; no active/inactive token inference or categorical collapse.
ipedsdb-panel-2004-2024-mixed-v1,HD,IDENTITY_2024_OBEREG_00010031,OBEREG,00010031,not_collapsible,,,,,,,false,Original IPEDS202425.accdb SHA256 98e9175e54ba719cf7f0bfcc8e043fac4d11babd1b73ba1701ebbdc23e5470f5; exact physical schema and varTable24; effective source_manifest.json records final fall revisions.,Authorized 2024 integration audit: retain source category as its own field; exact-year codes remain in codebook; no active/inactive token inference or categorical collapse.
ipedsdb-panel-2004-2024-mixed-v1,HD,IDENTITY_2024_OPEFLAG_00010076,OPEFLAG,00010076,not_collapsible,,,,,,,false,Original IPEDS202425.accdb SHA256 98e9175e54ba719cf7f0bfcc8e043fac4d11babd1b73ba1701ebbdc23e5470f5; exact physical schema and varTable24; effective source_manifest.json records final fall revisions.,Authorized 2024 integration audit: retain source category as its own field; exact-year codes remain in codebook; no active/inactive token inference or categorical collapse.
ipedsdb-panel-2004-2024-mixed-v1,HD,IDENTITY_2024_SECTOR_00010086,SECTOR,00010086,not_collapsible,,,,,,,false,Original IPEDS202425.accdb SHA256 98e9175e54ba719cf7f0bfcc8e043fac4d11babd1b73ba1701ebbdc23e5470f5; exact physical schema and varTable24; effective source_manifest.json records final fall revisions.,Authorized 2024 integration audit: retain source category as its own field; exact-year codes remain in codebook; no active/inactive token inference or categorical collapse.
ipedsdb-panel-2004-2024-mixed-v1,HD,IDENTITY_2024_ICLEVEL_00010091,ICLEVEL,00010091,not_collapsible,,,,,,,false,Original IPEDS202425.accdb SHA256 98e9175e54ba719cf7f0bfcc8e043fac4d11babd1b73ba1701ebbdc23e5470f5; exact physical schema and varTable24; effective source_manifest.json records final fall revisions.,Authorized 2024 integration audit: retain source category as its own field; exact-year codes remain in codebook; no active/inactive token inference or categorical collapse.
ipedsdb-panel-2004-2024-mixed-v1,HD,IDENTITY_2024_CONTROL_00010096,CONTROL,00010096,not_collapsible,,,,,,,false,Original IPEDS202425.accdb SHA256 98e9175e54ba719cf7f0bfcc8e043fac4d11babd1b73ba1701ebbdc23e5470f5; exact physical schema and varTable24; effective source_manifest.json records final fall revisions.,Authorized 2024 integration audit: retain source category as its own field; exact-year codes remain in codebook; no active/inactive token inference or categorical collapse.
ipedsdb-panel-2004-2024-mixed-v1,HD,IDENTITY_2024_HLOFFER_00010101,HLOFFER,00010101,not_collapsible,,,,,,,false,Original IPEDS202425.accdb SHA256 98e9175e54ba719cf7f0bfcc8e043fac4d11babd1b73ba1701ebbdc23e5470f5; exact physical schema and varTable24; effective source_manifest.json records final fall revisions.,Authorized 2024 integration audit: retain source category as its own field; exact-year codes remain in codebook; no active/inactive token inference or categorical collapse.
ipedsdb-panel-2004-2024-mixed-v1,HD,IDENTITY_2024_UGOFFER_00010106,UGOFFER,00010106,not_collapsible,,,,,,,false,Original IPEDS202425.accdb SHA256 98e9175e54ba719cf7f0bfcc8e043fac4d11babd1b73ba1701ebbdc23e5470f5; exact physical schema and varTable24; effective source_manifest.json records final fall revisions.,Authorized 2024 integration audit: retain source category as its own field; exact-year codes remain in codebook; no active/inactive token inference or categorical collapse.
ipedsdb-panel-2004-2024-mixed-v1,HD,IDENTITY_2024_GROFFER_00010111,GROFFER,00010111,not_collapsible,,,,,,,false,Original IPEDS202425.accdb SHA256 98e9175e54ba719cf7f0bfcc8e043fac4d11babd1b73ba1701ebbdc23e5470f5; exact physical schema and varTable24; effective source_manifest.json records final fall revisions.,Authorized 2024 integration audit: retain source category as its own field; exact-year codes remain in codebook; no active/inactive token inference or categorical collapse.
ipedsdb-panel-2004-2024-mixed-v1,HD,IDENTITY_2024_HDEGOFR1_00010122,HDEGOFR1,00010122,not_collapsible,,,,,,,false,Original IPEDS202425.accdb SHA256 98e9175e54ba719cf7f0bfcc8e043fac4d11babd1b73ba1701ebbdc23e5470f5; exact physical schema and varTable24; effective source_manifest.json records final fall revisions.,Authorized 2024 integration audit: retain source category as its own field; exact-year codes remain in codebook; no active/inactive token inference or categorical collapse.
ipedsdb-panel-2004-2024-mixed-v1,HD,IDENTITY_2024_DEGGRANT_00010126,DEGGRANT,00010126,not_collapsible,,,,,,,false,Original IPEDS202425.accdb SHA256 98e9175e54ba719cf7f0bfcc8e043fac4d11babd1b73ba1701ebbdc23e5470f5; exact physical schema and varTable24; effective source_manifest.json records final fall revisions.,Authorized 2024 integration audit: retain source category as its own field; exact-year codes remain in codebook; no active/inactive token inference or categorical collapse.
ipedsdb-panel-2004-2024-mixed-v1,HD,IDENTITY_2024_HBCU_00010151,HBCU,00010151,not_collapsible,,,,,,,false,Original IPEDS202425.accdb SHA256 98e9175e54ba719cf7f0bfcc8e043fac4d11babd1b73ba1701ebbdc23e5470f5; exact physical schema and varTable24; effective source_manifest.json records final fall revisions.,Authorized 2024 integration audit: retain source category as its own field; exact-year codes remain in codebook; no active/inactive token inference or categorical collapse.
ipedsdb-panel-2004-2024-mixed-v1,HD,IDENTITY_2024_HOSPITAL_00010156,HOSPITAL,00010156,not_collapsible,,,,,,,false,Original IPEDS202425.accdb SHA256 98e9175e54ba719cf7f0bfcc8e043fac4d11babd1b73ba1701ebbdc23e5470f5; exact physical schema and varTable24; effective source_manifest.json records final fall revisions.,Authorized 2024 integration audit: retain source category as its own field; exact-year codes remain in codebook; no active/inactive token inference or categorical collapse.
ipedsdb-panel-2004-2024-mixed-v1,HD,IDENTITY_2024_MEDICAL_00010161,MEDICAL,00010161,not_collapsible,,,,,,,false,Original IPEDS202425.accdb SHA256 98e9175e54ba719cf7f0bfcc8e043fac4d11babd1b73ba1701ebbdc23e5470f5; exact physical schema and varTable24; effective source_manifest.json records final fall revisions.,Authorized 2024 integration audit: retain source category as its own field; exact-year codes remain in codebook; no active/inactive token inference or categorical collapse.
ipedsdb-panel-2004-2024-mixed-v1,HD,IDENTITY_2024_TRIBAL_00010166,TRIBAL,00010166,not_collapsible,,,,,,,false,Original IPEDS202425.accdb SHA256 98e9175e54ba719cf7f0bfcc8e043fac4d11babd1b73ba1701ebbdc23e5470f5; exact physical schema and varTable24; effective source_manifest.json records final fall revisions.,Authorized 2024 integration audit: retain source category as its own field; exact-year codes remain in codebook; no active/inactive token inference or categorical collapse.
ipedsdb-panel-2004-2024-mixed-v1,HD,IDENTITY_2024_LOCALE_00010176,LOCALE,00010176,not_collapsible,,,,,,,false,Original IPEDS202425.accdb SHA256 98e9175e54ba719cf7f0bfcc8e043fac4d11babd1b73ba1701ebbdc23e5470f5; exact physical schema and varTable24; effective source_manifest.json records final fall revisions.,Authorized 2024 integration audit: retain source category as its own field; exact-year codes remain in codebook; no active/inactive token inference or categorical collapse.
ipedsdb-panel-2004-2024-mixed-v1,HD,IDENTITY_2024_OPENPUBL_00010181,OPENPUBL,00010181,not_collapsible,,,,,,,false,Original IPEDS202425.accdb SHA256 98e9175e54ba719cf7f0bfcc8e043fac4d11babd1b73ba1701ebbdc23e5470f5; exact physical schema and varTable24; effective source_manifest.json records final fall revisions.,Authorized 2024 integration audit: retain source category as its own field; exact-year codes remain in codebook; no active/inactive token inference or categorical collapse.
ipedsdb-panel-2004-2024-mixed-v1,HD,IDENTITY_2024_ACT_00010186,ACT,00010186,not_collapsible,,,,,,,false,Original IPEDS202425.accdb SHA256 98e9175e54ba719cf7f0bfcc8e043fac4d11babd1b73ba1701ebbdc23e5470f5; exact physical schema and varTable24; effective source_manifest.json records final fall revisions.,Authorized 2024 integration audit: retain source category as its own field; exact-year codes remain in codebook; no active/inactive token inference or categorical collapse.
ipedsdb-panel-2004-2024-mixed-v1,HD,IDENTITY_2024_DEATHYR_00010196,DEATHYR,00010196,not_collapsible,,,,,,,false,Original IPEDS202425.accdb SHA256 98e9175e54ba719cf7f0bfcc8e043fac4d11babd1b73ba1701ebbdc23e5470f5; exact physical schema and varTable24; effective source_manifest.json records final fall revisions.,Authorized 2024 integration audit: retain source category as its own field; exact-year codes remain in codebook; no active/inactive token inference or categorical collapse.
ipedsdb-panel-2004-2024-mixed-v1,HD,IDENTITY_2024_CYACTIVE_00010206,CYACTIVE,00010206,not_collapsible,,,,,,,false,Original IPEDS202425.accdb SHA256 98e9175e54ba719cf7f0bfcc8e043fac4d11babd1b73ba1701ebbdc23e5470f5; exact physical schema and varTable24; effective source_manifest.json records final fall revisions.,Authorized 2024 integration audit: retain source category as its own field; exact-year codes remain in codebook; no active/inactive token inference or categorical collapse.
ipedsdb-panel-2004-2024-mixed-v1,HD,IDENTITY_2024_POSTSEC_00010211,POSTSEC,00010211,not_collapsible,,,,,,,false,Original IPEDS202425.accdb SHA256 98e9175e54ba719cf7f0bfcc8e043fac4d11babd1b73ba1701ebbdc23e5470f5; exact physical schema and varTable24; effective source_manifest.json records final fall revisions.,Authorized 2024 integration audit: retain source category as its own field; exact-year codes remain in codebook; no active/inactive token inference or categorical collapse.
ipedsdb-panel-2004-2024-mixed-v1,HD,IDENTITY_2024_PSEFLAG_00010216,PSEFLAG,00010216,not_collapsible,,,,,,,false,Original IPEDS202425.accdb SHA256 98e9175e54ba719cf7f0bfcc8e043fac4d11babd1b73ba1701ebbdc23e5470f5; exact physical schema and varTable24; effective source_manifest.json records final fall revisions.,Authorized 2024 integration audit: retain source category as its own field; exact-year codes remain in codebook; no active/inactive token inference or categorical collapse.
ipedsdb-panel-2004-2024-mixed-v1,HD,IDENTITY_2024_PSET4FLG_00010221,PSET4FLG,00010221,not_collapsible,,,,,,,false,Original IPEDS202425.accdb SHA256 98e9175e54ba719cf7f0bfcc8e043fac4d11babd1b73ba1701ebbdc23e5470f5; exact physical schema and varTable24; effective source_manifest.json records final fall revisions.,Authorized 2024 integration audit: retain source category as its own field; exact-year codes remain in codebook; no active/inactive token inference or categorical collapse.
ipedsdb-panel-2004-2024-mixed-v1,HD,IDENTITY_2024_RPTMTH_00015055,RPTMTH,00015055,not_collapsible,,,,,,,false,Original IPEDS202425.accdb SHA256 98e9175e54ba719cf7f0bfcc8e043fac4d11babd1b73ba1701ebbdc23e5470f5; exact physical schema and varTable24; effective source_manifest.json records final fall revisions.,Authorized 2024 integration audit: retain source category as its own field; exact-year codes remain in codebook; no active/inactive token inference or categorical collapse.
ipedsdb-panel-2004-2024-mixed-v1,HD,IDENTITY_2024_INSTCAT_00015210,INSTCAT,00015210,not_collapsible,,,,,,,false,Original IPEDS202425.accdb SHA256 98e9175e54ba719cf7f0bfcc8e043fac4d11babd1b73ba1701ebbdc23e5470f5; exact physical schema and varTable24; effective source_manifest.json records final fall revisions.,Authorized 2024 integration audit: retain source category as its own field; exact-year codes remain in codebook; no active/inactive token inference or categorical collapse.
ipedsdb-panel-2004-2024-mixed-v1,HD,IDENTITY_2024_C00CARNEGIE_00010300,C00CARNEGIE,00010300,not_collapsible,,,,,,,false,Original IPEDS202425.accdb SHA256 98e9175e54ba719cf7f0bfcc8e043fac4d11babd1b73ba1701ebbdc23e5470f5; exact physical schema and varTable24; effective source_manifest.json records final fall revisions.,Authorized 2024 integration audit: retain source category as its own field; exact-year codes remain in codebook; no active/inactive token inference or categorical collapse.
ipedsdb-panel-2004-2024-mixed-v1,HD,IDENTITY_2024_C21BASIC_00015620,C21BASIC,00015620,not_collapsible,,,,,,,false,Original IPEDS202425.accdb SHA256 98e9175e54ba719cf7f0bfcc8e043fac4d11babd1b73ba1701ebbdc23e5470f5; exact physical schema and varTable24; effective source_manifest.json records final fall revisions.,Authorized 2024 integration audit: retain source category as its own field; exact-year codes remain in codebook; no active/inactive token inference or categorical collapse.
ipedsdb-panel-2004-2024-mixed-v1,HD,IDENTITY_2024_CARNEGIEIC_00010305,CARNEGIEIC,00010305,not_collapsible,,,,,,,false,Original IPEDS202425.accdb SHA256 98e9175e54ba719cf7f0bfcc8e043fac4d11babd1b73ba1701ebbdc23e5470f5; exact physical schema and varTable24; effective source_manifest.json records final fall revisions.,Authorized 2024 integration audit: retain source category as its own field; exact-year codes remain in codebook; no active/inactive token inference or categorical collapse.
ipedsdb-panel-2004-2024-mixed-v1,HD,IDENTITY_2024_CARNEGIESAEC_00010310,CARNEGIESAEC,00010310,not_collapsible,,,,,,,false,Original IPEDS202425.accdb SHA256 98e9175e54ba719cf7f0bfcc8e043fac4d11babd1b73ba1701ebbdc23e5470f5; exact physical schema and varTable24; effective source_manifest.json records final fall revisions.,Authorized 2024 integration audit: retain source category as its own field; exact-year codes remain in codebook; no active/inactive token inference or categorical collapse.
ipedsdb-panel-2004-2024-mixed-v1,HD,IDENTITY_2024_CARNEGIERSCH_00010331,CARNEGIERSCH,00010331,not_collapsible,,,,,,,false,Original IPEDS202425.accdb SHA256 98e9175e54ba719cf7f0bfcc8e043fac4d11babd1b73ba1701ebbdc23e5470f5; exact physical schema and varTable24; effective source_manifest.json records final fall revisions.,Authorized 2024 integration audit: retain source category as its own field; exact-year codes remain in codebook; no active/inactive token inference or categorical collapse.
ipedsdb-panel-2004-2024-mixed-v1,HD,IDENTITY_2024_CARNEGIESIZE_00010315,CARNEGIESIZE,00010315,not_collapsible,,,,,,,false,Original IPEDS202425.accdb SHA256 98e9175e54ba719cf7f0bfcc8e043fac4d11babd1b73ba1701ebbdc23e5470f5; exact physical schema and varTable24; effective source_manifest.json records final fall revisions.,Authorized 2024 integration audit: retain source category as its own field; exact-year codes remain in codebook; no active/inactive token inference or categorical collapse.
ipedsdb-panel-2004-2024-mixed-v1,HD,IDENTITY_2024_CARNEGIEALF_00010320,CARNEGIEALF,00010320,not_collapsible,,,,,,,false,Original IPEDS202425.accdb SHA256 98e9175e54ba719cf7f0bfcc8e043fac4d11babd1b73ba1701ebbdc23e5470f5; exact physical schema and varTable24; effective source_manifest.json records final fall revisions.,Authorized 2024 integration audit: retain source category as its own field; exact-year codes remain in codebook; no active/inactive token inference or categorical collapse.
ipedsdb-panel-2004-2024-mixed-v1,HD,IDENTITY_2024_CARNEGIEAPM_00010325,CARNEGIEAPM,00010325,not_collapsible,,,,,,,false,Original IPEDS202425.accdb SHA256 98e9175e54ba719cf7f0bfcc8e043fac4d11babd1b73ba1701ebbdc23e5470f5; exact physical schema and varTable24; effective source_manifest.json records final fall revisions.,Authorized 2024 integration audit: retain source category as its own field; exact-year codes remain in codebook; no active/inactive token inference or categorical collapse.
ipedsdb-panel-2004-2024-mixed-v1,HD,IDENTITY_2024_CARNEGIEGPM_00010330,CARNEGIEGPM,00010330,not_collapsible,,,,,,,false,Original IPEDS202425.accdb SHA256 98e9175e54ba719cf7f0bfcc8e043fac4d11babd1b73ba1701ebbdc23e5470f5; exact physical schema and varTable24; effective source_manifest.json records final fall revisions.,Authorized 2024 integration audit: retain source category as its own field; exact-year codes remain in codebook; no active/inactive token inference or categorical collapse.
ipedsdb-panel-2004-2024-mixed-v1,HD,IDENTITY_2024_LANDGRNT_00015225,LANDGRNT,00015225,not_collapsible,,,,,,,false,Original IPEDS202425.accdb SHA256 98e9175e54ba719cf7f0bfcc8e043fac4d11babd1b73ba1701ebbdc23e5470f5; exact physical schema and varTable24; effective source_manifest.json records final fall revisions.,Authorized 2024 integration audit: retain source category as its own field; exact-year codes remain in codebook; no active/inactive token inference or categorical collapse.
ipedsdb-panel-2004-2024-mixed-v1,HD,IDENTITY_2024_INSTSIZE_00023357,INSTSIZE,00023357,not_collapsible,,,,,,,false,Original IPEDS202425.accdb SHA256 98e9175e54ba719cf7f0bfcc8e043fac4d11babd1b73ba1701ebbdc23e5470f5; exact physical schema and varTable24; effective source_manifest.json records final fall revisions.,Authorized 2024 integration audit: retain source category as its own field; exact-year codes remain in codebook; no active/inactive token inference or categorical collapse.
ipedsdb-panel-2004-2024-mixed-v1,HD,IDENTITY_2024_F1SYSTYP_00016066,F1SYSTYP,00016066,not_collapsible,,,,,,,false,Original IPEDS202425.accdb SHA256 98e9175e54ba719cf7f0bfcc8e043fac4d11babd1b73ba1701ebbdc23e5470f5; exact physical schema and varTable24; effective source_manifest.json records final fall revisions.,Authorized 2024 integration audit: retain source category as its own field; exact-year codes remain in codebook; no active/inactive token inference or categorical collapse.
ipedsdb-panel-2004-2024-mixed-v1,HD,IDENTITY_2024_F1SYSCOD_00016070,F1SYSCOD,00016070,not_collapsible,,,,,,,false,Original IPEDS202425.accdb SHA256 98e9175e54ba719cf7f0bfcc8e043fac4d11babd1b73ba1701ebbdc23e5470f5; exact physical schema and varTable24; effective source_manifest.json records final fall revisions.,Authorized 2024 integration audit: retain source category as its own field; exact-year codes remain in codebook; no active/inactive token inference or categorical collapse.
ipedsdb-panel-2004-2024-mixed-v1,HD,IDENTITY_2024_CBSA_00016086,CBSA,00016086,not_collapsible,,,,,,,false,Original IPEDS202425.accdb SHA256 98e9175e54ba719cf7f0bfcc8e043fac4d11babd1b73ba1701ebbdc23e5470f5; exact physical schema and varTable24; effective source_manifest.json records final fall revisions.,Authorized 2024 integration audit: retain source category as its own field; exact-year codes remain in codebook; no active/inactive token inference or categorical collapse.
ipedsdb-panel-2004-2024-mixed-v1,HD,IDENTITY_2024_CBSATYPE_00016091,CBSATYPE,00016091,not_collapsible,,,,,,,false,Original IPEDS202425.accdb SHA256 98e9175e54ba719cf7f0bfcc8e043fac4d11babd1b73ba1701ebbdc23e5470f5; exact physical schema and varTable24; effective source_manifest.json records final fall revisions.,Authorized 2024 integration audit: retain source category as its own field; exact-year codes remain in codebook; no active/inactive token inference or categorical collapse.
ipedsdb-panel-2004-2024-mixed-v1,HD,IDENTITY_2024_CSA_00016096,CSA,00016096,not_collapsible,,,,,,,false,Original IPEDS202425.accdb SHA256 98e9175e54ba719cf7f0bfcc8e043fac4d11babd1b73ba1701ebbdc23e5470f5; exact physical schema and varTable24; effective source_manifest.json records final fall revisions.,Authorized 2024 integration audit: retain source category as its own field; exact-year codes remain in codebook; no active/inactive token inference or categorical collapse.
ipedsdb-panel-2004-2024-mixed-v1,HD,IDENTITY_2024_COUNTYCD_00016116,COUNTYCD,00016116,not_collapsible,,,,,,,false,Original IPEDS202425.accdb SHA256 98e9175e54ba719cf7f0bfcc8e043fac4d11babd1b73ba1701ebbdc23e5470f5; exact physical schema and varTable24; effective source_manifest.json records final fall revisions.,Authorized 2024 integration audit: retain source category as its own field; exact-year codes remain in codebook; no active/inactive token inference or categorical collapse.
ipedsdb-panel-2004-2024-mixed-v1,HD,IDENTITY_2024_CNGDSTCD_00016126,CNGDSTCD,00016126,not_collapsible,,,,,,,false,Original IPEDS202425.accdb SHA256 98e9175e54ba719cf7f0bfcc8e043fac4d11babd1b73ba1701ebbdc23e5470f5; exact physical schema and varTable24; effective source_manifest.json records final fall revisions.,Authorized 2024 integration audit: retain source category as its own field; exact-year codes remain in codebook; no active/inactive token inference or categorical collapse.
ipedsdb-panel-2004-2024-mixed-v1,HD,IDENTITY_2024_DFRCGID_00015230,DFRCGID,00015230,not_collapsible,,,,,,,false,Original IPEDS202425.accdb SHA256 98e9175e54ba719cf7f0bfcc8e043fac4d11babd1b73ba1701ebbdc23e5470f5; exact physical schema and varTable24; effective source_manifest.json records final fall revisions.,Authorized 2024 integration audit: retain source category as its own field; exact-year codes remain in codebook; no active/inactive token inference or categorical collapse.
ipedsdb-panel-2004-2024-mixed-v1,HD,IDENTITY_2024_DFRCUSCG_00016000,DFRCUSCG,00016000,not_collapsible,,,,,,,false,Original IPEDS202425.accdb SHA256 98e9175e54ba719cf7f0bfcc8e043fac4d11babd1b73ba1701ebbdc23e5470f5; exact physical schema and varTable24; effective source_manifest.json records final fall revisions.,Authorized 2024 integration audit: retain source category as its own field; exact-year codes remain in codebook; no active/inactive token inference or categorical collapse.
ipedsdb-panel-2004-2024-mixed-v1,IC,IDENTITY_2024_PEO1ISTR_00010361,PEO1ISTR,00010361,not_collapsible,,,,,,,false,Original IPEDS202425.accdb SHA256 98e9175e54ba719cf7f0bfcc8e043fac4d11babd1b73ba1701ebbdc23e5470f5; exact physical schema and varTable24; effective source_manifest.json records final fall revisions.,Authorized 2024 integration audit: retain source category as its own field; exact-year codes remain in codebook; no active/inactive token inference or categorical collapse.
ipedsdb-panel-2004-2024-mixed-v1,IC,IDENTITY_2024_PEO2ISTR_00010366,PEO2ISTR,00010366,not_collapsible,,,,,,,false,Original IPEDS202425.accdb SHA256 98e9175e54ba719cf7f0bfcc8e043fac4d11babd1b73ba1701ebbdc23e5470f5; exact physical schema and varTable24; effective source_manifest.json records final fall revisions.,Authorized 2024 integration audit: retain source category as its own field; exact-year codes remain in codebook; no active/inactive token inference or categorical collapse.
ipedsdb-panel-2004-2024-mixed-v1,IC,IDENTITY_2024_PEO3ISTR_00010371,PEO3ISTR,00010371,not_collapsible,,,,,,,false,Original IPEDS202425.accdb SHA256 98e9175e54ba719cf7f0bfcc8e043fac4d11babd1b73ba1701ebbdc23e5470f5; exact physical schema and varTable24; effective source_manifest.json records final fall revisions.,Authorized 2024 integration audit: retain source category as its own field; exact-year codes remain in codebook; no active/inactive token inference or categorical collapse.
ipedsdb-panel-2004-2024-mixed-v1,IC,IDENTITY_2024_PEO4ISTR_00010376,PEO4ISTR,00010376,not_collapsible,,,,,,,false,Original IPEDS202425.accdb SHA256 98e9175e54ba719cf7f0bfcc8e043fac4d11babd1b73ba1701ebbdc23e5470f5; exact physical schema and varTable24; effective source_manifest.json records final fall revisions.,Authorized 2024 integration audit: retain source category as its own field; exact-year codes remain in codebook; no active/inactive token inference or categorical collapse.
ipedsdb-panel-2004-2024-mixed-v1,IC,IDENTITY_2024_PEO5ISTR_00010381,PEO5ISTR,00010381,not_collapsible,,,,,,,false,Original IPEDS202425.accdb SHA256 98e9175e54ba719cf7f0bfcc8e043fac4d11babd1b73ba1701ebbdc23e5470f5; exact physical schema and varTable24; effective source_manifest.json records final fall revisions.,Authorized 2024 integration audit: retain source category as its own field; exact-year codes remain in codebook; no active/inactive token inference or categorical collapse.
ipedsdb-panel-2004-2024-mixed-v1,IC,IDENTITY_2024_PEO6ISTR_00010386,PEO6ISTR,00010386,not_collapsible,,,,,,,false,Original IPEDS202425.accdb SHA256 98e9175e54ba719cf7f0bfcc8e043fac4d11babd1b73ba1701ebbdc23e5470f5; exact physical schema and varTable24; effective source_manifest.json records final fall revisions.,Authorized 2024 integration audit: retain source category as its own field; exact-year codes remain in codebook; no active/inactive token inference or categorical collapse.
ipedsdb-panel-2004-2024-mixed-v1,IC,IDENTITY_2024_PEO7ISTR_00010388,PEO7ISTR,00010388,not_collapsible,,,,,,,false,Original IPEDS202425.accdb SHA256 98e9175e54ba719cf7f0bfcc8e043fac4d11babd1b73ba1701ebbdc23e5470f5; exact physical schema and varTable24; effective source_manifest.json records final fall revisions.,Authorized 2024 integration audit: retain source category as its own field; exact-year codes remain in codebook; no active/inactive token inference or categorical collapse.
ipedsdb-panel-2004-2024-mixed-v1,IC,IDENTITY_2024_CNTLAFFI_00010391,CNTLAFFI,00010391,not_collapsible,,,,,,,false,Original IPEDS202425.accdb SHA256 98e9175e54ba719cf7f0bfcc8e043fac4d11babd1b73ba1701ebbdc23e5470f5; exact physical schema and varTable24; effective source_manifest.json records final fall revisions.,Authorized 2024 integration audit: retain source category as its own field; exact-year codes remain in codebook; no active/inactive token inference or categorical collapse.
ipedsdb-panel-2004-2024-mixed-v1,IC,IDENTITY_2024_PUBPRIME_00010396,PUBPRIME,00010396,not_collapsible,,,,,,,false,Original IPEDS202425.accdb SHA256 98e9175e54ba719cf7f0bfcc8e043fac4d11babd1b73ba1701ebbdc23e5470f5; exact physical schema and varTable24; effective source_manifest.json records final fall revisions.,Authorized 2024 integration audit: retain source category as its own field; exact-year codes remain in codebook; no active/inactive token inference or categorical collapse.
ipedsdb-panel-2004-2024-mixed-v1,IC,IDENTITY_2024_PUBSECON_00010401,PUBSECON,00010401,not_collapsible,,,,,,,false,Original IPEDS202425.accdb SHA256 98e9175e54ba719cf7f0bfcc8e043fac4d11babd1b73ba1701ebbdc23e5470f5; exact physical schema and varTable24; effective source_manifest.json records final fall revisions.,Authorized 2024 integration audit: retain source category as its own field; exact-year codes remain in codebook; no active/inactive token inference or categorical collapse.
ipedsdb-panel-2004-2024-mixed-v1,IC,IDENTITY_2024_RELAFFIL_00010406,RELAFFIL,00010406,not_collapsible,,,,,,,false,Original IPEDS202425.accdb SHA256 98e9175e54ba719cf7f0bfcc8e043fac4d11babd1b73ba1701ebbdc23e5470f5; exact physical schema and varTable24; effective source_manifest.json records final fall revisions.,Authorized 2024 integration audit: retain source category as its own field; exact-year codes remain in codebook; no active/inactive token inference or categorical collapse.
ipedsdb-panel-2004-2024-mixed-v1,IC,IDENTITY_2024_LEVEL1_00010411,LEVEL1,00010411,not_collapsible,,,,,,,false,Original IPEDS202425.accdb SHA256 98e9175e54ba719cf7f0bfcc8e043fac4d11babd1b73ba1701ebbdc23e5470f5; exact physical schema and varTable24; effective source_manifest.json records final fall revisions.,Authorized 2024 integration audit: retain source category as its own field; exact-year codes remain in codebook; no active/inactive token inference or categorical collapse.
ipedsdb-panel-2004-2024-mixed-v1,IC,IDENTITY_2024_LEVEL1A_00010412,LEVEL1A,00010412,not_collapsible,,,,,,,false,Original IPEDS202425.accdb SHA256 98e9175e54ba719cf7f0bfcc8e043fac4d11babd1b73ba1701ebbdc23e5470f5; exact physical schema and varTable24; effective source_manifest.json records final fall revisions.,Authorized 2024 integration audit: retain source category as its own field; exact-year codes remain in codebook; no active/inactive token inference or categorical collapse.
ipedsdb-panel-2004-2024-mixed-v1,IC,IDENTITY_2024_LEVEL1B_00010413,LEVEL1B,00010413,not_collapsible,,,,,,,false,Original IPEDS202425.accdb SHA256 98e9175e54ba719cf7f0bfcc8e043fac4d11babd1b73ba1701ebbdc23e5470f5; exact physical schema and varTable24; effective source_manifest.json records final fall revisions.,Authorized 2024 integration audit: retain source category as its own field; exact-year codes remain in codebook; no active/inactive token inference or categorical collapse.
ipedsdb-panel-2004-2024-mixed-v1,IC,IDENTITY_2024_LEVEL2_00010416,LEVEL2,00010416,not_collapsible,,,,,,,false,Original IPEDS202425.accdb SHA256 98e9175e54ba719cf7f0bfcc8e043fac4d11babd1b73ba1701ebbdc23e5470f5; exact physical schema and varTable24; effective source_manifest.json records final fall revisions.,Authorized 2024 integration audit: retain source category as its own field; exact-year codes remain in codebook; no active/inactive token inference or categorical collapse.
ipedsdb-panel-2004-2024-mixed-v1,IC,IDENTITY_2024_LEVEL3_00010421,LEVEL3,00010421,not_collapsible,,,,,,,false,Original IPEDS202425.accdb SHA256 98e9175e54ba719cf7f0bfcc8e043fac4d11babd1b73ba1701ebbdc23e5470f5; exact physical schema and varTable24; effective source_manifest.json records final fall revisions.,Authorized 2024 integration audit: retain source category as its own field; exact-year codes remain in codebook; no active/inactive token inference or categorical collapse.
ipedsdb-panel-2004-2024-mixed-v1,IC,IDENTITY_2024_LEVEL4_00010426,LEVEL4,00010426,not_collapsible,,,,,,,false,Original IPEDS202425.accdb SHA256 98e9175e54ba719cf7f0bfcc8e043fac4d11babd1b73ba1701ebbdc23e5470f5; exact physical schema and varTable24; effective source_manifest.json records final fall revisions.,Authorized 2024 integration audit: retain source category as its own field; exact-year codes remain in codebook; no active/inactive token inference or categorical collapse.
ipedsdb-panel-2004-2024-mixed-v1,IC,IDENTITY_2024_LEVEL5_00010431,LEVEL5,00010431,not_collapsible,,,,,,,false,Original IPEDS202425.accdb SHA256 98e9175e54ba719cf7f0bfcc8e043fac4d11babd1b73ba1701ebbdc23e5470f5; exact physical schema and varTable24; effective source_manifest.json records final fall revisions.,Authorized 2024 integration audit: retain source category as its own field; exact-year codes remain in codebook; no active/inactive token inference or categorical collapse.
ipedsdb-panel-2004-2024-mixed-v1,IC,IDENTITY_2024_LEVEL6_00010436,LEVEL6,00010436,not_collapsible,,,,,,,false,Original IPEDS202425.accdb SHA256 98e9175e54ba719cf7f0bfcc8e043fac4d11babd1b73ba1701ebbdc23e5470f5; exact physical schema and varTable24; effective source_manifest.json records final fall revisions.,Authorized 2024 integration audit: retain source category as its own field; exact-year codes remain in codebook; no active/inactive token inference or categorical collapse.
ipedsdb-panel-2004-2024-mixed-v1,IC,IDENTITY_2024_LEVEL7_00010441,LEVEL7,00010441,not_collapsible,,,,,,,false,Original IPEDS202425.accdb SHA256 98e9175e54ba719cf7f0bfcc8e043fac4d11babd1b73ba1701ebbdc23e5470f5; exact physical schema and varTable24; effective source_manifest.json records final fall revisions.,Authorized 2024 integration audit: retain source category as its own field; exact-year codes remain in codebook; no active/inactive token inference or categorical collapse.
ipedsdb-panel-2004-2024-mixed-v1,IC,IDENTITY_2024_LEVEL8_00010446,LEVEL8,00010446,not_collapsible,,,,,,,false,Original IPEDS202425.accdb SHA256 98e9175e54ba719cf7f0bfcc8e043fac4d11babd1b73ba1701ebbdc23e5470f5; exact physical schema and varTable24; effective source_manifest.json records final fall revisions.,Authorized 2024 integration audit: retain source category as its own field; exact-year codes remain in codebook; no active/inactive token inference or categorical collapse.
ipedsdb-panel-2004-2024-mixed-v1,IC,IDENTITY_2024_LEVEL12_00010466,LEVEL12,00010466,not_collapsible,,,,,,,false,Original IPEDS202425.accdb SHA256 98e9175e54ba719cf7f0bfcc8e043fac4d11babd1b73ba1701ebbdc23e5470f5; exact physical schema and varTable24; effective source_manifest.json records final fall revisions.,Authorized 2024 integration audit: retain source category as its own field; exact-year codes remain in codebook; no active/inactive token inference or categorical collapse.
ipedsdb-panel-2004-2024-mixed-v1,IC,IDENTITY_2024_LEVEL17_00010452,LEVEL17,00010452,not_collapsible,,,,,,,false,Original IPEDS202425.accdb SHA256 98e9175e54ba719cf7f0bfcc8e043fac4d11babd1b73ba1701ebbdc23e5470f5; exact physical schema and varTable24; effective source_manifest.json records final fall revisions.,Authorized 2024 integration audit: retain source category as its own field; exact-year codes remain in codebook; no active/inactive token inference or categorical collapse.
ipedsdb-panel-2004-2024-mixed-v1,IC,IDENTITY_2024_LEVEL18_00010453,LEVEL18,00010453,not_collapsible,,,,,,,false,Original IPEDS202425.accdb SHA256 98e9175e54ba719cf7f0bfcc8e043fac4d11babd1b73ba1701ebbdc23e5470f5; exact physical schema and varTable24; effective source_manifest.json records final fall revisions.,Authorized 2024 integration audit: retain source category as its own field; exact-year codes remain in codebook; no active/inactive token inference or categorical collapse.
ipedsdb-panel-2004-2024-mixed-v1,IC,IDENTITY_2024_LEVEL19_00010454,LEVEL19,00010454,not_collapsible,,,,,,,false,Original IPEDS202425.accdb SHA256 98e9175e54ba719cf7f0bfcc8e043fac4d11babd1b73ba1701ebbdc23e5470f5; exact physical schema and varTable24; effective source_manifest.json records final fall revisions.,Authorized 2024 integration audit: retain source category as its own field; exact-year codes remain in codebook; no active/inactive token inference or categorical collapse.
ipedsdb-panel-2004-2024-mixed-v1,IC,IDENTITY_2024_CALSYS_00010901,CALSYS,00010901,not_collapsible,,,,,,,false,Original IPEDS202425.accdb SHA256 98e9175e54ba719cf7f0bfcc8e043fac4d11babd1b73ba1701ebbdc23e5470f5; exact physical schema and varTable24; effective source_manifest.json records final fall revisions.,Authorized 2024 integration audit: retain source category as its own field; exact-year codes remain in codebook; no active/inactive token inference or categorical collapse.
ipedsdb-panel-2004-2024-mixed-v1,IC,IDENTITY_2024_FT_UG_00010926,FT_UG,00010926,not_collapsible,,,,,,,false,Original IPEDS202425.accdb SHA256 98e9175e54ba719cf7f0bfcc8e043fac4d11babd1b73ba1701ebbdc23e5470f5; exact physical schema and varTable24; effective source_manifest.json records final fall revisions.,Authorized 2024 integration audit: retain source category as its own field; exact-year codes remain in codebook; no active/inactive token inference or categorical collapse.
ipedsdb-panel-2004-2024-mixed-v1,IC,IDENTITY_2024_FT_FTUG_00010931,FT_FTUG,00010931,not_collapsible,,,,,,,false,Original IPEDS202425.accdb SHA256 98e9175e54ba719cf7f0bfcc8e043fac4d11babd1b73ba1701ebbdc23e5470f5; exact physical schema and varTable24; effective source_manifest.json records final fall revisions.,Authorized 2024 integration audit: retain source category as its own field; exact-year codes remain in codebook; no active/inactive token inference or categorical collapse.
ipedsdb-panel-2004-2024-mixed-v1,IC,IDENTITY_2024_FTGDNIDP_00015301,FTGDNIDP,00015301,not_collapsible,,,,,,,false,Original IPEDS202425.accdb SHA256 98e9175e54ba719cf7f0bfcc8e043fac4d11babd1b73ba1701ebbdc23e5470f5; exact physical schema and varTable24; effective source_manifest.json records final fall revisions.,Authorized 2024 integration audit: retain source category as its own field; exact-year codes remain in codebook; no active/inactive token inference or categorical collapse.
ipedsdb-panel-2004-2024-mixed-v1,IC,IDENTITY_2024_PT_UG_00010946,PT_UG,00010946,not_collapsible,,,,,,,false,Original IPEDS202425.accdb SHA256 98e9175e54ba719cf7f0bfcc8e043fac4d11babd1b73ba1701ebbdc23e5470f5; exact physical schema and varTable24; effective source_manifest.json records final fall revisions.,Authorized 2024 integration audit: retain source category as its own field; exact-year codes remain in codebook; no active/inactive token inference or categorical collapse.
ipedsdb-panel-2004-2024-mixed-v1,IC,IDENTITY_2024_PT_FTUG_00010951,PT_FTUG,00010951,not_collapsible,,,,,,,false,Original IPEDS202425.accdb SHA256 98e9175e54ba719cf7f0bfcc8e043fac4d11babd1b73ba1701ebbdc23e5470f5; exact physical schema and varTable24; effective source_manifest.json records final fall revisions.,Authorized 2024 integration audit: retain source category as its own field; exact-year codes remain in codebook; no active/inactive token inference or categorical collapse.
ipedsdb-panel-2004-2024-mixed-v1,IC,IDENTITY_2024_PTGDNIDP_00015306,PTGDNIDP,00015306,not_collapsible,,,,,,,false,Original IPEDS202425.accdb SHA256 98e9175e54ba719cf7f0bfcc8e043fac4d11babd1b73ba1701ebbdc23e5470f5; exact physical schema and varTable24; effective source_manifest.json records final fall revisions.,Authorized 2024 integration audit: retain source category as its own field; exact-year codes remain in codebook; no active/inactive token inference or categorical collapse.
ipedsdb-panel-2004-2024-mixed-v1,IC,IDENTITY_2024_DOCPP_00015311,DOCPP,00015311,not_collapsible,,,,,,,false,Original IPEDS202425.accdb SHA256 98e9175e54ba719cf7f0bfcc8e043fac4d11babd1b73ba1701ebbdc23e5470f5; exact physical schema and varTable24; effective source_manifest.json records final fall revisions.,Authorized 2024 integration audit: retain source category as its own field; exact-year codes remain in codebook; no active/inactive token inference or categorical collapse.
ipedsdb-panel-2004-2024-mixed-v1,IC,IDENTITY_2024_DOCPPSP_00015316,DOCPPSP,00015316,not_collapsible,,,,,,,false,Original IPEDS202425.accdb SHA256 98e9175e54ba719cf7f0bfcc8e043fac4d11babd1b73ba1701ebbdc23e5470f5; exact physical schema and varTable24; effective source_manifest.json records final fall revisions.,Authorized 2024 integration audit: retain source category as its own field; exact-year codes remain in codebook; no active/inactive token inference or categorical collapse.
ipedsdb-panel-2004-2024-mixed-v1,IC,IDENTITY_2024_OPENADMP_00010516,OPENADMP,00010516,not_collapsible,,,,,,,false,Original IPEDS202425.accdb SHA256 98e9175e54ba719cf7f0bfcc8e043fac4d11babd1b73ba1701ebbdc23e5470f5; exact physical schema and varTable24; effective source_manifest.json records final fall revisions.,Authorized 2024 integration audit: retain source category as its own field; exact-year codes remain in codebook; no active/inactive token inference or categorical collapse.
ipedsdb-panel-2004-2024-mixed-v1,IC,IDENTITY_2024_NONCRDT1_00017011,NONCRDT1,00017011,not_collapsible,,,,,,,false,Original IPEDS202425.accdb SHA256 98e9175e54ba719cf7f0bfcc8e043fac4d11babd1b73ba1701ebbdc23e5470f5; exact physical schema and varTable24; effective source_manifest.json records final fall revisions.,Authorized 2024 integration audit: retain source category as its own field; exact-year codes remain in codebook; no active/inactive token inference or categorical collapse.
ipedsdb-panel-2004-2024-mixed-v1,IC,IDENTITY_2024_NONCRDT2_00017012,NONCRDT2,00017012,not_collapsible,,,,,,,false,Original IPEDS202425.accdb SHA256 98e9175e54ba719cf7f0bfcc8e043fac4d11babd1b73ba1701ebbdc23e5470f5; exact physical schema and varTable24; effective source_manifest.json records final fall revisions.,Authorized 2024 integration audit: retain source category as its own field; exact-year codes remain in codebook; no active/inactive token inference or categorical collapse.
ipedsdb-panel-2004-2024-mixed-v1,IC,IDENTITY_2024_NONCRDT3_00017013,NONCRDT3,00017013,not_collapsible,,,,,,,false,Original IPEDS202425.accdb SHA256 98e9175e54ba719cf7f0bfcc8e043fac4d11babd1b73ba1701ebbdc23e5470f5; exact physical schema and varTable24; effective source_manifest.json records final fall revisions.,Authorized 2024 integration audit: retain source category as its own field; exact-year codes remain in codebook; no active/inactive token inference or categorical collapse.
ipedsdb-panel-2004-2024-mixed-v1,IC,IDENTITY_2024_NONCRDT4_00017014,NONCRDT4,00017014,not_collapsible,,,,,,,false,Original IPEDS202425.accdb SHA256 98e9175e54ba719cf7f0bfcc8e043fac4d11babd1b73ba1701ebbdc23e5470f5; exact physical schema and varTable24; effective source_manifest.json records final fall revisions.,Authorized 2024 integration audit: retain source category as its own field; exact-year codes remain in codebook; no active/inactive token inference or categorical collapse.
ipedsdb-panel-2004-2024-mixed-v1,IC,IDENTITY_2024_NONCRDT5_00017015,NONCRDT5,00017015,not_collapsible,,,,,,,false,Original IPEDS202425.accdb SHA256 98e9175e54ba719cf7f0bfcc8e043fac4d11babd1b73ba1701ebbdc23e5470f5; exact physical schema and varTable24; effective source_manifest.json records final fall revisions.,Authorized 2024 integration audit: retain source category as its own field; exact-year codes remain in codebook; no active/inactive token inference or categorical collapse.
ipedsdb-panel-2004-2024-mixed-v1,IC,IDENTITY_2024_NONCRDT6_00017016,NONCRDT6,00017016,not_collapsible,,,,,,,false,Original IPEDS202425.accdb SHA256 98e9175e54ba719cf7f0bfcc8e043fac4d11babd1b73ba1701ebbdc23e5470f5; exact physical schema and varTable24; effective source_manifest.json records final fall revisions.,Authorized 2024 integration audit: retain source category as its own field; exact-year codes remain in codebook; no active/inactive token inference or categorical collapse.
ipedsdb-panel-2004-2024-mixed-v1,IC,IDENTITY_2024_NONCRDT7_00017017,NONCRDT7,00017017,not_collapsible,,,,,,,false,Original IPEDS202425.accdb SHA256 98e9175e54ba719cf7f0bfcc8e043fac4d11babd1b73ba1701ebbdc23e5470f5; exact physical schema and varTable24; effective source_manifest.json records final fall revisions.,Authorized 2024 integration audit: retain source category as its own field; exact-year codes remain in codebook; no active/inactive token inference or categorical collapse.
ipedsdb-panel-2004-2024-mixed-v1,IC,IDENTITY_2024_NONCRDT8_00017018,NONCRDT8,00017018,not_collapsible,,,,,,,false,Original IPEDS202425.accdb SHA256 98e9175e54ba719cf7f0bfcc8e043fac4d11babd1b73ba1701ebbdc23e5470f5; exact physical schema and varTable24; effective source_manifest.json records final fall revisions.,Authorized 2024 integration audit: retain source category as its own field; exact-year codes remain in codebook; no active/inactive token inference or categorical collapse.
ipedsdb-panel-2004-2024-mixed-v1,IC,IDENTITY_2024_NONCRDT9_00017019,NONCRDT9,00017019,not_collapsible,,,,,,,false,Original IPEDS202425.accdb SHA256 98e9175e54ba719cf7f0bfcc8e043fac4d11babd1b73ba1701ebbdc23e5470f5; exact physical schema and varTable24; effective source_manifest.json records final fall revisions.,Authorized 2024 integration audit: retain source category as its own field; exact-year codes remain in codebook; no active/inactive token inference or categorical collapse.
ipedsdb-panel-2004-2024-mixed-v1,IC,IDENTITY_2024_VET1_00016141,VET1,00016141,not_collapsible,,,,,,,false,Original IPEDS202425.accdb SHA256 98e9175e54ba719cf7f0bfcc8e043fac4d11babd1b73ba1701ebbdc23e5470f5; exact physical schema and varTable24; effective source_manifest.json records final fall revisions.,Authorized 2024 integration audit: retain source category as its own field; exact-year codes remain in codebook; no active/inactive token inference or categorical collapse.
ipedsdb-panel-2004-2024-mixed-v1,IC,IDENTITY_2024_VET2_00016142,VET2,00016142,not_collapsible,,,,,,,false,Original IPEDS202425.accdb SHA256 98e9175e54ba719cf7f0bfcc8e043fac4d11babd1b73ba1701ebbdc23e5470f5; exact physical schema and varTable24; effective source_manifest.json records final fall revisions.,Authorized 2024 integration audit: retain source category as its own field; exact-year codes remain in codebook; no active/inactive token inference or categorical collapse.
ipedsdb-panel-2004-2024-mixed-v1,IC,IDENTITY_2024_VET3_00016143,VET3,00016143,not_collapsible,,,,,,,false,Original IPEDS202425.accdb SHA256 98e9175e54ba719cf7f0bfcc8e043fac4d11babd1b73ba1701ebbdc23e5470f5; exact physical schema and varTable24; effective source_manifest.json records final fall revisions.,Authorized 2024 integration audit: retain source category as its own field; exact-year codes remain in codebook; no active/inactive token inference or categorical collapse.
ipedsdb-panel-2004-2024-mixed-v1,IC,IDENTITY_2024_VET4_00016144,VET4,00016144,not_collapsible,,,,,,,false,Original IPEDS202425.accdb SHA256 98e9175e54ba719cf7f0bfcc8e043fac4d11babd1b73ba1701ebbdc23e5470f5; exact physical schema and varTable24; effective source_manifest.json records final fall revisions.,Authorized 2024 integration audit: retain source category as its own field; exact-year codes remain in codebook; no active/inactive token inference or categorical collapse.
ipedsdb-panel-2004-2024-mixed-v1,IC,IDENTITY_2024_VET5_00016145,VET5,00016145,not_collapsible,,,,,,,false,Original IPEDS202425.accdb SHA256 98e9175e54ba719cf7f0bfcc8e043fac4d11babd1b73ba1701ebbdc23e5470f5; exact physical schema and varTable24; effective source_manifest.json records final fall revisions.,Authorized 2024 integration audit: retain source category as its own field; exact-year codes remain in codebook; no active/inactive token inference or categorical collapse.
ipedsdb-panel-2004-2024-mixed-v1,IC,IDENTITY_2024_VET9_00016149,VET9,00016149,not_collapsible,,,,,,,false,Original IPEDS202425.accdb SHA256 98e9175e54ba719cf7f0bfcc8e043fac4d11babd1b73ba1701ebbdc23e5470f5; exact physical schema and varTable24; effective source_manifest.json records final fall revisions.,Authorized 2024 integration audit: retain source category as its own field; exact-year codes remain in codebook; no active/inactive token inference or categorical collapse.
ipedsdb-panel-2004-2024-mixed-v1,IC,IDENTITY_2024_CREDITS2_00010686,CREDITS2,00010686,not_collapsible,,,,,,,false,Original IPEDS202425.accdb SHA256 98e9175e54ba719cf7f0bfcc8e043fac4d11babd1b73ba1701ebbdc23e5470f5; exact physical schema and varTable24; effective source_manifest.json records final fall revisions.,Authorized 2024 integration audit: retain source category as its own field; exact-year codes remain in codebook; no active/inactive token inference or categorical collapse.
ipedsdb-panel-2004-2024-mixed-v1,IC,IDENTITY_2024_CREDITS3_00010691,CREDITS3,00010691,not_collapsible,,,,,,,false,Original IPEDS202425.accdb SHA256 98e9175e54ba719cf7f0bfcc8e043fac4d11babd1b73ba1701ebbdc23e5470f5; exact physical schema and varTable24; effective source_manifest.json records final fall revisions.,Authorized 2024 integration audit: retain source category as its own field; exact-year codes remain in codebook; no active/inactive token inference or categorical collapse.
ipedsdb-panel-2004-2024-mixed-v1,IC,IDENTITY_2024_CREDITS4_00010696,CREDITS4,00010696,not_collapsible,,,,,,,false,Original IPEDS202425.accdb SHA256 98e9175e54ba719cf7f0bfcc8e043fac4d11babd1b73ba1701ebbdc23e5470f5; exact physical schema and varTable24; effective source_manifest.json records final fall revisions.,Authorized 2024 integration audit: retain source category as its own field; exact-year codes remain in codebook; no active/inactive token inference or categorical collapse.
ipedsdb-panel-2004-2024-mixed-v1,IC,IDENTITY_2024_SLO5_00010721,SLO5,00010721,not_collapsible,,,,,,,false,Original IPEDS202425.accdb SHA256 98e9175e54ba719cf7f0bfcc8e043fac4d11babd1b73ba1701ebbdc23e5470f5; exact physical schema and varTable24; effective source_manifest.json records final fall revisions.,Authorized 2024 integration audit: retain source category as its own field; exact-year codes remain in codebook; no active/inactive token inference or categorical collapse.
ipedsdb-panel-2004-2024-mixed-v1,IC,IDENTITY_2024_SLO51_00010726,SLO51,00010726,not_collapsible,,,,,,,false,Original IPEDS202425.accdb SHA256 98e9175e54ba719cf7f0bfcc8e043fac4d11babd1b73ba1701ebbdc23e5470f5; exact physical schema and varTable24; effective source_manifest.json records final fall revisions.,Authorized 2024 integration audit: retain source category as its own field; exact-year codes remain in codebook; no active/inactive token inference or categorical collapse.
ipedsdb-panel-2004-2024-mixed-v1,IC,IDENTITY_2024_SLO52_00010731,SLO52,00010731,not_collapsible,,,,,,,false,Original IPEDS202425.accdb SHA256 98e9175e54ba719cf7f0bfcc8e043fac4d11babd1b73ba1701ebbdc23e5470f5; exact physical schema and varTable24; effective source_manifest.json records final fall revisions.,Authorized 2024 integration audit: retain source category as its own field; exact-year codes remain in codebook; no active/inactive token inference or categorical collapse.
ipedsdb-panel-2004-2024-mixed-v1,IC,IDENTITY_2024_SLO521_00010733,SLO521,00010733,not_collapsible,,,,,,,false,Original IPEDS202425.accdb SHA256 98e9175e54ba719cf7f0bfcc8e043fac4d11babd1b73ba1701ebbdc23e5470f5; exact physical schema and varTable24; effective source_manifest.json records final fall revisions.,Authorized 2024 integration audit: retain source category as its own field; exact-year codes remain in codebook; no active/inactive token inference or categorical collapse.
ipedsdb-panel-2004-2024-mixed-v1,IC,IDENTITY_2024_SLO53_00010736,SLO53,00010736,not_collapsible,,,,,,,false,Original IPEDS202425.accdb SHA256 98e9175e54ba719cf7f0bfcc8e043fac4d11babd1b73ba1701ebbdc23e5470f5; exact physical schema and varTable24; effective source_manifest.json records final fall revisions.,Authorized 2024 integration audit: retain source category as its own field; exact-year codes remain in codebook; no active/inactive token inference or categorical collapse.
ipedsdb-panel-2004-2024-mixed-v1,IC,IDENTITY_2024_SLO6_00010741,SLO6,00010741,not_collapsible,,,,,,,false,Original IPEDS202425.accdb SHA256 98e9175e54ba719cf7f0bfcc8e043fac4d11babd1b73ba1701ebbdc23e5470f5; exact physical schema and varTable24; effective source_manifest.json records final fall revisions.,Authorized 2024 integration audit: retain source category as its own field; exact-year codes remain in codebook; no active/inactive token inference or categorical collapse.
ipedsdb-panel-2004-2024-mixed-v1,IC,IDENTITY_2024_SLO7_00010746,SLO7,00010746,not_collapsible,,,,,,,false,Original IPEDS202425.accdb SHA256 98e9175e54ba719cf7f0bfcc8e043fac4d11babd1b73ba1701ebbdc23e5470f5; exact physical schema and varTable24; effective source_manifest.json records final fall revisions.,Authorized 2024 integration audit: retain source category as its own field; exact-year codes remain in codebook; no active/inactive token inference or categorical collapse.
ipedsdb-panel-2004-2024-mixed-v1,IC,IDENTITY_2024_SLOA_00010749,SLOA,00010749,not_collapsible,,,,,,,false,Original IPEDS202425.accdb SHA256 98e9175e54ba719cf7f0bfcc8e043fac4d11babd1b73ba1701ebbdc23e5470f5; exact physical schema and varTable24; effective source_manifest.json records final fall revisions.,Authorized 2024 integration audit: retain source category as its own field; exact-year codes remain in codebook; no active/inactive token inference or categorical collapse.
ipedsdb-panel-2004-2024-mixed-v1,IC,IDENTITY_2024_SLO8_00010751,SLO8,00010751,not_collapsible,,,,,,,false,Original IPEDS202425.accdb SHA256 98e9175e54ba719cf7f0bfcc8e043fac4d11babd1b73ba1701ebbdc23e5470f5; exact physical schema and varTable24; effective source_manifest.json records final fall revisions.,Authorized 2024 integration audit: retain source category as its own field; exact-year codes remain in codebook; no active/inactive token inference or categorical collapse.
ipedsdb-panel-2004-2024-mixed-v1,IC,IDENTITY_2024_SLO81_00010756,SLO81,00010756,not_collapsible,,,,,,,false,Original IPEDS202425.accdb SHA256 98e9175e54ba719cf7f0bfcc8e043fac4d11babd1b73ba1701ebbdc23e5470f5; exact physical schema and varTable24; effective source_manifest.json records final fall revisions.,Authorized 2024 integration audit: retain source category as its own field; exact-year codes remain in codebook; no active/inactive token inference or categorical collapse.
ipedsdb-panel-2004-2024-mixed-v1,IC,IDENTITY_2024_SLO82_00010761,SLO82,00010761,not_collapsible,,,,,,,false,Original IPEDS202425.accdb SHA256 98e9175e54ba719cf7f0bfcc8e043fac4d11babd1b73ba1701ebbdc23e5470f5; exact physical schema and varTable24; effective source_manifest.json records final fall revisions.,Authorized 2024 integration audit: retain source category as its own field; exact-year codes remain in codebook; no active/inactive token inference or categorical collapse.
ipedsdb-panel-2004-2024-mixed-v1,IC,IDENTITY_2024_SLO83_00010766,SLO83,00010766,not_collapsible,,,,,,,false,Original IPEDS202425.accdb SHA256 98e9175e54ba719cf7f0bfcc8e043fac4d11babd1b73ba1701ebbdc23e5470f5; exact physical schema and varTable24; effective source_manifest.json records final fall revisions.,Authorized 2024 integration audit: retain source category as its own field; exact-year codes remain in codebook; no active/inactive token inference or categorical collapse.
ipedsdb-panel-2004-2024-mixed-v1,IC,IDENTITY_2024_SLOB_00010769,SLOB,00010769,not_collapsible,,,,,,,false,Original IPEDS202425.accdb SHA256 98e9175e54ba719cf7f0bfcc8e043fac4d11babd1b73ba1701ebbdc23e5470f5; exact physical schema and varTable24; effective source_manifest.json records final fall revisions.,Authorized 2024 integration audit: retain source category as its own field; exact-year codes remain in codebook; no active/inactive token inference or categorical collapse.
ipedsdb-panel-2004-2024-mixed-v1,IC,IDENTITY_2024_SLO9_00010771,SLO9,00010771,not_collapsible,,,,,,,false,Original IPEDS202425.accdb SHA256 98e9175e54ba719cf7f0bfcc8e043fac4d11babd1b73ba1701ebbdc23e5470f5; exact physical schema and varTable24; effective source_manifest.json records final fall revisions.,Authorized 2024 integration audit: retain source category as its own field; exact-year codes remain in codebook; no active/inactive token inference or categorical collapse.
ipedsdb-panel-2004-2024-mixed-v1,IC,IDENTITY_2024_YRSCOLL_00010776,YRSCOLL,00010776,not_collapsible,,,,,,,false,Original IPEDS202425.accdb SHA256 98e9175e54ba719cf7f0bfcc8e043fac4d11babd1b73ba1701ebbdc23e5470f5; exact physical schema and varTable24; effective source_manifest.json records final fall revisions.,Authorized 2024 integration audit: retain source category as its own field; exact-year codes remain in codebook; no active/inactive token inference or categorical collapse.
ipedsdb-panel-2004-2024-mixed-v1,IC,IDENTITY_2024_STUSRV2_00010786,STUSRV2,00010786,not_collapsible,,,,,,,false,Original IPEDS202425.accdb SHA256 98e9175e54ba719cf7f0bfcc8e043fac4d11babd1b73ba1701ebbdc23e5470f5; exact physical schema and varTable24; effective source_manifest.json records final fall revisions.,Authorized 2024 integration audit: retain source category as its own field; exact-year codes remain in codebook; no active/inactive token inference or categorical collapse.
ipedsdb-panel-2004-2024-mixed-v1,IC,IDENTITY_2024_STUSRV3_00010791,STUSRV3,00010791,not_collapsible,,,,,,,false,Original IPEDS202425.accdb SHA256 98e9175e54ba719cf7f0bfcc8e043fac4d11babd1b73ba1701ebbdc23e5470f5; exact physical schema and varTable24; effective source_manifest.json records final fall revisions.,Authorized 2024 integration audit: retain source category as its own field; exact-year codes remain in codebook; no active/inactive token inference or categorical collapse.
ipedsdb-panel-2004-2024-mixed-v1,IC,IDENTITY_2024_STUSRV4_00010796,STUSRV4,00010796,not_collapsible,,,,,,,false,Original IPEDS202425.accdb SHA256 98e9175e54ba719cf7f0bfcc8e043fac4d11babd1b73ba1701ebbdc23e5470f5; exact physical schema and varTable24; effective source_manifest.json records final fall revisions.,Authorized 2024 integration audit: retain source category as its own field; exact-year codes remain in codebook; no active/inactive token inference or categorical collapse.
ipedsdb-panel-2004-2024-mixed-v1,IC,IDENTITY_2024_STUSRV8_00010801,STUSRV8,00010801,not_collapsible,,,,,,,false,Original IPEDS202425.accdb SHA256 98e9175e54ba719cf7f0bfcc8e043fac4d11babd1b73ba1701ebbdc23e5470f5; exact physical schema and varTable24; effective source_manifest.json records final fall revisions.,Authorized 2024 integration audit: retain source category as its own field; exact-year codes remain in codebook; no active/inactive token inference or categorical collapse.
ipedsdb-panel-2004-2024-mixed-v1,IC,IDENTITY_2024_STUSRV9_00010806,STUSRV9,00010806,not_collapsible,,,,,,,false,Original IPEDS202425.accdb SHA256 98e9175e54ba719cf7f0bfcc8e043fac4d11babd1b73ba1701ebbdc23e5470f5; exact physical schema and varTable24; effective source_manifest.json records final fall revisions.,Authorized 2024 integration audit: retain source category as its own field; exact-year codes remain in codebook; no active/inactive token inference or categorical collapse.
ipedsdb-panel-2004-2024-mixed-v1,IC,IDENTITY_2024_LIBRES1_00016151,LIBRES1,00016151,not_collapsible,,,,,,,false,Original IPEDS202425.accdb SHA256 98e9175e54ba719cf7f0bfcc8e043fac4d11babd1b73ba1701ebbdc23e5470f5; exact physical schema and varTable24; effective source_manifest.json records final fall revisions.,Authorized 2024 integration audit: retain source category as its own field; exact-year codes remain in codebook; no active/inactive token inference or categorical collapse.
ipedsdb-panel-2004-2024-mixed-v1,IC,IDENTITY_2024_LIBRES2_00016153,LIBRES2,00016153,not_collapsible,,,,,,,false,Original IPEDS202425.accdb SHA256 98e9175e54ba719cf7f0bfcc8e043fac4d11babd1b73ba1701ebbdc23e5470f5; exact physical schema and varTable24; effective source_manifest.json records final fall revisions.,Authorized 2024 integration audit: retain source category as its own field; exact-year codes remain in codebook; no active/inactive token inference or categorical collapse.
ipedsdb-panel-2004-2024-mixed-v1,IC,IDENTITY_2024_LIBRES3_00016155,LIBRES3,00016155,not_collapsible,,,,,,,false,Original IPEDS202425.accdb SHA256 98e9175e54ba719cf7f0bfcc8e043fac4d11babd1b73ba1701ebbdc23e5470f5; exact physical schema and varTable24; effective source_manifest.json records final fall revisions.,Authorized 2024 integration audit: retain source category as its own field; exact-year codes remain in codebook; no active/inactive token inference or categorical collapse.
ipedsdb-panel-2004-2024-mixed-v1,IC,IDENTITY_2024_LIBRES4_00016157,LIBRES4,00016157,not_collapsible,,,,,,,false,Original IPEDS202425.accdb SHA256 98e9175e54ba719cf7f0bfcc8e043fac4d11babd1b73ba1701ebbdc23e5470f5; exact physical schema and varTable24; effective source_manifest.json records final fall revisions.,Authorized 2024 integration audit: retain source category as its own field; exact-year codes remain in codebook; no active/inactive token inference or categorical collapse.
ipedsdb-panel-2004-2024-mixed-v1,IC,IDENTITY_2024_LIBRES5_00016159,LIBRES5,00016159,not_collapsible,,,,,,,false,Original IPEDS202425.accdb SHA256 98e9175e54ba719cf7f0bfcc8e043fac4d11babd1b73ba1701ebbdc23e5470f5; exact physical schema and varTable24; effective source_manifest.json records final fall revisions.,Authorized 2024 integration audit: retain source category as its own field; exact-year codes remain in codebook; no active/inactive token inference or categorical collapse.
ipedsdb-panel-2004-2024-mixed-v1,IC,IDENTITY_2024_LIBRES6_00016161,LIBRES6,00016161,not_collapsible,,,,,,,false,Original IPEDS202425.accdb SHA256 98e9175e54ba719cf7f0bfcc8e043fac4d11babd1b73ba1701ebbdc23e5470f5; exact physical schema and varTable24; effective source_manifest.json records final fall revisions.,Authorized 2024 integration audit: retain source category as its own field; exact-year codes remain in codebook; no active/inactive token inference or categorical collapse.
ipedsdb-panel-2004-2024-mixed-v1,IC,IDENTITY_2024_LIBRES9_00016163,LIBRES9,00016163,not_collapsible,,,,,,,false,Original IPEDS202425.accdb SHA256 98e9175e54ba719cf7f0bfcc8e043fac4d11babd1b73ba1701ebbdc23e5470f5; exact physical schema and varTable24; effective source_manifest.json records final fall revisions.,Authorized 2024 integration audit: retain source category as its own field; exact-year codes remain in codebook; no active/inactive token inference or categorical collapse.
ipedsdb-panel-2004-2024-mixed-v1,IC,IDENTITY_2024_DSTNUGC_00015421,DSTNUGC,00015421,not_collapsible,,,,,,,false,Original IPEDS202425.accdb SHA256 98e9175e54ba719cf7f0bfcc8e043fac4d11babd1b73ba1701ebbdc23e5470f5; exact physical schema and varTable24; effective source_manifest.json records final fall revisions.,Authorized 2024 integration audit: retain source category as its own field; exact-year codes remain in codebook; no active/inactive token inference or categorical collapse.
ipedsdb-panel-2004-2024-mixed-v1,IC,IDENTITY_2024_DSTNUGP_00015426,DSTNUGP,00015426,not_collapsible,,,,,,,false,Original IPEDS202425.accdb SHA256 98e9175e54ba719cf7f0bfcc8e043fac4d11babd1b73ba1701ebbdc23e5470f5; exact physical schema and varTable24; effective source_manifest.json records final fall revisions.,Authorized 2024 integration audit: retain source category as its own field; exact-year codes remain in codebook; no active/inactive token inference or categorical collapse.
ipedsdb-panel-2004-2024-mixed-v1,IC,IDENTITY_2024_DSTNUGN_00015431,DSTNUGN,00015431,not_collapsible,,,,,,,false,Original IPEDS202425.accdb SHA256 98e9175e54ba719cf7f0bfcc8e043fac4d11babd1b73ba1701ebbdc23e5470f5; exact physical schema and varTable24; effective source_manifest.json records final fall revisions.,Authorized 2024 integration audit: retain source category as its own field; exact-year codes remain in codebook; no active/inactive token inference or categorical collapse.
ipedsdb-panel-2004-2024-mixed-v1,IC,IDENTITY_2024_DSTNGC_00015436,DSTNGC,00015436,not_collapsible,,,,,,,false,Original IPEDS202425.accdb SHA256 98e9175e54ba719cf7f0bfcc8e043fac4d11babd1b73ba1701ebbdc23e5470f5; exact physical schema and varTable24; effective source_manifest.json records final fall revisions.,Authorized 2024 integration audit: retain source category as its own field; exact-year codes remain in codebook; no active/inactive token inference or categorical collapse.
ipedsdb-panel-2004-2024-mixed-v1,IC,IDENTITY_2024_DSTNGP_00015441,DSTNGP,00015441,not_collapsible,,,,,,,false,Original IPEDS202425.accdb SHA256 98e9175e54ba719cf7f0bfcc8e043fac4d11babd1b73ba1701ebbdc23e5470f5; exact physical schema and varTable24; effective source_manifest.json records final fall revisions.,Authorized 2024 integration audit: retain source category as its own field; exact-year codes remain in codebook; no active/inactive token inference or categorical collapse.
ipedsdb-panel-2004-2024-mixed-v1,IC,IDENTITY_2024_DSTNGN_00015446,DSTNGN,00015446,not_collapsible,,,,,,,false,Original IPEDS202425.accdb SHA256 98e9175e54ba719cf7f0bfcc8e043fac4d11babd1b73ba1701ebbdc23e5470f5; exact physical schema and varTable24; effective source_manifest.json records final fall revisions.,Authorized 2024 integration audit: retain source category as its own field; exact-year codes remain in codebook; no active/inactive token inference or categorical collapse.
ipedsdb-panel-2004-2024-mixed-v1,IC,IDENTITY_2024_DISTCRS_00015400,DISTCRS,00015400,not_collapsible,,,,,,,false,Original IPEDS202425.accdb SHA256 98e9175e54ba719cf7f0bfcc8e043fac4d11babd1b73ba1701ebbdc23e5470f5; exact physical schema and varTable24; effective source_manifest.json records final fall revisions.,Authorized 2024 integration audit: retain source category as its own field; exact-year codes remain in codebook; no active/inactive token inference or categorical collapse.
ipedsdb-panel-2004-2024-mixed-v1,IC,IDENTITY_2024_DISTPGS_00015451,DISTPGS,00015451,not_collapsible,,,,,,,false,Original IPEDS202425.accdb SHA256 98e9175e54ba719cf7f0bfcc8e043fac4d11babd1b73ba1701ebbdc23e5470f5; exact physical schema and varTable24; effective source_manifest.json records final fall revisions.,Authorized 2024 integration audit: retain source category as its own field; exact-year codes remain in codebook; no active/inactive token inference or categorical collapse.
ipedsdb-panel-2004-2024-mixed-v1,IC,IDENTITY_2024_DSTNCED1_00015406,DSTNCED1,00015406,not_collapsible,,,,,,,false,Original IPEDS202425.accdb SHA256 98e9175e54ba719cf7f0bfcc8e043fac4d11babd1b73ba1701ebbdc23e5470f5; exact physical schema and varTable24; effective source_manifest.json records final fall revisions.,Authorized 2024 integration audit: retain source category as its own field; exact-year codes remain in codebook; no active/inactive token inference or categorical collapse.
ipedsdb-panel-2004-2024-mixed-v1,IC,IDENTITY_2024_DSTNCED2_00015411,DSTNCED2,00015411,not_collapsible,,,,,,,false,Original IPEDS202425.accdb SHA256 98e9175e54ba719cf7f0bfcc8e043fac4d11babd1b73ba1701ebbdc23e5470f5; exact physical schema and varTable24; effective source_manifest.json records final fall revisions.,Authorized 2024 integration audit: retain source category as its own field; exact-year codes remain in codebook; no active/inactive token inference or categorical collapse.
ipedsdb-panel-2004-2024-mixed-v1,IC,IDENTITY_2024_DSTNCED3_00015416,DSTNCED3,00015416,not_collapsible,,,,,,,false,Original IPEDS202425.accdb SHA256 98e9175e54ba719cf7f0bfcc8e043fac4d11babd1b73ba1701ebbdc23e5470f5; exact physical schema and varTable24; effective source_manifest.json records final fall revisions.,Authorized 2024 integration audit: retain source category as its own field; exact-year codes remain in codebook; no active/inactive token inference or categorical collapse.
ipedsdb-panel-2004-2024-mixed-v1,IC,IDENTITY_2024_DISTNCED_00015401,DISTNCED,00015401,not_collapsible,,,,,,,false,Original IPEDS202425.accdb SHA256 98e9175e54ba719cf7f0bfcc8e043fac4d11babd1b73ba1701ebbdc23e5470f5; exact physical schema and varTable24; effective source_manifest.json records final fall revisions.,Authorized 2024 integration audit: retain source category as its own field; exact-year codes remain in codebook; no active/inactive token inference or categorical collapse.
ipedsdb-panel-2004-2024-mixed-v1,IC,IDENTITY_2024_DISAB_00024566,DISAB,00024566,not_collapsible,,,,,,,false,Original IPEDS202425.accdb SHA256 98e9175e54ba719cf7f0bfcc8e043fac4d11babd1b73ba1701ebbdc23e5470f5; exact physical schema and varTable24; effective source_manifest.json records final fall revisions.,Authorized 2024 integration audit: retain source category as its own field; exact-year codes remain in codebook; no active/inactive token inference or categorical collapse.
ipedsdb-panel-2004-2024-mixed-v1,IC,IDENTITY_2024_ATHASSOC_00010816,ATHASSOC,00010816,not_collapsible,,,,,,,false,Original IPEDS202425.accdb SHA256 98e9175e54ba719cf7f0bfcc8e043fac4d11babd1b73ba1701ebbdc23e5470f5; exact physical schema and varTable24; effective source_manifest.json records final fall revisions.,Authorized 2024 integration audit: retain source category as its own field; exact-year codes remain in codebook; no active/inactive token inference or categorical collapse.
ipedsdb-panel-2004-2024-mixed-v1,IC,IDENTITY_2024_ASSOC1_00010821,ASSOC1,00010821,not_collapsible,,,,,,,false,Original IPEDS202425.accdb SHA256 98e9175e54ba719cf7f0bfcc8e043fac4d11babd1b73ba1701ebbdc23e5470f5; exact physical schema and varTable24; effective source_manifest.json records final fall revisions.,Authorized 2024 integration audit: retain source category as its own field; exact-year codes remain in codebook; no active/inactive token inference or categorical collapse.
ipedsdb-panel-2004-2024-mixed-v1,IC,IDENTITY_2024_ASSOC2_00010826,ASSOC2,00010826,not_collapsible,,,,,,,false,Original IPEDS202425.accdb SHA256 98e9175e54ba719cf7f0bfcc8e043fac4d11babd1b73ba1701ebbdc23e5470f5; exact physical schema and varTable24; effective source_manifest.json records final fall revisions.,Authorized 2024 integration audit: retain source category as its own field; exact-year codes remain in codebook; no active/inactive token inference or categorical collapse.
ipedsdb-panel-2004-2024-mixed-v1,IC,IDENTITY_2024_ASSOC3_00010831,ASSOC3,00010831,not_collapsible,,,,,,,false,Original IPEDS202425.accdb SHA256 98e9175e54ba719cf7f0bfcc8e043fac4d11babd1b73ba1701ebbdc23e5470f5; exact physical schema and varTable24; effective source_manifest.json records final fall revisions.,Authorized 2024 integration audit: retain source category as its own field; exact-year codes remain in codebook; no active/inactive token inference or categorical collapse.
ipedsdb-panel-2004-2024-mixed-v1,IC,IDENTITY_2024_ASSOC4_00010836,ASSOC4,00010836,not_collapsible,,,,,,,false,Original IPEDS202425.accdb SHA256 98e9175e54ba719cf7f0bfcc8e043fac4d11babd1b73ba1701ebbdc23e5470f5; exact physical schema and varTable24; effective source_manifest.json records final fall revisions.,Authorized 2024 integration audit: retain source category as its own field; exact-year codes remain in codebook; no active/inactive token inference or categorical collapse.
ipedsdb-panel-2004-2024-mixed-v1,IC,IDENTITY_2024_ASSOC5_00010841,ASSOC5,00010841,not_collapsible,,,,,,,false,Original IPEDS202425.accdb SHA256 98e9175e54ba719cf7f0bfcc8e043fac4d11babd1b73ba1701ebbdc23e5470f5; exact physical schema and varTable24; effective source_manifest.json records final fall revisions.,Authorized 2024 integration audit: retain source category as its own field; exact-year codes remain in codebook; no active/inactive token inference or categorical collapse.
ipedsdb-panel-2004-2024-mixed-v1,IC,IDENTITY_2024_ASSOC6_00010846,ASSOC6,00010846,not_collapsible,,,,,,,false,Original IPEDS202425.accdb SHA256 98e9175e54ba719cf7f0bfcc8e043fac4d11babd1b73ba1701ebbdc23e5470f5; exact physical schema and varTable24; effective source_manifest.json records final fall revisions.,Authorized 2024 integration audit: retain source category as its own field; exact-year codes remain in codebook; no active/inactive token inference or categorical collapse.
ipedsdb-panel-2004-2024-mixed-v1,IC,IDENTITY_2024_SPORT1_00010851,SPORT1,00010851,not_collapsible,,,,,,,false,Original IPEDS202425.accdb SHA256 98e9175e54ba719cf7f0bfcc8e043fac4d11babd1b73ba1701ebbdc23e5470f5; exact physical schema and varTable24; effective source_manifest.json records final fall revisions.,Authorized 2024 integration audit: retain source category as its own field; exact-year codes remain in codebook; no active/inactive token inference or categorical collapse.
ipedsdb-panel-2004-2024-mixed-v1,IC,IDENTITY_2024_CONFNO1_00010856,CONFNO1,00010856,not_collapsible,,,,,,,false,Original IPEDS202425.accdb SHA256 98e9175e54ba719cf7f0bfcc8e043fac4d11babd1b73ba1701ebbdc23e5470f5; exact physical schema and varTable24; effective source_manifest.json records final fall revisions.,Authorized 2024 integration audit: retain source category as its own field; exact-year codes remain in codebook; no active/inactive token inference or categorical collapse.
ipedsdb-panel-2004-2024-mixed-v1,IC,IDENTITY_2024_SPORT2_00010861,SPORT2,00010861,not_collapsible,,,,,,,false,Original IPEDS202425.accdb SHA256 98e9175e54ba719cf7f0bfcc8e043fac4d11babd1b73ba1701ebbdc23e5470f5; exact physical schema and varTable24; effective source_manifest.json records final fall revisions.,Authorized 2024 integration audit: retain source category as its own field; exact-year codes remain in codebook; no active/inactive token inference or categorical collapse.
ipedsdb-panel-2004-2024-mixed-v1,IC,IDENTITY_2024_CONFNO2_00010866,CONFNO2,00010866,not_collapsible,,,,,,,false,Original IPEDS202425.accdb SHA256 98e9175e54ba719cf7f0bfcc8e043fac4d11babd1b73ba1701ebbdc23e5470f5; exact physical schema and varTable24; effective source_manifest.json records final fall revisions.,Authorized 2024 integration audit: retain source category as its own field; exact-year codes remain in codebook; no active/inactive token inference or categorical collapse.
ipedsdb-panel-2004-2024-mixed-v1,IC,IDENTITY_2024_SPORT3_00010871,SPORT3,00010871,not_collapsible,,,,,,,false,Original IPEDS202425.accdb SHA256 98e9175e54ba719cf7f0bfcc8e043fac4d11babd1b73ba1701ebbdc23e5470f5; exact physical schema and varTable24; effective source_manifest.json records final fall revisions.,Authorized 2024 integration audit: retain source category as its own field; exact-year codes remain in codebook; no active/inactive token inference or categorical collapse.
ipedsdb-panel-2004-2024-mixed-v1,IC,IDENTITY_2024_CONFNO3_00010876,CONFNO3,00010876,not_collapsible,,,,,,,false,Original IPEDS202425.accdb SHA256 98e9175e54ba719cf7f0bfcc8e043fac4d11babd1b73ba1701ebbdc23e5470f5; exact physical schema and varTable24; effective source_manifest.json records final fall revisions.,Authorized 2024 integration audit: retain source category as its own field; exact-year codes remain in codebook; no active/inactive token inference or categorical collapse.
ipedsdb-panel-2004-2024-mixed-v1,IC,IDENTITY_2024_SPORT4_00010881,SPORT4,00010881,not_collapsible,,,,,,,false,Original IPEDS202425.accdb SHA256 98e9175e54ba719cf7f0bfcc8e043fac4d11babd1b73ba1701ebbdc23e5470f5; exact physical schema and varTable24; effective source_manifest.json records final fall revisions.,Authorized 2024 integration audit: retain source category as its own field; exact-year codes remain in codebook; no active/inactive token inference or categorical collapse.
ipedsdb-panel-2004-2024-mixed-v1,IC,IDENTITY_2024_CONFNO4_00010886,CONFNO4,00010886,not_collapsible,,,,,,,false,Original IPEDS202425.accdb SHA256 98e9175e54ba719cf7f0bfcc8e043fac4d11babd1b73ba1701ebbdc23e5470f5; exact physical schema and varTable24; effective source_manifest.json records final fall revisions.,Authorized 2024 integration audit: retain source category as its own field; exact-year codes remain in codebook; no active/inactive token inference or categorical collapse.
ipedsdb-panel-2004-2024-mixed-v1,SFAV,IDENTITY_2024_PARTVT_00072091,PARTVT,00072091,not_collapsible,,,,,,,false,Original IPEDS202425.accdb SHA256 98e9175e54ba719cf7f0bfcc8e043fac4d11babd1b73ba1701ebbdc23e5470f5; exact physical schema and varTable24; effective source_manifest.json records final fall revisions.,Authorized 2024 integration audit: retain source category as its own field; exact-year codes remain in codebook; no active/inactive token inference or categorical collapse.
ipedsdb-panel-2004-2024-mixed-v1,SFAV,IDENTITY_2024_PO9_00072092,PO9,00072092,not_collapsible,,,,,,,false,Original IPEDS202425.accdb SHA256 98e9175e54ba719cf7f0bfcc8e043fac4d11babd1b73ba1701ebbdc23e5470f5; exact physical schema and varTable24; effective source_manifest.json records final fall revisions.,Authorized 2024 integration audit: retain source category as its own field; exact-year codes remain in codebook; no active/inactive token inference or categorical collapse.
ipedsdb-panel-2004-2024-mixed-v1,SFAV,IDENTITY_2024_DOD_00072093,DOD,00072093,not_collapsible,,,,,,,false,Original IPEDS202425.accdb SHA256 98e9175e54ba719cf7f0bfcc8e043fac4d11babd1b73ba1701ebbdc23e5470f5; exact physical schema and varTable24; effective source_manifest.json records final fall revisions.,Authorized 2024 integration audit: retain source category as its own field; exact-year codes remain in codebook; no active/inactive token inference or categorical collapse.
