year,access_table_name,source_file,varname,source_varnumber,variable_id,analysis_column,decision,previous_variable_id,logical_type,description_2024,previous_descriptions,source_evidence
2024,ADM2024,ADM,ADMCON1,00010521,nces:ADM:00010521:ADMCON1,ADMCON1,same_source_variable_identity,nces:ADM:00010521:ADMCON1,categorical string,Secondary school GPA,Secondary school GPA,Original IPEDS202425.accdb SHA256 98e9175e54ba719cf7f0bfcc8e043fac4d11babd1b73ba1701ebbdc23e5470f5; exact physical schema and varTable24; effective source_manifest.json records final fall revisions.
2024,ADM2024,ADM,ADMCON2,00010526,nces:ADM:00010526:ADMCON2,ADMCON2,same_source_variable_identity,nces:ADM:00010526:ADMCON2,categorical string,Secondary school rank,Secondary school rank,Original IPEDS202425.accdb SHA256 98e9175e54ba719cf7f0bfcc8e043fac4d11babd1b73ba1701ebbdc23e5470f5; exact physical schema and varTable24; effective source_manifest.json records final fall revisions.
2024,ADM2024,ADM,ADMCON3,00010531,nces:ADM:00010531:ADMCON3,ADMCON3,same_source_variable_identity,nces:ADM:00010531:ADMCON3,categorical string,Secondary school record,Secondary school record,Original IPEDS202425.accdb SHA256 98e9175e54ba719cf7f0bfcc8e043fac4d11babd1b73ba1701ebbdc23e5470f5; exact physical schema and varTable24; effective source_manifest.json records final fall revisions.
2024,ADM2024,ADM,ADMCON4,00010536,nces:ADM:00010536:ADMCON4,ADMCON4__ADM__00010536__52447A17EC3A,same_source_variable_identity,nces:ADM:00010536:ADMCON4,categorical string,Completion of college-preparatory program,Completion of college-preparatory program,Original IPEDS202425.accdb SHA256 98e9175e54ba719cf7f0bfcc8e043fac4d11babd1b73ba1701ebbdc23e5470f5; exact physical schema and varTable24; effective source_manifest.json records final fall revisions.
2024,ADM2024,ADM,ADMCON5,00010541,nces:ADM:00010541:ADMCON5,ADMCON5,same_source_variable_identity,nces:ADM:00010541:ADMCON5,categorical string,Recommendations,Recommendations,Original IPEDS202425.accdb SHA256 98e9175e54ba719cf7f0bfcc8e043fac4d11babd1b73ba1701ebbdc23e5470f5; exact physical schema and varTable24; effective source_manifest.json records final fall revisions.
2024,ADM2024,ADM,ADMCON6,00010546,nces:ADM:00010546:ADMCON6,ADMCON6,same_source_variable_identity,nces:ADM:00010546:ADMCON6,categorical string,Formal demonstration of competencies,Formal demonstration of competencies,Original IPEDS202425.accdb SHA256 98e9175e54ba719cf7f0bfcc8e043fac4d11babd1b73ba1701ebbdc23e5470f5; exact physical schema and varTable24; effective source_manifest.json records final fall revisions.
2024,ADM2024,ADM,ADMCON7,00010551,nces:ADM:00010551:ADMCON7,ADMCON7,same_source_variable_identity,nces:ADM:00010551:ADMCON7,categorical string,Admission test scores,Admission test scores,Original IPEDS202425.accdb SHA256 98e9175e54ba719cf7f0bfcc8e043fac4d11babd1b73ba1701ebbdc23e5470f5; exact physical schema and varTable24; effective source_manifest.json records final fall revisions.
2024,ADM2024,ADM,ADMCON8,00010556,nces:ADM:00010556:ADMCON8,ADMCON8__ADM__00010556__FAB7E3CF94F4,same_source_variable_identity,nces:ADM:00010556:ADMCON8,categorical string,English Proficiency Test,English Proficiency Test,Original IPEDS202425.accdb SHA256 98e9175e54ba719cf7f0bfcc8e043fac4d11babd1b73ba1701ebbdc23e5470f5; exact physical schema and varTable24; effective source_manifest.json records final fall revisions.
2024,ADM2024,ADM,ADMCON9,00010559,nces:ADM:00010559:ADMCON9,ADMCON9,same_source_variable_identity,nces:ADM:00010559:ADMCON9,categorical string,"Other Test (Wonderlic, WISC-III, etc.)  ","Other Test (Wonderlic, WISC-III, etc.)",Original IPEDS202425.accdb SHA256 98e9175e54ba719cf7f0bfcc8e043fac4d11babd1b73ba1701ebbdc23e5470f5; exact physical schema and varTable24; effective source_manifest.json records final fall revisions.
2024,ADM2024,ADM,ADMCON10,00010548,nces:ADM:00010548:ADMCON10,ADMCON10,same_source_variable_identity,nces:ADM:00010548:ADMCON10,categorical string,Work experience,Work experience,Original IPEDS202425.accdb SHA256 98e9175e54ba719cf7f0bfcc8e043fac4d11babd1b73ba1701ebbdc23e5470f5; exact physical schema and varTable24; effective source_manifest.json records final fall revisions.
2024,ADM2024,ADM,ADMCON11,00010549,nces:ADM:00010549:ADMCON11,ADMCON11,same_source_variable_identity,nces:ADM:00010549:ADMCON11,categorical string,Personal statement or essay,Personal statement or essay,Original IPEDS202425.accdb SHA256 98e9175e54ba719cf7f0bfcc8e043fac4d11babd1b73ba1701ebbdc23e5470f5; exact physical schema and varTable24; effective source_manifest.json records final fall revisions.
2024,ADM2024,ADM,ADMCON12,00010550,nces:ADM:00010550:ADMCON12,ADMCON12,same_source_variable_identity,nces:ADM:00010550:ADMCON12,categorical string,Legacy status,Legacy status,Original IPEDS202425.accdb SHA256 98e9175e54ba719cf7f0bfcc8e043fac4d11babd1b73ba1701ebbdc23e5470f5; exact physical schema and varTable24; effective source_manifest.json records final fall revisions.
2024,ADM2024,ADM,APPLCN,00011016,nces:ADM:00011016:APPLCN,APPLCN,same_source_variable_identity,nces:ADM:00011016:APPLCN,float,Applicants total,Applicants total,Original IPEDS202425.accdb SHA256 98e9175e54ba719cf7f0bfcc8e043fac4d11babd1b73ba1701ebbdc23e5470f5; exact physical schema and varTable24; effective source_manifest.json records final fall revisions.
2024,ADM2024,ADM,APPLCNM,00010566,nces:ADM:00010566:APPLCNM,APPLCNM,same_source_variable_identity,nces:ADM:00010566:APPLCNM,float,Applicants men,Applicants men,Original IPEDS202425.accdb SHA256 98e9175e54ba719cf7f0bfcc8e043fac4d11babd1b73ba1701ebbdc23e5470f5; exact physical schema and varTable24; effective source_manifest.json records final fall revisions.
2024,ADM2024,ADM,APPLCNW,00010571,nces:ADM:00010571:APPLCNW,APPLCNW,same_source_variable_identity,nces:ADM:00010571:APPLCNW,float,Applicants women,Applicants women,Original IPEDS202425.accdb SHA256 98e9175e54ba719cf7f0bfcc8e043fac4d11babd1b73ba1701ebbdc23e5470f5; exact physical schema and varTable24; effective source_manifest.json records final fall revisions.
2024,ADM2024,ADM,APPLCNAN,00010573,nces:ADM:00010573:APPLCNAN,APPLCNAN,same_source_variable_identity,nces:ADM:00010573:APPLCNAN,float,Applicants another gender,Applicants another gender,Original IPEDS202425.accdb SHA256 98e9175e54ba719cf7f0bfcc8e043fac4d11babd1b73ba1701ebbdc23e5470f5; exact physical schema and varTable24; effective source_manifest.json records final fall revisions.
2024,ADM2024,ADM,APPLCNUN,00010574,nces:ADM:00010574:APPLCNUN,APPLCNUN,same_source_variable_identity,nces:ADM:00010574:APPLCNUN,float,Applicants gender unknown,Applicants gender unknown,Original IPEDS202425.accdb SHA256 98e9175e54ba719cf7f0bfcc8e043fac4d11babd1b73ba1701ebbdc23e5470f5; exact physical schema and varTable24; effective source_manifest.json records final fall revisions.
2024,ADM2024,ADM,ADMSSN,00011021,nces:ADM:00011021:ADMSSN,ADMSSN,same_source_variable_identity,nces:ADM:00011021:ADMSSN,float,Admissions total,Admissions total,Original IPEDS202425.accdb SHA256 98e9175e54ba719cf7f0bfcc8e043fac4d11babd1b73ba1701ebbdc23e5470f5; exact physical schema and varTable24; effective source_manifest.json records final fall revisions.
2024,ADM2024,ADM,ADMSSNM,00010576,nces:ADM:00010576:ADMSSNM,ADMSSNM,same_source_variable_identity,nces:ADM:00010576:ADMSSNM,float,Admissions men,Admissions men,Original IPEDS202425.accdb SHA256 98e9175e54ba719cf7f0bfcc8e043fac4d11babd1b73ba1701ebbdc23e5470f5; exact physical schema and varTable24; effective source_manifest.json records final fall revisions.
2024,ADM2024,ADM,ADMSSNW,00010581,nces:ADM:00010581:ADMSSNW,ADMSSNW,same_source_variable_identity,nces:ADM:00010581:ADMSSNW,float,Admissions women,Admissions women,Original IPEDS202425.accdb SHA256 98e9175e54ba719cf7f0bfcc8e043fac4d11babd1b73ba1701ebbdc23e5470f5; exact physical schema and varTable24; effective source_manifest.json records final fall revisions.
2024,ADM2024,ADM,ADMSSNAN,00010584,nces:ADM:00010584:ADMSSNAN,ADMSSNAN,same_source_variable_identity,nces:ADM:00010584:ADMSSNAN,float,Admissions another gender,Admissions another gender,Original IPEDS202425.accdb SHA256 98e9175e54ba719cf7f0bfcc8e043fac4d11babd1b73ba1701ebbdc23e5470f5; exact physical schema and varTable24; effective source_manifest.json records final fall revisions.
2024,ADM2024,ADM,ADMSSNUN,00010585,nces:ADM:00010585:ADMSSNUN,ADMSSNUN,same_source_variable_identity,nces:ADM:00010585:ADMSSNUN,float,Admissions gender unknown,Admissions gender unknown,Original IPEDS202425.accdb SHA256 98e9175e54ba719cf7f0bfcc8e043fac4d11babd1b73ba1701ebbdc23e5470f5; exact physical schema and varTable24; effective source_manifest.json records final fall revisions.
2024,ADM2024,ADM,ENRLT,00011011,nces:ADM:00011011:ENRLT,ENRLT,same_source_variable_identity,nces:ADM:00011011:ENRLT,float,Enrolled total,Enrolled total,Original IPEDS202425.accdb SHA256 98e9175e54ba719cf7f0bfcc8e043fac4d11babd1b73ba1701ebbdc23e5470f5; exact physical schema and varTable24; effective source_manifest.json records final fall revisions.
2024,ADM2024,ADM,ENRLM,00011001,nces:ADM:00011001:ENRLM,ENRLM,same_source_variable_identity,nces:ADM:00011001:ENRLM,float,Enrolled  men,Enrolled  men,Original IPEDS202425.accdb SHA256 98e9175e54ba719cf7f0bfcc8e043fac4d11babd1b73ba1701ebbdc23e5470f5; exact physical schema and varTable24; effective source_manifest.json records final fall revisions.
2024,ADM2024,ADM,ENRLW,00011006,nces:ADM:00011006:ENRLW,ENRLW,same_source_variable_identity,nces:ADM:00011006:ENRLW,float,Enrolled  women,Enrolled  women,Original IPEDS202425.accdb SHA256 98e9175e54ba719cf7f0bfcc8e043fac4d11babd1b73ba1701ebbdc23e5470f5; exact physical schema and varTable24; effective source_manifest.json records final fall revisions.
2024,ADM2024,ADM,ENRLAN,00011009,nces:ADM:00011009:ENRLAN,ENRLAN,same_source_variable_identity,nces:ADM:00011009:ENRLAN,float,Enrolled another gender,Enrolled another gender,Original IPEDS202425.accdb SHA256 98e9175e54ba719cf7f0bfcc8e043fac4d11babd1b73ba1701ebbdc23e5470f5; exact physical schema and varTable24; effective source_manifest.json records final fall revisions.
2024,ADM2024,ADM,ENRLUN,00011010,nces:ADM:00011010:ENRLUN,ENRLUN,same_source_variable_identity,nces:ADM:00011010:ENRLUN,float,Enrolled gender unknown,Enrolled gender unknown,Original IPEDS202425.accdb SHA256 98e9175e54ba719cf7f0bfcc8e043fac4d11babd1b73ba1701ebbdc23e5470f5; exact physical schema and varTable24; effective source_manifest.json records final fall revisions.
2024,ADM2024,ADM,ENRLFT,00011026,nces:ADM:00011026:ENRLFT,ENRLFT,same_source_variable_identity,nces:ADM:00011026:ENRLFT,float,Enrolled full time total,Enrolled full time total,Original IPEDS202425.accdb SHA256 98e9175e54ba719cf7f0bfcc8e043fac4d11babd1b73ba1701ebbdc23e5470f5; exact physical schema and varTable24; effective source_manifest.json records final fall revisions.
2024,ADM2024,ADM,ENRLFTM,00010586,nces:ADM:00010586:ENRLFTM,ENRLFTM,same_source_variable_identity,nces:ADM:00010586:ENRLFTM,float,Enrolled full time men,Enrolled full time men,Original IPEDS202425.accdb SHA256 98e9175e54ba719cf7f0bfcc8e043fac4d11babd1b73ba1701ebbdc23e5470f5; exact physical schema and varTable24; effective source_manifest.json records final fall revisions.
2024,ADM2024,ADM,ENRLFTW,00010591,nces:ADM:00010591:ENRLFTW,ENRLFTW,same_source_variable_identity,nces:ADM:00010591:ENRLFTW,float,Enrolled full time women,Enrolled full time women,Original IPEDS202425.accdb SHA256 98e9175e54ba719cf7f0bfcc8e043fac4d11babd1b73ba1701ebbdc23e5470f5; exact physical schema and varTable24; effective source_manifest.json records final fall revisions.
2024,ADM2024,ADM,ENRLFTAN,00010594,nces:ADM:00010594:ENRLFTAN,ENRLFTAN,same_source_variable_identity,nces:ADM:00010594:ENRLFTAN,float,Enrolled full time another gender,Enrolled full time another gender,Original IPEDS202425.accdb SHA256 98e9175e54ba719cf7f0bfcc8e043fac4d11babd1b73ba1701ebbdc23e5470f5; exact physical schema and varTable24; effective source_manifest.json records final fall revisions.
2024,ADM2024,ADM,ENRLFTUN,00010595,nces:ADM:00010595:ENRLFTUN,ENRLFTUN,same_source_variable_identity,nces:ADM:00010595:ENRLFTUN,float,Enrolled full time gender unknown,Enrolled full time gender unknown,Original IPEDS202425.accdb SHA256 98e9175e54ba719cf7f0bfcc8e043fac4d11babd1b73ba1701ebbdc23e5470f5; exact physical schema and varTable24; effective source_manifest.json records final fall revisions.
2024,ADM2024,ADM,ENRLPT,00011031,nces:ADM:00011031:ENRLPT,ENRLPT,same_source_variable_identity,nces:ADM:00011031:ENRLPT,float,Enrolled part time total,Enrolled part time total,Original IPEDS202425.accdb SHA256 98e9175e54ba719cf7f0bfcc8e043fac4d11babd1b73ba1701ebbdc23e5470f5; exact physical schema and varTable24; effective source_manifest.json records final fall revisions.
2024,ADM2024,ADM,ENRLPTM,00010596,nces:ADM:00010596:ENRLPTM,ENRLPTM,same_source_variable_identity,nces:ADM:00010596:ENRLPTM,float,Enrolled part time men,Enrolled part time men,Original IPEDS202425.accdb SHA256 98e9175e54ba719cf7f0bfcc8e043fac4d11babd1b73ba1701ebbdc23e5470f5; exact physical schema and varTable24; effective source_manifest.json records final fall revisions.
2024,ADM2024,ADM,ENRLPTW,00010601,nces:ADM:00010601:ENRLPTW,ENRLPTW,same_source_variable_identity,nces:ADM:00010601:ENRLPTW,float,Enrolled part time women,Enrolled part time women,Original IPEDS202425.accdb SHA256 98e9175e54ba719cf7f0bfcc8e043fac4d11babd1b73ba1701ebbdc23e5470f5; exact physical schema and varTable24; effective source_manifest.json records final fall revisions.
2024,ADM2024,ADM,ENRLPTAN,00010604,nces:ADM:00010604:ENRLPTAN,ENRLPTAN,same_source_variable_identity,nces:ADM:00010604:ENRLPTAN,float,Enrolled part time another gender,Enrolled part time another gender,Original IPEDS202425.accdb SHA256 98e9175e54ba719cf7f0bfcc8e043fac4d11babd1b73ba1701ebbdc23e5470f5; exact physical schema and varTable24; effective source_manifest.json records final fall revisions.
2024,ADM2024,ADM,ENRLPTUN,00010605,nces:ADM:00010605:ENRLPTUN,ENRLPTUN,same_source_variable_identity,nces:ADM:00010605:ENRLPTUN,float,Enrolled part time gender unknown,Enrolled part time gender unknown,Original IPEDS202425.accdb SHA256 98e9175e54ba719cf7f0bfcc8e043fac4d11babd1b73ba1701ebbdc23e5470f5; exact physical schema and varTable24; effective source_manifest.json records final fall revisions.
2024,ADM2024,ADM,SATNUM,00010611,nces:ADM:00010611:SATNUM,SATNUM,same_source_variable_identity,nces:ADM:00010611:SATNUM,float,Number of first-time degree/certificate-seeking students submitting SAT scores,Number of first-time degree/certificate-seeking students submitting SAT scores,Original IPEDS202425.accdb SHA256 98e9175e54ba719cf7f0bfcc8e043fac4d11babd1b73ba1701ebbdc23e5470f5; exact physical schema and varTable24; effective source_manifest.json records final fall revisions.
2024,ADM2024,ADM,SATPCT,00010616,nces:ADM:00010616:SATPCT,SATPCT,same_source_variable_identity,nces:ADM:00010616:SATPCT,float,Percent of first-time degree/certificate-seeking students submitting SAT scores,Percent of first-time degree/certificate-seeking students submitting SAT scores,Original IPEDS202425.accdb SHA256 98e9175e54ba719cf7f0bfcc8e043fac4d11babd1b73ba1701ebbdc23e5470f5; exact physical schema and varTable24; effective source_manifest.json records final fall revisions.
2024,ADM2024,ADM,ACTNUM,00010621,nces:ADM:00010621:ACTNUM,ACTNUM,same_source_variable_identity,nces:ADM:00010621:ACTNUM,float,Number of first-time degree/certificate-seeking students submitting ACT scores,Number of first-time degree/certificate-seeking students submitting ACT scores,Original IPEDS202425.accdb SHA256 98e9175e54ba719cf7f0bfcc8e043fac4d11babd1b73ba1701ebbdc23e5470f5; exact physical schema and varTable24; effective source_manifest.json records final fall revisions.
2024,ADM2024,ADM,ACTPCT,00010626,nces:ADM:00010626:ACTPCT,ACTPCT,same_source_variable_identity,nces:ADM:00010626:ACTPCT,float,Percent of first-time degree/certificate-seeking students submitting ACT scores,Percent of first-time degree/certificate-seeking students submitting ACT scores,Original IPEDS202425.accdb SHA256 98e9175e54ba719cf7f0bfcc8e043fac4d11babd1b73ba1701ebbdc23e5470f5; exact physical schema and varTable24; effective source_manifest.json records final fall revisions.
2024,ADM2024,ADM,SATVR25,00010631,nces:ADM:00010631:SATVR25,SATVR25__ADM__00010631__A6357D0FA70A,same_source_variable_identity,nces:ADM:00010631:SATVR25,float,SAT Evidence-Based Reading and Writing 25th percentile score,SAT Evidence-Based Reading and Writing 25th percentile score,Original IPEDS202425.accdb SHA256 98e9175e54ba719cf7f0bfcc8e043fac4d11babd1b73ba1701ebbdc23e5470f5; exact physical schema and varTable24; effective source_manifest.json records final fall revisions.
2024,ADM2024,ADM,SATVR50,00010633,nces:ADM:00010633:SATVR50,SATVR50,same_source_variable_identity,nces:ADM:00010633:SATVR50,float,SAT Evidence-Based Reading and Writing 50th percentile score,SAT Evidence-Based Reading and Writing 50th percentile score,Original IPEDS202425.accdb SHA256 98e9175e54ba719cf7f0bfcc8e043fac4d11babd1b73ba1701ebbdc23e5470f5; exact physical schema and varTable24; effective source_manifest.json records final fall revisions.
2024,ADM2024,ADM,SATVR75,00010636,nces:ADM:00010636:SATVR75,SATVR75__ADM__00010636__1FF40D2F183C,same_source_variable_identity,nces:ADM:00010636:SATVR75,float,SAT Evidence-Based Reading and Writing 75th percentile score,SAT Evidence-Based Reading and Writing 75th percentile score,Original IPEDS202425.accdb SHA256 98e9175e54ba719cf7f0bfcc8e043fac4d11babd1b73ba1701ebbdc23e5470f5; exact physical schema and varTable24; effective source_manifest.json records final fall revisions.
2024,ADM2024,ADM,SATMT25,00010641,nces:ADM:00010641:SATMT25,SATMT25__ADM__00010641__EB0C3DE618DD,same_source_variable_identity,nces:ADM:00010641:SATMT25,float,SAT Math 25th percentile score,SAT Math 25th percentile score,Original IPEDS202425.accdb SHA256 98e9175e54ba719cf7f0bfcc8e043fac4d11babd1b73ba1701ebbdc23e5470f5; exact physical schema and varTable24; effective source_manifest.json records final fall revisions.
2024,ADM2024,ADM,SATMT50,00010642,nces:ADM:00010642:SATMT50,SATMT50,same_source_variable_identity,nces:ADM:00010642:SATMT50,float,SAT Math 50th percentile score,SAT Math 50th percentile score,Original IPEDS202425.accdb SHA256 98e9175e54ba719cf7f0bfcc8e043fac4d11babd1b73ba1701ebbdc23e5470f5; exact physical schema and varTable24; effective source_manifest.json records final fall revisions.
2024,ADM2024,ADM,SATMT75,00010646,nces:ADM:00010646:SATMT75,SATMT75__ADM__00010646__10A86162374D,same_source_variable_identity,nces:ADM:00010646:SATMT75,float,SAT Math 75th percentile score,SAT Math 75th percentile score,Original IPEDS202425.accdb SHA256 98e9175e54ba719cf7f0bfcc8e043fac4d11babd1b73ba1701ebbdc23e5470f5; exact physical schema and varTable24; effective source_manifest.json records final fall revisions.
2024,ADM2024,ADM,ACTCM25,00010651,nces:ADM:00010651:ACTCM25,ACTCM25,same_source_variable_identity,nces:ADM:00010651:ACTCM25,float,ACT Composite 25th percentile score,ACT Composite 25th percentile score,Original IPEDS202425.accdb SHA256 98e9175e54ba719cf7f0bfcc8e043fac4d11babd1b73ba1701ebbdc23e5470f5; exact physical schema and varTable24; effective source_manifest.json records final fall revisions.
2024,ADM2024,ADM,ACTCM50,00010653,nces:ADM:00010653:ACTCM50,ACTCM50,same_source_variable_identity,nces:ADM:00010653:ACTCM50,float,ACT Composite 50th percentile score,ACT Composite 50th percentile score,Original IPEDS202425.accdb SHA256 98e9175e54ba719cf7f0bfcc8e043fac4d11babd1b73ba1701ebbdc23e5470f5; exact physical schema and varTable24; effective source_manifest.json records final fall revisions.
2024,ADM2024,ADM,ACTCM75,00010656,nces:ADM:00010656:ACTCM75,ACTCM75,same_source_variable_identity,nces:ADM:00010656:ACTCM75,float,ACT Composite 75th percentile score,ACT Composite 75th percentile score,Original IPEDS202425.accdb SHA256 98e9175e54ba719cf7f0bfcc8e043fac4d11babd1b73ba1701ebbdc23e5470f5; exact physical schema and varTable24; effective source_manifest.json records final fall revisions.
2024,ADM2024,ADM,ACTEN25,00010661,nces:ADM:00010661:ACTEN25,ACTEN25,same_source_variable_identity,nces:ADM:00010661:ACTEN25,float,ACT English 25th percentile score,ACT English 25th percentile score,Original IPEDS202425.accdb SHA256 98e9175e54ba719cf7f0bfcc8e043fac4d11babd1b73ba1701ebbdc23e5470f5; exact physical schema and varTable24; effective source_manifest.json records final fall revisions.
2024,ADM2024,ADM,ACTEN50,00010663,nces:ADM:00010663:ACTEN50,ACTEN50,same_source_variable_identity,nces:ADM:00010663:ACTEN50,float,ACT English 50th percentile score,ACT English 50th percentile score,Original IPEDS202425.accdb SHA256 98e9175e54ba719cf7f0bfcc8e043fac4d11babd1b73ba1701ebbdc23e5470f5; exact physical schema and varTable24; effective source_manifest.json records final fall revisions.
2024,ADM2024,ADM,ACTEN75,00010666,nces:ADM:00010666:ACTEN75,ACTEN75,same_source_variable_identity,nces:ADM:00010666:ACTEN75,float,ACT English 75th percentile score,ACT English 75th percentile score,Original IPEDS202425.accdb SHA256 98e9175e54ba719cf7f0bfcc8e043fac4d11babd1b73ba1701ebbdc23e5470f5; exact physical schema and varTable24; effective source_manifest.json records final fall revisions.
2024,ADM2024,ADM,ACTMT25,00010671,nces:ADM:00010671:ACTMT25,ACTMT25,same_source_variable_identity,nces:ADM:00010671:ACTMT25,float,ACT Math 25th percentile score,ACT Math 25th percentile score,Original IPEDS202425.accdb SHA256 98e9175e54ba719cf7f0bfcc8e043fac4d11babd1b73ba1701ebbdc23e5470f5; exact physical schema and varTable24; effective source_manifest.json records final fall revisions.
2024,ADM2024,ADM,ACTMT50,00010673,nces:ADM:00010673:ACTMT50,ACTMT50,same_source_variable_identity,nces:ADM:00010673:ACTMT50,float,ACT Math 50th percentile score,ACT Math 50th percentile score,Original IPEDS202425.accdb SHA256 98e9175e54ba719cf7f0bfcc8e043fac4d11babd1b73ba1701ebbdc23e5470f5; exact physical schema and varTable24; effective source_manifest.json records final fall revisions.
2024,ADM2024,ADM,ACTMT75,00010676,nces:ADM:00010676:ACTMT75,ACTMT75,same_source_variable_identity,nces:ADM:00010676:ACTMT75,float,ACT Math 75th percentile score,ACT Math 75th percentile score,Original IPEDS202425.accdb SHA256 98e9175e54ba719cf7f0bfcc8e043fac4d11babd1b73ba1701ebbdc23e5470f5; exact physical schema and varTable24; effective source_manifest.json records final fall revisions.
2024,AL2024,AL,LEXP100K,00160153,nces:AL:00160153:LEXP100K,LEXP100K,same_source_variable_identity,nces:AL:00160153:LEXP100K,categorical string,"Were annual total library expenses greater than or equal to $100,000","Were annual total library expenses greater than or equal to $100,000",Original IPEDS202425.accdb SHA256 98e9175e54ba719cf7f0bfcc8e043fac4d11babd1b73ba1701ebbdc23e5470f5; exact physical schema and varTable24; effective source_manifest.json records final fall revisions.
2024,AL2024,AL,LCOLELYN,00160100,nces:AL:00160100:LCOLELYN,LCOLELYN,same_source_variable_identity,nces:AL:00160100:LCOLELYN,categorical string,Is the Library collection entirely electronic,Is the Library collection entirely electronic,Original IPEDS202425.accdb SHA256 98e9175e54ba719cf7f0bfcc8e043fac4d11babd1b73ba1701ebbdc23e5470f5; exact physical schema and varTable24; effective source_manifest.json records final fall revisions.
2024,AL2024,AL,LPBOOKS,00160105,nces:AL:00160105:LPBOOKS,LPBOOKS,same_source_variable_identity,nces:AL:00160105:LPBOOKS,float,Number of physical books,Number of physical books,Original IPEDS202425.accdb SHA256 98e9175e54ba719cf7f0bfcc8e043fac4d11babd1b73ba1701ebbdc23e5470f5; exact physical schema and varTable24; effective source_manifest.json records final fall revisions.
2024,AL2024,AL,LEBOOKS,00160110,nces:AL:00160110:LEBOOKS,LEBOOKS,same_source_variable_identity,nces:AL:00160110:LEBOOKS,float,Number of digital/electronic books,Number of digital/electronic books,Original IPEDS202425.accdb SHA256 98e9175e54ba719cf7f0bfcc8e043fac4d11babd1b73ba1701ebbdc23e5470f5; exact physical schema and varTable24; effective source_manifest.json records final fall revisions.
2024,AL2024,AL,LEDATAB,00160115,nces:AL:00160115:LEDATAB,LEDATAB,same_source_variable_identity,nces:AL:00160115:LEDATAB,float,Number of digital/electronic databases ,Number of digital/electronic databases,Original IPEDS202425.accdb SHA256 98e9175e54ba719cf7f0bfcc8e043fac4d11babd1b73ba1701ebbdc23e5470f5; exact physical schema and varTable24; effective source_manifest.json records final fall revisions.
2024,AL2024,AL,LPMEDIA,00160120,nces:AL:00160120:LPMEDIA,LPMEDIA,same_source_variable_identity,nces:AL:00160120:LPMEDIA,float,Number of physical media,Number of physical media,Original IPEDS202425.accdb SHA256 98e9175e54ba719cf7f0bfcc8e043fac4d11babd1b73ba1701ebbdc23e5470f5; exact physical schema and varTable24; effective source_manifest.json records final fall revisions.
2024,AL2024,AL,LEMEDIA,00160125,nces:AL:00160125:LEMEDIA,LEMEDIA,same_source_variable_identity,nces:AL:00160125:LEMEDIA,float,Number of digital/electronic media,Number of digital/electronic media,Original IPEDS202425.accdb SHA256 98e9175e54ba719cf7f0bfcc8e043fac4d11babd1b73ba1701ebbdc23e5470f5; exact physical schema and varTable24; effective source_manifest.json records final fall revisions.
2024,AL2024,AL,LPSERIA,00160300,nces:AL:00160300:LPSERIA,LPSERIA,same_source_variable_identity,nces:AL:00160300:LPSERIA,float,Number of physical serials,Number of physical serials,Original IPEDS202425.accdb SHA256 98e9175e54ba719cf7f0bfcc8e043fac4d11babd1b73ba1701ebbdc23e5470f5; exact physical schema and varTable24; effective source_manifest.json records final fall revisions.
2024,AL2024,AL,LESERIA,00160305,nces:AL:00160305:LESERIA,LESERIA,same_source_variable_identity,nces:AL:00160305:LESERIA,float,Number of electronic serials,Number of electronic serials,Original IPEDS202425.accdb SHA256 98e9175e54ba719cf7f0bfcc8e043fac4d11babd1b73ba1701ebbdc23e5470f5; exact physical schema and varTable24; effective source_manifest.json records final fall revisions.
2024,AL2024,AL,LPCLLCT,00160130,nces:AL:00160130:LPCLLCT,LPCLLCT,same_source_variable_identity,nces:AL:00160130:LPCLLCT,float,"Total physical library collections (books, media and serials)","Total physical library collections (books, media and serials)",Original IPEDS202425.accdb SHA256 98e9175e54ba719cf7f0bfcc8e043fac4d11babd1b73ba1701ebbdc23e5470f5; exact physical schema and varTable24; effective source_manifest.json records final fall revisions.
2024,AL2024,AL,LECLLCT,00160135,nces:AL:00160135:LECLLCT,LECLLCT,same_source_variable_identity,nces:AL:00160135:LECLLCT,float,"Total electronic library collections (books, databases, media and serials)","Total electronic library collections (books, databases, media and serials)",Original IPEDS202425.accdb SHA256 98e9175e54ba719cf7f0bfcc8e043fac4d11babd1b73ba1701ebbdc23e5470f5; exact physical schema and varTable24; effective source_manifest.json records final fall revisions.
2024,AL2024,AL,LTCLLCT,00160136,nces:AL:00160136:LTCLLCT,LTCLLCT,same_source_variable_identity,nces:AL:00160136:LTCLLCT,float,Total library collections (physical and electronic),Total library collections (physical and electronic),Original IPEDS202425.accdb SHA256 98e9175e54ba719cf7f0bfcc8e043fac4d11babd1b73ba1701ebbdc23e5470f5; exact physical schema and varTable24; effective source_manifest.json records final fall revisions.
2024,AL2024,AL,LPCRCLT,00160140,nces:AL:00160140:LPCRCLT,LPCRCLT,same_source_variable_identity,nces:AL:00160140:LPCRCLT,float,Total physical library circulations (books and media),Total physical library circulations (books and media),Original IPEDS202425.accdb SHA256 98e9175e54ba719cf7f0bfcc8e043fac4d11babd1b73ba1701ebbdc23e5470f5; exact physical schema and varTable24; effective source_manifest.json records final fall revisions.
2024,AL2024,AL,LECRCLT,00160145,nces:AL:00160145:LECRCLT,LECRCLT,same_source_variable_identity,nces:AL:00160145:LECRCLT,float,Total digital/electronic circulations (books and media),Total digital/electronic circulations (books and media),Original IPEDS202425.accdb SHA256 98e9175e54ba719cf7f0bfcc8e043fac4d11babd1b73ba1701ebbdc23e5470f5; exact physical schema and varTable24; effective source_manifest.json records final fall revisions.
2024,AL2024,AL,LTCRCLT,00160146,nces:AL:00160146:LTCRCLT,LTCRCLT,same_source_variable_identity,nces:AL:00160146:LTCRCLT,float,Total library circulations (physical and digital/electronic),Total library circulations (physical and digital/electronic),Original IPEDS202425.accdb SHA256 98e9175e54ba719cf7f0bfcc8e043fac4d11babd1b73ba1701ebbdc23e5470f5; exact physical schema and varTable24; effective source_manifest.json records final fall revisions.
2024,AL2024,AL,LILLDYN,00160310,nces:AL:00160310:LILLDYN,LILLDYN,same_source_variable_identity,nces:AL:00160310:LILLDYN,categorical string,Does institution have interlibrary loan services ?,Does institution have interlibrary loan services ?,Original IPEDS202425.accdb SHA256 98e9175e54ba719cf7f0bfcc8e043fac4d11babd1b73ba1701ebbdc23e5470f5; exact physical schema and varTable24; effective source_manifest.json records final fall revisions.
2024,AL2024,AL,LILLDPR,00160210,nces:AL:00160210:LILLDPR,LILLDPR,same_source_variable_identity,nces:AL:00160210:LILLDPR,float,Total interlibrary loans and documents provided to other libraries,Total interlibrary loans and documents provided to other libraries,Original IPEDS202425.accdb SHA256 98e9175e54ba719cf7f0bfcc8e043fac4d11babd1b73ba1701ebbdc23e5470f5; exact physical schema and varTable24; effective source_manifest.json records final fall revisions.
2024,AL2024,AL,LILLDRC,00160215,nces:AL:00160215:LILLDRC,LILLDRC,same_source_variable_identity,nces:AL:00160215:LILLDRC,float,Total interlibrary loans and documents received,Total interlibrary loans and documents received,Original IPEDS202425.accdb SHA256 98e9175e54ba719cf7f0bfcc8e043fac4d11babd1b73ba1701ebbdc23e5470f5; exact physical schema and varTable24; effective source_manifest.json records final fall revisions.
2024,AL2024,AL,LILSYN,00160325,nces:AL:00160325:LILSYN,LILSYN,same_source_variable_identity,nces:AL:00160325:LILSYN,categorical string,Does  institution have Library Staff?,Does  institution have Library Staff?,Original IPEDS202425.accdb SHA256 98e9175e54ba719cf7f0bfcc8e043fac4d11babd1b73ba1701ebbdc23e5470f5; exact physical schema and varTable24; effective source_manifest.json records final fall revisions.
2024,AL2024,AL,LSTOTAL,00160330,nces:AL:00160330:LSTOTAL,LSTOTAL,same_source_variable_identity,nces:AL:00160330:LSTOTAL,float,Total library FTE staff,Total library FTE staff,Original IPEDS202425.accdb SHA256 98e9175e54ba719cf7f0bfcc8e043fac4d11babd1b73ba1701ebbdc23e5470f5; exact physical schema and varTable24; effective source_manifest.json records final fall revisions.
2024,AL2024,AL,LSLIBRN,00160335,nces:AL:00160335:LSLIBRN,LSLIBRN,same_source_variable_identity,nces:AL:00160335:LSLIBRN,float,Librarians FTE staff,Librarians FTE staff,Original IPEDS202425.accdb SHA256 98e9175e54ba719cf7f0bfcc8e043fac4d11babd1b73ba1701ebbdc23e5470f5; exact physical schema and varTable24; effective source_manifest.json records final fall revisions.
2024,AL2024,AL,LSOPROF,00160340,nces:AL:00160340:LSOPROF,LSOPROF,same_source_variable_identity,nces:AL:00160340:LSOPROF,float,Other professional FTE staff,Other professional FTE staff,Original IPEDS202425.accdb SHA256 98e9175e54ba719cf7f0bfcc8e043fac4d11babd1b73ba1701ebbdc23e5470f5; exact physical schema and varTable24; effective source_manifest.json records final fall revisions.
2024,AL2024,AL,LSOPAID,00160345,nces:AL:00160345:LSOPAID,LSOPAID,same_source_variable_identity,nces:AL:00160345:LSOPAID,float,All other paid FTE staff (Except Student Assistants),All other paid FTE staff (Except Student Assistants),Original IPEDS202425.accdb SHA256 98e9175e54ba719cf7f0bfcc8e043fac4d11babd1b73ba1701ebbdc23e5470f5; exact physical schema and varTable24; effective source_manifest.json records final fall revisions.
2024,AL2024,AL,LSSTAST,00160350,nces:AL:00160350:LSSTAST,LSSTAST,same_source_variable_identity,nces:AL:00160350:LSSTAST,float,Student assistants FTE,Student assistants FTE,Original IPEDS202425.accdb SHA256 98e9175e54ba719cf7f0bfcc8e043fac4d11babd1b73ba1701ebbdc23e5470f5; exact physical schema and varTable24; effective source_manifest.json records final fall revisions.
2024,AL2024,AL,LBRANCH,00160150,nces:AL:00160150:LBRANCH,LBRANCH,same_source_variable_identity,nces:AL:00160150:LBRANCH,float,Number of branches and independent libraries,Number of branches and independent libraries,Original IPEDS202425.accdb SHA256 98e9175e54ba719cf7f0bfcc8e043fac4d11babd1b73ba1701ebbdc23e5470f5; exact physical schema and varTable24; effective source_manifest.json records final fall revisions.
2024,AL2024,AL,LSALWAG,00160155,nces:AL:00160155:LSALWAG,LSALWAG,same_source_variable_identity,nces:AL:00160155:LSALWAG,float,Total salaries and wages from the library budget,Total salaries and wages from the library budget,Original IPEDS202425.accdb SHA256 98e9175e54ba719cf7f0bfcc8e043fac4d11babd1b73ba1701ebbdc23e5470f5; exact physical schema and varTable24; effective source_manifest.json records final fall revisions.
2024,AL2024,AL,LFRNGBYN,00160160,nces:AL:00160160:LFRNGBYN,LFRNGBYN,same_source_variable_identity,nces:AL:00160160:LFRNGBYN,categorical string,Are staff fringe benefits paid out of the library budget,Are staff fringe benefits paid out of the library budget,Original IPEDS202425.accdb SHA256 98e9175e54ba719cf7f0bfcc8e043fac4d11babd1b73ba1701ebbdc23e5470f5; exact physical schema and varTable24; effective source_manifest.json records final fall revisions.
2024,AL2024,AL,LFRNGBN,00160165,nces:AL:00160165:LFRNGBN,LFRNGBN,same_source_variable_identity,nces:AL:00160165:LFRNGBN,float,Total fringe benefits,Total fringe benefits,Original IPEDS202425.accdb SHA256 98e9175e54ba719cf7f0bfcc8e043fac4d11babd1b73ba1701ebbdc23e5470f5; exact physical schema and varTable24; effective source_manifest.json records final fall revisions.
2024,AL2024,AL,LEXMSBB,00160170,nces:AL:00160170:LEXMSBB,LEXMSBB,same_source_variable_identity,nces:AL:00160170:LEXMSBB,float,"One-time purchases of books, serial backfiles, and other materials","One-time purchases of books, serial backfiles, and other materials",Original IPEDS202425.accdb SHA256 98e9175e54ba719cf7f0bfcc8e043fac4d11babd1b73ba1701ebbdc23e5470f5; exact physical schema and varTable24; effective source_manifest.json records final fall revisions.
2024,AL2024,AL,LEXMSCS,00160175,nces:AL:00160175:LEXMSCS,LEXMSCS,same_source_variable_identity,nces:AL:00160175:LEXMSCS,float,Ongoing commitments to subscriptions,Ongoing commitments to subscriptions,Original IPEDS202425.accdb SHA256 98e9175e54ba719cf7f0bfcc8e043fac4d11babd1b73ba1701ebbdc23e5470f5; exact physical schema and varTable24; effective source_manifest.json records final fall revisions.
2024,AL2024,AL,LEXMSOT,00160180,nces:AL:00160180:LEXMSOT,LEXMSOT,same_source_variable_identity,nces:AL:00160180:LEXMSOT,float,Other materials/services expenditures,Other materials/services expenditures,Original IPEDS202425.accdb SHA256 98e9175e54ba719cf7f0bfcc8e043fac4d11babd1b73ba1701ebbdc23e5470f5; exact physical schema and varTable24; effective source_manifest.json records final fall revisions.
2024,AL2024,AL,LEXMSTL,00160185,nces:AL:00160185:LEXMSTL,LEXMSTL,same_source_variable_identity,nces:AL:00160185:LEXMSTL,float,Total materials/services expenditures,Total materials/services expenditures,Original IPEDS202425.accdb SHA256 98e9175e54ba719cf7f0bfcc8e043fac4d11babd1b73ba1701ebbdc23e5470f5; exact physical schema and varTable24; effective source_manifest.json records final fall revisions.
2024,AL2024,AL,LEXOMPS,00160190,nces:AL:00160190:LEXOMPS,LEXOMPS,same_source_variable_identity,nces:AL:00160190:LEXOMPS,float,Preservation services,Preservation services,Original IPEDS202425.accdb SHA256 98e9175e54ba719cf7f0bfcc8e043fac4d11babd1b73ba1701ebbdc23e5470f5; exact physical schema and varTable24; effective source_manifest.json records final fall revisions.
2024,AL2024,AL,LEXOMOT,00160195,nces:AL:00160195:LEXOMOT,LEXOMOT,same_source_variable_identity,nces:AL:00160195:LEXOMOT,float,Other operation and maintenance expenditures,Other operation and maintenance expenditures,Original IPEDS202425.accdb SHA256 98e9175e54ba719cf7f0bfcc8e043fac4d11babd1b73ba1701ebbdc23e5470f5; exact physical schema and varTable24; effective source_manifest.json records final fall revisions.
2024,AL2024,AL,LEXOMTL,00160200,nces:AL:00160200:LEXOMTL,LEXOMTL,same_source_variable_identity,nces:AL:00160200:LEXOMTL,float,Total operations and maintenance expenditures,Total operations and maintenance expenditures,Original IPEDS202425.accdb SHA256 98e9175e54ba719cf7f0bfcc8e043fac4d11babd1b73ba1701ebbdc23e5470f5; exact physical schema and varTable24; effective source_manifest.json records final fall revisions.
2024,AL2024,AL,LEXPTOT,00160205,nces:AL:00160205:LEXPTOT,LEXPTOT,same_source_variable_identity,nces:AL:00160205:LEXPTOT,float,"Total expenditures (salaries/wages, benefits, materials/services, and operations/maintenance)","Total expenditures (salaries/wages, benefits, materials/services, and operations/maintenance)",Original IPEDS202425.accdb SHA256 98e9175e54ba719cf7f0bfcc8e043fac4d11babd1b73ba1701ebbdc23e5470f5; exact physical schema and varTable24; effective source_manifest.json records final fall revisions.
2024,AL2024,AL,LSWMSOM,00160206,nces:AL:00160206:LSWMSOM,LSWMSOM,same_source_variable_identity,nces:AL:00160206:LSWMSOM,float,"Salaries/wages, materials/services, and operations/maintenance","Salaries/wages, materials/services, and operations/maintenance",Original IPEDS202425.accdb SHA256 98e9175e54ba719cf7f0bfcc8e043fac4d11babd1b73ba1701ebbdc23e5470f5; exact physical schema and varTable24; effective source_manifest.json records final fall revisions.
2024,C2024_B,C_B,CSTOTLT,00033100,nces:C_B:00033100:CSTOTLT,CSTOTLT,same_source_variable_identity,nces:C_B:00033100:CSTOTLT,float,Grand total,Grand total,Original IPEDS202425.accdb SHA256 98e9175e54ba719cf7f0bfcc8e043fac4d11babd1b73ba1701ebbdc23e5470f5; exact physical schema and varTable24; effective source_manifest.json records final fall revisions.
2024,C2024_B,C_B,CSTOTLM,00033101,nces:C_B:00033101:CSTOTLM,CSTOTLM,same_source_variable_identity,nces:C_B:00033101:CSTOTLM,float,Grand total men,Grand total men,Original IPEDS202425.accdb SHA256 98e9175e54ba719cf7f0bfcc8e043fac4d11babd1b73ba1701ebbdc23e5470f5; exact physical schema and varTable24; effective source_manifest.json records final fall revisions.
2024,C2024_B,C_B,CSTOTLW,00033102,nces:C_B:00033102:CSTOTLW,CSTOTLW,same_source_variable_identity,nces:C_B:00033102:CSTOTLW,float,Grand total women,Grand total women,Original IPEDS202425.accdb SHA256 98e9175e54ba719cf7f0bfcc8e043fac4d11babd1b73ba1701ebbdc23e5470f5; exact physical schema and varTable24; effective source_manifest.json records final fall revisions.
2024,C2024_B,C_B,CSAIANT,00033110,nces:C_B:00033110:CSAIANT,CSAIANT,same_source_variable_identity,nces:C_B:00033110:CSAIANT,float,American Indian or Alaska Native total ,American Indian or Alaska Native total,Original IPEDS202425.accdb SHA256 98e9175e54ba719cf7f0bfcc8e043fac4d11babd1b73ba1701ebbdc23e5470f5; exact physical schema and varTable24; effective source_manifest.json records final fall revisions.
2024,C2024_B,C_B,CSAIANM,00033111,nces:C_B:00033111:CSAIANM,CSAIANM,same_source_variable_identity,nces:C_B:00033111:CSAIANM,float,American Indian or Alaska Native men ,American Indian or Alaska Native men,Original IPEDS202425.accdb SHA256 98e9175e54ba719cf7f0bfcc8e043fac4d11babd1b73ba1701ebbdc23e5470f5; exact physical schema and varTable24; effective source_manifest.json records final fall revisions.
2024,C2024_B,C_B,CSAIANW,00033112,nces:C_B:00033112:CSAIANW,CSAIANW,same_source_variable_identity,nces:C_B:00033112:CSAIANW,float,American Indian or Alaska Native women ,American Indian or Alaska Native women,Original IPEDS202425.accdb SHA256 98e9175e54ba719cf7f0bfcc8e043fac4d11babd1b73ba1701ebbdc23e5470f5; exact physical schema and varTable24; effective source_manifest.json records final fall revisions.
2024,C2024_B,C_B,CSASIAT,00033120,nces:C_B:00033120:CSASIAT,CSASIAT,same_source_variable_identity,nces:C_B:00033120:CSASIAT,float,Asian total ,Asian total,Original IPEDS202425.accdb SHA256 98e9175e54ba719cf7f0bfcc8e043fac4d11babd1b73ba1701ebbdc23e5470f5; exact physical schema and varTable24; effective source_manifest.json records final fall revisions.
2024,C2024_B,C_B,CSASIAM,00033121,nces:C_B:00033121:CSASIAM,CSASIAM,same_source_variable_identity,nces:C_B:00033121:CSASIAM,float,Asian men,Asian men,Original IPEDS202425.accdb SHA256 98e9175e54ba719cf7f0bfcc8e043fac4d11babd1b73ba1701ebbdc23e5470f5; exact physical schema and varTable24; effective source_manifest.json records final fall revisions.
2024,C2024_B,C_B,CSASIAW,00033122,nces:C_B:00033122:CSASIAW,CSASIAW,same_source_variable_identity,nces:C_B:00033122:CSASIAW,float,Asian women ,Asian women,Original IPEDS202425.accdb SHA256 98e9175e54ba719cf7f0bfcc8e043fac4d11babd1b73ba1701ebbdc23e5470f5; exact physical schema and varTable24; effective source_manifest.json records final fall revisions.
2024,C2024_B,C_B,CSBKAAT,00033130,nces:C_B:00033130:CSBKAAT,CSBKAAT,same_source_variable_identity,nces:C_B:00033130:CSBKAAT,float,Black or African American total ,Black or African American total,Original IPEDS202425.accdb SHA256 98e9175e54ba719cf7f0bfcc8e043fac4d11babd1b73ba1701ebbdc23e5470f5; exact physical schema and varTable24; effective source_manifest.json records final fall revisions.
2024,C2024_B,C_B,CSBKAAM,00033131,nces:C_B:00033131:CSBKAAM,CSBKAAM,same_source_variable_identity,nces:C_B:00033131:CSBKAAM,float,Black or African American men ,Black or African American men,Original IPEDS202425.accdb SHA256 98e9175e54ba719cf7f0bfcc8e043fac4d11babd1b73ba1701ebbdc23e5470f5; exact physical schema and varTable24; effective source_manifest.json records final fall revisions.
2024,C2024_B,C_B,CSBKAAW,00033132,nces:C_B:00033132:CSBKAAW,CSBKAAW,same_source_variable_identity,nces:C_B:00033132:CSBKAAW,float,Black or African American women ,Black or African American women,Original IPEDS202425.accdb SHA256 98e9175e54ba719cf7f0bfcc8e043fac4d11babd1b73ba1701ebbdc23e5470f5; exact physical schema and varTable24; effective source_manifest.json records final fall revisions.
2024,C2024_B,C_B,CSHISPT,00033140,nces:C_B:00033140:CSHISPT,CSHISPT,same_source_variable_identity,nces:C_B:00033140:CSHISPT,float,Hispanic or Latino total ,Hispanic or Latino total,Original IPEDS202425.accdb SHA256 98e9175e54ba719cf7f0bfcc8e043fac4d11babd1b73ba1701ebbdc23e5470f5; exact physical schema and varTable24; effective source_manifest.json records final fall revisions.
2024,C2024_B,C_B,CSHISPM,00033141,nces:C_B:00033141:CSHISPM,CSHISPM,same_source_variable_identity,nces:C_B:00033141:CSHISPM,float,Hispanic or Latino men ,Hispanic or Latino men,Original IPEDS202425.accdb SHA256 98e9175e54ba719cf7f0bfcc8e043fac4d11babd1b73ba1701ebbdc23e5470f5; exact physical schema and varTable24; effective source_manifest.json records final fall revisions.
2024,C2024_B,C_B,CSHISPW,00033142,nces:C_B:00033142:CSHISPW,CSHISPW,same_source_variable_identity,nces:C_B:00033142:CSHISPW,float,Hispanic or Latino women ,Hispanic or Latino women,Original IPEDS202425.accdb SHA256 98e9175e54ba719cf7f0bfcc8e043fac4d11babd1b73ba1701ebbdc23e5470f5; exact physical schema and varTable24; effective source_manifest.json records final fall revisions.
2024,C2024_B,C_B,CSNHPIT,00033150,nces:C_B:00033150:CSNHPIT,CSNHPIT,same_source_variable_identity,nces:C_B:00033150:CSNHPIT,float,Native Hawaiian or Other Pacific Islander total,Native Hawaiian or Other Pacific Islander total,Original IPEDS202425.accdb SHA256 98e9175e54ba719cf7f0bfcc8e043fac4d11babd1b73ba1701ebbdc23e5470f5; exact physical schema and varTable24; effective source_manifest.json records final fall revisions.
2024,C2024_B,C_B,CSNHPIM,00033151,nces:C_B:00033151:CSNHPIM,CSNHPIM,same_source_variable_identity,nces:C_B:00033151:CSNHPIM,float,Native Hawaiian or Other Pacific Islander men,Native Hawaiian or Other Pacific Islander men,Original IPEDS202425.accdb SHA256 98e9175e54ba719cf7f0bfcc8e043fac4d11babd1b73ba1701ebbdc23e5470f5; exact physical schema and varTable24; effective source_manifest.json records final fall revisions.
2024,C2024_B,C_B,CSNHPIW,00033152,nces:C_B:00033152:CSNHPIW,CSNHPIW,same_source_variable_identity,nces:C_B:00033152:CSNHPIW,float,Native Hawaiian or Other Pacific Islander women ,Native Hawaiian or Other Pacific Islander women,Original IPEDS202425.accdb SHA256 98e9175e54ba719cf7f0bfcc8e043fac4d11babd1b73ba1701ebbdc23e5470f5; exact physical schema and varTable24; effective source_manifest.json records final fall revisions.
2024,C2024_B,C_B,CSWHITT,00033160,nces:C_B:00033160:CSWHITT,CSWHITT,same_source_variable_identity,nces:C_B:00033160:CSWHITT,float,White total ,White total,Original IPEDS202425.accdb SHA256 98e9175e54ba719cf7f0bfcc8e043fac4d11babd1b73ba1701ebbdc23e5470f5; exact physical schema and varTable24; effective source_manifest.json records final fall revisions.
2024,C2024_B,C_B,CSWHITM,00033161,nces:C_B:00033161:CSWHITM,CSWHITM,same_source_variable_identity,nces:C_B:00033161:CSWHITM,float,White men ,White men,Original IPEDS202425.accdb SHA256 98e9175e54ba719cf7f0bfcc8e043fac4d11babd1b73ba1701ebbdc23e5470f5; exact physical schema and varTable24; effective source_manifest.json records final fall revisions.
2024,C2024_B,C_B,CSWHITW,00033162,nces:C_B:00033162:CSWHITW,CSWHITW,same_source_variable_identity,nces:C_B:00033162:CSWHITW,float,White women ,White women,Original IPEDS202425.accdb SHA256 98e9175e54ba719cf7f0bfcc8e043fac4d11babd1b73ba1701ebbdc23e5470f5; exact physical schema and varTable24; effective source_manifest.json records final fall revisions.
2024,C2024_B,C_B,CS2MORT,00033170,nces:C_B:00033170:CS2MORT,CS2MORT,same_source_variable_identity,nces:C_B:00033170:CS2MORT,float,Two or more races total,Two or more races total,Original IPEDS202425.accdb SHA256 98e9175e54ba719cf7f0bfcc8e043fac4d11babd1b73ba1701ebbdc23e5470f5; exact physical schema and varTable24; effective source_manifest.json records final fall revisions.
2024,C2024_B,C_B,CS2MORM,00033171,nces:C_B:00033171:CS2MORM,CS2MORM,same_source_variable_identity,nces:C_B:00033171:CS2MORM,float,Two or more races men,Two or more races men,Original IPEDS202425.accdb SHA256 98e9175e54ba719cf7f0bfcc8e043fac4d11babd1b73ba1701ebbdc23e5470f5; exact physical schema and varTable24; effective source_manifest.json records final fall revisions.
2024,C2024_B,C_B,CS2MORW,00033172,nces:C_B:00033172:CS2MORW,CS2MORW,same_source_variable_identity,nces:C_B:00033172:CS2MORW,float,Two or more races women,Two or more races women,Original IPEDS202425.accdb SHA256 98e9175e54ba719cf7f0bfcc8e043fac4d11babd1b73ba1701ebbdc23e5470f5; exact physical schema and varTable24; effective source_manifest.json records final fall revisions.
2024,C2024_B,C_B,CSUNKNT,00033180,nces:C_B:00033180:CSUNKNT,CSUNKNT,same_source_variable_identity,nces:C_B:00033180:CSUNKNT,float,Race/ethnicity unknown total,Race/ethnicity unknown total,Original IPEDS202425.accdb SHA256 98e9175e54ba719cf7f0bfcc8e043fac4d11babd1b73ba1701ebbdc23e5470f5; exact physical schema and varTable24; effective source_manifest.json records final fall revisions.
2024,C2024_B,C_B,CSUNKNM,00033181,nces:C_B:00033181:CSUNKNM,CSUNKNM,same_source_variable_identity,nces:C_B:00033181:CSUNKNM,float,Race/ethnicity unknown men,Race/ethnicity unknown men,Original IPEDS202425.accdb SHA256 98e9175e54ba719cf7f0bfcc8e043fac4d11babd1b73ba1701ebbdc23e5470f5; exact physical schema and varTable24; effective source_manifest.json records final fall revisions.
2024,C2024_B,C_B,CSUNKNW,00033182,nces:C_B:00033182:CSUNKNW,CSUNKNW,same_source_variable_identity,nces:C_B:00033182:CSUNKNW,float,Race/ethnicity unknown women,Race/ethnicity unknown women,Original IPEDS202425.accdb SHA256 98e9175e54ba719cf7f0bfcc8e043fac4d11babd1b73ba1701ebbdc23e5470f5; exact physical schema and varTable24; effective source_manifest.json records final fall revisions.
2024,C2024_B,C_B,CSNRALT,00033190,nces:C_B:00033190:CSNRALT,CSNRALT,same_source_variable_identity,nces:C_B:00033190:CSNRALT,float,U.S. Nonresident total,U.S. Nonresident total,Original IPEDS202425.accdb SHA256 98e9175e54ba719cf7f0bfcc8e043fac4d11babd1b73ba1701ebbdc23e5470f5; exact physical schema and varTable24; effective source_manifest.json records final fall revisions.
2024,C2024_B,C_B,CSNRALM,00033191,nces:C_B:00033191:CSNRALM,CSNRALM,same_source_variable_identity,nces:C_B:00033191:CSNRALM,float,U.S. Nonresident men,U.S. Nonresident men,Original IPEDS202425.accdb SHA256 98e9175e54ba719cf7f0bfcc8e043fac4d11babd1b73ba1701ebbdc23e5470f5; exact physical schema and varTable24; effective source_manifest.json records final fall revisions.
2024,C2024_B,C_B,CSNRALW,00033192,nces:C_B:00033192:CSNRALW,CSNRALW,same_source_variable_identity,nces:C_B:00033192:CSNRALW,float,U.S. Nonresident women,U.S. Nonresident women,Original IPEDS202425.accdb SHA256 98e9175e54ba719cf7f0bfcc8e043fac4d11babd1b73ba1701ebbdc23e5470f5; exact physical schema and varTable24; effective source_manifest.json records final fall revisions.
2024,C2024_B,C_B,CSGUUGUN,00035010,nces:C_B:00035010:CSGUUGUN,CSGUUGUN,same_source_variable_identity,nces:C_B:00035010:CSGUUGUN,float,Undergraduate gender unknown  ,Undergraduate gender unknown,Original IPEDS202425.accdb SHA256 98e9175e54ba719cf7f0bfcc8e043fac4d11babd1b73ba1701ebbdc23e5470f5; exact physical schema and varTable24; effective source_manifest.json records final fall revisions.
2024,C2024_B,C_B,CSGUUGAG,00035015,nces:C_B:00035015:CSGUUGAG,CSGUUGAG,same_source_variable_identity,nces:C_B:00035015:CSGUUGAG,float,Undergraduate another gender  ,Undergraduate another gender,Original IPEDS202425.accdb SHA256 98e9175e54ba719cf7f0bfcc8e043fac4d11babd1b73ba1701ebbdc23e5470f5; exact physical schema and varTable24; effective source_manifest.json records final fall revisions.
2024,C2024_B,C_B,CSGUUGTT,00035020,nces:C_B:00035020:CSGUUGTT,CSGUUGTT,same_source_variable_identity,nces:C_B:00035020:CSGUUGTT,float,Undergraduate gender unknown and another gender  ,Undergraduate gender unknown and another gender,Original IPEDS202425.accdb SHA256 98e9175e54ba719cf7f0bfcc8e043fac4d11babd1b73ba1701ebbdc23e5470f5; exact physical schema and varTable24; effective source_manifest.json records final fall revisions.
2024,C2024_B,C_B,CSGUGUN,00035025,nces:C_B:00035025:CSGUGUN,CSGUGUN,same_source_variable_identity,nces:C_B:00035025:CSGUGUN,float,Graduate gender unknown  ,Graduate gender unknown,Original IPEDS202425.accdb SHA256 98e9175e54ba719cf7f0bfcc8e043fac4d11babd1b73ba1701ebbdc23e5470f5; exact physical schema and varTable24; effective source_manifest.json records final fall revisions.
2024,C2024_B,C_B,CSGUGAG,00035030,nces:C_B:00035030:CSGUGAG,CSGUGAG,same_source_variable_identity,nces:C_B:00035030:CSGUGAG,float,Graduate another gender  ,Graduate another gender,Original IPEDS202425.accdb SHA256 98e9175e54ba719cf7f0bfcc8e043fac4d11babd1b73ba1701ebbdc23e5470f5; exact physical schema and varTable24; effective source_manifest.json records final fall revisions.
2024,C2024_B,C_B,CSGUGTOT,00035035,nces:C_B:00035035:CSGUGTOT,CSGUGTOT,same_source_variable_identity,nces:C_B:00035035:CSGUGTOT,float,Graduate gender unknown and another gender  ,Graduate gender unknown and another gender,Original IPEDS202425.accdb SHA256 98e9175e54ba719cf7f0bfcc8e043fac4d11babd1b73ba1701ebbdc23e5470f5; exact physical schema and varTable24; effective source_manifest.json records final fall revisions.
2024,C2024_B,C_B,CSGUTOTUN,00035040,nces:C_B:00035040:CSGUTOTUN,CSGUTOTUN,same_source_variable_identity,nces:C_B:00035040:CSGUTOTUN,float,Total gender unknown  ,Total gender unknown,Original IPEDS202425.accdb SHA256 98e9175e54ba719cf7f0bfcc8e043fac4d11babd1b73ba1701ebbdc23e5470f5; exact physical schema and varTable24; effective source_manifest.json records final fall revisions.
2024,C2024_B,C_B,CSGUTOTAG,00035045,nces:C_B:00035045:CSGUTOTAG,CSGUTOTAG,same_source_variable_identity,nces:C_B:00035045:CSGUTOTAG,float,Total another gender  ,Total another gender,Original IPEDS202425.accdb SHA256 98e9175e54ba719cf7f0bfcc8e043fac4d11babd1b73ba1701ebbdc23e5470f5; exact physical schema and varTable24; effective source_manifest.json records final fall revisions.
2024,C2024_B,C_B,CSGUTOT,00035050,nces:C_B:00035050:CSGUTOT,CSGUTOT,same_source_variable_identity,nces:C_B:00035050:CSGUTOT,float,Total of gender unknown and  another gender  ,Total of gender unknown and  another gender,Original IPEDS202425.accdb SHA256 98e9175e54ba719cf7f0bfcc8e043fac4d11babd1b73ba1701ebbdc23e5470f5; exact physical schema and varTable24; effective source_manifest.json records final fall revisions.
2024,C2024_B,C_B,CSGUKN,00035055,nces:C_B:00035055:CSGUKN,CSGUKN,same_source_variable_identity,nces:C_B:00035055:CSGUKN,float,Total gender reported as one of the mutually exclusive binary categories (Men/Women)  ,Total gender reported as one of the mutually exclusive binary categories (Men/Women),Original IPEDS202425.accdb SHA256 98e9175e54ba719cf7f0bfcc8e043fac4d11babd1b73ba1701ebbdc23e5470f5; exact physical schema and varTable24; effective source_manifest.json records final fall revisions.
2024,COST1_2024,COST,ROOM,00010966,nces:COST:00010966:ROOM,ROOM,exact_2023_number_name_relocated,nces:IC:00010966:ROOM,categorical string,Institution provide Institutionally-controlled housing (on-campus and/or off-campus),Institution provide nstitutionally-controlled housing (on-campus and/or off-campus),Original IPEDS202425.accdb SHA256 98e9175e54ba719cf7f0bfcc8e043fac4d11babd1b73ba1701ebbdc23e5470f5; exact physical schema and varTable24; effective source_manifest.json records final fall revisions.
2024,COST1_2024,COST,ROOMCAP,00010971,nces:COST:00010971:ROOMCAP,ROOMCAP,exact_2023_number_name_relocated,nces:IC:00010971:ROOMCAP,float,Housing capacity,Housing capacity,Original IPEDS202425.accdb SHA256 98e9175e54ba719cf7f0bfcc8e043fac4d11babd1b73ba1701ebbdc23e5470f5; exact physical schema and varTable24; effective source_manifest.json records final fall revisions.
2024,COST1_2024,COST,ALLONCAM,00015066,nces:COST:00015066:ALLONCAM,ALLONCAM,exact_2023_number_name_relocated,nces:IC:00015066:ALLONCAM,categorical string,"Full-time, first-time degree/certificate-seeking students required to live on campus   ","Full-time, first-time degree/certificate-seeking students required to live on campus",Original IPEDS202425.accdb SHA256 98e9175e54ba719cf7f0bfcc8e043fac4d11babd1b73ba1701ebbdc23e5470f5; exact physical schema and varTable24; effective source_manifest.json records final fall revisions.
2024,COST1_2024,COST,TUITVARY,00010961,nces:COST:00010961:TUITVARY,TUITVARY,exact_2023_number_name_relocated,nces:IC:00010961:TUITVARY,categorical string,"Tuition charge varies for in-district, in-state, out-of-state students","Tuition charge varies for in-district, in-state, out-of-state students",Original IPEDS202425.accdb SHA256 98e9175e54ba719cf7f0bfcc8e043fac4d11babd1b73ba1701ebbdc23e5470f5; exact physical schema and varTable24; effective source_manifest.json records final fall revisions.
2024,COST1_2024,COST,BOARD,00010976,nces:COST:00010976:BOARD,BOARD,exact_2023_number_name_relocated,nces:IC:00010976:BOARD,categorical string,Institution offers food or meal plans,Institution offers food or meal plans,Original IPEDS202425.accdb SHA256 98e9175e54ba719cf7f0bfcc8e043fac4d11babd1b73ba1701ebbdc23e5470f5; exact physical schema and varTable24; effective source_manifest.json records final fall revisions.
2024,COST1_2024,COST,MEALSWK,00010981,nces:COST:00010981:MEALSWK,MEALSWK,exact_2023_number_name_relocated,nces:IC:00010981:MEALSWK,float,Number of meals per week,Number of meals per week,Original IPEDS202425.accdb SHA256 98e9175e54ba719cf7f0bfcc8e043fac4d11babd1b73ba1701ebbdc23e5470f5; exact physical schema and varTable24; effective source_manifest.json records final fall revisions.
2024,COST1_2024,COST,APPLFEEU,00010911,nces:COST:00010911:APPLFEEU,APPLFEEU,exact_2023_number_name_relocated,nces:IC:00010911:APPLFEEU,float,Undergraduate program application fee,Undergraduate application fee,Original IPEDS202425.accdb SHA256 98e9175e54ba719cf7f0bfcc8e043fac4d11babd1b73ba1701ebbdc23e5470f5; exact physical schema and varTable24; effective source_manifest.json records final fall revisions.
2024,COST1_2024,COST,APPFEEUW,00016171,nces:COST:00016171:APPFEEUW,APPFEEUW,new_2024_identity,,categorical string,Undergraduate program application fee waiver,,Original IPEDS202425.accdb SHA256 98e9175e54ba719cf7f0bfcc8e043fac4d11babd1b73ba1701ebbdc23e5470f5; exact physical schema and varTable24; effective source_manifest.json records final fall revisions.
2024,COST1_2024,COST,APPLFEEG,00010916,nces:COST:00010916:APPLFEEG,APPLFEEG,exact_2023_number_name_relocated,nces:IC:00010916:APPLFEEG,float,Graduate program application fee,Graduate application fee,Original IPEDS202425.accdb SHA256 98e9175e54ba719cf7f0bfcc8e043fac4d11babd1b73ba1701ebbdc23e5470f5; exact physical schema and varTable24; effective source_manifest.json records final fall revisions.
2024,COST1_2024,COST,APPFEEGW,00016176,nces:COST:00016176:APPFEEGW,APPFEEGW,new_2024_identity,,categorical string,Graduate program application fee waiver,,Original IPEDS202425.accdb SHA256 98e9175e54ba719cf7f0bfcc8e043fac4d11babd1b73ba1701ebbdc23e5470f5; exact physical schema and varTable24; effective source_manifest.json records final fall revisions.
2024,COST1_2024,COST,APPLFEED,00016181,nces:COST:00016181:APPLFEED,APPLFEED,new_2024_identity,,float,Doctor's-Professional Practice program application fee,,Original IPEDS202425.accdb SHA256 98e9175e54ba719cf7f0bfcc8e043fac4d11babd1b73ba1701ebbdc23e5470f5; exact physical schema and varTable24; effective source_manifest.json records final fall revisions.
2024,COST1_2024,COST,APPFEEDW,00016186,nces:COST:00016186:APPFEEDW,APPFEEDW,new_2024_identity,,categorical string,Doctor's-Professional Practice program application fee waiver,,Original IPEDS202425.accdb SHA256 98e9175e54ba719cf7f0bfcc8e043fac4d11babd1b73ba1701ebbdc23e5470f5; exact physical schema and varTable24; effective source_manifest.json records final fall revisions.
2024,COST1_2024,COST,PRMPGM,00017021,nces:COST:00017021:PRMPGM,PRMPGM,exact_2023_number_name_relocated,nces:IC:00017021:PRMPGM,categorical string,Participates in a Promise Program  ,Participates in a Promise Program,Original IPEDS202425.accdb SHA256 98e9175e54ba719cf7f0bfcc8e043fac4d11babd1b73ba1701ebbdc23e5470f5; exact physical schema and varTable24; effective source_manifest.json records final fall revisions.
2024,COST1_2024,COST,TUITPL,00015241,nces:COST:00015241:TUITPL,TUITPL,exact_2023_number_name_relocated,nces:IC:00015241:TUITPL,categorical string,Any alternative tuition plans offered by institution,Any alternative tuition plans offered by institution,Original IPEDS202425.accdb SHA256 98e9175e54ba719cf7f0bfcc8e043fac4d11babd1b73ba1701ebbdc23e5470f5; exact physical schema and varTable24; effective source_manifest.json records final fall revisions.
2024,COST1_2024,COST,TUITPL1,00015244,nces:COST:00015244:TUITPL1,TUITPL1,exact_2023_number_name_relocated,nces:IC:00015244:TUITPL1,categorical string,Tuition guaranteed plan,Tuition guaranteed plan,Original IPEDS202425.accdb SHA256 98e9175e54ba719cf7f0bfcc8e043fac4d11babd1b73ba1701ebbdc23e5470f5; exact physical schema and varTable24; effective source_manifest.json records final fall revisions.
2024,COST1_2024,COST,TUITPL2,00015247,nces:COST:00015247:TUITPL2,TUITPL2,exact_2023_number_name_relocated,nces:IC:00015247:TUITPL2,categorical string,Prepaid tuition plan,Prepaid tuition plan,Original IPEDS202425.accdb SHA256 98e9175e54ba719cf7f0bfcc8e043fac4d11babd1b73ba1701ebbdc23e5470f5; exact physical schema and varTable24; effective source_manifest.json records final fall revisions.
2024,COST1_2024,COST,TUITPL3,00015250,nces:COST:00015250:TUITPL3,TUITPL3,exact_2023_number_name_relocated,nces:IC:00015250:TUITPL3,categorical string,Tuition payment plan,Tuition payment plan,Original IPEDS202425.accdb SHA256 98e9175e54ba719cf7f0bfcc8e043fac4d11babd1b73ba1701ebbdc23e5470f5; exact physical schema and varTable24; effective source_manifest.json records final fall revisions.
2024,COST1_2024,COST,TUITPL4,00015253,nces:COST:00015253:TUITPL4,TUITPL4,exact_2023_number_name_relocated,nces:IC:00015253:TUITPL4,categorical string,Other alternative tuition plan,Other alternative tuition plan,Original IPEDS202425.accdb SHA256 98e9175e54ba719cf7f0bfcc8e043fac4d11babd1b73ba1701ebbdc23e5470f5; exact physical schema and varTable24; effective source_manifest.json records final fall revisions.
2024,COST1_2024,COST,FAFSAQ1,00016191,nces:COST:00016191:FAFSAQ1,FAFSAQ1,new_2024_identity,,categorical string,Requires asset information from students who qualify for the exemption from asset reporting on the FAFSA form,,Original IPEDS202425.accdb SHA256 98e9175e54ba719cf7f0bfcc8e043fac4d11babd1b73ba1701ebbdc23e5470f5; exact physical schema and varTable24; effective source_manifest.json records final fall revisions.
2024,COST1_2024,COST,FAFSAQ2,00016196,nces:COST:00016196:FAFSAQ2,FAFSAQ2,new_2024_identity,,categorical string,Requires additional financial information separate from the FAFSA form,,Original IPEDS202425.accdb SHA256 98e9175e54ba719cf7f0bfcc8e043fac4d11babd1b73ba1701ebbdc23e5470f5; exact physical schema and varTable24; effective source_manifest.json records final fall revisions.
2024,COST1_2024,COST,FAFQ2URL,00016201,nces:COST:00016201:FAFQ2URL,FAFQ2URL,new_2024_identity,,free text,Website link which explains what additional financial information is required separate from the FAFSA form,,Original IPEDS202425.accdb SHA256 98e9175e54ba719cf7f0bfcc8e043fac4d11babd1b73ba1701ebbdc23e5470f5; exact physical schema and varTable24; effective source_manifest.json records final fall revisions.
2024,COST1_2024,COST,PRGMOFR,00011246,nces:COST:00011246:PRGMOFR,PRGMOFR,exact_2023_number_name_relocated,nces:IC_PY:00011246:PRGMOFR,float,Number of programs offered,Number of programs offered,Original IPEDS202425.accdb SHA256 98e9175e54ba719cf7f0bfcc8e043fac4d11babd1b73ba1701ebbdc23e5470f5; exact physical schema and varTable24; effective source_manifest.json records final fall revisions.
2024,COST1_2024,COST,ROOMAMT,00010986,nces:COST:00010986:ROOMAMT,ROOMAMT,exact_2023_number_name_relocated,nces:IC:00010986:ROOMAMT,float,Typical housing charges for an academic year,Typical housing charges for an academic year,Original IPEDS202425.accdb SHA256 98e9175e54ba719cf7f0bfcc8e043fac4d11babd1b73ba1701ebbdc23e5470f5; exact physical schema and varTable24; effective source_manifest.json records final fall revisions.
2024,COST1_2024,COST,BOARDAMT,00010991,nces:COST:00010991:BOARDAMT,BOARDAMT,exact_2023_number_name_relocated,nces:IC:00010991:BOARDAMT,float,Typical food charge for academic year,Typical food charge for academic year,Original IPEDS202425.accdb SHA256 98e9175e54ba719cf7f0bfcc8e043fac4d11babd1b73ba1701ebbdc23e5470f5; exact physical schema and varTable24; effective source_manifest.json records final fall revisions.
2024,COST1_2024,COST,RMBRDAMT,00010996,nces:COST:00010996:RMBRDAMT,RMBRDAMT,exact_2023_number_name_relocated,nces:IC:00010996:RMBRDAMT,float,Combined food and housing charge,Combined food and housing charge,Original IPEDS202425.accdb SHA256 98e9175e54ba719cf7f0bfcc8e043fac4d11babd1b73ba1701ebbdc23e5470f5; exact physical schema and varTable24; effective source_manifest.json records final fall revisions.
2024,COST1_2024,COST,TUITION1,00011616,nces:COST:00011616:TUITION1,TUITION1,exact_2023_number_name_relocated,nces:IC_AY:00011616:TUITION1,float,In-district average tuition for full-time undergraduates,In-district average tuition for full-time undergraduates,Original IPEDS202425.accdb SHA256 98e9175e54ba719cf7f0bfcc8e043fac4d11babd1b73ba1701ebbdc23e5470f5; exact physical schema and varTable24; effective source_manifest.json records final fall revisions.
2024,COST1_2024,COST,FEE1,00011621,nces:COST:00011621:FEE1,FEE1,exact_2023_number_name_relocated,nces:IC_AY:00011621:FEE1,float,In-district required fees for full-time undergraduates,In-district required fees for full-time undergraduates,Original IPEDS202425.accdb SHA256 98e9175e54ba719cf7f0bfcc8e043fac4d11babd1b73ba1701ebbdc23e5470f5; exact physical schema and varTable24; effective source_manifest.json records final fall revisions.
2024,COST1_2024,COST,HRCHG1,00011626,nces:COST:00011626:HRCHG1,HRCHG1,exact_2023_number_name_relocated,nces:IC_AY:00011626:HRCHG1,float,In-district per credit hour charge for part-time undergraduates,In-district per credit hour charge for part-time undergraduates,Original IPEDS202425.accdb SHA256 98e9175e54ba719cf7f0bfcc8e043fac4d11babd1b73ba1701ebbdc23e5470f5; exact physical schema and varTable24; effective source_manifest.json records final fall revisions.
2024,COST1_2024,COST,HRCHF1,00016206,nces:COST:00016206:HRCHF1,HRCHF1,new_2024_identity,,float,In-district required fees for part-time undergraduates,,Original IPEDS202425.accdb SHA256 98e9175e54ba719cf7f0bfcc8e043fac4d11babd1b73ba1701ebbdc23e5470f5; exact physical schema and varTable24; effective source_manifest.json records final fall revisions.
2024,COST1_2024,COST,TUITION2,00011636,nces:COST:00011636:TUITION2,TUITION2,exact_2023_number_name_relocated,nces:IC_AY:00011636:TUITION2,float,In-state average tuition for full-time undergraduates,In-state average tuition for full-time undergraduates,Original IPEDS202425.accdb SHA256 98e9175e54ba719cf7f0bfcc8e043fac4d11babd1b73ba1701ebbdc23e5470f5; exact physical schema and varTable24; effective source_manifest.json records final fall revisions.
2024,COST1_2024,COST,FEE2,00011641,nces:COST:00011641:FEE2,FEE2,exact_2023_number_name_relocated,nces:IC_AY:00011641:FEE2,float,In-state required fees for full-time undergraduates,In-state required fees for full-time undergraduates,Original IPEDS202425.accdb SHA256 98e9175e54ba719cf7f0bfcc8e043fac4d11babd1b73ba1701ebbdc23e5470f5; exact physical schema and varTable24; effective source_manifest.json records final fall revisions.
2024,COST1_2024,COST,HRCHG2,00011646,nces:COST:00011646:HRCHG2,HRCHG2,exact_2023_number_name_relocated,nces:IC_AY:00011646:HRCHG2,float,In-state per credit hour charge for part-time undergraduates,In-state per credit hour charge for part-time undergraduates,Original IPEDS202425.accdb SHA256 98e9175e54ba719cf7f0bfcc8e043fac4d11babd1b73ba1701ebbdc23e5470f5; exact physical schema and varTable24; effective source_manifest.json records final fall revisions.
2024,COST1_2024,COST,HRCHF2,00016211,nces:COST:00016211:HRCHF2,HRCHF2,new_2024_identity,,float,In-state required fees for part-time undergraduates,,Original IPEDS202425.accdb SHA256 98e9175e54ba719cf7f0bfcc8e043fac4d11babd1b73ba1701ebbdc23e5470f5; exact physical schema and varTable24; effective source_manifest.json records final fall revisions.
2024,COST1_2024,COST,TUITION3,00011656,nces:COST:00011656:TUITION3,TUITION3,exact_2023_number_name_relocated,nces:IC_AY:00011656:TUITION3,float,Out-of-state average tuition for full-time undergraduates,Out-of-state average tuition for full-time undergraduates,Original IPEDS202425.accdb SHA256 98e9175e54ba719cf7f0bfcc8e043fac4d11babd1b73ba1701ebbdc23e5470f5; exact physical schema and varTable24; effective source_manifest.json records final fall revisions.
2024,COST1_2024,COST,FEE3,00011661,nces:COST:00011661:FEE3,FEE3,exact_2023_number_name_relocated,nces:IC_AY:00011661:FEE3,float,Out-of-state required fees for full-time undergraduates,Out-of-state required fees for full-time undergraduates,Original IPEDS202425.accdb SHA256 98e9175e54ba719cf7f0bfcc8e043fac4d11babd1b73ba1701ebbdc23e5470f5; exact physical schema and varTable24; effective source_manifest.json records final fall revisions.
2024,COST1_2024,COST,HRCHG3,00011666,nces:COST:00011666:HRCHG3,HRCHG3,exact_2023_number_name_relocated,nces:IC_AY:00011666:HRCHG3,float,Out-of-state per credit hour charge for part-time undergraduates,Out-of-state per credit hour charge for part-time undergraduates,Original IPEDS202425.accdb SHA256 98e9175e54ba719cf7f0bfcc8e043fac4d11babd1b73ba1701ebbdc23e5470f5; exact physical schema and varTable24; effective source_manifest.json records final fall revisions.
2024,COST1_2024,COST,HRCHF3,00016216,nces:COST:00016216:HRCHF3,HRCHF3,new_2024_identity,,float,Out-of-state required fees for part-time undergraduates,,Original IPEDS202425.accdb SHA256 98e9175e54ba719cf7f0bfcc8e043fac4d11babd1b73ba1701ebbdc23e5470f5; exact physical schema and varTable24; effective source_manifest.json records final fall revisions.
2024,COST1_2024,COST,TUITION5,00011676,nces:COST:00011676:TUITION5,TUITION5,exact_2023_number_name_relocated,nces:IC_AY:00011676:TUITION5,float,In-district average tuition full-time graduates,In-district average tuition full-time graduates,Original IPEDS202425.accdb SHA256 98e9175e54ba719cf7f0bfcc8e043fac4d11babd1b73ba1701ebbdc23e5470f5; exact physical schema and varTable24; effective source_manifest.json records final fall revisions.
2024,COST1_2024,COST,FEE5,00011681,nces:COST:00011681:FEE5,FEE5,exact_2023_number_name_relocated,nces:IC_AY:00011681:FEE5,float,In-district required fees for full-time graduates,In-district required fees for full-time graduates,Original IPEDS202425.accdb SHA256 98e9175e54ba719cf7f0bfcc8e043fac4d11babd1b73ba1701ebbdc23e5470f5; exact physical schema and varTable24; effective source_manifest.json records final fall revisions.
2024,COST1_2024,COST,HRCHG5,00011686,nces:COST:00011686:HRCHG5,HRCHG5,exact_2023_number_name_relocated,nces:IC_AY:00011686:HRCHG5,float,In-district per credit hour charge part-time graduates,In-district per credit hour charge part-time graduates,Original IPEDS202425.accdb SHA256 98e9175e54ba719cf7f0bfcc8e043fac4d11babd1b73ba1701ebbdc23e5470f5; exact physical schema and varTable24; effective source_manifest.json records final fall revisions.
2024,COST1_2024,COST,HRCHF5,00016221,nces:COST:00016221:HRCHF5,HRCHF5,new_2024_identity,,float,In-district required fees for part-time graduates,,Original IPEDS202425.accdb SHA256 98e9175e54ba719cf7f0bfcc8e043fac4d11babd1b73ba1701ebbdc23e5470f5; exact physical schema and varTable24; effective source_manifest.json records final fall revisions.
2024,COST1_2024,COST,TUITION6,00011691,nces:COST:00011691:TUITION6,TUITION6,exact_2023_number_name_relocated,nces:IC_AY:00011691:TUITION6,float,In-state average tuition full-time graduates,In-state average tuition full-time graduates,Original IPEDS202425.accdb SHA256 98e9175e54ba719cf7f0bfcc8e043fac4d11babd1b73ba1701ebbdc23e5470f5; exact physical schema and varTable24; effective source_manifest.json records final fall revisions.
2024,COST1_2024,COST,FEE6,00011696,nces:COST:00011696:FEE6,FEE6,exact_2023_number_name_relocated,nces:IC_AY:00011696:FEE6,float,In-state required fees for full-time graduates,In-state required fees for full-time graduates,Original IPEDS202425.accdb SHA256 98e9175e54ba719cf7f0bfcc8e043fac4d11babd1b73ba1701ebbdc23e5470f5; exact physical schema and varTable24; effective source_manifest.json records final fall revisions.
2024,COST1_2024,COST,HRCHG6,00011701,nces:COST:00011701:HRCHG6,HRCHG6,exact_2023_number_name_relocated,nces:IC_AY:00011701:HRCHG6,float,In-state per credit hour charge part-time graduates ,In-state per credit hour charge part-time graduates,Original IPEDS202425.accdb SHA256 98e9175e54ba719cf7f0bfcc8e043fac4d11babd1b73ba1701ebbdc23e5470f5; exact physical schema and varTable24; effective source_manifest.json records final fall revisions.
2024,COST1_2024,COST,HRCHF6,00016226,nces:COST:00016226:HRCHF6,HRCHF6,new_2024_identity,,float,In-state required fees for part-time graduates,,Original IPEDS202425.accdb SHA256 98e9175e54ba719cf7f0bfcc8e043fac4d11babd1b73ba1701ebbdc23e5470f5; exact physical schema and varTable24; effective source_manifest.json records final fall revisions.
2024,COST1_2024,COST,TUITION7,00011706,nces:COST:00011706:TUITION7,TUITION7,exact_2023_number_name_relocated,nces:IC_AY:00011706:TUITION7,float,Out-of-state average tuition full-time graduates,Out-of-state average tuition full-time graduates,Original IPEDS202425.accdb SHA256 98e9175e54ba719cf7f0bfcc8e043fac4d11babd1b73ba1701ebbdc23e5470f5; exact physical schema and varTable24; effective source_manifest.json records final fall revisions.
2024,COST1_2024,COST,FEE7,00011711,nces:COST:00011711:FEE7,FEE7,exact_2023_number_name_relocated,nces:IC_AY:00011711:FEE7,float,Out-of-state required fees for full-time graduates,Out-of-state required fees for full-time graduates,Original IPEDS202425.accdb SHA256 98e9175e54ba719cf7f0bfcc8e043fac4d11babd1b73ba1701ebbdc23e5470f5; exact physical schema and varTable24; effective source_manifest.json records final fall revisions.
2024,COST1_2024,COST,HRCHG7,00011716,nces:COST:00011716:HRCHG7,HRCHG7,exact_2023_number_name_relocated,nces:IC_AY:00011716:HRCHG7,float,Out-of-state per credit hour charge part-time graduates,Out-of-state per credit hour charge part-time graduates,Original IPEDS202425.accdb SHA256 98e9175e54ba719cf7f0bfcc8e043fac4d11babd1b73ba1701ebbdc23e5470f5; exact physical schema and varTable24; effective source_manifest.json records final fall revisions.
2024,COST1_2024,COST,HRCHF7,00016231,nces:COST:00016231:HRCHF7,HRCHF7,new_2024_identity,,float,Out-of-state required fees for part-time graduates,,Original IPEDS202425.accdb SHA256 98e9175e54ba719cf7f0bfcc8e043fac4d11babd1b73ba1701ebbdc23e5470f5; exact physical schema and varTable24; effective source_manifest.json records final fall revisions.
2024,COST1_2024,COST,ISPROF1,00011721,nces:COST:00011721:ISPROF1,ISPROF1,exact_2023_number_name_relocated,nces:IC_AY:00011721:ISPROF1,float,Chiropractic: In-state tuition,Chiropractic: In-state tuition,Original IPEDS202425.accdb SHA256 98e9175e54ba719cf7f0bfcc8e043fac4d11babd1b73ba1701ebbdc23e5470f5; exact physical schema and varTable24; effective source_manifest.json records final fall revisions.
2024,COST1_2024,COST,ISPFEE1,00011726,nces:COST:00011726:ISPFEE1,ISPFEE1,exact_2023_number_name_relocated,nces:IC_AY:00011726:ISPFEE1,float,Chiropractic: In-state required fees,Chiropractic: In-state required fees,Original IPEDS202425.accdb SHA256 98e9175e54ba719cf7f0bfcc8e043fac4d11babd1b73ba1701ebbdc23e5470f5; exact physical schema and varTable24; effective source_manifest.json records final fall revisions.
2024,COST1_2024,COST,OSPROF1,00011731,nces:COST:00011731:OSPROF1,OSPROF1,exact_2023_number_name_relocated,nces:IC_AY:00011731:OSPROF1,float,Chiropractic: Out-of-state tuition,Chiropractic: Out-of-state tuition,Original IPEDS202425.accdb SHA256 98e9175e54ba719cf7f0bfcc8e043fac4d11babd1b73ba1701ebbdc23e5470f5; exact physical schema and varTable24; effective source_manifest.json records final fall revisions.
2024,COST1_2024,COST,OSPFEE1,00011736,nces:COST:00011736:OSPFEE1,OSPFEE1,exact_2023_number_name_relocated,nces:IC_AY:00011736:OSPFEE1,float,Chiropractic: Out-of-state required fees,Chiropractic: Out-of-state required fees,Original IPEDS202425.accdb SHA256 98e9175e54ba719cf7f0bfcc8e043fac4d11babd1b73ba1701ebbdc23e5470f5; exact physical schema and varTable24; effective source_manifest.json records final fall revisions.
2024,COST1_2024,COST,ISPROF2,00011741,nces:COST:00011741:ISPROF2,ISPROF2,exact_2023_number_name_relocated,nces:IC_AY:00011741:ISPROF2,float,Dentistry: In-state tuition,Dentistry: In-state tuition,Original IPEDS202425.accdb SHA256 98e9175e54ba719cf7f0bfcc8e043fac4d11babd1b73ba1701ebbdc23e5470f5; exact physical schema and varTable24; effective source_manifest.json records final fall revisions.
2024,COST1_2024,COST,ISPFEE2,00011746,nces:COST:00011746:ISPFEE2,ISPFEE2,exact_2023_number_name_relocated,nces:IC_AY:00011746:ISPFEE2,float,Dentistry: In-state required fees,Dentistry: In-state required fees,Original IPEDS202425.accdb SHA256 98e9175e54ba719cf7f0bfcc8e043fac4d11babd1b73ba1701ebbdc23e5470f5; exact physical schema and varTable24; effective source_manifest.json records final fall revisions.
2024,COST1_2024,COST,OSPROF2,00011751,nces:COST:00011751:OSPROF2,OSPROF2,exact_2023_number_name_relocated,nces:IC_AY:00011751:OSPROF2,float,Dentistry: Out-of-state tuition,Dentistry: Out-of-state tuition,Original IPEDS202425.accdb SHA256 98e9175e54ba719cf7f0bfcc8e043fac4d11babd1b73ba1701ebbdc23e5470f5; exact physical schema and varTable24; effective source_manifest.json records final fall revisions.
2024,COST1_2024,COST,OSPFEE2,00011756,nces:COST:00011756:OSPFEE2,OSPFEE2,exact_2023_number_name_relocated,nces:IC_AY:00011756:OSPFEE2,float,Dentistry: Out-of-state required fees,Dentistry: Out-of-state required fees,Original IPEDS202425.accdb SHA256 98e9175e54ba719cf7f0bfcc8e043fac4d11babd1b73ba1701ebbdc23e5470f5; exact physical schema and varTable24; effective source_manifest.json records final fall revisions.
2024,COST1_2024,COST,ISPROF3,00011761,nces:COST:00011761:ISPROF3,ISPROF3,exact_2023_number_name_relocated,nces:IC_AY:00011761:ISPROF3,float,Medicine: In-state tuition,Medicine: In-state tuition,Original IPEDS202425.accdb SHA256 98e9175e54ba719cf7f0bfcc8e043fac4d11babd1b73ba1701ebbdc23e5470f5; exact physical schema and varTable24; effective source_manifest.json records final fall revisions.
2024,COST1_2024,COST,ISPFEE3,00011766,nces:COST:00011766:ISPFEE3,ISPFEE3,exact_2023_number_name_relocated,nces:IC_AY:00011766:ISPFEE3,float,Medicine: In-state required fees,Medicine: In-state required fees,Original IPEDS202425.accdb SHA256 98e9175e54ba719cf7f0bfcc8e043fac4d11babd1b73ba1701ebbdc23e5470f5; exact physical schema and varTable24; effective source_manifest.json records final fall revisions.
2024,COST1_2024,COST,OSPROF3,00011771,nces:COST:00011771:OSPROF3,OSPROF3,exact_2023_number_name_relocated,nces:IC_AY:00011771:OSPROF3,float,Medicine: Out-of-state tuition,Medicine: Out-of-state tuition,Original IPEDS202425.accdb SHA256 98e9175e54ba719cf7f0bfcc8e043fac4d11babd1b73ba1701ebbdc23e5470f5; exact physical schema and varTable24; effective source_manifest.json records final fall revisions.
2024,COST1_2024,COST,OSPFEE3,00011776,nces:COST:00011776:OSPFEE3,OSPFEE3,exact_2023_number_name_relocated,nces:IC_AY:00011776:OSPFEE3,float,Medicine: Out-of-state required fees,Medicine: Out-of-state required fees,Original IPEDS202425.accdb SHA256 98e9175e54ba719cf7f0bfcc8e043fac4d11babd1b73ba1701ebbdc23e5470f5; exact physical schema and varTable24; effective source_manifest.json records final fall revisions.
2024,COST1_2024,COST,ISPROF4,00011781,nces:COST:00011781:ISPROF4,ISPROF4,exact_2023_number_name_relocated,nces:IC_AY:00011781:ISPROF4,float,Optometry: In-state tuition,Optometry: In-state tuition,Original IPEDS202425.accdb SHA256 98e9175e54ba719cf7f0bfcc8e043fac4d11babd1b73ba1701ebbdc23e5470f5; exact physical schema and varTable24; effective source_manifest.json records final fall revisions.
2024,COST1_2024,COST,ISPFEE4,00011786,nces:COST:00011786:ISPFEE4,ISPFEE4,exact_2023_number_name_relocated,nces:IC_AY:00011786:ISPFEE4,float,Optometry: In-state required fees,Optometry: In-state required fees,Original IPEDS202425.accdb SHA256 98e9175e54ba719cf7f0bfcc8e043fac4d11babd1b73ba1701ebbdc23e5470f5; exact physical schema and varTable24; effective source_manifest.json records final fall revisions.
2024,COST1_2024,COST,OSPROF4,00011791,nces:COST:00011791:OSPROF4,OSPROF4,exact_2023_number_name_relocated,nces:IC_AY:00011791:OSPROF4,float,Optometry: Out-of-state tuition,Optometry: Out-of-state tuition,Original IPEDS202425.accdb SHA256 98e9175e54ba719cf7f0bfcc8e043fac4d11babd1b73ba1701ebbdc23e5470f5; exact physical schema and varTable24; effective source_manifest.json records final fall revisions.
2024,COST1_2024,COST,OSPFEE4,00011796,nces:COST:00011796:OSPFEE4,OSPFEE4,exact_2023_number_name_relocated,nces:IC_AY:00011796:OSPFEE4,float,Optometry: Out-of-state required fees,Optometry: Out-of-state required fees,Original IPEDS202425.accdb SHA256 98e9175e54ba719cf7f0bfcc8e043fac4d11babd1b73ba1701ebbdc23e5470f5; exact physical schema and varTable24; effective source_manifest.json records final fall revisions.
2024,COST1_2024,COST,ISPROF5,00011801,nces:COST:00011801:ISPROF5,ISPROF5,exact_2023_number_name_relocated,nces:IC_AY:00011801:ISPROF5,float,Osteopathic Medicine: In-state tuition,Osteopathic Medicine: In-state tuition,Original IPEDS202425.accdb SHA256 98e9175e54ba719cf7f0bfcc8e043fac4d11babd1b73ba1701ebbdc23e5470f5; exact physical schema and varTable24; effective source_manifest.json records final fall revisions.
2024,COST1_2024,COST,ISPFEE5,00011806,nces:COST:00011806:ISPFEE5,ISPFEE5,exact_2023_number_name_relocated,nces:IC_AY:00011806:ISPFEE5,float,Osteopathic Medicine: In-state required fees,Osteopathic Medicine: In-state required fees,Original IPEDS202425.accdb SHA256 98e9175e54ba719cf7f0bfcc8e043fac4d11babd1b73ba1701ebbdc23e5470f5; exact physical schema and varTable24; effective source_manifest.json records final fall revisions.
2024,COST1_2024,COST,OSPROF5,00011811,nces:COST:00011811:OSPROF5,OSPROF5,exact_2023_number_name_relocated,nces:IC_AY:00011811:OSPROF5,float,Osteopathic Medicine: Out-of-state tuition,Osteopathic Medicine: Out-of-state tuition,Original IPEDS202425.accdb SHA256 98e9175e54ba719cf7f0bfcc8e043fac4d11babd1b73ba1701ebbdc23e5470f5; exact physical schema and varTable24; effective source_manifest.json records final fall revisions.
2024,COST1_2024,COST,OSPFEE5,00011816,nces:COST:00011816:OSPFEE5,OSPFEE5,exact_2023_number_name_relocated,nces:IC_AY:00011816:OSPFEE5,float,Osteopathic Medicine: Out-of-state required fees,Osteopathic Medicine: Out-of-state required fees,Original IPEDS202425.accdb SHA256 98e9175e54ba719cf7f0bfcc8e043fac4d11babd1b73ba1701ebbdc23e5470f5; exact physical schema and varTable24; effective source_manifest.json records final fall revisions.
2024,COST1_2024,COST,ISPROF6,00011821,nces:COST:00011821:ISPROF6,ISPROF6,exact_2023_number_name_relocated,nces:IC_AY:00011821:ISPROF6,float,Pharmacy: In-state tuition,Pharmacy: In-state tuition,Original IPEDS202425.accdb SHA256 98e9175e54ba719cf7f0bfcc8e043fac4d11babd1b73ba1701ebbdc23e5470f5; exact physical schema and varTable24; effective source_manifest.json records final fall revisions.
2024,COST1_2024,COST,ISPFEE6,00011826,nces:COST:00011826:ISPFEE6,ISPFEE6,exact_2023_number_name_relocated,nces:IC_AY:00011826:ISPFEE6,float,Pharmacy: In-state required fees,Pharmacy: In-state required fees,Original IPEDS202425.accdb SHA256 98e9175e54ba719cf7f0bfcc8e043fac4d11babd1b73ba1701ebbdc23e5470f5; exact physical schema and varTable24; effective source_manifest.json records final fall revisions.
2024,COST1_2024,COST,OSPROF6,00011831,nces:COST:00011831:OSPROF6,OSPROF6,exact_2023_number_name_relocated,nces:IC_AY:00011831:OSPROF6,float,Pharmacy: Out-of-state tuition,Pharmacy: Out-of-state tuition,Original IPEDS202425.accdb SHA256 98e9175e54ba719cf7f0bfcc8e043fac4d11babd1b73ba1701ebbdc23e5470f5; exact physical schema and varTable24; effective source_manifest.json records final fall revisions.
2024,COST1_2024,COST,OSPFEE6,00011836,nces:COST:00011836:OSPFEE6,OSPFEE6,exact_2023_number_name_relocated,nces:IC_AY:00011836:OSPFEE6,float,Pharmacy: Out-of-state required fees,Pharmacy: Out-of-state required fees,Original IPEDS202425.accdb SHA256 98e9175e54ba719cf7f0bfcc8e043fac4d11babd1b73ba1701ebbdc23e5470f5; exact physical schema and varTable24; effective source_manifest.json records final fall revisions.
2024,COST1_2024,COST,ISPROF7,00011841,nces:COST:00011841:ISPROF7,ISPROF7,exact_2023_number_name_relocated,nces:IC_AY:00011841:ISPROF7,float,Podiatry: In-state tuition,Podiatry: In-state tuition,Original IPEDS202425.accdb SHA256 98e9175e54ba719cf7f0bfcc8e043fac4d11babd1b73ba1701ebbdc23e5470f5; exact physical schema and varTable24; effective source_manifest.json records final fall revisions.
2024,COST1_2024,COST,ISPFEE7,00011846,nces:COST:00011846:ISPFEE7,ISPFEE7,exact_2023_number_name_relocated,nces:IC_AY:00011846:ISPFEE7,float,Podiatry: In-state required fees,Podiatry: In-state required fees,Original IPEDS202425.accdb SHA256 98e9175e54ba719cf7f0bfcc8e043fac4d11babd1b73ba1701ebbdc23e5470f5; exact physical schema and varTable24; effective source_manifest.json records final fall revisions.
2024,COST1_2024,COST,OSPROF7,00011851,nces:COST:00011851:OSPROF7,OSPROF7,exact_2023_number_name_relocated,nces:IC_AY:00011851:OSPROF7,float,Podiatry: Out-of-state tuition,Podiatry: Out-of-state tuition,Original IPEDS202425.accdb SHA256 98e9175e54ba719cf7f0bfcc8e043fac4d11babd1b73ba1701ebbdc23e5470f5; exact physical schema and varTable24; effective source_manifest.json records final fall revisions.
2024,COST1_2024,COST,OSPFEE7,00011856,nces:COST:00011856:OSPFEE7,OSPFEE7,exact_2023_number_name_relocated,nces:IC_AY:00011856:OSPFEE7,float,Podiatry: Out-of-state required fees,Podiatry: Out-of-state required fees,Original IPEDS202425.accdb SHA256 98e9175e54ba719cf7f0bfcc8e043fac4d11babd1b73ba1701ebbdc23e5470f5; exact physical schema and varTable24; effective source_manifest.json records final fall revisions.
2024,COST1_2024,COST,ISPROF8,00011861,nces:COST:00011861:ISPROF8,ISPROF8,exact_2023_number_name_relocated,nces:IC_AY:00011861:ISPROF8,float,Veterinary Medicine: In-state tuition,Veterinary Medicine: In-state tuition,Original IPEDS202425.accdb SHA256 98e9175e54ba719cf7f0bfcc8e043fac4d11babd1b73ba1701ebbdc23e5470f5; exact physical schema and varTable24; effective source_manifest.json records final fall revisions.
2024,COST1_2024,COST,ISPFEE8,00011866,nces:COST:00011866:ISPFEE8,ISPFEE8,exact_2023_number_name_relocated,nces:IC_AY:00011866:ISPFEE8,float,Veterinary Medicine: In-state required fees,Veterinary Medicine: In-state required fees,Original IPEDS202425.accdb SHA256 98e9175e54ba719cf7f0bfcc8e043fac4d11babd1b73ba1701ebbdc23e5470f5; exact physical schema and varTable24; effective source_manifest.json records final fall revisions.
2024,COST1_2024,COST,OSPROF8,00011871,nces:COST:00011871:OSPROF8,OSPROF8,exact_2023_number_name_relocated,nces:IC_AY:00011871:OSPROF8,float,Veterinary Medicine: Out-of-state tuition,Veterinary Medicine: Out-of-state tuition,Original IPEDS202425.accdb SHA256 98e9175e54ba719cf7f0bfcc8e043fac4d11babd1b73ba1701ebbdc23e5470f5; exact physical schema and varTable24; effective source_manifest.json records final fall revisions.
2024,COST1_2024,COST,OSPFEE8,00011876,nces:COST:00011876:OSPFEE8,OSPFEE8,exact_2023_number_name_relocated,nces:IC_AY:00011876:OSPFEE8,float,Veterinary Medicine: Out-of-state required fees,Veterinary Medicine: Out-of-state required fees,Original IPEDS202425.accdb SHA256 98e9175e54ba719cf7f0bfcc8e043fac4d11babd1b73ba1701ebbdc23e5470f5; exact physical schema and varTable24; effective source_manifest.json records final fall revisions.
2024,COST1_2024,COST,ISPROF9,00011881,nces:COST:00011881:ISPROF9,ISPROF9,exact_2023_number_name_relocated,nces:IC_AY:00011881:ISPROF9,float,Law: In-state tuition,Law: In-state tuition,Original IPEDS202425.accdb SHA256 98e9175e54ba719cf7f0bfcc8e043fac4d11babd1b73ba1701ebbdc23e5470f5; exact physical schema and varTable24; effective source_manifest.json records final fall revisions.
2024,COST1_2024,COST,ISPFEE9,00011886,nces:COST:00011886:ISPFEE9,ISPFEE9,exact_2023_number_name_relocated,nces:IC_AY:00011886:ISPFEE9,float,Law: In-state required fees,Law: In-state required fees,Original IPEDS202425.accdb SHA256 98e9175e54ba719cf7f0bfcc8e043fac4d11babd1b73ba1701ebbdc23e5470f5; exact physical schema and varTable24; effective source_manifest.json records final fall revisions.
2024,COST1_2024,COST,OSPROF9,00011891,nces:COST:00011891:OSPROF9,OSPROF9,exact_2023_number_name_relocated,nces:IC_AY:00011891:OSPROF9,float,Law: Out-of-state tuition,Law: Out-of-state tuition,Original IPEDS202425.accdb SHA256 98e9175e54ba719cf7f0bfcc8e043fac4d11babd1b73ba1701ebbdc23e5470f5; exact physical schema and varTable24; effective source_manifest.json records final fall revisions.
2024,COST1_2024,COST,OSPFEE9,00011896,nces:COST:00011896:OSPFEE9,OSPFEE9,exact_2023_number_name_relocated,nces:IC_AY:00011896:OSPFEE9,float,Law: Out-of-state required fees,Law: Out-of-state required fees,Original IPEDS202425.accdb SHA256 98e9175e54ba719cf7f0bfcc8e043fac4d11babd1b73ba1701ebbdc23e5470f5; exact physical schema and varTable24; effective source_manifest.json records final fall revisions.
2024,COST1_2024,COST,CHG1AT0,00015262,nces:COST:00015262:CHG1AT0,CHG1AT0,exact_2023_number_name_relocated,nces:IC_AY:00015262:CHG1AT0,float,Published in-district tuition 2021-22,Published in-district tuition 2020-21,Original IPEDS202425.accdb SHA256 98e9175e54ba719cf7f0bfcc8e043fac4d11babd1b73ba1701ebbdc23e5470f5; exact physical schema and varTable24; effective source_manifest.json records final fall revisions.
2024,COST1_2024,COST,CHG1AF0,00015263,nces:COST:00015263:CHG1AF0,CHG1AF0,exact_2023_number_name_relocated,nces:IC_AY:00015263:CHG1AF0,float,Published in-district fees 2021-22,Published in-district fees 2020-21,Original IPEDS202425.accdb SHA256 98e9175e54ba719cf7f0bfcc8e043fac4d11babd1b73ba1701ebbdc23e5470f5; exact physical schema and varTable24; effective source_manifest.json records final fall revisions.
2024,COST1_2024,COST,CHG1AY0,00015261,nces:COST:00015261:CHG1AY0,CHG1AY0,exact_2023_number_name_relocated,nces:IC_AY:00015261:CHG1AY0,float,Published in-district tuition and fees 2021-22,Published in-district tuition and fees 2020-21,Original IPEDS202425.accdb SHA256 98e9175e54ba719cf7f0bfcc8e043fac4d11babd1b73ba1701ebbdc23e5470f5; exact physical schema and varTable24; effective source_manifest.json records final fall revisions.
2024,COST1_2024,COST,CHG1AT1,00011942,nces:COST:00011942:CHG1AT1,CHG1AT1,exact_2023_number_name_relocated,nces:IC_AY:00011942:CHG1AT1,float,Published in-district tuition 2022-23,Published in-district tuition 2021-22,Original IPEDS202425.accdb SHA256 98e9175e54ba719cf7f0bfcc8e043fac4d11babd1b73ba1701ebbdc23e5470f5; exact physical schema and varTable24; effective source_manifest.json records final fall revisions.
2024,COST1_2024,COST,CHG1AF1,00011943,nces:COST:00011943:CHG1AF1,CHG1AF1,exact_2023_number_name_relocated,nces:IC_AY:00011943:CHG1AF1,float,Published in-district fees 2022-23,Published in-district fees 2021-22,Original IPEDS202425.accdb SHA256 98e9175e54ba719cf7f0bfcc8e043fac4d11babd1b73ba1701ebbdc23e5470f5; exact physical schema and varTable24; effective source_manifest.json records final fall revisions.
2024,COST1_2024,COST,CHG1AY1,00011941,nces:COST:00011941:CHG1AY1,CHG1AY1,exact_2023_number_name_relocated,nces:IC_AY:00011941:CHG1AY1,float,Published in-district tuition and fees 2022-23,Published in-district tuition and fees 2021-22,Original IPEDS202425.accdb SHA256 98e9175e54ba719cf7f0bfcc8e043fac4d11babd1b73ba1701ebbdc23e5470f5; exact physical schema and varTable24; effective source_manifest.json records final fall revisions.
2024,COST1_2024,COST,CHG1AT2,00011947,nces:COST:00011947:CHG1AT2,CHG1AT2,exact_2023_number_name_relocated,nces:IC_AY:00011947:CHG1AT2,float,Published in-district tuition 2023-24,Published in-district tuition 2022-23,Original IPEDS202425.accdb SHA256 98e9175e54ba719cf7f0bfcc8e043fac4d11babd1b73ba1701ebbdc23e5470f5; exact physical schema and varTable24; effective source_manifest.json records final fall revisions.
2024,COST1_2024,COST,CHG1AF2,00011948,nces:COST:00011948:CHG1AF2,CHG1AF2,exact_2023_number_name_relocated,nces:IC_AY:00011948:CHG1AF2,float,Published in-district fees 2023-24,Published in-district fees 2022-23,Original IPEDS202425.accdb SHA256 98e9175e54ba719cf7f0bfcc8e043fac4d11babd1b73ba1701ebbdc23e5470f5; exact physical schema and varTable24; effective source_manifest.json records final fall revisions.
2024,COST1_2024,COST,CHG1AY2,00011946,nces:COST:00011946:CHG1AY2,CHG1AY2,exact_2023_number_name_relocated,nces:IC_AY:00011946:CHG1AY2,float,Published in-district tuition and fees 2023-24,Published in-district tuition and fees 2022-23,Original IPEDS202425.accdb SHA256 98e9175e54ba719cf7f0bfcc8e043fac4d11babd1b73ba1701ebbdc23e5470f5; exact physical schema and varTable24; effective source_manifest.json records final fall revisions.
2024,COST1_2024,COST,CHG1AT3,00011952,nces:COST:00011952:CHG1AT3,CHG1AT3,exact_2023_number_name_relocated,nces:IC_AY:00011952:CHG1AT3,float,Published in-district tuition 2024-25,Published in-district tuition 2023-24,Original IPEDS202425.accdb SHA256 98e9175e54ba719cf7f0bfcc8e043fac4d11babd1b73ba1701ebbdc23e5470f5; exact physical schema and varTable24; effective source_manifest.json records final fall revisions.
2024,COST1_2024,COST,CHG1AF3,00011953,nces:COST:00011953:CHG1AF3,CHG1AF3,exact_2023_number_name_relocated,nces:IC_AY:00011953:CHG1AF3,float,Published in-district fees 2024-25,Published in-district fees 2023-24,Original IPEDS202425.accdb SHA256 98e9175e54ba719cf7f0bfcc8e043fac4d11babd1b73ba1701ebbdc23e5470f5; exact physical schema and varTable24; effective source_manifest.json records final fall revisions.
2024,COST1_2024,COST,CHG1AY3,00011951,nces:COST:00011951:CHG1AY3,CHG1AY3,exact_2023_number_name_relocated,nces:IC_AY:00011951:CHG1AY3,float,Published in-district tuition and fees 2024-25,Published in-district tuition and fees 2023-24,Original IPEDS202425.accdb SHA256 98e9175e54ba719cf7f0bfcc8e043fac4d11babd1b73ba1701ebbdc23e5470f5; exact physical schema and varTable24; effective source_manifest.json records final fall revisions.
2024,COST1_2024,COST,CHG1TGTD,00011954,nces:COST:00011954:CHG1TGTD,CHG1TGTD,exact_2023_number_name_relocated,nces:IC_AY:00011954:CHG1TGTD,float,Published in-district tuition 2023-24 guaranteed percent increase (if applicable),Published in-district tuition 2023-24 guaranteed percent increase (if applicable),Original IPEDS202425.accdb SHA256 98e9175e54ba719cf7f0bfcc8e043fac4d11babd1b73ba1701ebbdc23e5470f5; exact physical schema and varTable24; effective source_manifest.json records final fall revisions.
2024,COST1_2024,COST,CHG1FGTD,00011955,nces:COST:00011955:CHG1FGTD,CHG1FGTD,exact_2023_number_name_relocated,nces:IC_AY:00011955:CHG1FGTD,float,Published in-district fees 2023-24 guaranteed percent increase (if applicable),Published in-district fees 2023-24 guaranteed percent increase (if applicable),Original IPEDS202425.accdb SHA256 98e9175e54ba719cf7f0bfcc8e043fac4d11babd1b73ba1701ebbdc23e5470f5; exact physical schema and varTable24; effective source_manifest.json records final fall revisions.
2024,COST1_2024,COST,CHG2AT0,00015272,nces:COST:00015272:CHG2AT0,CHG2AT0,exact_2023_number_name_relocated,nces:IC_AY:00015272:CHG2AT0,float,Published in-state tuition 2021-22,Published in-state tuition 2020-21,Original IPEDS202425.accdb SHA256 98e9175e54ba719cf7f0bfcc8e043fac4d11babd1b73ba1701ebbdc23e5470f5; exact physical schema and varTable24; effective source_manifest.json records final fall revisions.
2024,COST1_2024,COST,CHG2AF0,00015273,nces:COST:00015273:CHG2AF0,CHG2AF0,exact_2023_number_name_relocated,nces:IC_AY:00015273:CHG2AF0,float,Published in-state fees 2021-22,Published in-state fees 2020-21,Original IPEDS202425.accdb SHA256 98e9175e54ba719cf7f0bfcc8e043fac4d11babd1b73ba1701ebbdc23e5470f5; exact physical schema and varTable24; effective source_manifest.json records final fall revisions.
2024,COST1_2024,COST,CHG2AY0,00015271,nces:COST:00015271:CHG2AY0,CHG2AY0,exact_2023_number_name_relocated,nces:IC_AY:00015271:CHG2AY0,float,Published in-state tuition and fees 2021-22,Published in-state tuition and fees 2020-21,Original IPEDS202425.accdb SHA256 98e9175e54ba719cf7f0bfcc8e043fac4d11babd1b73ba1701ebbdc23e5470f5; exact physical schema and varTable24; effective source_manifest.json records final fall revisions.
2024,COST1_2024,COST,CHG2AT1,00011957,nces:COST:00011957:CHG2AT1,CHG2AT1,exact_2023_number_name_relocated,nces:IC_AY:00011957:CHG2AT1,float,Published in-state tuition 2022-23,Published in-state tuition 2021-22,Original IPEDS202425.accdb SHA256 98e9175e54ba719cf7f0bfcc8e043fac4d11babd1b73ba1701ebbdc23e5470f5; exact physical schema and varTable24; effective source_manifest.json records final fall revisions.
2024,COST1_2024,COST,CHG2AF1,00011958,nces:COST:00011958:CHG2AF1,CHG2AF1,exact_2023_number_name_relocated,nces:IC_AY:00011958:CHG2AF1,float,Published in-state fees 2022-23,Published in-state fees 2021-22,Original IPEDS202425.accdb SHA256 98e9175e54ba719cf7f0bfcc8e043fac4d11babd1b73ba1701ebbdc23e5470f5; exact physical schema and varTable24; effective source_manifest.json records final fall revisions.
2024,COST1_2024,COST,CHG2AY1,00011956,nces:COST:00011956:CHG2AY1,CHG2AY1,exact_2023_number_name_relocated,nces:IC_AY:00011956:CHG2AY1,float,Published in-state tuition and fees 2022-23,Published in-state tuition and fees 2021-22,Original IPEDS202425.accdb SHA256 98e9175e54ba719cf7f0bfcc8e043fac4d11babd1b73ba1701ebbdc23e5470f5; exact physical schema and varTable24; effective source_manifest.json records final fall revisions.
2024,COST1_2024,COST,CHG2AT2,00011962,nces:COST:00011962:CHG2AT2,CHG2AT2,exact_2023_number_name_relocated,nces:IC_AY:00011962:CHG2AT2,float,Published in-state tuition 2023-24,Published in-state tuition 2022-23,Original IPEDS202425.accdb SHA256 98e9175e54ba719cf7f0bfcc8e043fac4d11babd1b73ba1701ebbdc23e5470f5; exact physical schema and varTable24; effective source_manifest.json records final fall revisions.
2024,COST1_2024,COST,CHG2AF2,00011963,nces:COST:00011963:CHG2AF2,CHG2AF2,exact_2023_number_name_relocated,nces:IC_AY:00011963:CHG2AF2,float,Published in-state fees 2023-24,Published in-state fees 2022-23,Original IPEDS202425.accdb SHA256 98e9175e54ba719cf7f0bfcc8e043fac4d11babd1b73ba1701ebbdc23e5470f5; exact physical schema and varTable24; effective source_manifest.json records final fall revisions.
2024,COST1_2024,COST,CHG2AY2,00011961,nces:COST:00011961:CHG2AY2,CHG2AY2,exact_2023_number_name_relocated,nces:IC_AY:00011961:CHG2AY2,float,Published in-state tuition and fees 2023-24,Published in-state tuition and fees 2022-23,Original IPEDS202425.accdb SHA256 98e9175e54ba719cf7f0bfcc8e043fac4d11babd1b73ba1701ebbdc23e5470f5; exact physical schema and varTable24; effective source_manifest.json records final fall revisions.
2024,COST1_2024,COST,CHG2AT3,00011967,nces:COST:00011967:CHG2AT3,CHG2AT3,exact_2023_number_name_relocated,nces:IC_AY:00011967:CHG2AT3,float,Published in-state tuition 2024-25,Published in-state tuition 2023-24,Original IPEDS202425.accdb SHA256 98e9175e54ba719cf7f0bfcc8e043fac4d11babd1b73ba1701ebbdc23e5470f5; exact physical schema and varTable24; effective source_manifest.json records final fall revisions.
2024,COST1_2024,COST,CHG2AF3,00011968,nces:COST:00011968:CHG2AF3,CHG2AF3,exact_2023_number_name_relocated,nces:IC_AY:00011968:CHG2AF3,float,Published in-state fees 2024-25,Published in-state fees 2023-24,Original IPEDS202425.accdb SHA256 98e9175e54ba719cf7f0bfcc8e043fac4d11babd1b73ba1701ebbdc23e5470f5; exact physical schema and varTable24; effective source_manifest.json records final fall revisions.
2024,COST1_2024,COST,CHG2AY3,00011966,nces:COST:00011966:CHG2AY3,CHG2AY3,exact_2023_number_name_relocated,nces:IC_AY:00011966:CHG2AY3,float,Published in-state tuition and fees 2024-25,Published in-state tuition and fees 2023-24,Original IPEDS202425.accdb SHA256 98e9175e54ba719cf7f0bfcc8e043fac4d11babd1b73ba1701ebbdc23e5470f5; exact physical schema and varTable24; effective source_manifest.json records final fall revisions.
2024,COST1_2024,COST,CHG2TGTD,00011969,nces:COST:00011969:CHG2TGTD,CHG2TGTD,exact_2023_number_name_relocated,nces:IC_AY:00011969:CHG2TGTD,float,Published in-state tuition 2023-24 guaranteed percent increase (if applicable),Published in-state tuition 2023-24 guaranteed percent increase (if applicable),Original IPEDS202425.accdb SHA256 98e9175e54ba719cf7f0bfcc8e043fac4d11babd1b73ba1701ebbdc23e5470f5; exact physical schema and varTable24; effective source_manifest.json records final fall revisions.
2024,COST1_2024,COST,CHG2FGTD,00011970,nces:COST:00011970:CHG2FGTD,CHG2FGTD,exact_2023_number_name_relocated,nces:IC_AY:00011970:CHG2FGTD,float,Published in-state fees 2023-24 guaranteed percent increase (if applicable),Published in-state fees 2023-24 guaranteed percent increase (if applicable),Original IPEDS202425.accdb SHA256 98e9175e54ba719cf7f0bfcc8e043fac4d11babd1b73ba1701ebbdc23e5470f5; exact physical schema and varTable24; effective source_manifest.json records final fall revisions.
2024,COST1_2024,COST,CHG3AT0,00015282,nces:COST:00015282:CHG3AT0,CHG3AT0,exact_2023_number_name_relocated,nces:IC_AY:00015282:CHG3AT0,float,Published out-of-state tuition 2021-22,Published out-of-state tuition 2020-21,Original IPEDS202425.accdb SHA256 98e9175e54ba719cf7f0bfcc8e043fac4d11babd1b73ba1701ebbdc23e5470f5; exact physical schema and varTable24; effective source_manifest.json records final fall revisions.
2024,COST1_2024,COST,CHG3AF0,00015283,nces:COST:00015283:CHG3AF0,CHG3AF0,exact_2023_number_name_relocated,nces:IC_AY:00015283:CHG3AF0,float,Published out-of-state fees 2021-22,Published out-of-state fees 2020-21,Original IPEDS202425.accdb SHA256 98e9175e54ba719cf7f0bfcc8e043fac4d11babd1b73ba1701ebbdc23e5470f5; exact physical schema and varTable24; effective source_manifest.json records final fall revisions.
2024,COST1_2024,COST,CHG3AY0,00015281,nces:COST:00015281:CHG3AY0,CHG3AY0,exact_2023_number_name_relocated,nces:IC_AY:00015281:CHG3AY0,float,Published out-of-state tuition and fees 2021-22,Published out-of-state tuition and fees 2020-21,Original IPEDS202425.accdb SHA256 98e9175e54ba719cf7f0bfcc8e043fac4d11babd1b73ba1701ebbdc23e5470f5; exact physical schema and varTable24; effective source_manifest.json records final fall revisions.
2024,COST1_2024,COST,CHG3AT1,00011972,nces:COST:00011972:CHG3AT1,CHG3AT1,exact_2023_number_name_relocated,nces:IC_AY:00011972:CHG3AT1,float,Published out-of-state tuition 2022-23,Published out-of-state tuition 2021-22,Original IPEDS202425.accdb SHA256 98e9175e54ba719cf7f0bfcc8e043fac4d11babd1b73ba1701ebbdc23e5470f5; exact physical schema and varTable24; effective source_manifest.json records final fall revisions.
2024,COST1_2024,COST,CHG3AF1,00011973,nces:COST:00011973:CHG3AF1,CHG3AF1,exact_2023_number_name_relocated,nces:IC_AY:00011973:CHG3AF1,float,Published out-of-state fees 2022-23,Published out-of-state fees 2021-22,Original IPEDS202425.accdb SHA256 98e9175e54ba719cf7f0bfcc8e043fac4d11babd1b73ba1701ebbdc23e5470f5; exact physical schema and varTable24; effective source_manifest.json records final fall revisions.
2024,COST1_2024,COST,CHG3AY1,00011971,nces:COST:00011971:CHG3AY1,CHG3AY1,exact_2023_number_name_relocated,nces:IC_AY:00011971:CHG3AY1,float,Published out-of-state tuition and fees 2022-23,Published out-of-state tuition and fees 2021-22,Original IPEDS202425.accdb SHA256 98e9175e54ba719cf7f0bfcc8e043fac4d11babd1b73ba1701ebbdc23e5470f5; exact physical schema and varTable24; effective source_manifest.json records final fall revisions.
2024,COST1_2024,COST,CHG3AT2,00011977,nces:COST:00011977:CHG3AT2,CHG3AT2,exact_2023_number_name_relocated,nces:IC_AY:00011977:CHG3AT2,float,Published out-of-state tuition 2023-24,Published out-of-state tuition 2022-23,Original IPEDS202425.accdb SHA256 98e9175e54ba719cf7f0bfcc8e043fac4d11babd1b73ba1701ebbdc23e5470f5; exact physical schema and varTable24; effective source_manifest.json records final fall revisions.
2024,COST1_2024,COST,CHG3AF2,00011978,nces:COST:00011978:CHG3AF2,CHG3AF2,exact_2023_number_name_relocated,nces:IC_AY:00011978:CHG3AF2,float,Published out-of-state fees 2023-24,Published out-of-state fees 2022-23,Original IPEDS202425.accdb SHA256 98e9175e54ba719cf7f0bfcc8e043fac4d11babd1b73ba1701ebbdc23e5470f5; exact physical schema and varTable24; effective source_manifest.json records final fall revisions.
2024,COST1_2024,COST,CHG3AY2,00011976,nces:COST:00011976:CHG3AY2,CHG3AY2,exact_2023_number_name_relocated,nces:IC_AY:00011976:CHG3AY2,float,Published out-of-state tuition and fees 2023-24,Published out-of-state tuition and fees 2022-23,Original IPEDS202425.accdb SHA256 98e9175e54ba719cf7f0bfcc8e043fac4d11babd1b73ba1701ebbdc23e5470f5; exact physical schema and varTable24; effective source_manifest.json records final fall revisions.
2024,COST1_2024,COST,CHG3AT3,00011982,nces:COST:00011982:CHG3AT3,CHG3AT3,exact_2023_number_name_relocated,nces:IC_AY:00011982:CHG3AT3,float,Published out-of-state tuition 2024-25,Published out-of-state tuition 2023-24,Original IPEDS202425.accdb SHA256 98e9175e54ba719cf7f0bfcc8e043fac4d11babd1b73ba1701ebbdc23e5470f5; exact physical schema and varTable24; effective source_manifest.json records final fall revisions.
2024,COST1_2024,COST,CHG3AF3,00011983,nces:COST:00011983:CHG3AF3,CHG3AF3,exact_2023_number_name_relocated,nces:IC_AY:00011983:CHG3AF3,float,Published out-of-state fees 2024-25,Published out-of-state fees 2023-24,Original IPEDS202425.accdb SHA256 98e9175e54ba719cf7f0bfcc8e043fac4d11babd1b73ba1701ebbdc23e5470f5; exact physical schema and varTable24; effective source_manifest.json records final fall revisions.
2024,COST1_2024,COST,CHG3AY3,00011981,nces:COST:00011981:CHG3AY3,CHG3AY3,exact_2023_number_name_relocated,nces:IC_AY:00011981:CHG3AY3,float,Published out-of-state tuition and fees 2024-25,Published out-of-state tuition and fees 2023-24,Original IPEDS202425.accdb SHA256 98e9175e54ba719cf7f0bfcc8e043fac4d11babd1b73ba1701ebbdc23e5470f5; exact physical schema and varTable24; effective source_manifest.json records final fall revisions.
2024,COST1_2024,COST,CHG3TGTD,00015298,nces:COST:00015298:CHG3TGTD,CHG3TGTD,exact_2023_number_name_relocated,nces:IC_AY:00015298:CHG3TGTD,float,Published out-of-state tuition 2023-24 guaranteed percent increase (if applicable),Published out-of-state tuition 2023-24 guaranteed percent increase (if applicable),Original IPEDS202425.accdb SHA256 98e9175e54ba719cf7f0bfcc8e043fac4d11babd1b73ba1701ebbdc23e5470f5; exact physical schema and varTable24; effective source_manifest.json records final fall revisions.
2024,COST1_2024,COST,CHG3FGTD,00015299,nces:COST:00015299:CHG3FGTD,CHG3FGTD,exact_2023_number_name_relocated,nces:IC_AY:00015299:CHG3FGTD,float,Published out-of-state fees 2023-24 guaranteed percent increase (if applicable),Published out-of-state fees 2023-24 guaranteed percent increase (if applicable),Original IPEDS202425.accdb SHA256 98e9175e54ba719cf7f0bfcc8e043fac4d11babd1b73ba1701ebbdc23e5470f5; exact physical schema and varTable24; effective source_manifest.json records final fall revisions.
2024,COST1_2024,COST,CHG4AY0,00011985,nces:COST:00011985:CHG4AY0,CHG4AY0,exact_2023_number_name_relocated,nces:IC_AY:00011985:CHG4AY0,float,Books and supplies 2021-22,Books and supplies 2020-21,Original IPEDS202425.accdb SHA256 98e9175e54ba719cf7f0bfcc8e043fac4d11babd1b73ba1701ebbdc23e5470f5; exact physical schema and varTable24; effective source_manifest.json records final fall revisions.
2024,COST1_2024,COST,CHG4AY1,00011986,nces:COST:00011986:CHG4AY1,CHG4AY1,exact_2023_number_name_relocated,nces:IC_AY:00011986:CHG4AY1,float,Books and supplies 2022-23,Books and supplies 2021-22,Original IPEDS202425.accdb SHA256 98e9175e54ba719cf7f0bfcc8e043fac4d11babd1b73ba1701ebbdc23e5470f5; exact physical schema and varTable24; effective source_manifest.json records final fall revisions.
2024,COST1_2024,COST,CHG4AY2,00011991,nces:COST:00011991:CHG4AY2,CHG4AY2,exact_2023_number_name_relocated,nces:IC_AY:00011991:CHG4AY2,float,Books and supplies 2023-24,Books and supplies 2022-23,Original IPEDS202425.accdb SHA256 98e9175e54ba719cf7f0bfcc8e043fac4d11babd1b73ba1701ebbdc23e5470f5; exact physical schema and varTable24; effective source_manifest.json records final fall revisions.
2024,COST1_2024,COST,CHG4AY3,00011996,nces:COST:00011996:CHG4AY3,CHG4AY3,exact_2023_number_name_relocated,nces:IC_AY:00011996:CHG4AY3,float,Books and supplies 2024-25,Books and supplies 2023-24,Original IPEDS202425.accdb SHA256 98e9175e54ba719cf7f0bfcc8e043fac4d11babd1b73ba1701ebbdc23e5470f5; exact physical schema and varTable24; effective source_manifest.json records final fall revisions.
2024,COST1_2024,COST,CHG5AY0,00012000,nces:COST:00012000:CHG5AY0,CHG5AY0,exact_2023_number_name_relocated,nces:IC_AY:00012000:CHG5AY0,float,"On campus, food and housing 2021-22","On campus, food and housing 2020-21",Original IPEDS202425.accdb SHA256 98e9175e54ba719cf7f0bfcc8e043fac4d11babd1b73ba1701ebbdc23e5470f5; exact physical schema and varTable24; effective source_manifest.json records final fall revisions.
2024,COST1_2024,COST,CHG5AY1,00012001,nces:COST:00012001:CHG5AY1,CHG5AY1,exact_2023_number_name_relocated,nces:IC_AY:00012001:CHG5AY1,float,"On campus, food and housing 2022-23","On campus, food and housing 2021-22",Original IPEDS202425.accdb SHA256 98e9175e54ba719cf7f0bfcc8e043fac4d11babd1b73ba1701ebbdc23e5470f5; exact physical schema and varTable24; effective source_manifest.json records final fall revisions.
2024,COST1_2024,COST,CHG5AY2,00012006,nces:COST:00012006:CHG5AY2,CHG5AY2,exact_2023_number_name_relocated,nces:IC_AY:00012006:CHG5AY2,float,"On campus, food and housing 2023-24","On campus, food and housing 2022-23",Original IPEDS202425.accdb SHA256 98e9175e54ba719cf7f0bfcc8e043fac4d11babd1b73ba1701ebbdc23e5470f5; exact physical schema and varTable24; effective source_manifest.json records final fall revisions.
2024,COST1_2024,COST,CHG5AY3,00012011,nces:COST:00012011:CHG5AY3,CHG5AY3,exact_2023_number_name_relocated,nces:IC_AY:00012011:CHG5AY3,float,"On campus, food and housing 2024-25","On campus, food and housing 2023-24",Original IPEDS202425.accdb SHA256 98e9175e54ba719cf7f0bfcc8e043fac4d11babd1b73ba1701ebbdc23e5470f5; exact physical schema and varTable24; effective source_manifest.json records final fall revisions.
2024,COST1_2024,COST,CHG6AY0,00012015,nces:COST:00012015:CHG6AY0,CHG6AY0,exact_2023_number_name_relocated,nces:IC_AY:00012015:CHG6AY0,float,"On campus, other expenses 2021-22","On campus, other expenses 2020-21",Original IPEDS202425.accdb SHA256 98e9175e54ba719cf7f0bfcc8e043fac4d11babd1b73ba1701ebbdc23e5470f5; exact physical schema and varTable24; effective source_manifest.json records final fall revisions.
2024,COST1_2024,COST,CHG6AY1,00012016,nces:COST:00012016:CHG6AY1,CHG6AY1,exact_2023_number_name_relocated,nces:IC_AY:00012016:CHG6AY1,float,"On campus, other expenses 2022-23","On campus, other expenses 2021-22",Original IPEDS202425.accdb SHA256 98e9175e54ba719cf7f0bfcc8e043fac4d11babd1b73ba1701ebbdc23e5470f5; exact physical schema and varTable24; effective source_manifest.json records final fall revisions.
2024,COST1_2024,COST,CHG6AY2,00012021,nces:COST:00012021:CHG6AY2,CHG6AY2,exact_2023_number_name_relocated,nces:IC_AY:00012021:CHG6AY2,float,"On campus, other expenses 2023-24","On campus, other expenses 2022-23",Original IPEDS202425.accdb SHA256 98e9175e54ba719cf7f0bfcc8e043fac4d11babd1b73ba1701ebbdc23e5470f5; exact physical schema and varTable24; effective source_manifest.json records final fall revisions.
2024,COST1_2024,COST,CHG6AY3,00012026,nces:COST:00012026:CHG6AY3,CHG6AY3,exact_2023_number_name_relocated,nces:IC_AY:00012026:CHG6AY3,float,"On campus, other expenses 2024-25","On campus, other expenses 2023-24",Original IPEDS202425.accdb SHA256 98e9175e54ba719cf7f0bfcc8e043fac4d11babd1b73ba1701ebbdc23e5470f5; exact physical schema and varTable24; effective source_manifest.json records final fall revisions.
2024,COST1_2024,COST,CHG7AY0,00012030,nces:COST:00012030:CHG7AY0,CHG7AY0,exact_2023_number_name_relocated,nces:IC_AY:00012030:CHG7AY0,float,"Off campus (not with family), food and housing 2021-22","Off campus (not with family), food and housing 2020-21",Original IPEDS202425.accdb SHA256 98e9175e54ba719cf7f0bfcc8e043fac4d11babd1b73ba1701ebbdc23e5470f5; exact physical schema and varTable24; effective source_manifest.json records final fall revisions.
2024,COST1_2024,COST,CHG7AY1,00012031,nces:COST:00012031:CHG7AY1,CHG7AY1,exact_2023_number_name_relocated,nces:IC_AY:00012031:CHG7AY1,float,"Off campus (not with family), food and housing 2022-23","Off campus (not with family), food and housing 2021-22",Original IPEDS202425.accdb SHA256 98e9175e54ba719cf7f0bfcc8e043fac4d11babd1b73ba1701ebbdc23e5470f5; exact physical schema and varTable24; effective source_manifest.json records final fall revisions.
2024,COST1_2024,COST,CHG7AY2,00012036,nces:COST:00012036:CHG7AY2,CHG7AY2,exact_2023_number_name_relocated,nces:IC_AY:00012036:CHG7AY2,float,"Off campus (not with family), food and housing 2023-24","Off campus (not with family), food and housing 2022-23",Original IPEDS202425.accdb SHA256 98e9175e54ba719cf7f0bfcc8e043fac4d11babd1b73ba1701ebbdc23e5470f5; exact physical schema and varTable24; effective source_manifest.json records final fall revisions.
2024,COST1_2024,COST,CHG7AY3,00012041,nces:COST:00012041:CHG7AY3,CHG7AY3,exact_2023_number_name_relocated,nces:IC_AY:00012041:CHG7AY3,float,"Off campus (not with family), food and housing 2024-25","Off campus (not with family), food and housing 2023-24",Original IPEDS202425.accdb SHA256 98e9175e54ba719cf7f0bfcc8e043fac4d11babd1b73ba1701ebbdc23e5470f5; exact physical schema and varTable24; effective source_manifest.json records final fall revisions.
2024,COST1_2024,COST,CHG8AY0,00012045,nces:COST:00012045:CHG8AY0,CHG8AY0,exact_2023_number_name_relocated,nces:IC_AY:00012045:CHG8AY0,float,"Off campus (not with family), other expenses 2021-22","Off campus (not with family), other expenses 2020-21",Original IPEDS202425.accdb SHA256 98e9175e54ba719cf7f0bfcc8e043fac4d11babd1b73ba1701ebbdc23e5470f5; exact physical schema and varTable24; effective source_manifest.json records final fall revisions.
2024,COST1_2024,COST,CHG8AY1,00012046,nces:COST:00012046:CHG8AY1,CHG8AY1,exact_2023_number_name_relocated,nces:IC_AY:00012046:CHG8AY1,float,"Off campus (not with family), other expenses 2022-23","Off campus (not with family), other expenses 2021-22",Original IPEDS202425.accdb SHA256 98e9175e54ba719cf7f0bfcc8e043fac4d11babd1b73ba1701ebbdc23e5470f5; exact physical schema and varTable24; effective source_manifest.json records final fall revisions.
2024,COST1_2024,COST,CHG8AY2,00012051,nces:COST:00012051:CHG8AY2,CHG8AY2,exact_2023_number_name_relocated,nces:IC_AY:00012051:CHG8AY2,float,"Off campus (not with family), other expenses 2023-24","Off campus (not with family), other expenses 2022-23",Original IPEDS202425.accdb SHA256 98e9175e54ba719cf7f0bfcc8e043fac4d11babd1b73ba1701ebbdc23e5470f5; exact physical schema and varTable24; effective source_manifest.json records final fall revisions.
2024,COST1_2024,COST,CHG8AY3,00012056,nces:COST:00012056:CHG8AY3,CHG8AY3,exact_2023_number_name_relocated,nces:IC_AY:00012056:CHG8AY3,float,"Off campus (not with family), other expenses 2024-25","Off campus (not with family), other expenses 2023-24",Original IPEDS202425.accdb SHA256 98e9175e54ba719cf7f0bfcc8e043fac4d11babd1b73ba1701ebbdc23e5470f5; exact physical schema and varTable24; effective source_manifest.json records final fall revisions.
2024,COST1_2024,COST,CHG10AY0,00016236,nces:COST:00016236:CHG10AY0,CHG10AY0,new_2024_identity,,float,"Off campus (with family), food and housing 2021-22",,Original IPEDS202425.accdb SHA256 98e9175e54ba719cf7f0bfcc8e043fac4d11babd1b73ba1701ebbdc23e5470f5; exact physical schema and varTable24; effective source_manifest.json records final fall revisions.
2024,COST1_2024,COST,CHG10AY1,00016241,nces:COST:00016241:CHG10AY1,CHG10AY1,new_2024_identity,,float,"Off campus (with family), food and housing 2022-23",,Original IPEDS202425.accdb SHA256 98e9175e54ba719cf7f0bfcc8e043fac4d11babd1b73ba1701ebbdc23e5470f5; exact physical schema and varTable24; effective source_manifest.json records final fall revisions.
2024,COST1_2024,COST,CHG10AY2,00016246,nces:COST:00016246:CHG10AY2,CHG10AY2,new_2024_identity,,float,"Off campus (with family), food and housing 2023-24",,Original IPEDS202425.accdb SHA256 98e9175e54ba719cf7f0bfcc8e043fac4d11babd1b73ba1701ebbdc23e5470f5; exact physical schema and varTable24; effective source_manifest.json records final fall revisions.
2024,COST1_2024,COST,CHG10AY3,00016251,nces:COST:00016251:CHG10AY3,CHG10AY3,new_2024_identity,,float,"Off campus (with family), food and housing  2024-25",,Original IPEDS202425.accdb SHA256 98e9175e54ba719cf7f0bfcc8e043fac4d11babd1b73ba1701ebbdc23e5470f5; exact physical schema and varTable24; effective source_manifest.json records final fall revisions.
2024,COST1_2024,COST,CHG9AY0,00012060,nces:COST:00012060:CHG9AY0,CHG9AY0,exact_2023_number_name_relocated,nces:IC_AY:00012060:CHG9AY0,float,"Off campus (with family), other expenses 2021-22","Off campus (with family), other expenses 2020-21",Original IPEDS202425.accdb SHA256 98e9175e54ba719cf7f0bfcc8e043fac4d11babd1b73ba1701ebbdc23e5470f5; exact physical schema and varTable24; effective source_manifest.json records final fall revisions.
2024,COST1_2024,COST,CHG9AY1,00012061,nces:COST:00012061:CHG9AY1,CHG9AY1,exact_2023_number_name_relocated,nces:IC_AY:00012061:CHG9AY1,float,"Off campus (with family), other expenses 2022-23","Off campus (with family), other expenses 2021-22",Original IPEDS202425.accdb SHA256 98e9175e54ba719cf7f0bfcc8e043fac4d11babd1b73ba1701ebbdc23e5470f5; exact physical schema and varTable24; effective source_manifest.json records final fall revisions.
2024,COST1_2024,COST,CHG9AY2,00012066,nces:COST:00012066:CHG9AY2,CHG9AY2,exact_2023_number_name_relocated,nces:IC_AY:00012066:CHG9AY2,float,"Off campus (with family), other expenses 2023-24","Off campus (with family), other expenses 2022-23",Original IPEDS202425.accdb SHA256 98e9175e54ba719cf7f0bfcc8e043fac4d11babd1b73ba1701ebbdc23e5470f5; exact physical schema and varTable24; effective source_manifest.json records final fall revisions.
2024,COST1_2024,COST,CHG9AY3,00012071,nces:COST:00012071:CHG9AY3,CHG9AY3,exact_2023_number_name_relocated,nces:IC_AY:00012071:CHG9AY3,float,"Off campus (with family), other expenses 2024-25","Off campus (with family), other expenses 2023-24",Original IPEDS202425.accdb SHA256 98e9175e54ba719cf7f0bfcc8e043fac4d11babd1b73ba1701ebbdc23e5470f5; exact physical schema and varTable24; effective source_manifest.json records final fall revisions.
2024,COST1_2024,COST,CIPCODE1,00011256,nces:COST:00011256:CIPCODE1,CIPCODE1,exact_2023_number_name_relocated,nces:IC_PY:00011256:CIPCODE1,categorical string,CIP code of largest program,CIP code of largest program,Original IPEDS202425.accdb SHA256 98e9175e54ba719cf7f0bfcc8e043fac4d11babd1b73ba1701ebbdc23e5470f5; exact physical schema and varTable24; effective source_manifest.json records final fall revisions.
2024,COST1_2024,COST,CIPTUIT1,00011368,nces:COST:00011368:CIPTUIT1,CIPTUIT1,exact_2023_number_name_relocated,nces:IC_PY:00011368:CIPTUIT1,float,"Tuition and fees 2024-25 (institutions with no full-time, first-time, undergraduate students)","Tuition and fees 2023-24 (institutions with no full-time, first-time, undergraduate students)",Original IPEDS202425.accdb SHA256 98e9175e54ba719cf7f0bfcc8e043fac4d11babd1b73ba1701ebbdc23e5470f5; exact physical schema and varTable24; effective source_manifest.json records final fall revisions.
2024,COST1_2024,COST,CIPSUPP1,00011369,nces:COST:00011369:CIPSUPP1,CIPSUPP1,exact_2023_number_name_relocated,nces:IC_PY:00011369:CIPSUPP1,float,"Books and supplies 2024-25 (institutions with no full-time, first-time, undergraduate students)","Books and supplies 2023-24 (institutions with no full-time, first-time, undergraduate students)",Original IPEDS202425.accdb SHA256 98e9175e54ba719cf7f0bfcc8e043fac4d11babd1b73ba1701ebbdc23e5470f5; exact physical schema and varTable24; effective source_manifest.json records final fall revisions.
2024,COST1_2024,COST,CIPLGTH1,00011261,nces:COST:00011261:CIPLGTH1,CIPLGTH1,exact_2023_number_name_relocated,nces:IC_PY:00011261:CIPLGTH1,float,Total length of largest program ,Total length of largest program,Original IPEDS202425.accdb SHA256 98e9175e54ba719cf7f0bfcc8e043fac4d11babd1b73ba1701ebbdc23e5470f5; exact physical schema and varTable24; effective source_manifest.json records final fall revisions.
2024,COST1_2024,COST,PRGMSR1,00011262,nces:COST:00011262:PRGMSR1,PRGMSR1,exact_2023_number_name_relocated,nces:IC_PY:00011262:PRGMSR1,categorical string,Largest program measured in credit or clock hours,Largest program measured in credit or clock hours,Original IPEDS202425.accdb SHA256 98e9175e54ba719cf7f0bfcc8e043fac4d11babd1b73ba1701ebbdc23e5470f5; exact physical schema and varTable24; effective source_manifest.json records final fall revisions.
2024,COST1_2024,COST,MTHCMP1,00011263,nces:COST:00011263:MTHCMP1,MTHCMP1,exact_2023_number_name_relocated,nces:IC_PY:00011263:MTHCMP1,float,Average number of months to complete largest program,Average number of months to complete largest program,Original IPEDS202425.accdb SHA256 98e9175e54ba719cf7f0bfcc8e043fac4d11babd1b73ba1701ebbdc23e5470f5; exact physical schema and varTable24; effective source_manifest.json records final fall revisions.
2024,COST1_2024,COST,WKCMP1,00011471,nces:COST:00011471:WKCMP1,WKCMP1,exact_2023_number_name_relocated,nces:IC_PY:00011471:WKCMP1,float,"Total length of program in weeks, as completed by a student attending full-time","Total length of program in weeks, as completed by a student attending full-time",Original IPEDS202425.accdb SHA256 98e9175e54ba719cf7f0bfcc8e043fac4d11babd1b73ba1701ebbdc23e5470f5; exact physical schema and varTable24; effective source_manifest.json records final fall revisions.
2024,COST1_2024,COST,LNAYHR1,00011476,nces:COST:00011476:LNAYHR1,LNAYHR1,exact_2023_number_name_relocated,nces:IC_PY:00011476:LNAYHR1,float,Total length of academic year (as used to calculate your Pell budget) in clock or credit hours,Total length of academic year (as used to calculate your Pell budget) in clock or credit hours,Original IPEDS202425.accdb SHA256 98e9175e54ba719cf7f0bfcc8e043fac4d11babd1b73ba1701ebbdc23e5470f5; exact physical schema and varTable24; effective source_manifest.json records final fall revisions.
2024,COST1_2024,COST,LNAYWK1,00011481,nces:COST:00011481:LNAYWK1,LNAYWK1,exact_2023_number_name_relocated,nces:IC_PY:00011481:LNAYWK1,float,Total length of academic year (as used to calculate your Pell budget) in weeks,Total length of academic year (as used to calculate your Pell budget) in weeks,Original IPEDS202425.accdb SHA256 98e9175e54ba719cf7f0bfcc8e043fac4d11babd1b73ba1701ebbdc23e5470f5; exact physical schema and varTable24; effective source_manifest.json records final fall revisions.
2024,COST1_2024,COST,CHG1PY0,00011265,nces:COST:00011265:CHG1PY0,CHG1PY0,exact_2023_number_name_relocated,nces:IC_PY:00011265:CHG1PY0,float,Published tuition and fees 2021-22,Published tuition and fees 2020-21,Original IPEDS202425.accdb SHA256 98e9175e54ba719cf7f0bfcc8e043fac4d11babd1b73ba1701ebbdc23e5470f5; exact physical schema and varTable24; effective source_manifest.json records final fall revisions.
2024,COST1_2024,COST,CHG1PY1,00011266,nces:COST:00011266:CHG1PY1,CHG1PY1,exact_2023_number_name_relocated,nces:IC_PY:00011266:CHG1PY1,float,Published tuition and fees 2022-23,Published tuition and fees 2021-22,Original IPEDS202425.accdb SHA256 98e9175e54ba719cf7f0bfcc8e043fac4d11babd1b73ba1701ebbdc23e5470f5; exact physical schema and varTable24; effective source_manifest.json records final fall revisions.
2024,COST1_2024,COST,CHG1PY2,00011271,nces:COST:00011271:CHG1PY2,CHG1PY2,exact_2023_number_name_relocated,nces:IC_PY:00011271:CHG1PY2,float,Published tuition and fees 2023-24,Published tuition and fees 2022-23,Original IPEDS202425.accdb SHA256 98e9175e54ba719cf7f0bfcc8e043fac4d11babd1b73ba1701ebbdc23e5470f5; exact physical schema and varTable24; effective source_manifest.json records final fall revisions.
2024,COST1_2024,COST,CHG1PY3,00015031,nces:COST:00015031:CHG1PY3,CHG1PY3,exact_2023_number_name_relocated,nces:IC_PY:00015031:CHG1PY3,float,Published tuition and fees 2024-25,Published tuition and fees 2023-24,Original IPEDS202425.accdb SHA256 98e9175e54ba719cf7f0bfcc8e043fac4d11babd1b73ba1701ebbdc23e5470f5; exact physical schema and varTable24; effective source_manifest.json records final fall revisions.
2024,COST1_2024,COST,CHG4PY0,00011280,nces:COST:00011280:CHG4PY0,CHG4PY0,exact_2023_number_name_relocated,nces:IC_PY:00011280:CHG4PY0,float,Books and supplies 2021-22,Books and supplies 2020-21,Original IPEDS202425.accdb SHA256 98e9175e54ba719cf7f0bfcc8e043fac4d11babd1b73ba1701ebbdc23e5470f5; exact physical schema and varTable24; effective source_manifest.json records final fall revisions.
2024,COST1_2024,COST,CHG4PY1,00011281,nces:COST:00011281:CHG4PY1,CHG4PY1,exact_2023_number_name_relocated,nces:IC_PY:00011281:CHG4PY1,float,Books and supplies 2022-23,Books and supplies 2021-22,Original IPEDS202425.accdb SHA256 98e9175e54ba719cf7f0bfcc8e043fac4d11babd1b73ba1701ebbdc23e5470f5; exact physical schema and varTable24; effective source_manifest.json records final fall revisions.
2024,COST1_2024,COST,CHG4PY2,00011286,nces:COST:00011286:CHG4PY2,CHG4PY2,exact_2023_number_name_relocated,nces:IC_PY:00011286:CHG4PY2,float,Books and supplies 2023-24,Books and supplies 2022-23,Original IPEDS202425.accdb SHA256 98e9175e54ba719cf7f0bfcc8e043fac4d11babd1b73ba1701ebbdc23e5470f5; exact physical schema and varTable24; effective source_manifest.json records final fall revisions.
2024,COST1_2024,COST,CHG4PY3,00015035,nces:COST:00015035:CHG4PY3,CHG4PY3,exact_2023_number_name_relocated,nces:IC_PY:00015035:CHG4PY3,float,Books and supplies 2024-25,Books and supplies 2023-24,Original IPEDS202425.accdb SHA256 98e9175e54ba719cf7f0bfcc8e043fac4d11babd1b73ba1701ebbdc23e5470f5; exact physical schema and varTable24; effective source_manifest.json records final fall revisions.
2024,COST1_2024,COST,CHG5PY0,00011294,nces:COST:00011294:CHG5PY0,CHG5PY0,exact_2023_number_name_relocated,nces:IC_PY:00011294:CHG5PY0,float,"On campus, food and housing 2021-22","On campus, food and housing 2020-21",Original IPEDS202425.accdb SHA256 98e9175e54ba719cf7f0bfcc8e043fac4d11babd1b73ba1701ebbdc23e5470f5; exact physical schema and varTable24; effective source_manifest.json records final fall revisions.
2024,COST1_2024,COST,CHG5PY1,00011296,nces:COST:00011296:CHG5PY1,CHG5PY1,exact_2023_number_name_relocated,nces:IC_PY:00011296:CHG5PY1,float,"On campus, food and housing 2022-23","On campus, food and housing 2021-22",Original IPEDS202425.accdb SHA256 98e9175e54ba719cf7f0bfcc8e043fac4d11babd1b73ba1701ebbdc23e5470f5; exact physical schema and varTable24; effective source_manifest.json records final fall revisions.
2024,COST1_2024,COST,CHG5PY2,00011301,nces:COST:00011301:CHG5PY2,CHG5PY2,exact_2023_number_name_relocated,nces:IC_PY:00011301:CHG5PY2,float,"On campus, food and housing 2023-24","On campus, food and housing 2022-23",Original IPEDS202425.accdb SHA256 98e9175e54ba719cf7f0bfcc8e043fac4d11babd1b73ba1701ebbdc23e5470f5; exact physical schema and varTable24; effective source_manifest.json records final fall revisions.
2024,COST1_2024,COST,CHG5PY3,00011306,nces:COST:00011306:CHG5PY3,CHG5PY3,exact_2023_number_name_relocated,nces:IC_PY:00011306:CHG5PY3,float,"On campus, food and housing 2024-25","On campus, food and housing 2023-24",Original IPEDS202425.accdb SHA256 98e9175e54ba719cf7f0bfcc8e043fac4d11babd1b73ba1701ebbdc23e5470f5; exact physical schema and varTable24; effective source_manifest.json records final fall revisions.
2024,COST1_2024,COST,CHG6PY0,00011309,nces:COST:00011309:CHG6PY0,CHG6PY0,exact_2023_number_name_relocated,nces:IC_PY:00011309:CHG6PY0,float,"On campus, other expenses 2021-22","On campus, other expenses 2020-21",Original IPEDS202425.accdb SHA256 98e9175e54ba719cf7f0bfcc8e043fac4d11babd1b73ba1701ebbdc23e5470f5; exact physical schema and varTable24; effective source_manifest.json records final fall revisions.
2024,COST1_2024,COST,CHG6PY1,00011311,nces:COST:00011311:CHG6PY1,CHG6PY1,exact_2023_number_name_relocated,nces:IC_PY:00011311:CHG6PY1,float,"On campus, other expenses 2022-23","On campus, other expenses 2021-22",Original IPEDS202425.accdb SHA256 98e9175e54ba719cf7f0bfcc8e043fac4d11babd1b73ba1701ebbdc23e5470f5; exact physical schema and varTable24; effective source_manifest.json records final fall revisions.
2024,COST1_2024,COST,CHG6PY2,00011316,nces:COST:00011316:CHG6PY2,CHG6PY2,exact_2023_number_name_relocated,nces:IC_PY:00011316:CHG6PY2,float,"On campus, other expenses 2023-24","On campus, other expenses 2022-23",Original IPEDS202425.accdb SHA256 98e9175e54ba719cf7f0bfcc8e043fac4d11babd1b73ba1701ebbdc23e5470f5; exact physical schema and varTable24; effective source_manifest.json records final fall revisions.
2024,COST1_2024,COST,CHG6PY3,00011321,nces:COST:00011321:CHG6PY3,CHG6PY3,exact_2023_number_name_relocated,nces:IC_PY:00011321:CHG6PY3,float,"On campus, other expenses 2024-25","On campus, other expenses 2023-24",Original IPEDS202425.accdb SHA256 98e9175e54ba719cf7f0bfcc8e043fac4d11babd1b73ba1701ebbdc23e5470f5; exact physical schema and varTable24; effective source_manifest.json records final fall revisions.
2024,COST1_2024,COST,CHG7PY0,00011324,nces:COST:00011324:CHG7PY0,CHG7PY0,exact_2023_number_name_relocated,nces:IC_PY:00011324:CHG7PY0,float,"Off campus (not with family), food and housing 2021-22","Off campus (not with family), food and housing 2020-21",Original IPEDS202425.accdb SHA256 98e9175e54ba719cf7f0bfcc8e043fac4d11babd1b73ba1701ebbdc23e5470f5; exact physical schema and varTable24; effective source_manifest.json records final fall revisions.
2024,COST1_2024,COST,CHG7PY1,00011326,nces:COST:00011326:CHG7PY1,CHG7PY1,exact_2023_number_name_relocated,nces:IC_PY:00011326:CHG7PY1,float,"Off campus (not with family), food and housing 2022-23","Off campus (not with family), food and housing 2021-22",Original IPEDS202425.accdb SHA256 98e9175e54ba719cf7f0bfcc8e043fac4d11babd1b73ba1701ebbdc23e5470f5; exact physical schema and varTable24; effective source_manifest.json records final fall revisions.
2024,COST1_2024,COST,CHG7PY2,00011331,nces:COST:00011331:CHG7PY2,CHG7PY2,exact_2023_number_name_relocated,nces:IC_PY:00011331:CHG7PY2,float,"Off campus (not with family), food and housing 2023-24","Off campus (not with family), food and housing 2022-23",Original IPEDS202425.accdb SHA256 98e9175e54ba719cf7f0bfcc8e043fac4d11babd1b73ba1701ebbdc23e5470f5; exact physical schema and varTable24; effective source_manifest.json records final fall revisions.
2024,COST1_2024,COST,CHG7PY3,00011336,nces:COST:00011336:CHG7PY3,CHG7PY3,exact_2023_number_name_relocated,nces:IC_PY:00011336:CHG7PY3,float,"Off campus (not with family), food and housing 2024-25","Off campus (not with family), food and housing 2023-24",Original IPEDS202425.accdb SHA256 98e9175e54ba719cf7f0bfcc8e043fac4d11babd1b73ba1701ebbdc23e5470f5; exact physical schema and varTable24; effective source_manifest.json records final fall revisions.
2024,COST1_2024,COST,CHG8PY0,00011339,nces:COST:00011339:CHG8PY0,CHG8PY0,exact_2023_number_name_relocated,nces:IC_PY:00011339:CHG8PY0,float,"Off campus (not with family), other expenses 2021-22","Off campus (not with family), other expenses 2020-21",Original IPEDS202425.accdb SHA256 98e9175e54ba719cf7f0bfcc8e043fac4d11babd1b73ba1701ebbdc23e5470f5; exact physical schema and varTable24; effective source_manifest.json records final fall revisions.
2024,COST1_2024,COST,CHG8PY1,00011341,nces:COST:00011341:CHG8PY1,CHG8PY1,exact_2023_number_name_relocated,nces:IC_PY:00011341:CHG8PY1,float,"Off campus (not with family), other expenses 2022-23","Off campus (not with family), other expenses 2021-22",Original IPEDS202425.accdb SHA256 98e9175e54ba719cf7f0bfcc8e043fac4d11babd1b73ba1701ebbdc23e5470f5; exact physical schema and varTable24; effective source_manifest.json records final fall revisions.
2024,COST1_2024,COST,CHG8PY2,00011346,nces:COST:00011346:CHG8PY2,CHG8PY2,exact_2023_number_name_relocated,nces:IC_PY:00011346:CHG8PY2,float,"Off campus (not with family), other expenses 2023-24","Off campus (not with family), other expenses 2022-23",Original IPEDS202425.accdb SHA256 98e9175e54ba719cf7f0bfcc8e043fac4d11babd1b73ba1701ebbdc23e5470f5; exact physical schema and varTable24; effective source_manifest.json records final fall revisions.
2024,COST1_2024,COST,CHG8PY3,00011351,nces:COST:00011351:CHG8PY3,CHG8PY3,exact_2023_number_name_relocated,nces:IC_PY:00011351:CHG8PY3,float,"Off campus (not with family), other expenses 2024-25","Off campus (not with family), other expenses 2023-24",Original IPEDS202425.accdb SHA256 98e9175e54ba719cf7f0bfcc8e043fac4d11babd1b73ba1701ebbdc23e5470f5; exact physical schema and varTable24; effective source_manifest.json records final fall revisions.
2024,COST1_2024,COST,CHG10PY0,00016256,nces:COST:00016256:CHG10PY0,CHG10PY0,new_2024_identity,,float,"Off campus (with family), food and housing 2021-22",,Original IPEDS202425.accdb SHA256 98e9175e54ba719cf7f0bfcc8e043fac4d11babd1b73ba1701ebbdc23e5470f5; exact physical schema and varTable24; effective source_manifest.json records final fall revisions.
2024,COST1_2024,COST,CHG10PY1,00016261,nces:COST:00016261:CHG10PY1,CHG10PY1,new_2024_identity,,float,"Off campus (with family), food and housing 2022-23",,Original IPEDS202425.accdb SHA256 98e9175e54ba719cf7f0bfcc8e043fac4d11babd1b73ba1701ebbdc23e5470f5; exact physical schema and varTable24; effective source_manifest.json records final fall revisions.
2024,COST1_2024,COST,CHG10PY2,00016266,nces:COST:00016266:CHG10PY2,CHG10PY2,new_2024_identity,,float,"Off campus (with family), food and housing 2023-24",,Original IPEDS202425.accdb SHA256 98e9175e54ba719cf7f0bfcc8e043fac4d11babd1b73ba1701ebbdc23e5470f5; exact physical schema and varTable24; effective source_manifest.json records final fall revisions.
2024,COST1_2024,COST,CHG10PY3,00016271,nces:COST:00016271:CHG10PY3,CHG10PY3,new_2024_identity,,float,"Off campus (with family), food and housing 2024-25",,Original IPEDS202425.accdb SHA256 98e9175e54ba719cf7f0bfcc8e043fac4d11babd1b73ba1701ebbdc23e5470f5; exact physical schema and varTable24; effective source_manifest.json records final fall revisions.
2024,COST1_2024,COST,CHG9PY0,00011354,nces:COST:00011354:CHG9PY0,CHG9PY0,exact_2023_number_name_relocated,nces:IC_PY:00011354:CHG9PY0,float,"Off campus (with family), other expenses 2021-22","Off campus (with family), other expenses 2020-21",Original IPEDS202425.accdb SHA256 98e9175e54ba719cf7f0bfcc8e043fac4d11babd1b73ba1701ebbdc23e5470f5; exact physical schema and varTable24; effective source_manifest.json records final fall revisions.
2024,COST1_2024,COST,CHG9PY1,00011356,nces:COST:00011356:CHG9PY1,CHG9PY1,exact_2023_number_name_relocated,nces:IC_PY:00011356:CHG9PY1,float,"Off campus (with family), other expenses 2022-23","Off campus (with family), other expenses 2021-22",Original IPEDS202425.accdb SHA256 98e9175e54ba719cf7f0bfcc8e043fac4d11babd1b73ba1701ebbdc23e5470f5; exact physical schema and varTable24; effective source_manifest.json records final fall revisions.
2024,COST1_2024,COST,CHG9PY2,00011361,nces:COST:00011361:CHG9PY2,CHG9PY2,exact_2023_number_name_relocated,nces:IC_PY:00011361:CHG9PY2,float,"Off campus (with family), other expenses 2023-24","Off campus (with family), other expenses 2022-23",Original IPEDS202425.accdb SHA256 98e9175e54ba719cf7f0bfcc8e043fac4d11babd1b73ba1701ebbdc23e5470f5; exact physical schema and varTable24; effective source_manifest.json records final fall revisions.
2024,COST1_2024,COST,CHG9PY3,00011366,nces:COST:00011366:CHG9PY3,CHG9PY3,exact_2023_number_name_relocated,nces:IC_PY:00011366:CHG9PY3,float,"Off campus (with family), other expenses 2024-25","Off campus (with family), other expenses 2023-24",Original IPEDS202425.accdb SHA256 98e9175e54ba719cf7f0bfcc8e043fac4d11babd1b73ba1701ebbdc23e5470f5; exact physical schema and varTable24; effective source_manifest.json records final fall revisions.
2024,COST1_2024,COST,CIPCODE2,00011371,nces:COST:00011371:CIPCODE2,CIPCODE2,exact_2023_number_name_relocated,nces:IC_PY:00011371:CIPCODE2,categorical string,CIP code of 2nd largest program,CIP code of 2nd largest program,Original IPEDS202425.accdb SHA256 98e9175e54ba719cf7f0bfcc8e043fac4d11babd1b73ba1701ebbdc23e5470f5; exact physical schema and varTable24; effective source_manifest.json records final fall revisions.
2024,COST1_2024,COST,CIPTUIT2,00011376,nces:COST:00011376:CIPTUIT2,CIPTUIT2,exact_2023_number_name_relocated,nces:IC_PY:00011376:CIPTUIT2,float,Tuition and fees of 2nd largest program,Tuition and fees of 2nd largest program,Original IPEDS202425.accdb SHA256 98e9175e54ba719cf7f0bfcc8e043fac4d11babd1b73ba1701ebbdc23e5470f5; exact physical schema and varTable24; effective source_manifest.json records final fall revisions.
2024,COST1_2024,COST,CIPSUPP2,00011381,nces:COST:00011381:CIPSUPP2,CIPSUPP2,exact_2023_number_name_relocated,nces:IC_PY:00011381:CIPSUPP2,float,Cost of books and supplies of 2nd largest program,Cost of books and supplies of 2nd largest program,Original IPEDS202425.accdb SHA256 98e9175e54ba719cf7f0bfcc8e043fac4d11babd1b73ba1701ebbdc23e5470f5; exact physical schema and varTable24; effective source_manifest.json records final fall revisions.
2024,COST1_2024,COST,CIPLGTH2,00011386,nces:COST:00011386:CIPLGTH2,CIPLGTH2,exact_2023_number_name_relocated,nces:IC_PY:00011386:CIPLGTH2,float,Length of 2nd largest program ,Length of 2nd largest program,Original IPEDS202425.accdb SHA256 98e9175e54ba719cf7f0bfcc8e043fac4d11babd1b73ba1701ebbdc23e5470f5; exact physical schema and varTable24; effective source_manifest.json records final fall revisions.
2024,COST1_2024,COST,PRGMSR2,00011388,nces:COST:00011388:PRGMSR2,PRGMSR2,exact_2023_number_name_relocated,nces:IC_PY:00011388:PRGMSR2,categorical string,2nd largest program measured in credit or clock hours,2nd largest program measured in credit or clock hours,Original IPEDS202425.accdb SHA256 98e9175e54ba719cf7f0bfcc8e043fac4d11babd1b73ba1701ebbdc23e5470f5; exact physical schema and varTable24; effective source_manifest.json records final fall revisions.
2024,COST1_2024,COST,MTHCMP2,00011389,nces:COST:00011389:MTHCMP2,MTHCMP2,exact_2023_number_name_relocated,nces:IC_PY:00011389:MTHCMP2,float,Number of months to complete 2nd largest program,Number of months to complete 2nd largest program,Original IPEDS202425.accdb SHA256 98e9175e54ba719cf7f0bfcc8e043fac4d11babd1b73ba1701ebbdc23e5470f5; exact physical schema and varTable24; effective source_manifest.json records final fall revisions.
2024,COST1_2024,COST,CIPCODE3,00011391,nces:COST:00011391:CIPCODE3,CIPCODE3,exact_2023_number_name_relocated,nces:IC_PY:00011391:CIPCODE3,categorical string,CIP code of 3rd largest program,CIP code of 3rd largest program,Original IPEDS202425.accdb SHA256 98e9175e54ba719cf7f0bfcc8e043fac4d11babd1b73ba1701ebbdc23e5470f5; exact physical schema and varTable24; effective source_manifest.json records final fall revisions.
2024,COST1_2024,COST,CIPTUIT3,00011396,nces:COST:00011396:CIPTUIT3,CIPTUIT3,exact_2023_number_name_relocated,nces:IC_PY:00011396:CIPTUIT3,float,Tuition and fees of 3rd largest program,Tuition and fees of 3rd largest program,Original IPEDS202425.accdb SHA256 98e9175e54ba719cf7f0bfcc8e043fac4d11babd1b73ba1701ebbdc23e5470f5; exact physical schema and varTable24; effective source_manifest.json records final fall revisions.
2024,COST1_2024,COST,CIPSUPP3,00011401,nces:COST:00011401:CIPSUPP3,CIPSUPP3,exact_2023_number_name_relocated,nces:IC_PY:00011401:CIPSUPP3,float,Cost of books and supplies of 3rd largest program,Cost of books and supplies of 3rd largest program,Original IPEDS202425.accdb SHA256 98e9175e54ba719cf7f0bfcc8e043fac4d11babd1b73ba1701ebbdc23e5470f5; exact physical schema and varTable24; effective source_manifest.json records final fall revisions.
2024,COST1_2024,COST,CIPLGTH3,00011406,nces:COST:00011406:CIPLGTH3,CIPLGTH3,exact_2023_number_name_relocated,nces:IC_PY:00011406:CIPLGTH3,float,Length of 3rd largest program,Length of 3rd largest program,Original IPEDS202425.accdb SHA256 98e9175e54ba719cf7f0bfcc8e043fac4d11babd1b73ba1701ebbdc23e5470f5; exact physical schema and varTable24; effective source_manifest.json records final fall revisions.
2024,COST1_2024,COST,PRGMSR3,00011408,nces:COST:00011408:PRGMSR3,PRGMSR3,exact_2023_number_name_relocated,nces:IC_PY:00011408:PRGMSR3,categorical string,3rd largest program measured in credit or clock hours,3rd largest program measured in credit or clock hours,Original IPEDS202425.accdb SHA256 98e9175e54ba719cf7f0bfcc8e043fac4d11babd1b73ba1701ebbdc23e5470f5; exact physical schema and varTable24; effective source_manifest.json records final fall revisions.
2024,COST1_2024,COST,MTHCMP3,00011409,nces:COST:00011409:MTHCMP3,MTHCMP3,exact_2023_number_name_relocated,nces:IC_PY:00011409:MTHCMP3,float,Number of months to complete 3rd largest program,Number of months to complete 3rd largest program,Original IPEDS202425.accdb SHA256 98e9175e54ba719cf7f0bfcc8e043fac4d11babd1b73ba1701ebbdc23e5470f5; exact physical schema and varTable24; effective source_manifest.json records final fall revisions.
2024,COST1_2024,COST,CIPCODE4,00011411,nces:COST:00011411:CIPCODE4,CIPCODE4,exact_2023_number_name_relocated,nces:IC_PY:00011411:CIPCODE4,categorical string,CIP code of 4th largest program,CIP code of 4th largest program,Original IPEDS202425.accdb SHA256 98e9175e54ba719cf7f0bfcc8e043fac4d11babd1b73ba1701ebbdc23e5470f5; exact physical schema and varTable24; effective source_manifest.json records final fall revisions.
2024,COST1_2024,COST,CIPTUIT4,00011416,nces:COST:00011416:CIPTUIT4,CIPTUIT4,exact_2023_number_name_relocated,nces:IC_PY:00011416:CIPTUIT4,float,Tuition and fees of 4th largest program,Tuition and fees of 4th largest program,Original IPEDS202425.accdb SHA256 98e9175e54ba719cf7f0bfcc8e043fac4d11babd1b73ba1701ebbdc23e5470f5; exact physical schema and varTable24; effective source_manifest.json records final fall revisions.
2024,COST1_2024,COST,CIPSUPP4,00011421,nces:COST:00011421:CIPSUPP4,CIPSUPP4,exact_2023_number_name_relocated,nces:IC_PY:00011421:CIPSUPP4,float,Cost of books and supplies of 4th largest program,Cost of books and supplies of 4th largest program,Original IPEDS202425.accdb SHA256 98e9175e54ba719cf7f0bfcc8e043fac4d11babd1b73ba1701ebbdc23e5470f5; exact physical schema and varTable24; effective source_manifest.json records final fall revisions.
2024,COST1_2024,COST,CIPLGTH4,00011426,nces:COST:00011426:CIPLGTH4,CIPLGTH4,exact_2023_number_name_relocated,nces:IC_PY:00011426:CIPLGTH4,float,Length of 4th largest program ,Length of 4th largest program,Original IPEDS202425.accdb SHA256 98e9175e54ba719cf7f0bfcc8e043fac4d11babd1b73ba1701ebbdc23e5470f5; exact physical schema and varTable24; effective source_manifest.json records final fall revisions.
2024,COST1_2024,COST,PRGMSR4,00011428,nces:COST:00011428:PRGMSR4,PRGMSR4,exact_2023_number_name_relocated,nces:IC_PY:00011428:PRGMSR4,categorical string,4th largest program measured in credit or clock hours,4th largest program measured in credit or clock hours,Original IPEDS202425.accdb SHA256 98e9175e54ba719cf7f0bfcc8e043fac4d11babd1b73ba1701ebbdc23e5470f5; exact physical schema and varTable24; effective source_manifest.json records final fall revisions.
2024,COST1_2024,COST,MTHCMP4,00011429,nces:COST:00011429:MTHCMP4,MTHCMP4,exact_2023_number_name_relocated,nces:IC_PY:00011429:MTHCMP4,float,Number of months to complete 4th largest program,Number of months to complete 4th largest program,Original IPEDS202425.accdb SHA256 98e9175e54ba719cf7f0bfcc8e043fac4d11babd1b73ba1701ebbdc23e5470f5; exact physical schema and varTable24; effective source_manifest.json records final fall revisions.
2024,COST1_2024,COST,CIPCODE5,00011431,nces:COST:00011431:CIPCODE5,CIPCODE5,exact_2023_number_name_relocated,nces:IC_PY:00011431:CIPCODE5,categorical string,CIP code of 5th largest program,CIP code of 5th largest program,Original IPEDS202425.accdb SHA256 98e9175e54ba719cf7f0bfcc8e043fac4d11babd1b73ba1701ebbdc23e5470f5; exact physical schema and varTable24; effective source_manifest.json records final fall revisions.
2024,COST1_2024,COST,CIPTUIT5,00011436,nces:COST:00011436:CIPTUIT5,CIPTUIT5,exact_2023_number_name_relocated,nces:IC_PY:00011436:CIPTUIT5,float,Tuition and fees of 5th largest program,Tuition and fees of 5th largest program,Original IPEDS202425.accdb SHA256 98e9175e54ba719cf7f0bfcc8e043fac4d11babd1b73ba1701ebbdc23e5470f5; exact physical schema and varTable24; effective source_manifest.json records final fall revisions.
2024,COST1_2024,COST,CIPSUPP5,00011441,nces:COST:00011441:CIPSUPP5,CIPSUPP5,exact_2023_number_name_relocated,nces:IC_PY:00011441:CIPSUPP5,float,Cost of books and supplies of 5th largest program,Cost of books and supplies of 5th largest program,Original IPEDS202425.accdb SHA256 98e9175e54ba719cf7f0bfcc8e043fac4d11babd1b73ba1701ebbdc23e5470f5; exact physical schema and varTable24; effective source_manifest.json records final fall revisions.
2024,COST1_2024,COST,CIPLGTH5,00011446,nces:COST:00011446:CIPLGTH5,CIPLGTH5,exact_2023_number_name_relocated,nces:IC_PY:00011446:CIPLGTH5,float,Length of 5th largest program ,Length of 5th largest program,Original IPEDS202425.accdb SHA256 98e9175e54ba719cf7f0bfcc8e043fac4d11babd1b73ba1701ebbdc23e5470f5; exact physical schema and varTable24; effective source_manifest.json records final fall revisions.
2024,COST1_2024,COST,PRGMSR5,00011448,nces:COST:00011448:PRGMSR5,PRGMSR5,exact_2023_number_name_relocated,nces:IC_PY:00011448:PRGMSR5,categorical string,5th largest program measured in credit or clock hours,5th largest program measured in credit or clock hours,Original IPEDS202425.accdb SHA256 98e9175e54ba719cf7f0bfcc8e043fac4d11babd1b73ba1701ebbdc23e5470f5; exact physical schema and varTable24; effective source_manifest.json records final fall revisions.
2024,COST1_2024,COST,MTHCMP5,00011449,nces:COST:00011449:MTHCMP5,MTHCMP5,exact_2023_number_name_relocated,nces:IC_PY:00011449:MTHCMP5,float,Number of months to complete 5th largest program,Number of months to complete 5th largest program,Original IPEDS202425.accdb SHA256 98e9175e54ba719cf7f0bfcc8e043fac4d11babd1b73ba1701ebbdc23e5470f5; exact physical schema and varTable24; effective source_manifest.json records final fall revisions.
2024,COST1_2024,COST,CIPCODE6,00011451,nces:COST:00011451:CIPCODE6,CIPCODE6,exact_2023_number_name_relocated,nces:IC_PY:00011451:CIPCODE6,categorical string,CIP code of 6th largest program,CIP code of 6th largest program,Original IPEDS202425.accdb SHA256 98e9175e54ba719cf7f0bfcc8e043fac4d11babd1b73ba1701ebbdc23e5470f5; exact physical schema and varTable24; effective source_manifest.json records final fall revisions.
2024,COST1_2024,COST,CIPTUIT6,00011456,nces:COST:00011456:CIPTUIT6,CIPTUIT6,exact_2023_number_name_relocated,nces:IC_PY:00011456:CIPTUIT6,float,Tuition and fees of 6th largest program,Tuition and fees of 6th largest program,Original IPEDS202425.accdb SHA256 98e9175e54ba719cf7f0bfcc8e043fac4d11babd1b73ba1701ebbdc23e5470f5; exact physical schema and varTable24; effective source_manifest.json records final fall revisions.
2024,COST1_2024,COST,CIPSUPP6,00011461,nces:COST:00011461:CIPSUPP6,CIPSUPP6,exact_2023_number_name_relocated,nces:IC_PY:00011461:CIPSUPP6,float,Cost of books and supplies of 6th largest program,Cost of books and supplies of 6th largest program,Original IPEDS202425.accdb SHA256 98e9175e54ba719cf7f0bfcc8e043fac4d11babd1b73ba1701ebbdc23e5470f5; exact physical schema and varTable24; effective source_manifest.json records final fall revisions.
2024,COST1_2024,COST,CIPLGTH6,00011466,nces:COST:00011466:CIPLGTH6,CIPLGTH6,exact_2023_number_name_relocated,nces:IC_PY:00011466:CIPLGTH6,float,Length of 6th largest program,Length of 6th largest program,Original IPEDS202425.accdb SHA256 98e9175e54ba719cf7f0bfcc8e043fac4d11babd1b73ba1701ebbdc23e5470f5; exact physical schema and varTable24; effective source_manifest.json records final fall revisions.
2024,COST1_2024,COST,PRGMSR6,00011468,nces:COST:00011468:PRGMSR6,PRGMSR6,exact_2023_number_name_relocated,nces:IC_PY:00011468:PRGMSR6,categorical string,6th largest program measured in credit or clock hours,6th largest program measured in credit or clock hours,Original IPEDS202425.accdb SHA256 98e9175e54ba719cf7f0bfcc8e043fac4d11babd1b73ba1701ebbdc23e5470f5; exact physical schema and varTable24; effective source_manifest.json records final fall revisions.
2024,COST1_2024,COST,MTHCMP6,00011469,nces:COST:00011469:MTHCMP6,MTHCMP6,exact_2023_number_name_relocated,nces:IC_PY:00011469:MTHCMP6,float,Number of months to complete 6th largest program,Number of months to complete 6th largest program,Original IPEDS202425.accdb SHA256 98e9175e54ba719cf7f0bfcc8e043fac4d11babd1b73ba1701ebbdc23e5470f5; exact physical schema and varTable24; effective source_manifest.json records final fall revisions.
2024,COST2_2024_FINANCIALAID,COST_FINANCIALAID,CSCUGFFN,00073191,nces:COST_FINANCIALAID:00073191:CSCUGFFN,CSCUGFFN,new_2024_identity,,float,Number of students in the financial aid/cost cohort,,Original IPEDS202425.accdb SHA256 98e9175e54ba719cf7f0bfcc8e043fac4d11babd1b73ba1701ebbdc23e5470f5; exact physical schema and varTable24; effective source_manifest.json records final fall revisions.
2024,COST2_2024_FINANCIALAID,COST_FINANCIALAID,CSCFA1N,00073192,nces:COST_FINANCIALAID:00073192:CSCFA1N,CSCFA1N,new_2024_identity,,float,Number of students in fall cohort,,Original IPEDS202425.accdb SHA256 98e9175e54ba719cf7f0bfcc8e043fac4d11babd1b73ba1701ebbdc23e5470f5; exact physical schema and varTable24; effective source_manifest.json records final fall revisions.
2024,COST2_2024_FINANCIALAID,COST_FINANCIALAID,SCFA11N,00070136,nces:COST_FINANCIALAID:00070136:SCFA11N,SCFA11N__SFA_P__00070136__2960C63686A5,exact_2023_number_name_relocated,nces:SFA_P:00070136:SCFA11N,float,Number of students in fall cohort who are paying in-district tuition rates,Number of students in fall cohort who are paying in-district tuition rates,Original IPEDS202425.accdb SHA256 98e9175e54ba719cf7f0bfcc8e043fac4d11babd1b73ba1701ebbdc23e5470f5; exact physical schema and varTable24; effective source_manifest.json records final fall revisions.
2024,COST2_2024_FINANCIALAID,COST_FINANCIALAID,SCFA11P,00070141,nces:COST_FINANCIALAID:00070141:SCFA11P,SCFA11P__SFA_P__00070141__CF6DF18DFB46,exact_2023_number_name_relocated,nces:SFA_P:00070141:SCFA11P,float,Percentage of students in fall cohort who are paying in-district tuition rates,Percentage of students in fall cohort who are paying in-district tuition rates,Original IPEDS202425.accdb SHA256 98e9175e54ba719cf7f0bfcc8e043fac4d11babd1b73ba1701ebbdc23e5470f5; exact physical schema and varTable24; effective source_manifest.json records final fall revisions.
2024,COST2_2024_FINANCIALAID,COST_FINANCIALAID,SCFA12N,00070146,nces:COST_FINANCIALAID:00070146:SCFA12N,SCFA12N__SFA_P__00070146__8EF4CB9F748E,exact_2023_number_name_relocated,nces:SFA_P:00070146:SCFA12N,float,Number of students in fall cohort who are paying in-state tuititon rates,Number of students in fall cohort who are paying in-state tuititon rates,Original IPEDS202425.accdb SHA256 98e9175e54ba719cf7f0bfcc8e043fac4d11babd1b73ba1701ebbdc23e5470f5; exact physical schema and varTable24; effective source_manifest.json records final fall revisions.
2024,COST2_2024_FINANCIALAID,COST_FINANCIALAID,SCFA12P,00070151,nces:COST_FINANCIALAID:00070151:SCFA12P,SCFA12P__SFA_P__00070151__9A403C73DEDA,exact_2023_number_name_relocated,nces:SFA_P:00070151:SCFA12P,float,Percentage of students in fall cohort who paying in-state tuition rates,Percentage of students in fall cohort who paying in-state tuition rates,Original IPEDS202425.accdb SHA256 98e9175e54ba719cf7f0bfcc8e043fac4d11babd1b73ba1701ebbdc23e5470f5; exact physical schema and varTable24; effective source_manifest.json records final fall revisions.
2024,COST2_2024_FINANCIALAID,COST_FINANCIALAID,SCFA13N,00070156,nces:COST_FINANCIALAID:00070156:SCFA13N,SCFA13N__SFA_P__00070156__0C57E2431B66,exact_2023_number_name_relocated,nces:SFA_P:00070156:SCFA13N,float,Number of students in fall cohort who are paying out-of-state tuition rates,Number of students in fall cohort who are paying out-of-state tuition rates,Original IPEDS202425.accdb SHA256 98e9175e54ba719cf7f0bfcc8e043fac4d11babd1b73ba1701ebbdc23e5470f5; exact physical schema and varTable24; effective source_manifest.json records final fall revisions.
2024,COST2_2024_FINANCIALAID,COST_FINANCIALAID,SCFA13P,00070161,nces:COST_FINANCIALAID:00070161:SCFA13P,SCFA13P__SFA_P__00070161__92BEBEF1BA40,exact_2023_number_name_relocated,nces:SFA_P:00070161:SCFA13P,float,Percentage of students in fall cohort who are paying out-of-state tuition rates,Percentage of students in fall cohort who are paying out-of-state tuition rates,Original IPEDS202425.accdb SHA256 98e9175e54ba719cf7f0bfcc8e043fac4d11babd1b73ba1701ebbdc23e5470f5; exact physical schema and varTable24; effective source_manifest.json records final fall revisions.
2024,COST2_2024_FINANCIALAID,COST_FINANCIALAID,SCFA14N,00070166,nces:COST_FINANCIALAID:00070166:SCFA14N,SCFA14N__SFA_P__00070166__32F29BBBF1A0,exact_2023_number_name_relocated,nces:SFA_P:00070166:SCFA14N,float,Number of students in fall cohort whose residence/tuition rate is unknown,Number of students in fall cohort whose residence/tuition rate is unknown,Original IPEDS202425.accdb SHA256 98e9175e54ba719cf7f0bfcc8e043fac4d11babd1b73ba1701ebbdc23e5470f5; exact physical schema and varTable24; effective source_manifest.json records final fall revisions.
2024,COST2_2024_FINANCIALAID,COST_FINANCIALAID,SCFA14P,00070171,nces:COST_FINANCIALAID:00070171:SCFA14P,SCFA14P__SFA_P__00070171__D8E827924ED9,exact_2023_number_name_relocated,nces:SFA_P:00070171:SCFA14P,float,Percentage of students in fall cohort whose residence/ tuition rate is unknown,Percentage of students in fall cohort whose residence/ tuition rate is unknown,Original IPEDS202425.accdb SHA256 98e9175e54ba719cf7f0bfcc8e043fac4d11babd1b73ba1701ebbdc23e5470f5; exact physical schema and varTable24; effective source_manifest.json records final fall revisions.
2024,COST2_2024_FINANCIALAID,COST_FINANCIALAID,CSCFY1N,00073193,nces:COST_FINANCIALAID:00073193:CSCFY1N,CSCFY1N,new_2024_identity,,float,Number of students in full year cohort,,Original IPEDS202425.accdb SHA256 98e9175e54ba719cf7f0bfcc8e043fac4d11babd1b73ba1701ebbdc23e5470f5; exact physical schema and varTable24; effective source_manifest.json records final fall revisions.
2024,COST2_2024_FINANCIALAID,COST_FINANCIALAID,GISTN2,00070496,nces:COST_FINANCIALAID:00070496:GISTN2,GISTN2,exact_2023_number_name_relocated,nces:SFA_P:00070496:GISTN2,float,"Total number, 2023-24","Total number, 2022-23",Original IPEDS202425.accdb SHA256 98e9175e54ba719cf7f0bfcc8e043fac4d11babd1b73ba1701ebbdc23e5470f5; exact physical schema and varTable24; effective source_manifest.json records final fall revisions.
2024,COST2_2024_FINANCIALAID,COST_FINANCIALAID,GISTON2,00070501,nces:COST_FINANCIALAID:00070501:GISTON2,GISTON2,exact_2023_number_name_relocated,nces:SFA_P:00070501:GISTON2,float,"Number living on-campus, 2023-24","Number living on-campus, 2022-23",Original IPEDS202425.accdb SHA256 98e9175e54ba719cf7f0bfcc8e043fac4d11babd1b73ba1701ebbdc23e5470f5; exact physical schema and varTable24; effective source_manifest.json records final fall revisions.
2024,COST2_2024_FINANCIALAID,COST_FINANCIALAID,GISTWF2,00070506,nces:COST_FINANCIALAID:00070506:GISTWF2,GISTWF2,exact_2023_number_name_relocated,nces:SFA_P:00070506:GISTWF2,float,"Number living off-campus with family, 2023-24","Number living off-campus with family, 2022-23",Original IPEDS202425.accdb SHA256 98e9175e54ba719cf7f0bfcc8e043fac4d11babd1b73ba1701ebbdc23e5470f5; exact physical schema and varTable24; effective source_manifest.json records final fall revisions.
2024,COST2_2024_FINANCIALAID,COST_FINANCIALAID,GISTOF2,00070511,nces:COST_FINANCIALAID:00070511:GISTOF2,GISTOF2,exact_2023_number_name_relocated,nces:SFA_P:00070511:GISTOF2,float,"Number living off-campus not with family, 2023-24","Number living off-campus not with family, 2022-23",Original IPEDS202425.accdb SHA256 98e9175e54ba719cf7f0bfcc8e043fac4d11babd1b73ba1701ebbdc23e5470f5; exact physical schema and varTable24; effective source_manifest.json records final fall revisions.
2024,COST2_2024_FINANCIALAID,COST_FINANCIALAID,GISTUN2,00070516,nces:COST_FINANCIALAID:00070516:GISTUN2,GISTUN2,exact_2023_number_name_relocated,nces:SFA_P:00070516:GISTUN2,float,"Number living arrangement unknown, 2023-24","Number living arrangement unknown, 2022-23",Original IPEDS202425.accdb SHA256 98e9175e54ba719cf7f0bfcc8e043fac4d11babd1b73ba1701ebbdc23e5470f5; exact physical schema and varTable24; effective source_manifest.json records final fall revisions.
2024,COST2_2024_FINANCIALAID,COST_FINANCIALAID,GISTT2,00070521,nces:COST_FINANCIALAID:00070521:GISTT2,GISTT2,exact_2023_number_name_relocated,nces:SFA_P:00070521:GISTT2,float,"Total amount of grant and scholarship aid awarded, 2023-24","Total amount of grant and scholarship aid awarded, 2022-23",Original IPEDS202425.accdb SHA256 98e9175e54ba719cf7f0bfcc8e043fac4d11babd1b73ba1701ebbdc23e5470f5; exact physical schema and varTable24; effective source_manifest.json records final fall revisions.
2024,COST2_2024_FINANCIALAID,COST_FINANCIALAID,GISTA2,00070526,nces:COST_FINANCIALAID:00070526:GISTA2,GISTA2,exact_2023_number_name_relocated,nces:SFA_P:00070526:GISTA2,float,"Average amount of grant and scholarship aid awarded, 2023-24","Average amount of grant and scholarship aid awarded, 2022-23",Original IPEDS202425.accdb SHA256 98e9175e54ba719cf7f0bfcc8e043fac4d11babd1b73ba1701ebbdc23e5470f5; exact physical schema and varTable24; effective source_manifest.json records final fall revisions.
2024,COST2_2024_FINANCIALAID,COST_FINANCIALAID,GISTN1,00070531,nces:COST_FINANCIALAID:00070531:GISTN1,GISTN1,exact_2023_number_name_relocated,nces:SFA_P:00070531:GISTN1,float,"Total number, 2022-23","Total number, 2021-22",Original IPEDS202425.accdb SHA256 98e9175e54ba719cf7f0bfcc8e043fac4d11babd1b73ba1701ebbdc23e5470f5; exact physical schema and varTable24; effective source_manifest.json records final fall revisions.
2024,COST2_2024_FINANCIALAID,COST_FINANCIALAID,GISTON1,00070536,nces:COST_FINANCIALAID:00070536:GISTON1,GISTON1,exact_2023_number_name_relocated,nces:SFA_P:00070536:GISTON1,float,"Number living on-campus, 2022-23","Number living on-campus, 2021-22",Original IPEDS202425.accdb SHA256 98e9175e54ba719cf7f0bfcc8e043fac4d11babd1b73ba1701ebbdc23e5470f5; exact physical schema and varTable24; effective source_manifest.json records final fall revisions.
2024,COST2_2024_FINANCIALAID,COST_FINANCIALAID,GISTWF1,00070541,nces:COST_FINANCIALAID:00070541:GISTWF1,GISTWF1,exact_2023_number_name_relocated,nces:SFA_P:00070541:GISTWF1,float,"Number living off-campus with family, 2022-23","Number living off-campus with family, 2021-22",Original IPEDS202425.accdb SHA256 98e9175e54ba719cf7f0bfcc8e043fac4d11babd1b73ba1701ebbdc23e5470f5; exact physical schema and varTable24; effective source_manifest.json records final fall revisions.
2024,COST2_2024_FINANCIALAID,COST_FINANCIALAID,GISTOF1,00070546,nces:COST_FINANCIALAID:00070546:GISTOF1,GISTOF1,exact_2023_number_name_relocated,nces:SFA_P:00070546:GISTOF1,float,"Number living off-campus not with family, 2022-23","Number living off-campus not with family, 2021-22",Original IPEDS202425.accdb SHA256 98e9175e54ba719cf7f0bfcc8e043fac4d11babd1b73ba1701ebbdc23e5470f5; exact physical schema and varTable24; effective source_manifest.json records final fall revisions.
2024,COST2_2024_FINANCIALAID,COST_FINANCIALAID,GISTUN1,00070551,nces:COST_FINANCIALAID:00070551:GISTUN1,GISTUN1,exact_2023_number_name_relocated,nces:SFA_P:00070551:GISTUN1,float,"Number living arrangement unknown, 2022-23","Number living arrangement unknown, 2021-22",Original IPEDS202425.accdb SHA256 98e9175e54ba719cf7f0bfcc8e043fac4d11babd1b73ba1701ebbdc23e5470f5; exact physical schema and varTable24; effective source_manifest.json records final fall revisions.
2024,COST2_2024_FINANCIALAID,COST_FINANCIALAID,GISTT1,00070556,nces:COST_FINANCIALAID:00070556:GISTT1,GISTT1,exact_2023_number_name_relocated,nces:SFA_P:00070556:GISTT1,float,"Total amount of grant and scholarship aid awarded, 2022-23","Total amount of grant and scholarship aid awarded, 2021-22",Original IPEDS202425.accdb SHA256 98e9175e54ba719cf7f0bfcc8e043fac4d11babd1b73ba1701ebbdc23e5470f5; exact physical schema and varTable24; effective source_manifest.json records final fall revisions.
2024,COST2_2024_FINANCIALAID,COST_FINANCIALAID,GISTA1,00070561,nces:COST_FINANCIALAID:00070561:GISTA1,GISTA1,exact_2023_number_name_relocated,nces:SFA_P:00070561:GISTA1,float,"Average amount of grant and scholarship aid awarded, 2022-23","Average amount of grant and scholarship aid awarded, 2021-22",Original IPEDS202425.accdb SHA256 98e9175e54ba719cf7f0bfcc8e043fac4d11babd1b73ba1701ebbdc23e5470f5; exact physical schema and varTable24; effective source_manifest.json records final fall revisions.
2024,COST2_2024_FINANCIALAID,COST_FINANCIALAID,GISTN0,00070566,nces:COST_FINANCIALAID:00070566:GISTN0,GISTN0,exact_2023_number_name_relocated,nces:SFA_P:00070566:GISTN0,float,"Total number, 2021-22","Total number, 2020-21",Original IPEDS202425.accdb SHA256 98e9175e54ba719cf7f0bfcc8e043fac4d11babd1b73ba1701ebbdc23e5470f5; exact physical schema and varTable24; effective source_manifest.json records final fall revisions.
2024,COST2_2024_FINANCIALAID,COST_FINANCIALAID,GISTON0,00070571,nces:COST_FINANCIALAID:00070571:GISTON0,GISTON0,exact_2023_number_name_relocated,nces:SFA_P:00070571:GISTON0,float,"Number living on-campus, 2021-22","Number living on-campus, 2020-21",Original IPEDS202425.accdb SHA256 98e9175e54ba719cf7f0bfcc8e043fac4d11babd1b73ba1701ebbdc23e5470f5; exact physical schema and varTable24; effective source_manifest.json records final fall revisions.
2024,COST2_2024_FINANCIALAID,COST_FINANCIALAID,GISTWF0,00070576,nces:COST_FINANCIALAID:00070576:GISTWF0,GISTWF0,exact_2023_number_name_relocated,nces:SFA_P:00070576:GISTWF0,float,"Number living off-campus with family, 2021-22","Number living off-campus with family, 2020-21",Original IPEDS202425.accdb SHA256 98e9175e54ba719cf7f0bfcc8e043fac4d11babd1b73ba1701ebbdc23e5470f5; exact physical schema and varTable24; effective source_manifest.json records final fall revisions.
2024,COST2_2024_FINANCIALAID,COST_FINANCIALAID,GISTOF0,00070581,nces:COST_FINANCIALAID:00070581:GISTOF0,GISTOF0,exact_2023_number_name_relocated,nces:SFA_P:00070581:GISTOF0,float,"Number living off-campus not with family, 2021-22","Number living off-campus not with family, 2020-21",Original IPEDS202425.accdb SHA256 98e9175e54ba719cf7f0bfcc8e043fac4d11babd1b73ba1701ebbdc23e5470f5; exact physical schema and varTable24; effective source_manifest.json records final fall revisions.
2024,COST2_2024_FINANCIALAID,COST_FINANCIALAID,GISTUN0,00070586,nces:COST_FINANCIALAID:00070586:GISTUN0,GISTUN0,exact_2023_number_name_relocated,nces:SFA_P:00070586:GISTUN0,float,"Number living arrangement unknown, 2021-22","Number living arrangement unknown, 2020-21",Original IPEDS202425.accdb SHA256 98e9175e54ba719cf7f0bfcc8e043fac4d11babd1b73ba1701ebbdc23e5470f5; exact physical schema and varTable24; effective source_manifest.json records final fall revisions.
2024,COST2_2024_FINANCIALAID,COST_FINANCIALAID,GISTT0,00070591,nces:COST_FINANCIALAID:00070591:GISTT0,GISTT0,exact_2023_number_name_relocated,nces:SFA_P:00070591:GISTT0,float,"Total amount of grant and scholarship aid awarded, 2021-22","Total amount of grant and scholarship aid awarded, 2020-21",Original IPEDS202425.accdb SHA256 98e9175e54ba719cf7f0bfcc8e043fac4d11babd1b73ba1701ebbdc23e5470f5; exact physical schema and varTable24; effective source_manifest.json records final fall revisions.
2024,COST2_2024_FINANCIALAID,COST_FINANCIALAID,GISTA0,00070596,nces:COST_FINANCIALAID:00070596:GISTA0,GISTA0,exact_2023_number_name_relocated,nces:SFA_P:00070596:GISTA0,float,"Average amount of grant and scholarship aid awarded, 2021-22","Average amount of grant and scholarship aid awarded, 2020-21",Original IPEDS202425.accdb SHA256 98e9175e54ba719cf7f0bfcc8e043fac4d11babd1b73ba1701ebbdc23e5470f5; exact physical schema and varTable24; effective source_manifest.json records final fall revisions.
2024,COST2_2024_FINANCIALAID,COST_FINANCIALAID,GIS4N2,00070601,nces:COST_FINANCIALAID:00070601:GIS4N2,GIS4N2,exact_2023_number_name_relocated,nces:SFA_P:00070601:GIS4N2,float,"Total number in all income levels, 2023-24","Total number in all income levels, 2022-23",Original IPEDS202425.accdb SHA256 98e9175e54ba719cf7f0bfcc8e043fac4d11babd1b73ba1701ebbdc23e5470f5; exact physical schema and varTable24; effective source_manifest.json records final fall revisions.
2024,COST2_2024_FINANCIALAID,COST_FINANCIALAID,GIS4ON2,00070606,nces:COST_FINANCIALAID:00070606:GIS4ON2,GIS4ON2,exact_2023_number_name_relocated,nces:SFA_P:00070606:GIS4ON2,float,"Number living on-campus in all income levels, 2023-24","Number living on-campus in all income levels, 2022-23",Original IPEDS202425.accdb SHA256 98e9175e54ba719cf7f0bfcc8e043fac4d11babd1b73ba1701ebbdc23e5470f5; exact physical schema and varTable24; effective source_manifest.json records final fall revisions.
2024,COST2_2024_FINANCIALAID,COST_FINANCIALAID,GIS4WF2,00070611,nces:COST_FINANCIALAID:00070611:GIS4WF2,GIS4WF2,exact_2023_number_name_relocated,nces:SFA_P:00070611:GIS4WF2,float,"Number living off-campus with family in all income levels, 2023-24","Number living off-campus with family in all income levels, 2022-23",Original IPEDS202425.accdb SHA256 98e9175e54ba719cf7f0bfcc8e043fac4d11babd1b73ba1701ebbdc23e5470f5; exact physical schema and varTable24; effective source_manifest.json records final fall revisions.
2024,COST2_2024_FINANCIALAID,COST_FINANCIALAID,GIS4OF2,00070616,nces:COST_FINANCIALAID:00070616:GIS4OF2,GIS4OF2,exact_2023_number_name_relocated,nces:SFA_P:00070616:GIS4OF2,float,"Number living off-campus not with family in all income levels, 2023-24","Number living off-campus not with family in all income levels, 2022-23",Original IPEDS202425.accdb SHA256 98e9175e54ba719cf7f0bfcc8e043fac4d11babd1b73ba1701ebbdc23e5470f5; exact physical schema and varTable24; effective source_manifest.json records final fall revisions.
2024,COST2_2024_FINANCIALAID,COST_FINANCIALAID,GIS4UN2,00070621,nces:COST_FINANCIALAID:00070621:GIS4UN2,GIS4UN2,exact_2023_number_name_relocated,nces:SFA_P:00070621:GIS4UN2,float,"Number living arrangement unknown in all income levels, 2023-24","Number living arrangement unknown in all income levels, 2022-23",Original IPEDS202425.accdb SHA256 98e9175e54ba719cf7f0bfcc8e043fac4d11babd1b73ba1701ebbdc23e5470f5; exact physical schema and varTable24; effective source_manifest.json records final fall revisions.
2024,COST2_2024_FINANCIALAID,COST_FINANCIALAID,GIS4G2,00071802,nces:COST_FINANCIALAID:00071802:GIS4G2,GIS4G2__SFA_P__00071802__F94FB6574FDD,exact_2023_number_name_relocated,nces:SFA_P:00071802:GIS4G2,float,"Number awarded grant and scholarship aid, all income levels, 2023-24","Number awarded grant and scholarship aid, all income levels, 2022-23",Original IPEDS202425.accdb SHA256 98e9175e54ba719cf7f0bfcc8e043fac4d11babd1b73ba1701ebbdc23e5470f5; exact physical schema and varTable24; effective source_manifest.json records final fall revisions.
2024,COST2_2024_FINANCIALAID,COST_FINANCIALAID,GIS4T2,00070626,nces:COST_FINANCIALAID:00070626:GIS4T2,GIS4T2,exact_2023_number_name_relocated,nces:SFA_P:00070626:GIS4T2,float,"Total amount of grant and scholarship aid awarded, all income levels, 2023-24","Total amount of grant and scholarship aid awarded, all income levels, 2022-23",Original IPEDS202425.accdb SHA256 98e9175e54ba719cf7f0bfcc8e043fac4d11babd1b73ba1701ebbdc23e5470f5; exact physical schema and varTable24; effective source_manifest.json records final fall revisions.
2024,COST2_2024_FINANCIALAID,COST_FINANCIALAID,GIS4A2,00070631,nces:COST_FINANCIALAID:00070631:GIS4A2,GIS4A2,exact_2023_number_name_relocated,nces:SFA_P:00070631:GIS4A2,float,"Average amount of grant and scholarship aid awarded, all income levels, 2023-24","Average amount of grant and scholarship aid awarded, all income levels, 2022-23",Original IPEDS202425.accdb SHA256 98e9175e54ba719cf7f0bfcc8e043fac4d11babd1b73ba1701ebbdc23e5470f5; exact physical schema and varTable24; effective source_manifest.json records final fall revisions.
2024,COST2_2024_FINANCIALAID,COST_FINANCIALAID,GIS4N12,00070636,nces:COST_FINANCIALAID:00070636:GIS4N12,GIS4N12,exact_2023_number_name_relocated,nces:SFA_P:00070636:GIS4N12,float,"Number in income level (0-30,000), 2023-24","Number in income level (0-30,000), 2022-23",Original IPEDS202425.accdb SHA256 98e9175e54ba719cf7f0bfcc8e043fac4d11babd1b73ba1701ebbdc23e5470f5; exact physical schema and varTable24; effective source_manifest.json records final fall revisions.
2024,COST2_2024_FINANCIALAID,COST_FINANCIALAID,GIS4G12,00071807,nces:COST_FINANCIALAID:00071807:GIS4G12,GIS4G12__SFA_P__00071807__AB325483E65B,exact_2023_number_name_relocated,nces:SFA_P:00071807:GIS4G12,float,"Number awarded grant and scholarship aid, income level (0-30,000), 2023-24","Number awarded grant and scholarship aid, income level (0-30,000), 2022-23",Original IPEDS202425.accdb SHA256 98e9175e54ba719cf7f0bfcc8e043fac4d11babd1b73ba1701ebbdc23e5470f5; exact physical schema and varTable24; effective source_manifest.json records final fall revisions.
2024,COST2_2024_FINANCIALAID,COST_FINANCIALAID,GIS4T12,00070641,nces:COST_FINANCIALAID:00070641:GIS4T12,GIS4T12,exact_2023_number_name_relocated,nces:SFA_P:00070641:GIS4T12,float,"Total amount of grant and scholarship aid awarded, income level (0-30,000), 2023-24","Total amount of grant and scholarship aid awarded, income level (0-30,000), 2022-23",Original IPEDS202425.accdb SHA256 98e9175e54ba719cf7f0bfcc8e043fac4d11babd1b73ba1701ebbdc23e5470f5; exact physical schema and varTable24; effective source_manifest.json records final fall revisions.
2024,COST2_2024_FINANCIALAID,COST_FINANCIALAID,GIS4A12,00070646,nces:COST_FINANCIALAID:00070646:GIS4A12,GIS4A12,exact_2023_number_name_relocated,nces:SFA_P:00070646:GIS4A12,float,"Average amount of grant and scholarship aid awarded, income level (0-30,000), 2023-24","Average amount of grant and scholarship aid awarded, income level (0-30,000), 2022-23",Original IPEDS202425.accdb SHA256 98e9175e54ba719cf7f0bfcc8e043fac4d11babd1b73ba1701ebbdc23e5470f5; exact physical schema and varTable24; effective source_manifest.json records final fall revisions.
2024,COST2_2024_FINANCIALAID,COST_FINANCIALAID,GIS4N22,00070651,nces:COST_FINANCIALAID:00070651:GIS4N22,GIS4N22,exact_2023_number_name_relocated,nces:SFA_P:00070651:GIS4N22,float,"Number in income level (30,001-48,000), 2023-24","Number in income level (30,001-48,000), 2022-23",Original IPEDS202425.accdb SHA256 98e9175e54ba719cf7f0bfcc8e043fac4d11babd1b73ba1701ebbdc23e5470f5; exact physical schema and varTable24; effective source_manifest.json records final fall revisions.
2024,COST2_2024_FINANCIALAID,COST_FINANCIALAID,GIS4G22,00071812,nces:COST_FINANCIALAID:00071812:GIS4G22,GIS4G22__SFA_P__00071812__0A2455DDE16E,exact_2023_number_name_relocated,nces:SFA_P:00071812:GIS4G22,float,"Number awarded grant and scholarship aid, income level (30,001-48,000), 2023-24","Number awarded grant and scholarship aid, income level (30,001-48,000), 2022-23",Original IPEDS202425.accdb SHA256 98e9175e54ba719cf7f0bfcc8e043fac4d11babd1b73ba1701ebbdc23e5470f5; exact physical schema and varTable24; effective source_manifest.json records final fall revisions.
2024,COST2_2024_FINANCIALAID,COST_FINANCIALAID,GIS4T22,00070656,nces:COST_FINANCIALAID:00070656:GIS4T22,GIS4T22,exact_2023_number_name_relocated,nces:SFA_P:00070656:GIS4T22,float,"Total amount of grant and scholarship aid awarded, income level (30,001-48,000), 2023-24","Total amount of grant and scholarship aid awarded, income level (30,001-48,000), 2022-23",Original IPEDS202425.accdb SHA256 98e9175e54ba719cf7f0bfcc8e043fac4d11babd1b73ba1701ebbdc23e5470f5; exact physical schema and varTable24; effective source_manifest.json records final fall revisions.
2024,COST2_2024_FINANCIALAID,COST_FINANCIALAID,GIS4A22,00070661,nces:COST_FINANCIALAID:00070661:GIS4A22,GIS4A22,exact_2023_number_name_relocated,nces:SFA_P:00070661:GIS4A22,float,"Average amount of grant and scholarship aid awarded, income level (30,001-48,000), 2023-24","Average amount of grant and scholarship aid awarded, income level (30,001-48,000), 2022-23",Original IPEDS202425.accdb SHA256 98e9175e54ba719cf7f0bfcc8e043fac4d11babd1b73ba1701ebbdc23e5470f5; exact physical schema and varTable24; effective source_manifest.json records final fall revisions.
2024,COST2_2024_FINANCIALAID,COST_FINANCIALAID,GIS4N32,00070666,nces:COST_FINANCIALAID:00070666:GIS4N32,GIS4N32,exact_2023_number_name_relocated,nces:SFA_P:00070666:GIS4N32,float,"Number in income level (48,001-75,000), 2023-24","Number in income level (48,001-75,000), 2022-23",Original IPEDS202425.accdb SHA256 98e9175e54ba719cf7f0bfcc8e043fac4d11babd1b73ba1701ebbdc23e5470f5; exact physical schema and varTable24; effective source_manifest.json records final fall revisions.
2024,COST2_2024_FINANCIALAID,COST_FINANCIALAID,GIS4G32,00071817,nces:COST_FINANCIALAID:00071817:GIS4G32,GIS4G32__SFA_P__00071817__3300BB035083,exact_2023_number_name_relocated,nces:SFA_P:00071817:GIS4G32,float,"Number awarded grant and scholarship aid, income level (48,001-75,000), 2023-24","Number awarded grant and scholarship aid, income level (48,001-75,000), 2022-23",Original IPEDS202425.accdb SHA256 98e9175e54ba719cf7f0bfcc8e043fac4d11babd1b73ba1701ebbdc23e5470f5; exact physical schema and varTable24; effective source_manifest.json records final fall revisions.
2024,COST2_2024_FINANCIALAID,COST_FINANCIALAID,GIS4T32,00070671,nces:COST_FINANCIALAID:00070671:GIS4T32,GIS4T32,exact_2023_number_name_relocated,nces:SFA_P:00070671:GIS4T32,float,"Total amount of grant and scholarship aid awarded, income level (48,001-75,000), 2023-24","Total amount of grant and scholarship aid awarded, income level (48,001-75,000), 2022-23",Original IPEDS202425.accdb SHA256 98e9175e54ba719cf7f0bfcc8e043fac4d11babd1b73ba1701ebbdc23e5470f5; exact physical schema and varTable24; effective source_manifest.json records final fall revisions.
2024,COST2_2024_FINANCIALAID,COST_FINANCIALAID,GIS4A32,00070676,nces:COST_FINANCIALAID:00070676:GIS4A32,GIS4A32,exact_2023_number_name_relocated,nces:SFA_P:00070676:GIS4A32,float,"Average amount of grant and scholarship aid awarded, income level (48,001-75,000), 2023-24","Average amount of grant and scholarship aid awarded, income level (48,001-75,000), 2022-23",Original IPEDS202425.accdb SHA256 98e9175e54ba719cf7f0bfcc8e043fac4d11babd1b73ba1701ebbdc23e5470f5; exact physical schema and varTable24; effective source_manifest.json records final fall revisions.
2024,COST2_2024_FINANCIALAID,COST_FINANCIALAID,GIS4N42,00070681,nces:COST_FINANCIALAID:00070681:GIS4N42,GIS4N42,exact_2023_number_name_relocated,nces:SFA_P:00070681:GIS4N42,float,"Number in income level (75,001-110,000), 2023-24","Number in income level (75,001-110,000), 2022-23",Original IPEDS202425.accdb SHA256 98e9175e54ba719cf7f0bfcc8e043fac4d11babd1b73ba1701ebbdc23e5470f5; exact physical schema and varTable24; effective source_manifest.json records final fall revisions.
2024,COST2_2024_FINANCIALAID,COST_FINANCIALAID,GIS4G42,00071822,nces:COST_FINANCIALAID:00071822:GIS4G42,GIS4G42__SFA_P__00071822__EA6AAC8E0F16,exact_2023_number_name_relocated,nces:SFA_P:00071822:GIS4G42,float,"Number awarded grant and scholarship aid, income level (75,001-110,000), 2023-24","Number awarded grant and scholarship aid, income level (75,001-110,000), 2022-23",Original IPEDS202425.accdb SHA256 98e9175e54ba719cf7f0bfcc8e043fac4d11babd1b73ba1701ebbdc23e5470f5; exact physical schema and varTable24; effective source_manifest.json records final fall revisions.
2024,COST2_2024_FINANCIALAID,COST_FINANCIALAID,GIS4T42,00070686,nces:COST_FINANCIALAID:00070686:GIS4T42,GIS4T42,exact_2023_number_name_relocated,nces:SFA_P:00070686:GIS4T42,float,"Total amount of grant and scholarship aid awarded, income level (75,001-110,000), 2023-24","Total amount of grant and scholarship aid awarded, income level (75,001-110,000), 2022-23",Original IPEDS202425.accdb SHA256 98e9175e54ba719cf7f0bfcc8e043fac4d11babd1b73ba1701ebbdc23e5470f5; exact physical schema and varTable24; effective source_manifest.json records final fall revisions.
2024,COST2_2024_FINANCIALAID,COST_FINANCIALAID,GIS4A42,00070691,nces:COST_FINANCIALAID:00070691:GIS4A42,GIS4A42,exact_2023_number_name_relocated,nces:SFA_P:00070691:GIS4A42,float,"Average amount of grant and scholarship aid awarded, income level (75,001-110,000), 2023-24","Average amount of grant and scholarship aid awarded, income level (75,001-110,000), 2022-23",Original IPEDS202425.accdb SHA256 98e9175e54ba719cf7f0bfcc8e043fac4d11babd1b73ba1701ebbdc23e5470f5; exact physical schema and varTable24; effective source_manifest.json records final fall revisions.
2024,COST2_2024_FINANCIALAID,COST_FINANCIALAID,GIS4N52,00070696,nces:COST_FINANCIALAID:00070696:GIS4N52,GIS4N52,exact_2023_number_name_relocated,nces:SFA_P:00070696:GIS4N52,float,"Number in income level (110,001 or more), 2023-24","Number in income level (110,001 or more), 2022-23",Original IPEDS202425.accdb SHA256 98e9175e54ba719cf7f0bfcc8e043fac4d11babd1b73ba1701ebbdc23e5470f5; exact physical schema and varTable24; effective source_manifest.json records final fall revisions.
2024,COST2_2024_FINANCIALAID,COST_FINANCIALAID,GIS4G52,00071827,nces:COST_FINANCIALAID:00071827:GIS4G52,GIS4G52__SFA_P__00071827__74CE16594735,exact_2023_number_name_relocated,nces:SFA_P:00071827:GIS4G52,float,"Number awarded grant and scholarship aid, income level (110,001 or more), 2023-24","Number awarded grant and scholarship aid, income level (110,001 or more), 2022-23",Original IPEDS202425.accdb SHA256 98e9175e54ba719cf7f0bfcc8e043fac4d11babd1b73ba1701ebbdc23e5470f5; exact physical schema and varTable24; effective source_manifest.json records final fall revisions.
2024,COST2_2024_FINANCIALAID,COST_FINANCIALAID,GIS4T52,00070701,nces:COST_FINANCIALAID:00070701:GIS4T52,GIS4T52,exact_2023_number_name_relocated,nces:SFA_P:00070701:GIS4T52,float,"Total amount of grant and scholarship aid awarded, income level (110,001 or more), 2023-24","Total amount of grant and scholarship aid awarded, income level (110,001 or more), 2022-23",Original IPEDS202425.accdb SHA256 98e9175e54ba719cf7f0bfcc8e043fac4d11babd1b73ba1701ebbdc23e5470f5; exact physical schema and varTable24; effective source_manifest.json records final fall revisions.
2024,COST2_2024_FINANCIALAID,COST_FINANCIALAID,GIS4A52,00070706,nces:COST_FINANCIALAID:00070706:GIS4A52,GIS4A52,exact_2023_number_name_relocated,nces:SFA_P:00070706:GIS4A52,float,"Average amount of grant and scholarship aid awarded, income level (110,001 or more), 2023-24","Average amount of grant and scholarship aid awarded, income level (110,001 or more), 2022-23",Original IPEDS202425.accdb SHA256 98e9175e54ba719cf7f0bfcc8e043fac4d11babd1b73ba1701ebbdc23e5470f5; exact physical schema and varTable24; effective source_manifest.json records final fall revisions.
2024,COST2_2024_FINANCIALAID,COST_FINANCIALAID,GIS4N1,00071101,nces:COST_FINANCIALAID:00071101:GIS4N1,GIS4N1,exact_2023_number_name_relocated,nces:SFA_P:00071101:GIS4N1,float,"Total number in all income levels, 2022-23","Total number in all income levels, 2021-22",Original IPEDS202425.accdb SHA256 98e9175e54ba719cf7f0bfcc8e043fac4d11babd1b73ba1701ebbdc23e5470f5; exact physical schema and varTable24; effective source_manifest.json records final fall revisions.
2024,COST2_2024_FINANCIALAID,COST_FINANCIALAID,GIS4ON1,00071106,nces:COST_FINANCIALAID:00071106:GIS4ON1,GIS4ON1,exact_2023_number_name_relocated,nces:SFA_P:00071106:GIS4ON1,float,"Number living on-campus in all income levels, 2022-23","Number living on-campus in all income levels, 2021-22",Original IPEDS202425.accdb SHA256 98e9175e54ba719cf7f0bfcc8e043fac4d11babd1b73ba1701ebbdc23e5470f5; exact physical schema and varTable24; effective source_manifest.json records final fall revisions.
2024,COST2_2024_FINANCIALAID,COST_FINANCIALAID,GIS4WF1,00071111,nces:COST_FINANCIALAID:00071111:GIS4WF1,GIS4WF1,exact_2023_number_name_relocated,nces:SFA_P:00071111:GIS4WF1,float,"Number living off-campus with family in all income levels, 2022-23","Number living off-campus with family in all income levels, 2021-22",Original IPEDS202425.accdb SHA256 98e9175e54ba719cf7f0bfcc8e043fac4d11babd1b73ba1701ebbdc23e5470f5; exact physical schema and varTable24; effective source_manifest.json records final fall revisions.
2024,COST2_2024_FINANCIALAID,COST_FINANCIALAID,GIS4OF1,00071116,nces:COST_FINANCIALAID:00071116:GIS4OF1,GIS4OF1,exact_2023_number_name_relocated,nces:SFA_P:00071116:GIS4OF1,float,"Number living off-campus not with family in all income levels, 2022-23","Number living off-campus not with family in all income levels, 2021-22",Original IPEDS202425.accdb SHA256 98e9175e54ba719cf7f0bfcc8e043fac4d11babd1b73ba1701ebbdc23e5470f5; exact physical schema and varTable24; effective source_manifest.json records final fall revisions.
2024,COST2_2024_FINANCIALAID,COST_FINANCIALAID,GIS4UN1,00071121,nces:COST_FINANCIALAID:00071121:GIS4UN1,GIS4UN1,exact_2023_number_name_relocated,nces:SFA_P:00071121:GIS4UN1,float,"Number living arrangement unknown in all income levels, 2022-23","Number living arrangement unknown in all income levels, 2021-22",Original IPEDS202425.accdb SHA256 98e9175e54ba719cf7f0bfcc8e043fac4d11babd1b73ba1701ebbdc23e5470f5; exact physical schema and varTable24; effective source_manifest.json records final fall revisions.
2024,COST2_2024_FINANCIALAID,COST_FINANCIALAID,GIS4G1,00071832,nces:COST_FINANCIALAID:00071832:GIS4G1,GIS4G1__SFA_P__00071832__AD045C59EE81,exact_2023_number_name_relocated,nces:SFA_P:00071832:GIS4G1,float,"Number awarded grant and scholarship aid, all income levels, 2022-23","Number awarded grant and scholarship aid, all income levels, 2021-22",Original IPEDS202425.accdb SHA256 98e9175e54ba719cf7f0bfcc8e043fac4d11babd1b73ba1701ebbdc23e5470f5; exact physical schema and varTable24; effective source_manifest.json records final fall revisions.
2024,COST2_2024_FINANCIALAID,COST_FINANCIALAID,GIS4T1,00071126,nces:COST_FINANCIALAID:00071126:GIS4T1,GIS4T1,exact_2023_number_name_relocated,nces:SFA_P:00071126:GIS4T1,float,"Total amount of grant and scholarship aid awarded, all income levels, 2022-23","Total amount of grant and scholarship aid awarded, all income levels, 2021-22",Original IPEDS202425.accdb SHA256 98e9175e54ba719cf7f0bfcc8e043fac4d11babd1b73ba1701ebbdc23e5470f5; exact physical schema and varTable24; effective source_manifest.json records final fall revisions.
2024,COST2_2024_FINANCIALAID,COST_FINANCIALAID,GIS4A1,00071131,nces:COST_FINANCIALAID:00071131:GIS4A1,GIS4A1,exact_2023_number_name_relocated,nces:SFA_P:00071131:GIS4A1,float,"Average amount of grant and scholarship aid awarded, all income levels, 2022-23","Average amount of grant and scholarship aid awarded, all income levels, 2021-22",Original IPEDS202425.accdb SHA256 98e9175e54ba719cf7f0bfcc8e043fac4d11babd1b73ba1701ebbdc23e5470f5; exact physical schema and varTable24; effective source_manifest.json records final fall revisions.
2024,COST2_2024_FINANCIALAID,COST_FINANCIALAID,GIS4N11,00071136,nces:COST_FINANCIALAID:00071136:GIS4N11,GIS4N11,exact_2023_number_name_relocated,nces:SFA_P:00071136:GIS4N11,float,"Number in income level (0-30,000), 2022-23","Number in income level (0-30,000), 2021-22",Original IPEDS202425.accdb SHA256 98e9175e54ba719cf7f0bfcc8e043fac4d11babd1b73ba1701ebbdc23e5470f5; exact physical schema and varTable24; effective source_manifest.json records final fall revisions.
2024,COST2_2024_FINANCIALAID,COST_FINANCIALAID,GIS4G11,00071837,nces:COST_FINANCIALAID:00071837:GIS4G11,GIS4G11__SFA_P__00071837__EC2BAD007FF1,exact_2023_number_name_relocated,nces:SFA_P:00071837:GIS4G11,float,"Number awarded grant and scholarship aid, income level (0-30,000), 2022-23","Number awarded grant and scholarship aid, income level (0-30,000), 2021-22",Original IPEDS202425.accdb SHA256 98e9175e54ba719cf7f0bfcc8e043fac4d11babd1b73ba1701ebbdc23e5470f5; exact physical schema and varTable24; effective source_manifest.json records final fall revisions.
2024,COST2_2024_FINANCIALAID,COST_FINANCIALAID,GIS4T11,00071141,nces:COST_FINANCIALAID:00071141:GIS4T11,GIS4T11,exact_2023_number_name_relocated,nces:SFA_P:00071141:GIS4T11,float,"Total amount of grant and scholarship aid awarded, income level (0-30,000), 2022-23","Total amount of grant and scholarship aid awarded, income level (0-30,000), 2021-22",Original IPEDS202425.accdb SHA256 98e9175e54ba719cf7f0bfcc8e043fac4d11babd1b73ba1701ebbdc23e5470f5; exact physical schema and varTable24; effective source_manifest.json records final fall revisions.
2024,COST2_2024_FINANCIALAID,COST_FINANCIALAID,GIS4A11,00071146,nces:COST_FINANCIALAID:00071146:GIS4A11,GIS4A11,exact_2023_number_name_relocated,nces:SFA_P:00071146:GIS4A11,float,"Average amount of grant and scholarship aid awarded, income level (0-30,000), 2022-23","Average amount of grant and scholarship aid awarded, income level (0-30,000), 2021-22",Original IPEDS202425.accdb SHA256 98e9175e54ba719cf7f0bfcc8e043fac4d11babd1b73ba1701ebbdc23e5470f5; exact physical schema and varTable24; effective source_manifest.json records final fall revisions.
2024,COST2_2024_FINANCIALAID,COST_FINANCIALAID,GIS4N21,00071151,nces:COST_FINANCIALAID:00071151:GIS4N21,GIS4N21,exact_2023_number_name_relocated,nces:SFA_P:00071151:GIS4N21,float,"Number in income level (30,001-48,000), 2022-23","Number in income level (30,001-48,000), 2021-22",Original IPEDS202425.accdb SHA256 98e9175e54ba719cf7f0bfcc8e043fac4d11babd1b73ba1701ebbdc23e5470f5; exact physical schema and varTable24; effective source_manifest.json records final fall revisions.
2024,COST2_2024_FINANCIALAID,COST_FINANCIALAID,GIS4G21,00071842,nces:COST_FINANCIALAID:00071842:GIS4G21,GIS4G21__SFA_P__00071842__E52C3D8B12A4,exact_2023_number_name_relocated,nces:SFA_P:00071842:GIS4G21,float,"Number awarded grant and scholarship aid, income level (30,001-48,000), 2022-23","Number awarded grant and scholarship aid, income level (30,001-48,000), 2021-22",Original IPEDS202425.accdb SHA256 98e9175e54ba719cf7f0bfcc8e043fac4d11babd1b73ba1701ebbdc23e5470f5; exact physical schema and varTable24; effective source_manifest.json records final fall revisions.
2024,COST2_2024_FINANCIALAID,COST_FINANCIALAID,GIS4T21,00071156,nces:COST_FINANCIALAID:00071156:GIS4T21,GIS4T21,exact_2023_number_name_relocated,nces:SFA_P:00071156:GIS4T21,float,"Total amount of grant and scholarship aid awarded, income level (30,001-48,000), 2022-23","Total amount of grant and scholarship aid awarded, income level (30,001-48,000), 2021-22",Original IPEDS202425.accdb SHA256 98e9175e54ba719cf7f0bfcc8e043fac4d11babd1b73ba1701ebbdc23e5470f5; exact physical schema and varTable24; effective source_manifest.json records final fall revisions.
2024,COST2_2024_FINANCIALAID,COST_FINANCIALAID,GIS4A21,00071161,nces:COST_FINANCIALAID:00071161:GIS4A21,GIS4A21,exact_2023_number_name_relocated,nces:SFA_P:00071161:GIS4A21,float,"Average amount of grant and scholarship aid awarded, income level (30,001-48,000), 2022-23","Average amount of grant and scholarship aid awarded, income level (30,001-48,000), 2021-22",Original IPEDS202425.accdb SHA256 98e9175e54ba719cf7f0bfcc8e043fac4d11babd1b73ba1701ebbdc23e5470f5; exact physical schema and varTable24; effective source_manifest.json records final fall revisions.
2024,COST2_2024_FINANCIALAID,COST_FINANCIALAID,GIS4N31,00071166,nces:COST_FINANCIALAID:00071166:GIS4N31,GIS4N31,exact_2023_number_name_relocated,nces:SFA_P:00071166:GIS4N31,float,"Number in income level (48,001-75,000), 2022-23","Number in income level (48,001-75,000), 2021-22",Original IPEDS202425.accdb SHA256 98e9175e54ba719cf7f0bfcc8e043fac4d11babd1b73ba1701ebbdc23e5470f5; exact physical schema and varTable24; effective source_manifest.json records final fall revisions.
2024,COST2_2024_FINANCIALAID,COST_FINANCIALAID,GIS4G31,00071847,nces:COST_FINANCIALAID:00071847:GIS4G31,GIS4G31__SFA_P__00071847__9324913CDE0E,exact_2023_number_name_relocated,nces:SFA_P:00071847:GIS4G31,float,"Number awarded grant and scholarship aid, income level (48,001-75,000), 2022-23","Number awarded grant and scholarship aid, income level (48,001-75,000), 2021-22",Original IPEDS202425.accdb SHA256 98e9175e54ba719cf7f0bfcc8e043fac4d11babd1b73ba1701ebbdc23e5470f5; exact physical schema and varTable24; effective source_manifest.json records final fall revisions.
2024,COST2_2024_FINANCIALAID,COST_FINANCIALAID,GIS4T31,00071171,nces:COST_FINANCIALAID:00071171:GIS4T31,GIS4T31,exact_2023_number_name_relocated,nces:SFA_P:00071171:GIS4T31,float,"Total amount of grant and scholarship aid awarded, income level (48,001-75,000), 2022-23","Total amount of grant and scholarship aid awarded, income level (48,001-75,000), 2021-22",Original IPEDS202425.accdb SHA256 98e9175e54ba719cf7f0bfcc8e043fac4d11babd1b73ba1701ebbdc23e5470f5; exact physical schema and varTable24; effective source_manifest.json records final fall revisions.
2024,COST2_2024_FINANCIALAID,COST_FINANCIALAID,GIS4A31,00071176,nces:COST_FINANCIALAID:00071176:GIS4A31,GIS4A31,exact_2023_number_name_relocated,nces:SFA_P:00071176:GIS4A31,float,"Average amount of grant and scholarship aid awarded, income level (48,001-75,000), 2022-23","Average amount of grant and scholarship aid awarded, income level (48,001-75,000), 2021-22",Original IPEDS202425.accdb SHA256 98e9175e54ba719cf7f0bfcc8e043fac4d11babd1b73ba1701ebbdc23e5470f5; exact physical schema and varTable24; effective source_manifest.json records final fall revisions.
2024,COST2_2024_FINANCIALAID,COST_FINANCIALAID,GIS4N41,00071181,nces:COST_FINANCIALAID:00071181:GIS4N41,GIS4N41,exact_2023_number_name_relocated,nces:SFA_P:00071181:GIS4N41,float,"Number in income level (75,001-110,000), 2022-23","Number in income level (75,001-110,000), 2021-22",Original IPEDS202425.accdb SHA256 98e9175e54ba719cf7f0bfcc8e043fac4d11babd1b73ba1701ebbdc23e5470f5; exact physical schema and varTable24; effective source_manifest.json records final fall revisions.
2024,COST2_2024_FINANCIALAID,COST_FINANCIALAID,GIS4G41,00071852,nces:COST_FINANCIALAID:00071852:GIS4G41,GIS4G41__SFA_P__00071852__CA6A0BFEDD55,exact_2023_number_name_relocated,nces:SFA_P:00071852:GIS4G41,float,"Number awarded grant and scholarship aid, income level (75,001-110,000), 2022-23","Number awarded grant and scholarship aid, income level (75,001-110,000), 2021-22",Original IPEDS202425.accdb SHA256 98e9175e54ba719cf7f0bfcc8e043fac4d11babd1b73ba1701ebbdc23e5470f5; exact physical schema and varTable24; effective source_manifest.json records final fall revisions.
2024,COST2_2024_FINANCIALAID,COST_FINANCIALAID,GIS4T41,00071186,nces:COST_FINANCIALAID:00071186:GIS4T41,GIS4T41,exact_2023_number_name_relocated,nces:SFA_P:00071186:GIS4T41,float,"Total amount of grant and scholarship aid awarded, income level (75,001-110,000), 2022-23","Total amount of grant and scholarship aid awarded, income level (75,001-110,000), 2021-22",Original IPEDS202425.accdb SHA256 98e9175e54ba719cf7f0bfcc8e043fac4d11babd1b73ba1701ebbdc23e5470f5; exact physical schema and varTable24; effective source_manifest.json records final fall revisions.
2024,COST2_2024_FINANCIALAID,COST_FINANCIALAID,GIS4A41,00071191,nces:COST_FINANCIALAID:00071191:GIS4A41,GIS4A41,exact_2023_number_name_relocated,nces:SFA_P:00071191:GIS4A41,float,"Average amount of grant and scholarship aid awarded, income level (75,001-110,000), 2022-23","Average amount of grant and scholarship aid awarded, income level (75,001-110,000), 2021-22",Original IPEDS202425.accdb SHA256 98e9175e54ba719cf7f0bfcc8e043fac4d11babd1b73ba1701ebbdc23e5470f5; exact physical schema and varTable24; effective source_manifest.json records final fall revisions.
2024,COST2_2024_FINANCIALAID,COST_FINANCIALAID,GIS4N51,00071196,nces:COST_FINANCIALAID:00071196:GIS4N51,GIS4N51,exact_2023_number_name_relocated,nces:SFA_P:00071196:GIS4N51,float,"Number in income level (110,001 or more), 2022-23","Number in income level (110,001 or more), 2021-22",Original IPEDS202425.accdb SHA256 98e9175e54ba719cf7f0bfcc8e043fac4d11babd1b73ba1701ebbdc23e5470f5; exact physical schema and varTable24; effective source_manifest.json records final fall revisions.
2024,COST2_2024_FINANCIALAID,COST_FINANCIALAID,GIS4G51,00071857,nces:COST_FINANCIALAID:00071857:GIS4G51,GIS4G51__SFA_P__00071857__CD4EBD729906,exact_2023_number_name_relocated,nces:SFA_P:00071857:GIS4G51,float,"Number awarded grant and scholarship aid, income level (110,001 or more), 2022-23","Number awarded grant and scholarship aid, income level (110,001 or more), 2021-22",Original IPEDS202425.accdb SHA256 98e9175e54ba719cf7f0bfcc8e043fac4d11babd1b73ba1701ebbdc23e5470f5; exact physical schema and varTable24; effective source_manifest.json records final fall revisions.
2024,COST2_2024_FINANCIALAID,COST_FINANCIALAID,GIS4T51,00071201,nces:COST_FINANCIALAID:00071201:GIS4T51,GIS4T51,exact_2023_number_name_relocated,nces:SFA_P:00071201:GIS4T51,float,"Total amount of grant and scholarship aid awarded, income level (110,001 or more), 2022-23","Total amount of grant and scholarship aid awarded, income level (110,001 or more), 2021-22",Original IPEDS202425.accdb SHA256 98e9175e54ba719cf7f0bfcc8e043fac4d11babd1b73ba1701ebbdc23e5470f5; exact physical schema and varTable24; effective source_manifest.json records final fall revisions.
2024,COST2_2024_FINANCIALAID,COST_FINANCIALAID,GIS4A51,00071206,nces:COST_FINANCIALAID:00071206:GIS4A51,GIS4A51,exact_2023_number_name_relocated,nces:SFA_P:00071206:GIS4A51,float,"Average amount of grant and scholarship aid awarded, income level (110,001 or more), 2022-23","Average amount of grant and scholarship aid awarded, income level (110,001 or more), 2021-22",Original IPEDS202425.accdb SHA256 98e9175e54ba719cf7f0bfcc8e043fac4d11babd1b73ba1701ebbdc23e5470f5; exact physical schema and varTable24; effective source_manifest.json records final fall revisions.
2024,COST2_2024_FINANCIALAID,COST_FINANCIALAID,GIS4N0,00071401,nces:COST_FINANCIALAID:00071401:GIS4N0,GIS4N0,exact_2023_number_name_relocated,nces:SFA_P:00071401:GIS4N0,float,"Total number in all income levels, 2021-22","Total number in all income levels, 2020-21",Original IPEDS202425.accdb SHA256 98e9175e54ba719cf7f0bfcc8e043fac4d11babd1b73ba1701ebbdc23e5470f5; exact physical schema and varTable24; effective source_manifest.json records final fall revisions.
2024,COST2_2024_FINANCIALAID,COST_FINANCIALAID,GIS4ON0,00071406,nces:COST_FINANCIALAID:00071406:GIS4ON0,GIS4ON0,exact_2023_number_name_relocated,nces:SFA_P:00071406:GIS4ON0,float,"Number living on-campus in all income levels, 2021-22","Number living on-campus in all income levels, 2020-21",Original IPEDS202425.accdb SHA256 98e9175e54ba719cf7f0bfcc8e043fac4d11babd1b73ba1701ebbdc23e5470f5; exact physical schema and varTable24; effective source_manifest.json records final fall revisions.
2024,COST2_2024_FINANCIALAID,COST_FINANCIALAID,GIS4WF0,00071411,nces:COST_FINANCIALAID:00071411:GIS4WF0,GIS4WF0,exact_2023_number_name_relocated,nces:SFA_P:00071411:GIS4WF0,float,"Number living off-campus with family in all income levels, 2021-22","Number living off-campus with family in all income levels, 2020-21",Original IPEDS202425.accdb SHA256 98e9175e54ba719cf7f0bfcc8e043fac4d11babd1b73ba1701ebbdc23e5470f5; exact physical schema and varTable24; effective source_manifest.json records final fall revisions.
2024,COST2_2024_FINANCIALAID,COST_FINANCIALAID,GIS4OF0,00071416,nces:COST_FINANCIALAID:00071416:GIS4OF0,GIS4OF0,exact_2023_number_name_relocated,nces:SFA_P:00071416:GIS4OF0,float,"Number living off-campus not with family in all income levels, 2021-22","Number living off-campus not with family in all income levels, 2020-21",Original IPEDS202425.accdb SHA256 98e9175e54ba719cf7f0bfcc8e043fac4d11babd1b73ba1701ebbdc23e5470f5; exact physical schema and varTable24; effective source_manifest.json records final fall revisions.
2024,COST2_2024_FINANCIALAID,COST_FINANCIALAID,GIS4UN0,00071421,nces:COST_FINANCIALAID:00071421:GIS4UN0,GIS4UN0,exact_2023_number_name_relocated,nces:SFA_P:00071421:GIS4UN0,float,"Number living arrangement unknown in all income levels, 2021-22","Number living arrangement unknown in all income levels, 2020-21",Original IPEDS202425.accdb SHA256 98e9175e54ba719cf7f0bfcc8e043fac4d11babd1b73ba1701ebbdc23e5470f5; exact physical schema and varTable24; effective source_manifest.json records final fall revisions.
2024,COST2_2024_FINANCIALAID,COST_FINANCIALAID,GIS4G0,00071862,nces:COST_FINANCIALAID:00071862:GIS4G0,GIS4G0__SFA_P__00071862__43B39537064F,exact_2023_number_name_relocated,nces:SFA_P:00071862:GIS4G0,float,"Number awarded grant and scholarship aid, all income levels, 2021-22","Number awarded grant and scholarship aid, all income levels, 2020-21",Original IPEDS202425.accdb SHA256 98e9175e54ba719cf7f0bfcc8e043fac4d11babd1b73ba1701ebbdc23e5470f5; exact physical schema and varTable24; effective source_manifest.json records final fall revisions.
2024,COST2_2024_FINANCIALAID,COST_FINANCIALAID,GIS4T0,00071426,nces:COST_FINANCIALAID:00071426:GIS4T0,GIS4T0,exact_2023_number_name_relocated,nces:SFA_P:00071426:GIS4T0,float,"Total amount of grant and scholarship aid awarded, all income levels, 2021-22","Total amount of grant and scholarship aid awarded, all income levels, 2020-21",Original IPEDS202425.accdb SHA256 98e9175e54ba719cf7f0bfcc8e043fac4d11babd1b73ba1701ebbdc23e5470f5; exact physical schema and varTable24; effective source_manifest.json records final fall revisions.
2024,COST2_2024_FINANCIALAID,COST_FINANCIALAID,GIS4A0,00071431,nces:COST_FINANCIALAID:00071431:GIS4A0,GIS4A0,exact_2023_number_name_relocated,nces:SFA_P:00071431:GIS4A0,float,"Average amount of grant and scholarship aid awarded, all income levels, 2021-22","Average amount of grant and scholarship aid awarded, all income levels, 2020-21",Original IPEDS202425.accdb SHA256 98e9175e54ba719cf7f0bfcc8e043fac4d11babd1b73ba1701ebbdc23e5470f5; exact physical schema and varTable24; effective source_manifest.json records final fall revisions.
2024,COST2_2024_FINANCIALAID,COST_FINANCIALAID,GIS4N10,00071436,nces:COST_FINANCIALAID:00071436:GIS4N10,GIS4N10,exact_2023_number_name_relocated,nces:SFA_P:00071436:GIS4N10,float,"Number in income level (0-30,000), 2021-22","Number in income level (0-30,000), 2020-21",Original IPEDS202425.accdb SHA256 98e9175e54ba719cf7f0bfcc8e043fac4d11babd1b73ba1701ebbdc23e5470f5; exact physical schema and varTable24; effective source_manifest.json records final fall revisions.
2024,COST2_2024_FINANCIALAID,COST_FINANCIALAID,GIS4G10,00071867,nces:COST_FINANCIALAID:00071867:GIS4G10,GIS4G10__SFA_P__00071867__F22450BAEEA2,exact_2023_number_name_relocated,nces:SFA_P:00071867:GIS4G10,float,"Number awarded grant and scholarship aid, income level (0-30,000), 2021-22","Number awarded grant and scholarship aid, income level (0-30,000), 2020-21",Original IPEDS202425.accdb SHA256 98e9175e54ba719cf7f0bfcc8e043fac4d11babd1b73ba1701ebbdc23e5470f5; exact physical schema and varTable24; effective source_manifest.json records final fall revisions.
2024,COST2_2024_FINANCIALAID,COST_FINANCIALAID,GIS4T10,00071441,nces:COST_FINANCIALAID:00071441:GIS4T10,GIS4T10,exact_2023_number_name_relocated,nces:SFA_P:00071441:GIS4T10,float,"Total amount of grant and scholarship aid awarded, income level (0-30,000), 2021-22","Total amount of grant and scholarship aid awarded, income level (0-30,000), 2020-21",Original IPEDS202425.accdb SHA256 98e9175e54ba719cf7f0bfcc8e043fac4d11babd1b73ba1701ebbdc23e5470f5; exact physical schema and varTable24; effective source_manifest.json records final fall revisions.
2024,COST2_2024_FINANCIALAID,COST_FINANCIALAID,GIS4A10,00071446,nces:COST_FINANCIALAID:00071446:GIS4A10,GIS4A10,exact_2023_number_name_relocated,nces:SFA_P:00071446:GIS4A10,float,"Average amount of grant and scholarship aid awarded, income level (0-30,000), 2021-22","Average amount of grant and scholarship aid awarded, income level (0-30,000), 2020-21",Original IPEDS202425.accdb SHA256 98e9175e54ba719cf7f0bfcc8e043fac4d11babd1b73ba1701ebbdc23e5470f5; exact physical schema and varTable24; effective source_manifest.json records final fall revisions.
2024,COST2_2024_FINANCIALAID,COST_FINANCIALAID,GIS4N20,00071451,nces:COST_FINANCIALAID:00071451:GIS4N20,GIS4N20,exact_2023_number_name_relocated,nces:SFA_P:00071451:GIS4N20,float,"Number in income level (30,001-48,000), 2021-22","Number in income level (30,001-48,000), 2020-21",Original IPEDS202425.accdb SHA256 98e9175e54ba719cf7f0bfcc8e043fac4d11babd1b73ba1701ebbdc23e5470f5; exact physical schema and varTable24; effective source_manifest.json records final fall revisions.
2024,COST2_2024_FINANCIALAID,COST_FINANCIALAID,GIS4G20,00071872,nces:COST_FINANCIALAID:00071872:GIS4G20,GIS4G20__SFA_P__00071872__35CF16D167CE,exact_2023_number_name_relocated,nces:SFA_P:00071872:GIS4G20,float,"Number awarded grant and scholarship aid, income level (30,001-48,000), 2021-22","Number awarded grant and scholarship aid, income level (30,001-48,000), 2020-21",Original IPEDS202425.accdb SHA256 98e9175e54ba719cf7f0bfcc8e043fac4d11babd1b73ba1701ebbdc23e5470f5; exact physical schema and varTable24; effective source_manifest.json records final fall revisions.
2024,COST2_2024_FINANCIALAID,COST_FINANCIALAID,GIS4T20,00071456,nces:COST_FINANCIALAID:00071456:GIS4T20,GIS4T20,exact_2023_number_name_relocated,nces:SFA_P:00071456:GIS4T20,float,"Total amount of grant and scholarship aid awarded, income level (30,001-48,000), 2021-22","Total amount of grant and scholarship aid awarded, income level (30,001-48,000), 2020-21",Original IPEDS202425.accdb SHA256 98e9175e54ba719cf7f0bfcc8e043fac4d11babd1b73ba1701ebbdc23e5470f5; exact physical schema and varTable24; effective source_manifest.json records final fall revisions.
2024,COST2_2024_FINANCIALAID,COST_FINANCIALAID,GIS4A20,00071461,nces:COST_FINANCIALAID:00071461:GIS4A20,GIS4A20,exact_2023_number_name_relocated,nces:SFA_P:00071461:GIS4A20,float,"Average amount of grant and scholarship aid awarded, income level (30,001-48,000), 2021-22","Average amount of grant and scholarship aid awarded, income level (30,001-48,000), 2020-21",Original IPEDS202425.accdb SHA256 98e9175e54ba719cf7f0bfcc8e043fac4d11babd1b73ba1701ebbdc23e5470f5; exact physical schema and varTable24; effective source_manifest.json records final fall revisions.
2024,COST2_2024_FINANCIALAID,COST_FINANCIALAID,GIS4N30,00071466,nces:COST_FINANCIALAID:00071466:GIS4N30,GIS4N30,exact_2023_number_name_relocated,nces:SFA_P:00071466:GIS4N30,float,"Number in income level (48,001-75,000), 2021-22","Number in income level (48,001-75,000), 2020-21",Original IPEDS202425.accdb SHA256 98e9175e54ba719cf7f0bfcc8e043fac4d11babd1b73ba1701ebbdc23e5470f5; exact physical schema and varTable24; effective source_manifest.json records final fall revisions.
2024,COST2_2024_FINANCIALAID,COST_FINANCIALAID,GIS4G30,00071877,nces:COST_FINANCIALAID:00071877:GIS4G30,GIS4G30__SFA_P__00071877__6870F4BDB44D,exact_2023_number_name_relocated,nces:SFA_P:00071877:GIS4G30,float,"Number awarded grant and scholarship aid, income level (48,001-75,000), 2021-22","Number awarded grant and scholarship aid, income level (48,001-75,000), 2020-21",Original IPEDS202425.accdb SHA256 98e9175e54ba719cf7f0bfcc8e043fac4d11babd1b73ba1701ebbdc23e5470f5; exact physical schema and varTable24; effective source_manifest.json records final fall revisions.
2024,COST2_2024_FINANCIALAID,COST_FINANCIALAID,GIS4T30,00071471,nces:COST_FINANCIALAID:00071471:GIS4T30,GIS4T30,exact_2023_number_name_relocated,nces:SFA_P:00071471:GIS4T30,float,"Total amount of grant and scholarship aid awarded, income level (48,001-75,000), 2021-22","Total amount of grant and scholarship aid awarded, income level (48,001-75,000), 2020-21",Original IPEDS202425.accdb SHA256 98e9175e54ba719cf7f0bfcc8e043fac4d11babd1b73ba1701ebbdc23e5470f5; exact physical schema and varTable24; effective source_manifest.json records final fall revisions.
2024,COST2_2024_FINANCIALAID,COST_FINANCIALAID,GIS4A30,00071476,nces:COST_FINANCIALAID:00071476:GIS4A30,GIS4A30,exact_2023_number_name_relocated,nces:SFA_P:00071476:GIS4A30,float,"Average amount of grant and scholarship aid awarded, income level (48,001-75,000), 2021-22","Average amount of grant and scholarship aid awarded, income level (48,001-75,000), 2020-21",Original IPEDS202425.accdb SHA256 98e9175e54ba719cf7f0bfcc8e043fac4d11babd1b73ba1701ebbdc23e5470f5; exact physical schema and varTable24; effective source_manifest.json records final fall revisions.
2024,COST2_2024_FINANCIALAID,COST_FINANCIALAID,GIS4N40,00071481,nces:COST_FINANCIALAID:00071481:GIS4N40,GIS4N40,exact_2023_number_name_relocated,nces:SFA_P:00071481:GIS4N40,float,"Number in income level (75,001-110,000), 2021-22","Number in income level (75,001-110,000), 2020-21",Original IPEDS202425.accdb SHA256 98e9175e54ba719cf7f0bfcc8e043fac4d11babd1b73ba1701ebbdc23e5470f5; exact physical schema and varTable24; effective source_manifest.json records final fall revisions.
2024,COST2_2024_FINANCIALAID,COST_FINANCIALAID,GIS4G40,00071882,nces:COST_FINANCIALAID:00071882:GIS4G40,GIS4G40__SFA_P__00071882__44CDFACB7366,exact_2023_number_name_relocated,nces:SFA_P:00071882:GIS4G40,float,"Number awarded grant and scholarship aid, income level (75,001-110,000), 2021-22","Number awarded grant and scholarship aid, income level (75,001-110,000), 2020-21",Original IPEDS202425.accdb SHA256 98e9175e54ba719cf7f0bfcc8e043fac4d11babd1b73ba1701ebbdc23e5470f5; exact physical schema and varTable24; effective source_manifest.json records final fall revisions.
2024,COST2_2024_FINANCIALAID,COST_FINANCIALAID,GIS4T40,00071486,nces:COST_FINANCIALAID:00071486:GIS4T40,GIS4T40,exact_2023_number_name_relocated,nces:SFA_P:00071486:GIS4T40,float,"Total amount of grant and scholarship aid awarded, income level (75,001-110,000), 2021-22","Total amount of grant and scholarship aid awarded, income level (75,001-110,000), 2020-21",Original IPEDS202425.accdb SHA256 98e9175e54ba719cf7f0bfcc8e043fac4d11babd1b73ba1701ebbdc23e5470f5; exact physical schema and varTable24; effective source_manifest.json records final fall revisions.
2024,COST2_2024_FINANCIALAID,COST_FINANCIALAID,GIS4A40,00071491,nces:COST_FINANCIALAID:00071491:GIS4A40,GIS4A40,exact_2023_number_name_relocated,nces:SFA_P:00071491:GIS4A40,float,"Average amount of grant and scholarship aid awarded, income level (75,001-110,000), 2021-22","Average amount of grant and scholarship aid awarded, income level (75,001-110,000), 2020-21",Original IPEDS202425.accdb SHA256 98e9175e54ba719cf7f0bfcc8e043fac4d11babd1b73ba1701ebbdc23e5470f5; exact physical schema and varTable24; effective source_manifest.json records final fall revisions.
2024,COST2_2024_FINANCIALAID,COST_FINANCIALAID,GIS4N50,00071496,nces:COST_FINANCIALAID:00071496:GIS4N50,GIS4N50,exact_2023_number_name_relocated,nces:SFA_P:00071496:GIS4N50,float,"Number in income level (110,001 or more), 2021-22","Number in income level (110,001 or more), 2020-21",Original IPEDS202425.accdb SHA256 98e9175e54ba719cf7f0bfcc8e043fac4d11babd1b73ba1701ebbdc23e5470f5; exact physical schema and varTable24; effective source_manifest.json records final fall revisions.
2024,COST2_2024_FINANCIALAID,COST_FINANCIALAID,GIS4G50,00071887,nces:COST_FINANCIALAID:00071887:GIS4G50,GIS4G50__SFA_P__00071887__062E4DA2DE86,exact_2023_number_name_relocated,nces:SFA_P:00071887:GIS4G50,float,"Number awarded grant and scholarship aid, income level (110,001 or more), 2021-22","Number awarded grant and scholarship aid, income level (110,001 or more), 2020-21",Original IPEDS202425.accdb SHA256 98e9175e54ba719cf7f0bfcc8e043fac4d11babd1b73ba1701ebbdc23e5470f5; exact physical schema and varTable24; effective source_manifest.json records final fall revisions.
2024,COST2_2024_FINANCIALAID,COST_FINANCIALAID,GIS4T50,00071501,nces:COST_FINANCIALAID:00071501:GIS4T50,GIS4T50,exact_2023_number_name_relocated,nces:SFA_P:00071501:GIS4T50,float,"Total amount of grant and scholarship aid awarded, income level (110,001 or more), 2021-22","Total amount of grant and scholarship aid awarded, income level (110,001 or more), 2020-21",Original IPEDS202425.accdb SHA256 98e9175e54ba719cf7f0bfcc8e043fac4d11babd1b73ba1701ebbdc23e5470f5; exact physical schema and varTable24; effective source_manifest.json records final fall revisions.
2024,COST2_2024_FINANCIALAID,COST_FINANCIALAID,GIS4A50,00071506,nces:COST_FINANCIALAID:00071506:GIS4A50,GIS4A50,exact_2023_number_name_relocated,nces:SFA_P:00071506:GIS4A50,float,"Average amount of grant and scholarship aid awarded, income level (110,001 or more), 2021-22","Average amount of grant and scholarship aid awarded, income level (110,001 or more), 2020-21",Original IPEDS202425.accdb SHA256 98e9175e54ba719cf7f0bfcc8e043fac4d11babd1b73ba1701ebbdc23e5470f5; exact physical schema and varTable24; effective source_manifest.json records final fall revisions.
2024,COST2_2024_FINANCIALAID,COST_FINANCIALAID,GRNTN2,00070751,nces:COST_FINANCIALAID:00070751:GRNTN2,GRNTN2,exact_2023_number_name_relocated,nces:SFA_P:00070751:GRNTN2,float,"Total number, 2023-24","Total number, 2022-23",Original IPEDS202425.accdb SHA256 98e9175e54ba719cf7f0bfcc8e043fac4d11babd1b73ba1701ebbdc23e5470f5; exact physical schema and varTable24; effective source_manifest.json records final fall revisions.
2024,COST2_2024_FINANCIALAID,COST_FINANCIALAID,GRNTON2,00070756,nces:COST_FINANCIALAID:00070756:GRNTON2,GRNTON2,exact_2023_number_name_relocated,nces:SFA_P:00070756:GRNTON2,float,"Number living on-campus, 2023-24","Number living on-campus, 2022-23",Original IPEDS202425.accdb SHA256 98e9175e54ba719cf7f0bfcc8e043fac4d11babd1b73ba1701ebbdc23e5470f5; exact physical schema and varTable24; effective source_manifest.json records final fall revisions.
2024,COST2_2024_FINANCIALAID,COST_FINANCIALAID,GRNTWF2,00070761,nces:COST_FINANCIALAID:00070761:GRNTWF2,GRNTWF2,exact_2023_number_name_relocated,nces:SFA_P:00070761:GRNTWF2,float,"Number living off-campus with family, 2023-24","Number living off-campus with family, 2022-23",Original IPEDS202425.accdb SHA256 98e9175e54ba719cf7f0bfcc8e043fac4d11babd1b73ba1701ebbdc23e5470f5; exact physical schema and varTable24; effective source_manifest.json records final fall revisions.
2024,COST2_2024_FINANCIALAID,COST_FINANCIALAID,GRNTOF2,00070766,nces:COST_FINANCIALAID:00070766:GRNTOF2,GRNTOF2,exact_2023_number_name_relocated,nces:SFA_P:00070766:GRNTOF2,float,"Number living off-campus not with family, 2023-24","Number living off-campus not with family, 2022-23",Original IPEDS202425.accdb SHA256 98e9175e54ba719cf7f0bfcc8e043fac4d11babd1b73ba1701ebbdc23e5470f5; exact physical schema and varTable24; effective source_manifest.json records final fall revisions.
2024,COST2_2024_FINANCIALAID,COST_FINANCIALAID,GRNTUN2,00070771,nces:COST_FINANCIALAID:00070771:GRNTUN2,GRNTUN2,exact_2023_number_name_relocated,nces:SFA_P:00070771:GRNTUN2,float,"Number living arrangement unknown, 2023-24","Number living arrangement unknown, 2022-23",Original IPEDS202425.accdb SHA256 98e9175e54ba719cf7f0bfcc8e043fac4d11babd1b73ba1701ebbdc23e5470f5; exact physical schema and varTable24; effective source_manifest.json records final fall revisions.
2024,COST2_2024_FINANCIALAID,COST_FINANCIALAID,GRNTT2,00070776,nces:COST_FINANCIALAID:00070776:GRNTT2,GRNTT2,exact_2023_number_name_relocated,nces:SFA_P:00070776:GRNTT2,float,"Total amount of grant and scholarship aid awarded, 2023-24","Total amount of grant and scholarship aid awarded, 2022-23",Original IPEDS202425.accdb SHA256 98e9175e54ba719cf7f0bfcc8e043fac4d11babd1b73ba1701ebbdc23e5470f5; exact physical schema and varTable24; effective source_manifest.json records final fall revisions.
2024,COST2_2024_FINANCIALAID,COST_FINANCIALAID,GRNTA2,00070781,nces:COST_FINANCIALAID:00070781:GRNTA2,GRNTA2,exact_2023_number_name_relocated,nces:SFA_P:00070781:GRNTA2,float,"Average amount of grant and scholarship aid awarded, 2023-24","Average amount of grant and scholarship aid awarded, 2022-23",Original IPEDS202425.accdb SHA256 98e9175e54ba719cf7f0bfcc8e043fac4d11babd1b73ba1701ebbdc23e5470f5; exact physical schema and varTable24; effective source_manifest.json records final fall revisions.
2024,COST2_2024_FINANCIALAID,COST_FINANCIALAID,GRNTN1,00070786,nces:COST_FINANCIALAID:00070786:GRNTN1,GRNTN1,exact_2023_number_name_relocated,nces:SFA_P:00070786:GRNTN1,float,"Total number, 2022-23","Total number, 2021-22",Original IPEDS202425.accdb SHA256 98e9175e54ba719cf7f0bfcc8e043fac4d11babd1b73ba1701ebbdc23e5470f5; exact physical schema and varTable24; effective source_manifest.json records final fall revisions.
2024,COST2_2024_FINANCIALAID,COST_FINANCIALAID,GRNTON1,00070791,nces:COST_FINANCIALAID:00070791:GRNTON1,GRNTON1,exact_2023_number_name_relocated,nces:SFA_P:00070791:GRNTON1,float,"Number living on-campus, 2022-23","Number living on-campus, 2021-22",Original IPEDS202425.accdb SHA256 98e9175e54ba719cf7f0bfcc8e043fac4d11babd1b73ba1701ebbdc23e5470f5; exact physical schema and varTable24; effective source_manifest.json records final fall revisions.
2024,COST2_2024_FINANCIALAID,COST_FINANCIALAID,GRNTWF1,00070796,nces:COST_FINANCIALAID:00070796:GRNTWF1,GRNTWF1,exact_2023_number_name_relocated,nces:SFA_P:00070796:GRNTWF1,float,"Number living off-campus with family, 2022-23","Number living off-campus with family, 2021-22",Original IPEDS202425.accdb SHA256 98e9175e54ba719cf7f0bfcc8e043fac4d11babd1b73ba1701ebbdc23e5470f5; exact physical schema and varTable24; effective source_manifest.json records final fall revisions.
2024,COST2_2024_FINANCIALAID,COST_FINANCIALAID,GRNTOF1,00070801,nces:COST_FINANCIALAID:00070801:GRNTOF1,GRNTOF1,exact_2023_number_name_relocated,nces:SFA_P:00070801:GRNTOF1,float,"Number living off-campus not with family, 2022-23","Number living off-campus not with family, 2021-22",Original IPEDS202425.accdb SHA256 98e9175e54ba719cf7f0bfcc8e043fac4d11babd1b73ba1701ebbdc23e5470f5; exact physical schema and varTable24; effective source_manifest.json records final fall revisions.
2024,COST2_2024_FINANCIALAID,COST_FINANCIALAID,GRNTUN1,00070806,nces:COST_FINANCIALAID:00070806:GRNTUN1,GRNTUN1,exact_2023_number_name_relocated,nces:SFA_P:00070806:GRNTUN1,float,"Number living arrangement unknown, 2022-23","Number living arrangement unknown, 2021-22",Original IPEDS202425.accdb SHA256 98e9175e54ba719cf7f0bfcc8e043fac4d11babd1b73ba1701ebbdc23e5470f5; exact physical schema and varTable24; effective source_manifest.json records final fall revisions.
2024,COST2_2024_FINANCIALAID,COST_FINANCIALAID,GRNTT1,00070811,nces:COST_FINANCIALAID:00070811:GRNTT1,GRNTT1,exact_2023_number_name_relocated,nces:SFA_P:00070811:GRNTT1,float,"Total amount of grant and scholarship aid awarded, 2022-23","Total amount of grant and scholarship aid awarded, 2021-22",Original IPEDS202425.accdb SHA256 98e9175e54ba719cf7f0bfcc8e043fac4d11babd1b73ba1701ebbdc23e5470f5; exact physical schema and varTable24; effective source_manifest.json records final fall revisions.
2024,COST2_2024_FINANCIALAID,COST_FINANCIALAID,GRNTA1,00070816,nces:COST_FINANCIALAID:00070816:GRNTA1,GRNTA1,exact_2023_number_name_relocated,nces:SFA_P:00070816:GRNTA1,float,"Average amount of grant and scholarship aid awarded, 2022-23","Average amount of grant and scholarship aid awarded, 2021-22",Original IPEDS202425.accdb SHA256 98e9175e54ba719cf7f0bfcc8e043fac4d11babd1b73ba1701ebbdc23e5470f5; exact physical schema and varTable24; effective source_manifest.json records final fall revisions.
2024,COST2_2024_FINANCIALAID,COST_FINANCIALAID,GRNTN0,00070821,nces:COST_FINANCIALAID:00070821:GRNTN0,GRNTN0,exact_2023_number_name_relocated,nces:SFA_P:00070821:GRNTN0,float,"Total number, 2021-22","Total number, 2020-21",Original IPEDS202425.accdb SHA256 98e9175e54ba719cf7f0bfcc8e043fac4d11babd1b73ba1701ebbdc23e5470f5; exact physical schema and varTable24; effective source_manifest.json records final fall revisions.
2024,COST2_2024_FINANCIALAID,COST_FINANCIALAID,GRNTON0,00070826,nces:COST_FINANCIALAID:00070826:GRNTON0,GRNTON0,exact_2023_number_name_relocated,nces:SFA_P:00070826:GRNTON0,float,"Number living on-campus, 2021-22","Number living on-campus, 2020-21",Original IPEDS202425.accdb SHA256 98e9175e54ba719cf7f0bfcc8e043fac4d11babd1b73ba1701ebbdc23e5470f5; exact physical schema and varTable24; effective source_manifest.json records final fall revisions.
2024,COST2_2024_FINANCIALAID,COST_FINANCIALAID,GRNTWF0,00070831,nces:COST_FINANCIALAID:00070831:GRNTWF0,GRNTWF0,exact_2023_number_name_relocated,nces:SFA_P:00070831:GRNTWF0,float,"Number living off-campus with family, 2021-22","Number living off-campus with family, 2020-21",Original IPEDS202425.accdb SHA256 98e9175e54ba719cf7f0bfcc8e043fac4d11babd1b73ba1701ebbdc23e5470f5; exact physical schema and varTable24; effective source_manifest.json records final fall revisions.
2024,COST2_2024_FINANCIALAID,COST_FINANCIALAID,GRNTOF0,00070836,nces:COST_FINANCIALAID:00070836:GRNTOF0,GRNTOF0,exact_2023_number_name_relocated,nces:SFA_P:00070836:GRNTOF0,float,"Number living off-campus not with family, 2021-22","Number living off-campus not with family, 2020-21",Original IPEDS202425.accdb SHA256 98e9175e54ba719cf7f0bfcc8e043fac4d11babd1b73ba1701ebbdc23e5470f5; exact physical schema and varTable24; effective source_manifest.json records final fall revisions.
2024,COST2_2024_FINANCIALAID,COST_FINANCIALAID,GRNTUN0,00070841,nces:COST_FINANCIALAID:00070841:GRNTUN0,GRNTUN0,exact_2023_number_name_relocated,nces:SFA_P:00070841:GRNTUN0,float,"Number living arrangement unknown, 2021-22","Number living arrangement unknown, 2020-21",Original IPEDS202425.accdb SHA256 98e9175e54ba719cf7f0bfcc8e043fac4d11babd1b73ba1701ebbdc23e5470f5; exact physical schema and varTable24; effective source_manifest.json records final fall revisions.
2024,COST2_2024_FINANCIALAID,COST_FINANCIALAID,GRNTT0,00070846,nces:COST_FINANCIALAID:00070846:GRNTT0,GRNTT0,exact_2023_number_name_relocated,nces:SFA_P:00070846:GRNTT0,float,"Total amount of grant and scholarship aid awarded, 2021-22","Total amount of grant and scholarship aid awarded, 2020-21",Original IPEDS202425.accdb SHA256 98e9175e54ba719cf7f0bfcc8e043fac4d11babd1b73ba1701ebbdc23e5470f5; exact physical schema and varTable24; effective source_manifest.json records final fall revisions.
2024,COST2_2024_FINANCIALAID,COST_FINANCIALAID,GRNTA0,00070851,nces:COST_FINANCIALAID:00070851:GRNTA0,GRNTA0,exact_2023_number_name_relocated,nces:SFA_P:00070851:GRNTA0,float,"Average amount of grant and scholarship aid awarded, 2021-22","Average amount of grant and scholarship aid awarded, 2020-21",Original IPEDS202425.accdb SHA256 98e9175e54ba719cf7f0bfcc8e043fac4d11babd1b73ba1701ebbdc23e5470f5; exact physical schema and varTable24; effective source_manifest.json records final fall revisions.
2024,COST2_2024_FINANCIALAID,COST_FINANCIALAID,GRN4N2,00070856,nces:COST_FINANCIALAID:00070856:GRN4N2,GRN4N2,exact_2023_number_name_relocated,nces:SFA_P:00070856:GRN4N2,float,"Total number in all income levels, 2023-24","Total number in all income levels, 2022-23",Original IPEDS202425.accdb SHA256 98e9175e54ba719cf7f0bfcc8e043fac4d11babd1b73ba1701ebbdc23e5470f5; exact physical schema and varTable24; effective source_manifest.json records final fall revisions.
2024,COST2_2024_FINANCIALAID,COST_FINANCIALAID,GRN4ON2,00070861,nces:COST_FINANCIALAID:00070861:GRN4ON2,GRN4ON2,exact_2023_number_name_relocated,nces:SFA_P:00070861:GRN4ON2,float,"Number living on-campus in all income levels, 2023-24","Number living on-campus in all income levels, 2022-23",Original IPEDS202425.accdb SHA256 98e9175e54ba719cf7f0bfcc8e043fac4d11babd1b73ba1701ebbdc23e5470f5; exact physical schema and varTable24; effective source_manifest.json records final fall revisions.
2024,COST2_2024_FINANCIALAID,COST_FINANCIALAID,GRN4WF2,00070866,nces:COST_FINANCIALAID:00070866:GRN4WF2,GRN4WF2,exact_2023_number_name_relocated,nces:SFA_P:00070866:GRN4WF2,float,"Number living off-campus with family in all income levels, 2023-24","Number living off-campus with family in all income levels, 2022-23",Original IPEDS202425.accdb SHA256 98e9175e54ba719cf7f0bfcc8e043fac4d11babd1b73ba1701ebbdc23e5470f5; exact physical schema and varTable24; effective source_manifest.json records final fall revisions.
2024,COST2_2024_FINANCIALAID,COST_FINANCIALAID,GRN4OF2,00070871,nces:COST_FINANCIALAID:00070871:GRN4OF2,GRN4OF2,exact_2023_number_name_relocated,nces:SFA_P:00070871:GRN4OF2,float,"Number living off-campus not with family in all income levels, 2023-24","Number living off-campus not with family in all income levels, 2022-23",Original IPEDS202425.accdb SHA256 98e9175e54ba719cf7f0bfcc8e043fac4d11babd1b73ba1701ebbdc23e5470f5; exact physical schema and varTable24; effective source_manifest.json records final fall revisions.
2024,COST2_2024_FINANCIALAID,COST_FINANCIALAID,GRN4UN2,00070876,nces:COST_FINANCIALAID:00070876:GRN4UN2,GRN4UN2,exact_2023_number_name_relocated,nces:SFA_P:00070876:GRN4UN2,float,"Number living arrangement unknown in all income levels, 2023-24","Number living arrangement unknown in all income levels, 2022-23",Original IPEDS202425.accdb SHA256 98e9175e54ba719cf7f0bfcc8e043fac4d11babd1b73ba1701ebbdc23e5470f5; exact physical schema and varTable24; effective source_manifest.json records final fall revisions.
2024,COST2_2024_FINANCIALAID,COST_FINANCIALAID,GRN4G2,00071892,nces:COST_FINANCIALAID:00071892:GRN4G2,GRN4G2__SFA_P__00071892__E002214ABA44,exact_2023_number_name_relocated,nces:SFA_P:00071892:GRN4G2,float,"Number awarded grant and scholarship aid, all income levels, 2023-24","Number awarded grant and scholarship aid, all income levels, 2022-23",Original IPEDS202425.accdb SHA256 98e9175e54ba719cf7f0bfcc8e043fac4d11babd1b73ba1701ebbdc23e5470f5; exact physical schema and varTable24; effective source_manifest.json records final fall revisions.
2024,COST2_2024_FINANCIALAID,COST_FINANCIALAID,GRN4T2,00070881,nces:COST_FINANCIALAID:00070881:GRN4T2,GRN4T2,exact_2023_number_name_relocated,nces:SFA_P:00070881:GRN4T2,float,"Total amount of grant and scholarship aid awarded, all income levels, 2023-24","Total amount of grant and scholarship aid awarded, all income levels, 2022-23",Original IPEDS202425.accdb SHA256 98e9175e54ba719cf7f0bfcc8e043fac4d11babd1b73ba1701ebbdc23e5470f5; exact physical schema and varTable24; effective source_manifest.json records final fall revisions.
2024,COST2_2024_FINANCIALAID,COST_FINANCIALAID,GRN4A2,00070886,nces:COST_FINANCIALAID:00070886:GRN4A2,GRN4A2,exact_2023_number_name_relocated,nces:SFA_P:00070886:GRN4A2,float,"Average amount of grant and scholarship aid awarded, all income levels, 2023-24","Average amount of grant and scholarship aid awarded, all income levels, 2022-23",Original IPEDS202425.accdb SHA256 98e9175e54ba719cf7f0bfcc8e043fac4d11babd1b73ba1701ebbdc23e5470f5; exact physical schema and varTable24; effective source_manifest.json records final fall revisions.
2024,COST2_2024_FINANCIALAID,COST_FINANCIALAID,GRN4N12,00070891,nces:COST_FINANCIALAID:00070891:GRN4N12,GRN4N12,exact_2023_number_name_relocated,nces:SFA_P:00070891:GRN4N12,float,"Number in income level (0-30,000), 2023-24","Number in income level (0-30,000), 2022-23",Original IPEDS202425.accdb SHA256 98e9175e54ba719cf7f0bfcc8e043fac4d11babd1b73ba1701ebbdc23e5470f5; exact physical schema and varTable24; effective source_manifest.json records final fall revisions.
2024,COST2_2024_FINANCIALAID,COST_FINANCIALAID,GRN4G12,00071897,nces:COST_FINANCIALAID:00071897:GRN4G12,GRN4G12__SFA_P__00071897__C663CCD7B174,exact_2023_number_name_relocated,nces:SFA_P:00071897:GRN4G12,float,"Number awarded grant and scholarship aid, income level (0-30,000), 2023-24","Number awarded grant and scholarship aid, income level (0-30,000), 2022-23",Original IPEDS202425.accdb SHA256 98e9175e54ba719cf7f0bfcc8e043fac4d11babd1b73ba1701ebbdc23e5470f5; exact physical schema and varTable24; effective source_manifest.json records final fall revisions.
2024,COST2_2024_FINANCIALAID,COST_FINANCIALAID,GRN4T12,00070896,nces:COST_FINANCIALAID:00070896:GRN4T12,GRN4T12,exact_2023_number_name_relocated,nces:SFA_P:00070896:GRN4T12,float,"Total amount of grant and scholarship aid awarded, income level (0-30,000), 2023-24","Total amount of grant and scholarship aid awarded, income level (0-30,000), 2022-23",Original IPEDS202425.accdb SHA256 98e9175e54ba719cf7f0bfcc8e043fac4d11babd1b73ba1701ebbdc23e5470f5; exact physical schema and varTable24; effective source_manifest.json records final fall revisions.
2024,COST2_2024_FINANCIALAID,COST_FINANCIALAID,GRN4A12,00070901,nces:COST_FINANCIALAID:00070901:GRN4A12,GRN4A12,exact_2023_number_name_relocated,nces:SFA_P:00070901:GRN4A12,float,"Average amount of grant and scholarship aid awarded, income level (0-30,000), 2023-24","Average amount of grant and scholarship aid awarded, income level (0-30,000), 2022-23",Original IPEDS202425.accdb SHA256 98e9175e54ba719cf7f0bfcc8e043fac4d11babd1b73ba1701ebbdc23e5470f5; exact physical schema and varTable24; effective source_manifest.json records final fall revisions.
2024,COST2_2024_FINANCIALAID,COST_FINANCIALAID,GRN4N22,00070906,nces:COST_FINANCIALAID:00070906:GRN4N22,GRN4N22,exact_2023_number_name_relocated,nces:SFA_P:00070906:GRN4N22,float,"Number in income level (30,001-48,000), 2023-24","Number in income level (30,001-48,000), 2022-23",Original IPEDS202425.accdb SHA256 98e9175e54ba719cf7f0bfcc8e043fac4d11babd1b73ba1701ebbdc23e5470f5; exact physical schema and varTable24; effective source_manifest.json records final fall revisions.
2024,COST2_2024_FINANCIALAID,COST_FINANCIALAID,GRN4G22,00071902,nces:COST_FINANCIALAID:00071902:GRN4G22,GRN4G22__SFA_P__00071902__7A8E68EE07FC,exact_2023_number_name_relocated,nces:SFA_P:00071902:GRN4G22,float,"Number awarded grant and scholarship aid, income level (30,001-48,000), 2023-24","Number awarded grant and scholarship aid, income level (30,001-48,000), 2022-23",Original IPEDS202425.accdb SHA256 98e9175e54ba719cf7f0bfcc8e043fac4d11babd1b73ba1701ebbdc23e5470f5; exact physical schema and varTable24; effective source_manifest.json records final fall revisions.
2024,COST2_2024_FINANCIALAID,COST_FINANCIALAID,GRN4T22,00070911,nces:COST_FINANCIALAID:00070911:GRN4T22,GRN4T22,exact_2023_number_name_relocated,nces:SFA_P:00070911:GRN4T22,float,"Total amount of grant and scholarship aid awarded, income level (30,001-48,000), 2023-24","Total amount of grant and scholarship aid awarded, income level (30,001-48,000), 2022-23",Original IPEDS202425.accdb SHA256 98e9175e54ba719cf7f0bfcc8e043fac4d11babd1b73ba1701ebbdc23e5470f5; exact physical schema and varTable24; effective source_manifest.json records final fall revisions.
2024,COST2_2024_FINANCIALAID,COST_FINANCIALAID,GRN4A22,00070916,nces:COST_FINANCIALAID:00070916:GRN4A22,GRN4A22,exact_2023_number_name_relocated,nces:SFA_P:00070916:GRN4A22,float,"Average amount of grant and scholarship aid awarded, income level (30,001-48,000), 2023-24","Average amount of grant and scholarship aid awarded, income level (30,001-48,000), 2022-23",Original IPEDS202425.accdb SHA256 98e9175e54ba719cf7f0bfcc8e043fac4d11babd1b73ba1701ebbdc23e5470f5; exact physical schema and varTable24; effective source_manifest.json records final fall revisions.
2024,COST2_2024_FINANCIALAID,COST_FINANCIALAID,GRN4N32,00070921,nces:COST_FINANCIALAID:00070921:GRN4N32,GRN4N32,exact_2023_number_name_relocated,nces:SFA_P:00070921:GRN4N32,float,"Number in income level (48,001-75,000), 2023-24","Number in income level (48,001-75,000), 2022-23",Original IPEDS202425.accdb SHA256 98e9175e54ba719cf7f0bfcc8e043fac4d11babd1b73ba1701ebbdc23e5470f5; exact physical schema and varTable24; effective source_manifest.json records final fall revisions.
2024,COST2_2024_FINANCIALAID,COST_FINANCIALAID,GRN4G32,00071907,nces:COST_FINANCIALAID:00071907:GRN4G32,GRN4G32__SFA_P__00071907__466508D13A2C,exact_2023_number_name_relocated,nces:SFA_P:00071907:GRN4G32,float,"Number awarded grant and scholarship aid, income level (48,001-75,000), 2023-24","Number awarded grant and scholarship aid, income level (48,001-75,000), 2022-23",Original IPEDS202425.accdb SHA256 98e9175e54ba719cf7f0bfcc8e043fac4d11babd1b73ba1701ebbdc23e5470f5; exact physical schema and varTable24; effective source_manifest.json records final fall revisions.
2024,COST2_2024_FINANCIALAID,COST_FINANCIALAID,GRN4T32,00070926,nces:COST_FINANCIALAID:00070926:GRN4T32,GRN4T32,exact_2023_number_name_relocated,nces:SFA_P:00070926:GRN4T32,float,"Total amount of grant and scholarship aid awarded, income level (48,001-75,000), 2023-24","Total amount of grant and scholarship aid awarded, income level (48,001-75,000), 2022-23",Original IPEDS202425.accdb SHA256 98e9175e54ba719cf7f0bfcc8e043fac4d11babd1b73ba1701ebbdc23e5470f5; exact physical schema and varTable24; effective source_manifest.json records final fall revisions.
2024,COST2_2024_FINANCIALAID,COST_FINANCIALAID,GRN4A32,00070931,nces:COST_FINANCIALAID:00070931:GRN4A32,GRN4A32,exact_2023_number_name_relocated,nces:SFA_P:00070931:GRN4A32,float,"Average amount of grant and scholarship aid awarded, income level (48,001-75,000), 2023-24","Average amount of grant and scholarship aid awarded, income level (48,001-75,000), 2022-23",Original IPEDS202425.accdb SHA256 98e9175e54ba719cf7f0bfcc8e043fac4d11babd1b73ba1701ebbdc23e5470f5; exact physical schema and varTable24; effective source_manifest.json records final fall revisions.
2024,COST2_2024_FINANCIALAID,COST_FINANCIALAID,GRN4N42,00070936,nces:COST_FINANCIALAID:00070936:GRN4N42,GRN4N42,exact_2023_number_name_relocated,nces:SFA_P:00070936:GRN4N42,float,"Number in income level (75,001-110,000), 2023-24","Number in income level (75,001-110,000), 2022-23",Original IPEDS202425.accdb SHA256 98e9175e54ba719cf7f0bfcc8e043fac4d11babd1b73ba1701ebbdc23e5470f5; exact physical schema and varTable24; effective source_manifest.json records final fall revisions.
2024,COST2_2024_FINANCIALAID,COST_FINANCIALAID,GRN4G42,00071912,nces:COST_FINANCIALAID:00071912:GRN4G42,GRN4G42__SFA_P__00071912__0B1779A393C0,exact_2023_number_name_relocated,nces:SFA_P:00071912:GRN4G42,float,"Number awarded grant and scholarship aid, income level (75,001-110,000), 2023-24","Number awarded grant and scholarship aid, income level (75,001-110,000), 2022-23",Original IPEDS202425.accdb SHA256 98e9175e54ba719cf7f0bfcc8e043fac4d11babd1b73ba1701ebbdc23e5470f5; exact physical schema and varTable24; effective source_manifest.json records final fall revisions.
2024,COST2_2024_FINANCIALAID,COST_FINANCIALAID,GRN4T42,00070941,nces:COST_FINANCIALAID:00070941:GRN4T42,GRN4T42,exact_2023_number_name_relocated,nces:SFA_P:00070941:GRN4T42,float,"Total amount of grant and scholarship aid awarded, income level (75,001-110,000), 2023-24","Total amount of grant and scholarship aid awarded, income level (75,001-110,000), 2022-23",Original IPEDS202425.accdb SHA256 98e9175e54ba719cf7f0bfcc8e043fac4d11babd1b73ba1701ebbdc23e5470f5; exact physical schema and varTable24; effective source_manifest.json records final fall revisions.
2024,COST2_2024_FINANCIALAID,COST_FINANCIALAID,GRN4A42,00070946,nces:COST_FINANCIALAID:00070946:GRN4A42,GRN4A42,exact_2023_number_name_relocated,nces:SFA_P:00070946:GRN4A42,float,"Average amount of grant and scholarship aid awarded, income level (75,001-110,000), 2023-24","Average amount of grant and scholarship aid awarded, income level (75,001-110,000), 2022-23",Original IPEDS202425.accdb SHA256 98e9175e54ba719cf7f0bfcc8e043fac4d11babd1b73ba1701ebbdc23e5470f5; exact physical schema and varTable24; effective source_manifest.json records final fall revisions.
2024,COST2_2024_FINANCIALAID,COST_FINANCIALAID,GRN4N52,00070951,nces:COST_FINANCIALAID:00070951:GRN4N52,GRN4N52,exact_2023_number_name_relocated,nces:SFA_P:00070951:GRN4N52,float,"Number in income level (110,001 or more), 2023-24","Number in income level (110,001 or more), 2022-23",Original IPEDS202425.accdb SHA256 98e9175e54ba719cf7f0bfcc8e043fac4d11babd1b73ba1701ebbdc23e5470f5; exact physical schema and varTable24; effective source_manifest.json records final fall revisions.
2024,COST2_2024_FINANCIALAID,COST_FINANCIALAID,GRN4G52,00071917,nces:COST_FINANCIALAID:00071917:GRN4G52,GRN4G52__SFA_P__00071917__D3881225CBFD,exact_2023_number_name_relocated,nces:SFA_P:00071917:GRN4G52,float,"Number awarded grant and scholarship aid, income level (110,001 or more), 2023-24","Number awarded grant and scholarship aid, income level (110,001 or more), 2022-23",Original IPEDS202425.accdb SHA256 98e9175e54ba719cf7f0bfcc8e043fac4d11babd1b73ba1701ebbdc23e5470f5; exact physical schema and varTable24; effective source_manifest.json records final fall revisions.
2024,COST2_2024_FINANCIALAID,COST_FINANCIALAID,GRN4T52,00070956,nces:COST_FINANCIALAID:00070956:GRN4T52,GRN4T52,exact_2023_number_name_relocated,nces:SFA_P:00070956:GRN4T52,float,"Total amount of grant and scholarship aid awarded, income level (110,001 or more), 2023-24","Total amount of grant and scholarship aid awarded, income level (110,001 or more), 2022-23",Original IPEDS202425.accdb SHA256 98e9175e54ba719cf7f0bfcc8e043fac4d11babd1b73ba1701ebbdc23e5470f5; exact physical schema and varTable24; effective source_manifest.json records final fall revisions.
2024,COST2_2024_FINANCIALAID,COST_FINANCIALAID,GRN4A52,00070961,nces:COST_FINANCIALAID:00070961:GRN4A52,GRN4A52,exact_2023_number_name_relocated,nces:SFA_P:00070961:GRN4A52,float,"Average amount of grant and scholarship aid awarded, income level (110,001 or more), 2023-24","Average amount of grant and scholarship aid awarded, income level (110,001 or more), 2022-23",Original IPEDS202425.accdb SHA256 98e9175e54ba719cf7f0bfcc8e043fac4d11babd1b73ba1701ebbdc23e5470f5; exact physical schema and varTable24; effective source_manifest.json records final fall revisions.
2024,COST2_2024_FINANCIALAID,COST_FINANCIALAID,GRN4N1,00071241,nces:COST_FINANCIALAID:00071241:GRN4N1,GRN4N1,exact_2023_number_name_relocated,nces:SFA_P:00071241:GRN4N1,float,"Total number in all income levels, 2022-23","Total number in all income levels, 2021-22",Original IPEDS202425.accdb SHA256 98e9175e54ba719cf7f0bfcc8e043fac4d11babd1b73ba1701ebbdc23e5470f5; exact physical schema and varTable24; effective source_manifest.json records final fall revisions.
2024,COST2_2024_FINANCIALAID,COST_FINANCIALAID,GRN4ON1,00071246,nces:COST_FINANCIALAID:00071246:GRN4ON1,GRN4ON1,exact_2023_number_name_relocated,nces:SFA_P:00071246:GRN4ON1,float,"Number living on-campus in all income levels, 2022-23","Number living on-campus in all income levels, 2021-22",Original IPEDS202425.accdb SHA256 98e9175e54ba719cf7f0bfcc8e043fac4d11babd1b73ba1701ebbdc23e5470f5; exact physical schema and varTable24; effective source_manifest.json records final fall revisions.
2024,COST2_2024_FINANCIALAID,COST_FINANCIALAID,GRN4WF1,00071251,nces:COST_FINANCIALAID:00071251:GRN4WF1,GRN4WF1,exact_2023_number_name_relocated,nces:SFA_P:00071251:GRN4WF1,float,"Number living off-campus with family in all income levels, 2022-23","Number living off-campus with family in all income levels, 2021-22",Original IPEDS202425.accdb SHA256 98e9175e54ba719cf7f0bfcc8e043fac4d11babd1b73ba1701ebbdc23e5470f5; exact physical schema and varTable24; effective source_manifest.json records final fall revisions.
2024,COST2_2024_FINANCIALAID,COST_FINANCIALAID,GRN4OF1,00071256,nces:COST_FINANCIALAID:00071256:GRN4OF1,GRN4OF1,exact_2023_number_name_relocated,nces:SFA_P:00071256:GRN4OF1,float,"Number living off-campus not with family in all income levels, 2022-23","Number living off-campus not with family in all income levels, 2021-22",Original IPEDS202425.accdb SHA256 98e9175e54ba719cf7f0bfcc8e043fac4d11babd1b73ba1701ebbdc23e5470f5; exact physical schema and varTable24; effective source_manifest.json records final fall revisions.
2024,COST2_2024_FINANCIALAID,COST_FINANCIALAID,GRN4UN1,00071261,nces:COST_FINANCIALAID:00071261:GRN4UN1,GRN4UN1,exact_2023_number_name_relocated,nces:SFA_P:00071261:GRN4UN1,float,"Number living arrangement unknown in all income levels, 2022-23","Number living arrangement unknown in all income levels, 2021-22",Original IPEDS202425.accdb SHA256 98e9175e54ba719cf7f0bfcc8e043fac4d11babd1b73ba1701ebbdc23e5470f5; exact physical schema and varTable24; effective source_manifest.json records final fall revisions.
2024,COST2_2024_FINANCIALAID,COST_FINANCIALAID,GRN4G1,00071922,nces:COST_FINANCIALAID:00071922:GRN4G1,GRN4G1__SFA_P__00071922__39B5C3CF5B1E,exact_2023_number_name_relocated,nces:SFA_P:00071922:GRN4G1,float,"Number awarded grant and scholarship aid, all income levels, 2022-23","Number awarded grant and scholarship aid, all income levels, 2021-22",Original IPEDS202425.accdb SHA256 98e9175e54ba719cf7f0bfcc8e043fac4d11babd1b73ba1701ebbdc23e5470f5; exact physical schema and varTable24; effective source_manifest.json records final fall revisions.
2024,COST2_2024_FINANCIALAID,COST_FINANCIALAID,GRN4T1,00071266,nces:COST_FINANCIALAID:00071266:GRN4T1,GRN4T1,exact_2023_number_name_relocated,nces:SFA_P:00071266:GRN4T1,float,"Total amount of grant and scholarship aid awarded, all income levels, 2022-23","Total amount of grant and scholarship aid awarded, all income levels, 2021-22",Original IPEDS202425.accdb SHA256 98e9175e54ba719cf7f0bfcc8e043fac4d11babd1b73ba1701ebbdc23e5470f5; exact physical schema and varTable24; effective source_manifest.json records final fall revisions.
2024,COST2_2024_FINANCIALAID,COST_FINANCIALAID,GRN4A1,00071271,nces:COST_FINANCIALAID:00071271:GRN4A1,GRN4A1,exact_2023_number_name_relocated,nces:SFA_P:00071271:GRN4A1,float,"Average amount of grant and scholarship aid awarded, all income levels, 2022-23","Average amount of grant and scholarship aid awarded, all income levels, 2021-22",Original IPEDS202425.accdb SHA256 98e9175e54ba719cf7f0bfcc8e043fac4d11babd1b73ba1701ebbdc23e5470f5; exact physical schema and varTable24; effective source_manifest.json records final fall revisions.
2024,COST2_2024_FINANCIALAID,COST_FINANCIALAID,GRN4N11,00071276,nces:COST_FINANCIALAID:00071276:GRN4N11,GRN4N11,exact_2023_number_name_relocated,nces:SFA_P:00071276:GRN4N11,float,"Number in income level (0-30,000), 2022-23","Number in income level (0-30,000), 2021-22",Original IPEDS202425.accdb SHA256 98e9175e54ba719cf7f0bfcc8e043fac4d11babd1b73ba1701ebbdc23e5470f5; exact physical schema and varTable24; effective source_manifest.json records final fall revisions.
2024,COST2_2024_FINANCIALAID,COST_FINANCIALAID,GRN4G11,00071927,nces:COST_FINANCIALAID:00071927:GRN4G11,GRN4G11__SFA_P__00071927__F6B3567D4A63,exact_2023_number_name_relocated,nces:SFA_P:00071927:GRN4G11,float,"Number awarded grant and scholarship aid, income level (0-30,000), 2022-23","Number awarded grant and scholarship aid, income level (0-30,000), 2021-22",Original IPEDS202425.accdb SHA256 98e9175e54ba719cf7f0bfcc8e043fac4d11babd1b73ba1701ebbdc23e5470f5; exact physical schema and varTable24; effective source_manifest.json records final fall revisions.
2024,COST2_2024_FINANCIALAID,COST_FINANCIALAID,GRN4T11,00071281,nces:COST_FINANCIALAID:00071281:GRN4T11,GRN4T11,exact_2023_number_name_relocated,nces:SFA_P:00071281:GRN4T11,float,"Total amount of grant and scholarship aid awarded, income level (0-30,000), 2022-23","Total amount of grant and scholarship aid awarded, income level (0-30,000), 2021-22",Original IPEDS202425.accdb SHA256 98e9175e54ba719cf7f0bfcc8e043fac4d11babd1b73ba1701ebbdc23e5470f5; exact physical schema and varTable24; effective source_manifest.json records final fall revisions.
2024,COST2_2024_FINANCIALAID,COST_FINANCIALAID,GRN4A11,00071286,nces:COST_FINANCIALAID:00071286:GRN4A11,GRN4A11,exact_2023_number_name_relocated,nces:SFA_P:00071286:GRN4A11,float,"Average amount of grant and scholarship aid awarded, income level (0-30,000), 2022-23","Average amount of grant and scholarship aid awarded, income level (0-30,000), 2021-22",Original IPEDS202425.accdb SHA256 98e9175e54ba719cf7f0bfcc8e043fac4d11babd1b73ba1701ebbdc23e5470f5; exact physical schema and varTable24; effective source_manifest.json records final fall revisions.
2024,COST2_2024_FINANCIALAID,COST_FINANCIALAID,GRN4N21,00071291,nces:COST_FINANCIALAID:00071291:GRN4N21,GRN4N21,exact_2023_number_name_relocated,nces:SFA_P:00071291:GRN4N21,float,"Number in income level (30,001-48,000), 2022-23","Number in income level (30,001-48,000), 2021-22",Original IPEDS202425.accdb SHA256 98e9175e54ba719cf7f0bfcc8e043fac4d11babd1b73ba1701ebbdc23e5470f5; exact physical schema and varTable24; effective source_manifest.json records final fall revisions.
2024,COST2_2024_FINANCIALAID,COST_FINANCIALAID,GRN4G21,00071932,nces:COST_FINANCIALAID:00071932:GRN4G21,GRN4G21__SFA_P__00071932__C3ED5DAB0C4E,exact_2023_number_name_relocated,nces:SFA_P:00071932:GRN4G21,float,"Number awarded grant and scholarship aid, income level (30,001-48,000), 2022-23","Number awarded grant and scholarship aid, income level (30,001-48,000), 2021-22",Original IPEDS202425.accdb SHA256 98e9175e54ba719cf7f0bfcc8e043fac4d11babd1b73ba1701ebbdc23e5470f5; exact physical schema and varTable24; effective source_manifest.json records final fall revisions.
2024,COST2_2024_FINANCIALAID,COST_FINANCIALAID,GRN4T21,00071296,nces:COST_FINANCIALAID:00071296:GRN4T21,GRN4T21,exact_2023_number_name_relocated,nces:SFA_P:00071296:GRN4T21,float,"Total amount of grant and scholarship aid awarded, income level (30,001-48,000), 2022-23","Total amount of grant and scholarship aid awarded, income level (30,001-48,000), 2021-22",Original IPEDS202425.accdb SHA256 98e9175e54ba719cf7f0bfcc8e043fac4d11babd1b73ba1701ebbdc23e5470f5; exact physical schema and varTable24; effective source_manifest.json records final fall revisions.
2024,COST2_2024_FINANCIALAID,COST_FINANCIALAID,GRN4A21,00071301,nces:COST_FINANCIALAID:00071301:GRN4A21,GRN4A21,exact_2023_number_name_relocated,nces:SFA_P:00071301:GRN4A21,float,"Average amount of grant and scholarship aid awarded, income level (30,001-48,000), 2022-23","Average amount of grant and scholarship aid awarded, income level (30,001-48,000), 2021-22",Original IPEDS202425.accdb SHA256 98e9175e54ba719cf7f0bfcc8e043fac4d11babd1b73ba1701ebbdc23e5470f5; exact physical schema and varTable24; effective source_manifest.json records final fall revisions.
2024,COST2_2024_FINANCIALAID,COST_FINANCIALAID,GRN4N31,00071306,nces:COST_FINANCIALAID:00071306:GRN4N31,GRN4N31,exact_2023_number_name_relocated,nces:SFA_P:00071306:GRN4N31,float,"Number in income level (48,001-75,000), 2022-23","Number in income level (48,001-75,000), 2021-22",Original IPEDS202425.accdb SHA256 98e9175e54ba719cf7f0bfcc8e043fac4d11babd1b73ba1701ebbdc23e5470f5; exact physical schema and varTable24; effective source_manifest.json records final fall revisions.
2024,COST2_2024_FINANCIALAID,COST_FINANCIALAID,GRN4G31,00071937,nces:COST_FINANCIALAID:00071937:GRN4G31,GRN4G31__SFA_P__00071937__2881C960F088,exact_2023_number_name_relocated,nces:SFA_P:00071937:GRN4G31,float,"Number awarded grant and scholarship aid, income level (48,001-75,000), 2022-23","Number awarded grant and scholarship aid, income level (48,001-75,000), 2021-22",Original IPEDS202425.accdb SHA256 98e9175e54ba719cf7f0bfcc8e043fac4d11babd1b73ba1701ebbdc23e5470f5; exact physical schema and varTable24; effective source_manifest.json records final fall revisions.
2024,COST2_2024_FINANCIALAID,COST_FINANCIALAID,GRN4T31,00071311,nces:COST_FINANCIALAID:00071311:GRN4T31,GRN4T31,exact_2023_number_name_relocated,nces:SFA_P:00071311:GRN4T31,float,"Total amount of grant and scholarship aid awarded, income level (48,001-75,000), 2022-23","Total amount of grant and scholarship aid awarded, income level (48,001-75,000), 2021-22",Original IPEDS202425.accdb SHA256 98e9175e54ba719cf7f0bfcc8e043fac4d11babd1b73ba1701ebbdc23e5470f5; exact physical schema and varTable24; effective source_manifest.json records final fall revisions.
2024,COST2_2024_FINANCIALAID,COST_FINANCIALAID,GRN4A31,00071316,nces:COST_FINANCIALAID:00071316:GRN4A31,GRN4A31,exact_2023_number_name_relocated,nces:SFA_P:00071316:GRN4A31,float,"Average amount of grant and scholarship aid awarded, income level (48,001-75,000), 2022-23","Average amount of grant and scholarship aid awarded, income level (48,001-75,000), 2021-22",Original IPEDS202425.accdb SHA256 98e9175e54ba719cf7f0bfcc8e043fac4d11babd1b73ba1701ebbdc23e5470f5; exact physical schema and varTable24; effective source_manifest.json records final fall revisions.
2024,COST2_2024_FINANCIALAID,COST_FINANCIALAID,GRN4N41,00071321,nces:COST_FINANCIALAID:00071321:GRN4N41,GRN4N41,exact_2023_number_name_relocated,nces:SFA_P:00071321:GRN4N41,float,"Number in income level (75,001-110,000), 2022-23","Number in income level (75,001-110,000), 2021-22",Original IPEDS202425.accdb SHA256 98e9175e54ba719cf7f0bfcc8e043fac4d11babd1b73ba1701ebbdc23e5470f5; exact physical schema and varTable24; effective source_manifest.json records final fall revisions.
2024,COST2_2024_FINANCIALAID,COST_FINANCIALAID,GRN4G41,00071942,nces:COST_FINANCIALAID:00071942:GRN4G41,GRN4G41__SFA_P__00071942__3C5656711123,exact_2023_number_name_relocated,nces:SFA_P:00071942:GRN4G41,float,"Number awarded grant and scholarship aid, income level (75,001-110,000), 2022-23","Number awarded grant and scholarship aid, income level (75,001-110,000), 2021-22",Original IPEDS202425.accdb SHA256 98e9175e54ba719cf7f0bfcc8e043fac4d11babd1b73ba1701ebbdc23e5470f5; exact physical schema and varTable24; effective source_manifest.json records final fall revisions.
2024,COST2_2024_FINANCIALAID,COST_FINANCIALAID,GRN4T41,00071326,nces:COST_FINANCIALAID:00071326:GRN4T41,GRN4T41,exact_2023_number_name_relocated,nces:SFA_P:00071326:GRN4T41,float,"Total amount of grant and scholarship aid awarded, income level (75,001-110,000), 2022-23","Total amount of grant and scholarship aid awarded, income level (75,001-110,000), 2021-22",Original IPEDS202425.accdb SHA256 98e9175e54ba719cf7f0bfcc8e043fac4d11babd1b73ba1701ebbdc23e5470f5; exact physical schema and varTable24; effective source_manifest.json records final fall revisions.
2024,COST2_2024_FINANCIALAID,COST_FINANCIALAID,GRN4A41,00071331,nces:COST_FINANCIALAID:00071331:GRN4A41,GRN4A41,exact_2023_number_name_relocated,nces:SFA_P:00071331:GRN4A41,float,"Average amount of grant and scholarship aid awarded, income level (75,001-110,000), 2022-23","Average amount of grant and scholarship aid awarded, income level (75,001-110,000), 2021-22",Original IPEDS202425.accdb SHA256 98e9175e54ba719cf7f0bfcc8e043fac4d11babd1b73ba1701ebbdc23e5470f5; exact physical schema and varTable24; effective source_manifest.json records final fall revisions.
2024,COST2_2024_FINANCIALAID,COST_FINANCIALAID,GRN4N51,00071336,nces:COST_FINANCIALAID:00071336:GRN4N51,GRN4N51,exact_2023_number_name_relocated,nces:SFA_P:00071336:GRN4N51,float,"Number in income level (110,001 or more), 2022-23","Number in income level (110,001 or more), 2021-22",Original IPEDS202425.accdb SHA256 98e9175e54ba719cf7f0bfcc8e043fac4d11babd1b73ba1701ebbdc23e5470f5; exact physical schema and varTable24; effective source_manifest.json records final fall revisions.
2024,COST2_2024_FINANCIALAID,COST_FINANCIALAID,GRN4G51,00071947,nces:COST_FINANCIALAID:00071947:GRN4G51,GRN4G51__SFA_P__00071947__0BE331025E29,exact_2023_number_name_relocated,nces:SFA_P:00071947:GRN4G51,float,"Number awarded grant and scholarship aid, income level (110,001 or more), 2022-23","Number awarded grant and scholarship aid, income level (110,001 or more), 2021-22",Original IPEDS202425.accdb SHA256 98e9175e54ba719cf7f0bfcc8e043fac4d11babd1b73ba1701ebbdc23e5470f5; exact physical schema and varTable24; effective source_manifest.json records final fall revisions.
2024,COST2_2024_FINANCIALAID,COST_FINANCIALAID,GRN4T51,00071341,nces:COST_FINANCIALAID:00071341:GRN4T51,GRN4T51,exact_2023_number_name_relocated,nces:SFA_P:00071341:GRN4T51,float,"Total amount of grant and scholarship aid awarded, income level (110,001 or more), 2022-23","Total amount of grant and scholarship aid awarded, income level (110,001 or more), 2021-22",Original IPEDS202425.accdb SHA256 98e9175e54ba719cf7f0bfcc8e043fac4d11babd1b73ba1701ebbdc23e5470f5; exact physical schema and varTable24; effective source_manifest.json records final fall revisions.
2024,COST2_2024_FINANCIALAID,COST_FINANCIALAID,GRN4A51,00071346,nces:COST_FINANCIALAID:00071346:GRN4A51,GRN4A51,exact_2023_number_name_relocated,nces:SFA_P:00071346:GRN4A51,float,"Average amount of grant and scholarship aid awarded, income level (110,001 or more), 2022-23","Average amount of grant and scholarship aid awarded, income level (110,001 or more), 2021-22",Original IPEDS202425.accdb SHA256 98e9175e54ba719cf7f0bfcc8e043fac4d11babd1b73ba1701ebbdc23e5470f5; exact physical schema and varTable24; effective source_manifest.json records final fall revisions.
2024,COST2_2024_FINANCIALAID,COST_FINANCIALAID,GRN4N0,00071541,nces:COST_FINANCIALAID:00071541:GRN4N0,GRN4N0,exact_2023_number_name_relocated,nces:SFA_P:00071541:GRN4N0,float,"Total number in all income levels, 2021-22","Total number in all income levels, 2020-21",Original IPEDS202425.accdb SHA256 98e9175e54ba719cf7f0bfcc8e043fac4d11babd1b73ba1701ebbdc23e5470f5; exact physical schema and varTable24; effective source_manifest.json records final fall revisions.
2024,COST2_2024_FINANCIALAID,COST_FINANCIALAID,GRN4ON0,00071546,nces:COST_FINANCIALAID:00071546:GRN4ON0,GRN4ON0,exact_2023_number_name_relocated,nces:SFA_P:00071546:GRN4ON0,float,"Number living on-campus in all income levels, 2021-22","Number living on-campus in all income levels, 2020-21",Original IPEDS202425.accdb SHA256 98e9175e54ba719cf7f0bfcc8e043fac4d11babd1b73ba1701ebbdc23e5470f5; exact physical schema and varTable24; effective source_manifest.json records final fall revisions.
2024,COST2_2024_FINANCIALAID,COST_FINANCIALAID,GRN4WF0,00071551,nces:COST_FINANCIALAID:00071551:GRN4WF0,GRN4WF0,exact_2023_number_name_relocated,nces:SFA_P:00071551:GRN4WF0,float,"Number living off-campus with family in all income levels, 2021-22","Number living off-campus with family in all income levels, 2020-21",Original IPEDS202425.accdb SHA256 98e9175e54ba719cf7f0bfcc8e043fac4d11babd1b73ba1701ebbdc23e5470f5; exact physical schema and varTable24; effective source_manifest.json records final fall revisions.
2024,COST2_2024_FINANCIALAID,COST_FINANCIALAID,GRN4OF0,00071556,nces:COST_FINANCIALAID:00071556:GRN4OF0,GRN4OF0,exact_2023_number_name_relocated,nces:SFA_P:00071556:GRN4OF0,float,"Number living off-campus not with family in all income levels, 2021-22","Number living off-campus not with family in all income levels, 2020-21",Original IPEDS202425.accdb SHA256 98e9175e54ba719cf7f0bfcc8e043fac4d11babd1b73ba1701ebbdc23e5470f5; exact physical schema and varTable24; effective source_manifest.json records final fall revisions.
2024,COST2_2024_FINANCIALAID,COST_FINANCIALAID,GRN4UN0,00071561,nces:COST_FINANCIALAID:00071561:GRN4UN0,GRN4UN0,exact_2023_number_name_relocated,nces:SFA_P:00071561:GRN4UN0,float,"Number living arrangement unknown in all income levels, 2021-22","Number living arrangement unknown in all income levels, 2020-21",Original IPEDS202425.accdb SHA256 98e9175e54ba719cf7f0bfcc8e043fac4d11babd1b73ba1701ebbdc23e5470f5; exact physical schema and varTable24; effective source_manifest.json records final fall revisions.
2024,COST2_2024_FINANCIALAID,COST_FINANCIALAID,GRN4G0,00071952,nces:COST_FINANCIALAID:00071952:GRN4G0,GRN4G0__SFA_P__00071952__487A1E2A9E9D,exact_2023_number_name_relocated,nces:SFA_P:00071952:GRN4G0,float,"Number awarded grant and scholarship aid, all income levels, 2021-22","Number awarded grant and scholarship aid, all income levels, 2020-21",Original IPEDS202425.accdb SHA256 98e9175e54ba719cf7f0bfcc8e043fac4d11babd1b73ba1701ebbdc23e5470f5; exact physical schema and varTable24; effective source_manifest.json records final fall revisions.
2024,COST2_2024_FINANCIALAID,COST_FINANCIALAID,GRN4T0,00071566,nces:COST_FINANCIALAID:00071566:GRN4T0,GRN4T0,exact_2023_number_name_relocated,nces:SFA_P:00071566:GRN4T0,float,"Total amount of grant and scholarship aid awarded, all income levels, 2021-22","Total amount of grant and scholarship aid awarded, all income levels, 2020-21",Original IPEDS202425.accdb SHA256 98e9175e54ba719cf7f0bfcc8e043fac4d11babd1b73ba1701ebbdc23e5470f5; exact physical schema and varTable24; effective source_manifest.json records final fall revisions.
2024,COST2_2024_FINANCIALAID,COST_FINANCIALAID,GRN4A0,00071571,nces:COST_FINANCIALAID:00071571:GRN4A0,GRN4A0,exact_2023_number_name_relocated,nces:SFA_P:00071571:GRN4A0,float,"Average amount of grant and scholarship aid awarded, all income levels, 2021-22","Average amount of grant and scholarship aid awarded, all income levels, 2020-21",Original IPEDS202425.accdb SHA256 98e9175e54ba719cf7f0bfcc8e043fac4d11babd1b73ba1701ebbdc23e5470f5; exact physical schema and varTable24; effective source_manifest.json records final fall revisions.
2024,COST2_2024_FINANCIALAID,COST_FINANCIALAID,GRN4N10,00071576,nces:COST_FINANCIALAID:00071576:GRN4N10,GRN4N10,exact_2023_number_name_relocated,nces:SFA_P:00071576:GRN4N10,float,"Number in income level (0-30,000), 2021-22","Number in income level (0-30,000), 2020-21",Original IPEDS202425.accdb SHA256 98e9175e54ba719cf7f0bfcc8e043fac4d11babd1b73ba1701ebbdc23e5470f5; exact physical schema and varTable24; effective source_manifest.json records final fall revisions.
2024,COST2_2024_FINANCIALAID,COST_FINANCIALAID,GRN4G10,00071957,nces:COST_FINANCIALAID:00071957:GRN4G10,GRN4G10__SFA_P__00071957__777D868A08A5,exact_2023_number_name_relocated,nces:SFA_P:00071957:GRN4G10,float,"Number awarded grant and scholarship aid, income level (0-30,000), 2021-22","Number awarded grant and scholarship aid, income level (0-30,000), 2020-21",Original IPEDS202425.accdb SHA256 98e9175e54ba719cf7f0bfcc8e043fac4d11babd1b73ba1701ebbdc23e5470f5; exact physical schema and varTable24; effective source_manifest.json records final fall revisions.
2024,COST2_2024_FINANCIALAID,COST_FINANCIALAID,GRN4T10,00071581,nces:COST_FINANCIALAID:00071581:GRN4T10,GRN4T10,exact_2023_number_name_relocated,nces:SFA_P:00071581:GRN4T10,float,"Total amount of grant and scholarship aid awarded, income level (0-30,000), 2021-22","Total amount of grant and scholarship aid awarded, income level (0-30,000), 2020-21",Original IPEDS202425.accdb SHA256 98e9175e54ba719cf7f0bfcc8e043fac4d11babd1b73ba1701ebbdc23e5470f5; exact physical schema and varTable24; effective source_manifest.json records final fall revisions.
2024,COST2_2024_FINANCIALAID,COST_FINANCIALAID,GRN4A10,00071586,nces:COST_FINANCIALAID:00071586:GRN4A10,GRN4A10,exact_2023_number_name_relocated,nces:SFA_P:00071586:GRN4A10,float,"Average amount of grant and scholarship aid awarded, income level (0-30,000), 2021-22","Average amount of grant and scholarship aid awarded, income level (0-30,000), 2020-21",Original IPEDS202425.accdb SHA256 98e9175e54ba719cf7f0bfcc8e043fac4d11babd1b73ba1701ebbdc23e5470f5; exact physical schema and varTable24; effective source_manifest.json records final fall revisions.
2024,COST2_2024_FINANCIALAID,COST_FINANCIALAID,GRN4N20,00071591,nces:COST_FINANCIALAID:00071591:GRN4N20,GRN4N20,exact_2023_number_name_relocated,nces:SFA_P:00071591:GRN4N20,float,"Number in income level (30,001-48,000), 2021-22","Number in income level (30,001-48,000), 2020-21",Original IPEDS202425.accdb SHA256 98e9175e54ba719cf7f0bfcc8e043fac4d11babd1b73ba1701ebbdc23e5470f5; exact physical schema and varTable24; effective source_manifest.json records final fall revisions.
2024,COST2_2024_FINANCIALAID,COST_FINANCIALAID,GRN4G20,00071962,nces:COST_FINANCIALAID:00071962:GRN4G20,GRN4G20__SFA_P__00071962__17C2BFA61D6E,exact_2023_number_name_relocated,nces:SFA_P:00071962:GRN4G20,float,"Number awarded grant and scholarship aid, income level (30,001-48,000), 2021-22","Number awarded grant and scholarship aid, income level (30,001-48,000), 2020-21",Original IPEDS202425.accdb SHA256 98e9175e54ba719cf7f0bfcc8e043fac4d11babd1b73ba1701ebbdc23e5470f5; exact physical schema and varTable24; effective source_manifest.json records final fall revisions.
2024,COST2_2024_FINANCIALAID,COST_FINANCIALAID,GRN4T20,00071596,nces:COST_FINANCIALAID:00071596:GRN4T20,GRN4T20,exact_2023_number_name_relocated,nces:SFA_P:00071596:GRN4T20,float,"Total amount of grant and scholarship aid awarded, income level (30,001-48,000), 2021-22","Total amount of grant and scholarship aid awarded, income level (30,001-48,000), 2020-21",Original IPEDS202425.accdb SHA256 98e9175e54ba719cf7f0bfcc8e043fac4d11babd1b73ba1701ebbdc23e5470f5; exact physical schema and varTable24; effective source_manifest.json records final fall revisions.
2024,COST2_2024_FINANCIALAID,COST_FINANCIALAID,GRN4A20,00071601,nces:COST_FINANCIALAID:00071601:GRN4A20,GRN4A20,exact_2023_number_name_relocated,nces:SFA_P:00071601:GRN4A20,float,"Average amount of grant and scholarship aid awarded, income level (30,001-48,000), 2021-22","Average amount of grant and scholarship aid awarded, income level (30,001-48,000), 2020-21",Original IPEDS202425.accdb SHA256 98e9175e54ba719cf7f0bfcc8e043fac4d11babd1b73ba1701ebbdc23e5470f5; exact physical schema and varTable24; effective source_manifest.json records final fall revisions.
2024,COST2_2024_FINANCIALAID,COST_FINANCIALAID,GRN4N30,00071606,nces:COST_FINANCIALAID:00071606:GRN4N30,GRN4N30,exact_2023_number_name_relocated,nces:SFA_P:00071606:GRN4N30,float,"Number in income level (48,001-75,000), 2021-22","Number in income level (48,001-75,000), 2020-21",Original IPEDS202425.accdb SHA256 98e9175e54ba719cf7f0bfcc8e043fac4d11babd1b73ba1701ebbdc23e5470f5; exact physical schema and varTable24; effective source_manifest.json records final fall revisions.
2024,COST2_2024_FINANCIALAID,COST_FINANCIALAID,GRN4G30,00071967,nces:COST_FINANCIALAID:00071967:GRN4G30,GRN4G30__SFA_P__00071967__D8A67E9C1E59,exact_2023_number_name_relocated,nces:SFA_P:00071967:GRN4G30,float,"Number awarded grant and scholarship aid, income level (48,001-75,000), 2021-22","Number awarded grant and scholarship aid, income level (48,001-75,000), 2020-21",Original IPEDS202425.accdb SHA256 98e9175e54ba719cf7f0bfcc8e043fac4d11babd1b73ba1701ebbdc23e5470f5; exact physical schema and varTable24; effective source_manifest.json records final fall revisions.
2024,COST2_2024_FINANCIALAID,COST_FINANCIALAID,GRN4T30,00071611,nces:COST_FINANCIALAID:00071611:GRN4T30,GRN4T30,exact_2023_number_name_relocated,nces:SFA_P:00071611:GRN4T30,float,"Total amount of grant and scholarship aid awarded, income level (48,001-75,000), 2021-22","Total amount of grant and scholarship aid awarded, income level (48,001-75,000), 2020-21",Original IPEDS202425.accdb SHA256 98e9175e54ba719cf7f0bfcc8e043fac4d11babd1b73ba1701ebbdc23e5470f5; exact physical schema and varTable24; effective source_manifest.json records final fall revisions.
2024,COST2_2024_FINANCIALAID,COST_FINANCIALAID,GRN4A30,00071616,nces:COST_FINANCIALAID:00071616:GRN4A30,GRN4A30,exact_2023_number_name_relocated,nces:SFA_P:00071616:GRN4A30,float,"Average amount of grant and scholarship aid awarded, income level (48,001-75,000), 2021-22","Average amount of grant and scholarship aid awarded, income level (48,001-75,000), 2020-21",Original IPEDS202425.accdb SHA256 98e9175e54ba719cf7f0bfcc8e043fac4d11babd1b73ba1701ebbdc23e5470f5; exact physical schema and varTable24; effective source_manifest.json records final fall revisions.
2024,COST2_2024_FINANCIALAID,COST_FINANCIALAID,GRN4N40,00071621,nces:COST_FINANCIALAID:00071621:GRN4N40,GRN4N40,exact_2023_number_name_relocated,nces:SFA_P:00071621:GRN4N40,float,"Number in income level (75,001-110,000), 2021-22","Number in income level (75,001-110,000), 2020-21",Original IPEDS202425.accdb SHA256 98e9175e54ba719cf7f0bfcc8e043fac4d11babd1b73ba1701ebbdc23e5470f5; exact physical schema and varTable24; effective source_manifest.json records final fall revisions.
2024,COST2_2024_FINANCIALAID,COST_FINANCIALAID,GRN4G40,00071972,nces:COST_FINANCIALAID:00071972:GRN4G40,GRN4G40__SFA_P__00071972__61D5CFD37777,exact_2023_number_name_relocated,nces:SFA_P:00071972:GRN4G40,float,"Number awarded grant and scholarship aid, income level (75,001-110,000), 2021-22","Number awarded grant and scholarship aid, income level (75,001-110,000), 2020-21",Original IPEDS202425.accdb SHA256 98e9175e54ba719cf7f0bfcc8e043fac4d11babd1b73ba1701ebbdc23e5470f5; exact physical schema and varTable24; effective source_manifest.json records final fall revisions.
2024,COST2_2024_FINANCIALAID,COST_FINANCIALAID,GRN4T40,00071626,nces:COST_FINANCIALAID:00071626:GRN4T40,GRN4T40,exact_2023_number_name_relocated,nces:SFA_P:00071626:GRN4T40,float,"Total amount of grant and scholarship aid awarded, income level (75,001-110,000), 2021-22","Total amount of grant and scholarship aid awarded, income level (75,001-110,000), 2020-21",Original IPEDS202425.accdb SHA256 98e9175e54ba719cf7f0bfcc8e043fac4d11babd1b73ba1701ebbdc23e5470f5; exact physical schema and varTable24; effective source_manifest.json records final fall revisions.
2024,COST2_2024_FINANCIALAID,COST_FINANCIALAID,GRN4A40,00071631,nces:COST_FINANCIALAID:00071631:GRN4A40,GRN4A40,exact_2023_number_name_relocated,nces:SFA_P:00071631:GRN4A40,float,"Average amount of grant and scholarship aid awarded, income level (75,001-110,000), 2021-22","Average amount of grant and scholarship aid awarded, income level (75,001-110,000), 2020-21",Original IPEDS202425.accdb SHA256 98e9175e54ba719cf7f0bfcc8e043fac4d11babd1b73ba1701ebbdc23e5470f5; exact physical schema and varTable24; effective source_manifest.json records final fall revisions.
2024,COST2_2024_FINANCIALAID,COST_FINANCIALAID,GRN4N50,00071636,nces:COST_FINANCIALAID:00071636:GRN4N50,GRN4N50,exact_2023_number_name_relocated,nces:SFA_P:00071636:GRN4N50,float,"Number in income level (110,001 or more), 2021-22","Number in income level (110,001 or more), 2020-21",Original IPEDS202425.accdb SHA256 98e9175e54ba719cf7f0bfcc8e043fac4d11babd1b73ba1701ebbdc23e5470f5; exact physical schema and varTable24; effective source_manifest.json records final fall revisions.
2024,COST2_2024_FINANCIALAID,COST_FINANCIALAID,GRN4G50,00071977,nces:COST_FINANCIALAID:00071977:GRN4G50,GRN4G50__SFA_P__00071977__FF620E8671D7,exact_2023_number_name_relocated,nces:SFA_P:00071977:GRN4G50,float,"Number awarded grant and scholarship aid, income level (110,001 or more), 2021-22","Number awarded grant and scholarship aid, income level (110,001 or more), 2020-21",Original IPEDS202425.accdb SHA256 98e9175e54ba719cf7f0bfcc8e043fac4d11babd1b73ba1701ebbdc23e5470f5; exact physical schema and varTable24; effective source_manifest.json records final fall revisions.
2024,COST2_2024_FINANCIALAID,COST_FINANCIALAID,GRN4T50,00071641,nces:COST_FINANCIALAID:00071641:GRN4T50,GRN4T50,exact_2023_number_name_relocated,nces:SFA_P:00071641:GRN4T50,float,"Total amount of grant and scholarship aid awarded, income level (110,001 or more), 2021-22","Total amount of grant and scholarship aid awarded, income level (110,001 or more), 2020-21",Original IPEDS202425.accdb SHA256 98e9175e54ba719cf7f0bfcc8e043fac4d11babd1b73ba1701ebbdc23e5470f5; exact physical schema and varTable24; effective source_manifest.json records final fall revisions.
2024,COST2_2024_FINANCIALAID,COST_FINANCIALAID,GRN4A50,00071646,nces:COST_FINANCIALAID:00071646:GRN4A50,GRN4A50,exact_2023_number_name_relocated,nces:SFA_P:00071646:GRN4A50,float,"Average amount of grant and scholarship aid awarded, income level (110,001 or more), 2021-22","Average amount of grant and scholarship aid awarded, income level (110,001 or more), 2020-21",Original IPEDS202425.accdb SHA256 98e9175e54ba719cf7f0bfcc8e043fac4d11babd1b73ba1701ebbdc23e5470f5; exact physical schema and varTable24; effective source_manifest.json records final fall revisions.
2024,COST2_2024_NETPRICE,COST_NETPRICE,COAISGS2,00073101,nces:COST_NETPRICE:00073101:COAISGS2,COAISGS2,new_2024_identity,,float,"Total cost of attendance -students awarded grant and scholarsip aid, 2023-24",,Original IPEDS202425.accdb SHA256 98e9175e54ba719cf7f0bfcc8e043fac4d11babd1b73ba1701ebbdc23e5470f5; exact physical schema and varTable24; effective source_manifest.json records final fall revisions.
2024,COST2_2024_NETPRICE,COST_NETPRICE,COAISGS1,00073106,nces:COST_NETPRICE:00073106:COAISGS1,COAISGS1,new_2024_identity,,float,"Total cost of attendance -students awarded grant and scholarsip aid, 2022-23",,Original IPEDS202425.accdb SHA256 98e9175e54ba719cf7f0bfcc8e043fac4d11babd1b73ba1701ebbdc23e5470f5; exact physical schema and varTable24; effective source_manifest.json records final fall revisions.
2024,COST2_2024_NETPRICE,COST_NETPRICE,COAISGS0,00073111,nces:COST_NETPRICE:00073111:COAISGS0,COAISGS0,new_2024_identity,,float,"Total cost of attendance -students awarded grant and scholarsip aid, 2021-22",,Original IPEDS202425.accdb SHA256 98e9175e54ba719cf7f0bfcc8e043fac4d11babd1b73ba1701ebbdc23e5470f5; exact physical schema and varTable24; effective source_manifest.json records final fall revisions.
2024,COST2_2024_NETPRICE,COST_NETPRICE,NPIST2,00070711,nces:COST_NETPRICE:00070711:NPIST2,NPIST2,exact_2023_number_name_relocated,nces:SFA_P:00070711:NPIST2,float,"Average net price-students awarded grant or scholarship aid, 2023-24","Average net price-students awarded grant or scholarship aid, 2022-23",Original IPEDS202425.accdb SHA256 98e9175e54ba719cf7f0bfcc8e043fac4d11babd1b73ba1701ebbdc23e5470f5; exact physical schema and varTable24; effective source_manifest.json records final fall revisions.
2024,COST2_2024_NETPRICE,COST_NETPRICE,NPIST1,00070716,nces:COST_NETPRICE:00070716:NPIST1,NPIST1,exact_2023_number_name_relocated,nces:SFA_P:00070716:NPIST1,float,"Average net price-students awarded grant or scholarship aid, 2022-23","Average net price-students awarded grant or scholarship aid, 2021-22",Original IPEDS202425.accdb SHA256 98e9175e54ba719cf7f0bfcc8e043fac4d11babd1b73ba1701ebbdc23e5470f5; exact physical schema and varTable24; effective source_manifest.json records final fall revisions.
2024,COST2_2024_NETPRICE,COST_NETPRICE,NPIST0,00070721,nces:COST_NETPRICE:00070721:NPIST0,NPIST0,exact_2023_number_name_relocated,nces:SFA_P:00070721:NPIST0,float,"Average net price-students awarded grant or scholarship aid, 2021-22","Average net price-students awarded grant or scholarship aid, 2020-21",Original IPEDS202425.accdb SHA256 98e9175e54ba719cf7f0bfcc8e043fac4d11babd1b73ba1701ebbdc23e5470f5; exact physical schema and varTable24; effective source_manifest.json records final fall revisions.
2024,COST2_2024_NETPRICE,COST_NETPRICE,COAIST42,00073116,nces:COST_NETPRICE:00073116:COAIST42,COAIST42,new_2024_identity,,float,"Total cost of attendance -students awarded Title IV federal financial aid, 2023-24",,Original IPEDS202425.accdb SHA256 98e9175e54ba719cf7f0bfcc8e043fac4d11babd1b73ba1701ebbdc23e5470f5; exact physical schema and varTable24; effective source_manifest.json records final fall revisions.
2024,COST2_2024_NETPRICE,COST_NETPRICE,COAIST41,00073121,nces:COST_NETPRICE:00073121:COAIST41,COAIST41,new_2024_identity,,float,"Total cost of attendance -students awarded Title IV federal financial aid, 2022-23",,Original IPEDS202425.accdb SHA256 98e9175e54ba719cf7f0bfcc8e043fac4d11babd1b73ba1701ebbdc23e5470f5; exact physical schema and varTable24; effective source_manifest.json records final fall revisions.
2024,COST2_2024_NETPRICE,COST_NETPRICE,COAIST40,00073126,nces:COST_NETPRICE:00073126:COAIST40,COAIST40,new_2024_identity,,float,"Total cost of attendance -students awarded Title IV federal financial aid, 2021-22",,Original IPEDS202425.accdb SHA256 98e9175e54ba719cf7f0bfcc8e043fac4d11babd1b73ba1701ebbdc23e5470f5; exact physical schema and varTable24; effective source_manifest.json records final fall revisions.
2024,COST2_2024_NETPRICE,COST_NETPRICE,NPIS412,00070726,nces:COST_NETPRICE:00070726:NPIS412,NPIS412,exact_2023_number_name_relocated,nces:SFA_P:00070726:NPIS412,float,"Average net price (income 0-30,000)-students awarded Title IV federal financial aid, 2023-24","Average net price (income 0-30,000)-students awarded Title IV federal financial aid, 2022-23",Original IPEDS202425.accdb SHA256 98e9175e54ba719cf7f0bfcc8e043fac4d11babd1b73ba1701ebbdc23e5470f5; exact physical schema and varTable24; effective source_manifest.json records final fall revisions.
2024,COST2_2024_NETPRICE,COST_NETPRICE,NPIS422,00070731,nces:COST_NETPRICE:00070731:NPIS422,NPIS422,exact_2023_number_name_relocated,nces:SFA_P:00070731:NPIS422,float,"Average net price (income 30,001-48,000)-students awarded Title IV federal financial aid, 2023-24","Average net price (income 30,001-48,000)-students awarded Title IV federal financial aid, 2022-23",Original IPEDS202425.accdb SHA256 98e9175e54ba719cf7f0bfcc8e043fac4d11babd1b73ba1701ebbdc23e5470f5; exact physical schema and varTable24; effective source_manifest.json records final fall revisions.
2024,COST2_2024_NETPRICE,COST_NETPRICE,NPIS432,00070736,nces:COST_NETPRICE:00070736:NPIS432,NPIS432,exact_2023_number_name_relocated,nces:SFA_P:00070736:NPIS432,float,"Average net price (income 48,001-75,000)-students awarded Title IV federal financial aid, 2023-24","Average net price (income 48,001-75,000)-students awarded Title IV federal financial aid, 2022-23",Original IPEDS202425.accdb SHA256 98e9175e54ba719cf7f0bfcc8e043fac4d11babd1b73ba1701ebbdc23e5470f5; exact physical schema and varTable24; effective source_manifest.json records final fall revisions.
2024,COST2_2024_NETPRICE,COST_NETPRICE,NPIS442,00070741,nces:COST_NETPRICE:00070741:NPIS442,NPIS442,exact_2023_number_name_relocated,nces:SFA_P:00070741:NPIS442,float,"Average net price (income 75,001-110,000)-students awarded Title IV federal financial aid, 2023-24","Average net price (income 75,001-110,000)-students awarded Title IV federal financial aid, 2022-23",Original IPEDS202425.accdb SHA256 98e9175e54ba719cf7f0bfcc8e043fac4d11babd1b73ba1701ebbdc23e5470f5; exact physical schema and varTable24; effective source_manifest.json records final fall revisions.
2024,COST2_2024_NETPRICE,COST_NETPRICE,NPIS452,00070746,nces:COST_NETPRICE:00070746:NPIS452,NPIS452,exact_2023_number_name_relocated,nces:SFA_P:00070746:NPIS452,float,"Average net price (income over 110,000)-students awarded Title IV federal financial aid, 2023-24","Average net price (income over 110,000)-students awarded Title IV federal financial aid, 2022-23",Original IPEDS202425.accdb SHA256 98e9175e54ba719cf7f0bfcc8e043fac4d11babd1b73ba1701ebbdc23e5470f5; exact physical schema and varTable24; effective source_manifest.json records final fall revisions.
2024,COST2_2024_NETPRICE,COST_NETPRICE,NPIS42,00073131,nces:COST_NETPRICE:00073131:NPIS42,NPIS42,new_2024_identity,,float,"Average net price - all students awarded Title IV federal financial aid, 2023-24",,Original IPEDS202425.accdb SHA256 98e9175e54ba719cf7f0bfcc8e043fac4d11babd1b73ba1701ebbdc23e5470f5; exact physical schema and varTable24; effective source_manifest.json records final fall revisions.
2024,COST2_2024_NETPRICE,COST_NETPRICE,NPIS411,00071216,nces:COST_NETPRICE:00071216:NPIS411,NPIS411,exact_2023_number_name_relocated,nces:SFA_P:00071216:NPIS411,float,"Average net price (income 0-30,000)-students awarded Title IV federal financial aid, 2022-23","Average net price (income 0-30,000)-students awarded Title IV federal financial aid, 2021-22",Original IPEDS202425.accdb SHA256 98e9175e54ba719cf7f0bfcc8e043fac4d11babd1b73ba1701ebbdc23e5470f5; exact physical schema and varTable24; effective source_manifest.json records final fall revisions.
2024,COST2_2024_NETPRICE,COST_NETPRICE,NPIS421,00071221,nces:COST_NETPRICE:00071221:NPIS421,NPIS421,exact_2023_number_name_relocated,nces:SFA_P:00071221:NPIS421,float,"Average net price (income 30,001-48,000)-students awarded Title IV federal financial aid, 2022-23","Average net price (income 30,001-48,000)-students awarded Title IV federal financial aid, 2021-22",Original IPEDS202425.accdb SHA256 98e9175e54ba719cf7f0bfcc8e043fac4d11babd1b73ba1701ebbdc23e5470f5; exact physical schema and varTable24; effective source_manifest.json records final fall revisions.
2024,COST2_2024_NETPRICE,COST_NETPRICE,NPIS431,00071226,nces:COST_NETPRICE:00071226:NPIS431,NPIS431,exact_2023_number_name_relocated,nces:SFA_P:00071226:NPIS431,float,"Average net price (income 48,001-75,000)-students awarded Title IV federal financial aid, 2022-23","Average net price (income 48,001-75,000)-students awarded Title IV federal financial aid, 2021-22",Original IPEDS202425.accdb SHA256 98e9175e54ba719cf7f0bfcc8e043fac4d11babd1b73ba1701ebbdc23e5470f5; exact physical schema and varTable24; effective source_manifest.json records final fall revisions.
2024,COST2_2024_NETPRICE,COST_NETPRICE,NPIS441,00071231,nces:COST_NETPRICE:00071231:NPIS441,NPIS441,exact_2023_number_name_relocated,nces:SFA_P:00071231:NPIS441,float,"Average net price (income 75,001-110,000)-students awarded Title IV federal financial aid, 2022-23","Average net price (income 75,001-110,000)-students awarded Title IV federal financial aid, 2021-22",Original IPEDS202425.accdb SHA256 98e9175e54ba719cf7f0bfcc8e043fac4d11babd1b73ba1701ebbdc23e5470f5; exact physical schema and varTable24; effective source_manifest.json records final fall revisions.
2024,COST2_2024_NETPRICE,COST_NETPRICE,NPIS451,00071236,nces:COST_NETPRICE:00071236:NPIS451,NPIS451,exact_2023_number_name_relocated,nces:SFA_P:00071236:NPIS451,float,"Average net price (income over 110,000)-students awarded Title IV federal financial aid, 2022-23","Average net price (income over 110,000)-students awarded Title IV federal financial aid, 2021-22",Original IPEDS202425.accdb SHA256 98e9175e54ba719cf7f0bfcc8e043fac4d11babd1b73ba1701ebbdc23e5470f5; exact physical schema and varTable24; effective source_manifest.json records final fall revisions.
2024,COST2_2024_NETPRICE,COST_NETPRICE,NPIS41,00073136,nces:COST_NETPRICE:00073136:NPIS41,NPIS41,new_2024_identity,,float,"Average net price - all students awarded Title IV federal financial aid, 2022-23",,Original IPEDS202425.accdb SHA256 98e9175e54ba719cf7f0bfcc8e043fac4d11babd1b73ba1701ebbdc23e5470f5; exact physical schema and varTable24; effective source_manifest.json records final fall revisions.
2024,COST2_2024_NETPRICE,COST_NETPRICE,NPIS410,00071516,nces:COST_NETPRICE:00071516:NPIS410,NPIS410,exact_2023_number_name_relocated,nces:SFA_P:00071516:NPIS410,float,"Average net price (income 0-30,000)-students awarded Title IV federal financial aid, 2021-22","Average net price (income 0-30,000)-students awarded Title IV federal financial aid, 2020-21",Original IPEDS202425.accdb SHA256 98e9175e54ba719cf7f0bfcc8e043fac4d11babd1b73ba1701ebbdc23e5470f5; exact physical schema and varTable24; effective source_manifest.json records final fall revisions.
2024,COST2_2024_NETPRICE,COST_NETPRICE,NPIS420,00071521,nces:COST_NETPRICE:00071521:NPIS420,NPIS420,exact_2023_number_name_relocated,nces:SFA_P:00071521:NPIS420,float,"Average net price (income 30,001-48,000)-students awarded Title IV federal financial aid, 2021-22","Average net price (income 30,001-48,000)-students awarded Title IV federal financial aid, 2020-21",Original IPEDS202425.accdb SHA256 98e9175e54ba719cf7f0bfcc8e043fac4d11babd1b73ba1701ebbdc23e5470f5; exact physical schema and varTable24; effective source_manifest.json records final fall revisions.
2024,COST2_2024_NETPRICE,COST_NETPRICE,NPIS430,00071526,nces:COST_NETPRICE:00071526:NPIS430,NPIS430,exact_2023_number_name_relocated,nces:SFA_P:00071526:NPIS430,float,"Average net price (income 48,001-75,000)-students awarded Title IV federal financial aid, 2021-22","Average net price (income 48,001-75,000)-students awarded Title IV federal financial aid, 2020-21",Original IPEDS202425.accdb SHA256 98e9175e54ba719cf7f0bfcc8e043fac4d11babd1b73ba1701ebbdc23e5470f5; exact physical schema and varTable24; effective source_manifest.json records final fall revisions.
2024,COST2_2024_NETPRICE,COST_NETPRICE,NPIS440,00071531,nces:COST_NETPRICE:00071531:NPIS440,NPIS440,exact_2023_number_name_relocated,nces:SFA_P:00071531:NPIS440,float,"Average net price (income 75,001-110,000)-students awarded Title IV federal financial aid, 2021-22","Average net price (income 75,001-110,000)-students awarded Title IV federal financial aid, 2020-21",Original IPEDS202425.accdb SHA256 98e9175e54ba719cf7f0bfcc8e043fac4d11babd1b73ba1701ebbdc23e5470f5; exact physical schema and varTable24; effective source_manifest.json records final fall revisions.
2024,COST2_2024_NETPRICE,COST_NETPRICE,NPIS450,00071536,nces:COST_NETPRICE:00071536:NPIS450,NPIS450,exact_2023_number_name_relocated,nces:SFA_P:00071536:NPIS450,float,"Average net price (income over 110,000)-students awarded Title IV federal financial aid, 2021-22","Average net price (income over 110,000)-students awarded Title IV federal financial aid, 2020-21",Original IPEDS202425.accdb SHA256 98e9175e54ba719cf7f0bfcc8e043fac4d11babd1b73ba1701ebbdc23e5470f5; exact physical schema and varTable24; effective source_manifest.json records final fall revisions.
2024,COST2_2024_NETPRICE,COST_NETPRICE,NPIS40,00073141,nces:COST_NETPRICE:00073141:NPIS40,NPIS40,new_2024_identity,,float,"Average net price - all students awarded Title IV federal financial aid, 2021-22",,Original IPEDS202425.accdb SHA256 98e9175e54ba719cf7f0bfcc8e043fac4d11babd1b73ba1701ebbdc23e5470f5; exact physical schema and varTable24; effective source_manifest.json records final fall revisions.
2024,COST2_2024_NETPRICE,COST_NETPRICE,COAGS2,00073146,nces:COST_NETPRICE:00073146:COAGS2,COAGS2,new_2024_identity,,float,"Total cost of attendance-students awarded grant or scholarship aid, 2023-24",,Original IPEDS202425.accdb SHA256 98e9175e54ba719cf7f0bfcc8e043fac4d11babd1b73ba1701ebbdc23e5470f5; exact physical schema and varTable24; effective source_manifest.json records final fall revisions.
2024,COST2_2024_NETPRICE,COST_NETPRICE,COAGS1,00073151,nces:COST_NETPRICE:00073151:COAGS1,COAGS1,new_2024_identity,,float,"Total cost of attendance-students awarded grant or scholarship aid, 2022-23",,Original IPEDS202425.accdb SHA256 98e9175e54ba719cf7f0bfcc8e043fac4d11babd1b73ba1701ebbdc23e5470f5; exact physical schema and varTable24; effective source_manifest.json records final fall revisions.
2024,COST2_2024_NETPRICE,COST_NETPRICE,COAGS0,00073156,nces:COST_NETPRICE:00073156:COAGS0,COAGS0,new_2024_identity,,float,"Total cost of attendance-students awarded grant or scholarship aid, 2021-22",,Original IPEDS202425.accdb SHA256 98e9175e54ba719cf7f0bfcc8e043fac4d11babd1b73ba1701ebbdc23e5470f5; exact physical schema and varTable24; effective source_manifest.json records final fall revisions.
2024,COST2_2024_NETPRICE,COST_NETPRICE,NPGRN2,00070966,nces:COST_NETPRICE:00070966:NPGRN2,NPGRN2,exact_2023_number_name_relocated,nces:SFA_P:00070966:NPGRN2,float,"Average net price-students awarded grant or scholarship aid, 2023-24","Average net price-students awarded grant or scholarship aid, 2022-23",Original IPEDS202425.accdb SHA256 98e9175e54ba719cf7f0bfcc8e043fac4d11babd1b73ba1701ebbdc23e5470f5; exact physical schema and varTable24; effective source_manifest.json records final fall revisions.
2024,COST2_2024_NETPRICE,COST_NETPRICE,NPGRN1,00070971,nces:COST_NETPRICE:00070971:NPGRN1,NPGRN1,exact_2023_number_name_relocated,nces:SFA_P:00070971:NPGRN1,float,"Average net price-students awarded grant or scholarship aid, 2022-23","Average net price-students awarded grant or scholarship aid, 2021-22",Original IPEDS202425.accdb SHA256 98e9175e54ba719cf7f0bfcc8e043fac4d11babd1b73ba1701ebbdc23e5470f5; exact physical schema and varTable24; effective source_manifest.json records final fall revisions.
2024,COST2_2024_NETPRICE,COST_NETPRICE,NPGRN0,00070976,nces:COST_NETPRICE:00070976:NPGRN0,NPGRN0,exact_2023_number_name_relocated,nces:SFA_P:00070976:NPGRN0,float,"Average net price-students awarded grant or scholarship aid, 2021-22","Average net price-students awarded grant or scholarship aid, 2020-21",Original IPEDS202425.accdb SHA256 98e9175e54ba719cf7f0bfcc8e043fac4d11babd1b73ba1701ebbdc23e5470f5; exact physical schema and varTable24; effective source_manifest.json records final fall revisions.
2024,COST2_2024_NETPRICE,COST_NETPRICE,COAT42,00073161,nces:COST_NETPRICE:00073161:COAT42,COAT42,new_2024_identity,,float,"Total cost of attendance-students awarded Title IV federal financial aid, 2023-24",,Original IPEDS202425.accdb SHA256 98e9175e54ba719cf7f0bfcc8e043fac4d11babd1b73ba1701ebbdc23e5470f5; exact physical schema and varTable24; effective source_manifest.json records final fall revisions.
2024,COST2_2024_NETPRICE,COST_NETPRICE,COAT41,00073166,nces:COST_NETPRICE:00073166:COAT41,COAT41,new_2024_identity,,float,"Total cost of attendance-students awarded Title IV federal financial aid, 2022-23",,Original IPEDS202425.accdb SHA256 98e9175e54ba719cf7f0bfcc8e043fac4d11babd1b73ba1701ebbdc23e5470f5; exact physical schema and varTable24; effective source_manifest.json records final fall revisions.
2024,COST2_2024_NETPRICE,COST_NETPRICE,COAT40,00073171,nces:COST_NETPRICE:00073171:COAT40,COAT40,new_2024_identity,,float,"Total cost of attendance-students awarded Title IV federal financial aid, 2021-22",,Original IPEDS202425.accdb SHA256 98e9175e54ba719cf7f0bfcc8e043fac4d11babd1b73ba1701ebbdc23e5470f5; exact physical schema and varTable24; effective source_manifest.json records final fall revisions.
2024,COST2_2024_NETPRICE,COST_NETPRICE,NPT412,00070981,nces:COST_NETPRICE:00070981:NPT412,NPT412,exact_2023_number_name_relocated,nces:SFA_P:00070981:NPT412,float,"Average net price (income 0-30,000)-students awarded Title IV federal financial aid, 2023-24","Average net price (income 0-30,000)-students awarded Title IV federal financial aid, 2022-23",Original IPEDS202425.accdb SHA256 98e9175e54ba719cf7f0bfcc8e043fac4d11babd1b73ba1701ebbdc23e5470f5; exact physical schema and varTable24; effective source_manifest.json records final fall revisions.
2024,COST2_2024_NETPRICE,COST_NETPRICE,NPT422,00070986,nces:COST_NETPRICE:00070986:NPT422,NPT422,exact_2023_number_name_relocated,nces:SFA_P:00070986:NPT422,float,"Average net price (income 30,001-48,000)-students awarded Title IV federal financial aid, 2023-24","Average net price (income 30,001-48,000)-students awarded Title IV federal financial aid, 2022-23",Original IPEDS202425.accdb SHA256 98e9175e54ba719cf7f0bfcc8e043fac4d11babd1b73ba1701ebbdc23e5470f5; exact physical schema and varTable24; effective source_manifest.json records final fall revisions.
2024,COST2_2024_NETPRICE,COST_NETPRICE,NPT432,00070991,nces:COST_NETPRICE:00070991:NPT432,NPT432,exact_2023_number_name_relocated,nces:SFA_P:00070991:NPT432,float,"Average net price (income 48,001-75,000)-students awarded Title IV federal financial aid, 2023-24","Average net price (income 48,001-75,000)-students awarded Title IV federal financial aid, 2022-23",Original IPEDS202425.accdb SHA256 98e9175e54ba719cf7f0bfcc8e043fac4d11babd1b73ba1701ebbdc23e5470f5; exact physical schema and varTable24; effective source_manifest.json records final fall revisions.
2024,COST2_2024_NETPRICE,COST_NETPRICE,NPT442,00070996,nces:COST_NETPRICE:00070996:NPT442,NPT442,exact_2023_number_name_relocated,nces:SFA_P:00070996:NPT442,float,"Average net price (income 75,001-110,000)-students awarded Title IV federal financial aid, 2023-24","Average net price (income 75,001-110,000)-students awarded Title IV federal financial aid, 2022-23",Original IPEDS202425.accdb SHA256 98e9175e54ba719cf7f0bfcc8e043fac4d11babd1b73ba1701ebbdc23e5470f5; exact physical schema and varTable24; effective source_manifest.json records final fall revisions.
2024,COST2_2024_NETPRICE,COST_NETPRICE,NPT452,00071001,nces:COST_NETPRICE:00071001:NPT452,NPT452,exact_2023_number_name_relocated,nces:SFA_P:00071001:NPT452,float,"Average net price (income over 110,000)-students awarded Title IV federal financial aid, 2023-24","Average net price (income over 110,000)-students awarded Title IV federal financial aid, 2022-23",Original IPEDS202425.accdb SHA256 98e9175e54ba719cf7f0bfcc8e043fac4d11babd1b73ba1701ebbdc23e5470f5; exact physical schema and varTable24; effective source_manifest.json records final fall revisions.
2024,COST2_2024_NETPRICE,COST_NETPRICE,NPT42,00073176,nces:COST_NETPRICE:00073176:NPT42,NPT42,new_2024_identity,,float,"Average net price -all students awarded Title IV federal financial aid, 2023-24",,Original IPEDS202425.accdb SHA256 98e9175e54ba719cf7f0bfcc8e043fac4d11babd1b73ba1701ebbdc23e5470f5; exact physical schema and varTable24; effective source_manifest.json records final fall revisions.
2024,COST2_2024_NETPRICE,COST_NETPRICE,NPT411,00071351,nces:COST_NETPRICE:00071351:NPT411,NPT411,exact_2023_number_name_relocated,nces:SFA_P:00071351:NPT411,float,"Average net price (income 0-30,000)-students awarded Title IV federal financial aid, 2022-23","Average net price (income 0-30,000)-students awarded Title IV federal financial aid, 2021-22",Original IPEDS202425.accdb SHA256 98e9175e54ba719cf7f0bfcc8e043fac4d11babd1b73ba1701ebbdc23e5470f5; exact physical schema and varTable24; effective source_manifest.json records final fall revisions.
2024,COST2_2024_NETPRICE,COST_NETPRICE,NPT421,00071356,nces:COST_NETPRICE:00071356:NPT421,NPT421,exact_2023_number_name_relocated,nces:SFA_P:00071356:NPT421,float,"Average net price (income 30,001-48,000)-students awarded Title IV federal financial aid, 2022-23","Average net price (income 30,001-48,000)-students awarded Title IV federal financial aid, 2021-22",Original IPEDS202425.accdb SHA256 98e9175e54ba719cf7f0bfcc8e043fac4d11babd1b73ba1701ebbdc23e5470f5; exact physical schema and varTable24; effective source_manifest.json records final fall revisions.
2024,COST2_2024_NETPRICE,COST_NETPRICE,NPT431,00071361,nces:COST_NETPRICE:00071361:NPT431,NPT431,exact_2023_number_name_relocated,nces:SFA_P:00071361:NPT431,float,"Average net price (income 48,001-75,000)-students awarded Title IV federal financial aid, 2022-23","Average net price (income 48,001-75,000)-students awarded Title IV federal financial aid, 2021-22",Original IPEDS202425.accdb SHA256 98e9175e54ba719cf7f0bfcc8e043fac4d11babd1b73ba1701ebbdc23e5470f5; exact physical schema and varTable24; effective source_manifest.json records final fall revisions.
2024,COST2_2024_NETPRICE,COST_NETPRICE,NPT441,00071366,nces:COST_NETPRICE:00071366:NPT441,NPT441,exact_2023_number_name_relocated,nces:SFA_P:00071366:NPT441,float,"Average net price (income 75,001-110,000)-students awarded Title IV federal financial aid, 2022-23","Average net price (income 75,001-110,000)-students awarded Title IV federal financial aid, 2021-22",Original IPEDS202425.accdb SHA256 98e9175e54ba719cf7f0bfcc8e043fac4d11babd1b73ba1701ebbdc23e5470f5; exact physical schema and varTable24; effective source_manifest.json records final fall revisions.
2024,COST2_2024_NETPRICE,COST_NETPRICE,NPT451,00071371,nces:COST_NETPRICE:00071371:NPT451,NPT451,exact_2023_number_name_relocated,nces:SFA_P:00071371:NPT451,float,"Average net price (income over 110,000)-students awarded Title IV federal financial aid, 2022-23","Average net price (income over 110,000)-students awarded Title IV federal financial aid, 2021-22",Original IPEDS202425.accdb SHA256 98e9175e54ba719cf7f0bfcc8e043fac4d11babd1b73ba1701ebbdc23e5470f5; exact physical schema and varTable24; effective source_manifest.json records final fall revisions.
2024,COST2_2024_NETPRICE,COST_NETPRICE,NPT41,00073181,nces:COST_NETPRICE:00073181:NPT41,NPT41,new_2024_identity,,float,"Average net price -all students awarded Title IV federal financial aid, 2022-23",,Original IPEDS202425.accdb SHA256 98e9175e54ba719cf7f0bfcc8e043fac4d11babd1b73ba1701ebbdc23e5470f5; exact physical schema and varTable24; effective source_manifest.json records final fall revisions.
2024,COST2_2024_NETPRICE,COST_NETPRICE,NPT410,00071651,nces:COST_NETPRICE:00071651:NPT410,NPT410,exact_2023_number_name_relocated,nces:SFA_P:00071651:NPT410,float,"Average net price (income 0-30,000)-students awarded Title IV federal financial aid, 2021-22","Average net price (income 0-30,000)-students awarded Title IV federal financial aid, 2020-21",Original IPEDS202425.accdb SHA256 98e9175e54ba719cf7f0bfcc8e043fac4d11babd1b73ba1701ebbdc23e5470f5; exact physical schema and varTable24; effective source_manifest.json records final fall revisions.
2024,COST2_2024_NETPRICE,COST_NETPRICE,NPT420,00071656,nces:COST_NETPRICE:00071656:NPT420,NPT420,exact_2023_number_name_relocated,nces:SFA_P:00071656:NPT420,float,"Average net price (income 30,001-48,000)-students awarded Title IV federal financial aid, 2021-22","Average net price (income 30,001-48,000)-students awarded Title IV federal financial aid, 2020-21",Original IPEDS202425.accdb SHA256 98e9175e54ba719cf7f0bfcc8e043fac4d11babd1b73ba1701ebbdc23e5470f5; exact physical schema and varTable24; effective source_manifest.json records final fall revisions.
2024,COST2_2024_NETPRICE,COST_NETPRICE,NPT430,00071661,nces:COST_NETPRICE:00071661:NPT430,NPT430,exact_2023_number_name_relocated,nces:SFA_P:00071661:NPT430,float,"Average net price (income 48,001-75,000)-students awarded Title IV federal financial aid, 2021-22","Average net price (income 48,001-75,000)-students awarded Title IV federal financial aid, 2020-21",Original IPEDS202425.accdb SHA256 98e9175e54ba719cf7f0bfcc8e043fac4d11babd1b73ba1701ebbdc23e5470f5; exact physical schema and varTable24; effective source_manifest.json records final fall revisions.
2024,COST2_2024_NETPRICE,COST_NETPRICE,NPT440,00071666,nces:COST_NETPRICE:00071666:NPT440,NPT440,exact_2023_number_name_relocated,nces:SFA_P:00071666:NPT440,float,"Average net price (income 75,001-110,000)-students awarded Title IV federal financial aid, 2021-22","Average net price (income 75,001-110,000)-students awarded Title IV federal financial aid, 2020-21",Original IPEDS202425.accdb SHA256 98e9175e54ba719cf7f0bfcc8e043fac4d11babd1b73ba1701ebbdc23e5470f5; exact physical schema and varTable24; effective source_manifest.json records final fall revisions.
2024,COST2_2024_NETPRICE,COST_NETPRICE,NPT450,00071671,nces:COST_NETPRICE:00071671:NPT450,NPT450,exact_2023_number_name_relocated,nces:SFA_P:00071671:NPT450,float,"Average net price (income over 110,000)-students awarded Title IV federal financial aid, 2021-22","Average net price (income over 110,000)-students awarded Title IV federal financial aid, 2020-21",Original IPEDS202425.accdb SHA256 98e9175e54ba719cf7f0bfcc8e043fac4d11babd1b73ba1701ebbdc23e5470f5; exact physical schema and varTable24; effective source_manifest.json records final fall revisions.
2024,COST2_2024_NETPRICE,COST_NETPRICE,NPT40,00073186,nces:COST_NETPRICE:00073186:NPT40,NPT40,new_2024_identity,,float,"Average net price -all students awarded Title IV federal financial aid, 2021-22",,Original IPEDS202425.accdb SHA256 98e9175e54ba719cf7f0bfcc8e043fac4d11babd1b73ba1701ebbdc23e5470f5; exact physical schema and varTable24; effective source_manifest.json records final fall revisions.
2024,DRVADM2024,DRVADM,DVADM01,00011023,nces:DRVADM:00011023:DVADM01,DVADM01,same_source_variable_identity,nces:DRVADM:00011023:DVADM01,float,Percent admitted - total,Percent admitted - total,Original IPEDS202425.accdb SHA256 98e9175e54ba719cf7f0bfcc8e043fac4d11babd1b73ba1701ebbdc23e5470f5; exact physical schema and varTable24; effective source_manifest.json records final fall revisions.
2024,DRVADM2024,DRVADM,DVADM02,00010578,nces:DRVADM:00010578:DVADM02,DVADM02,same_source_variable_identity,nces:DRVADM:00010578:DVADM02,float,Percent admitted - men,Percent admitted - men,Original IPEDS202425.accdb SHA256 98e9175e54ba719cf7f0bfcc8e043fac4d11babd1b73ba1701ebbdc23e5470f5; exact physical schema and varTable24; effective source_manifest.json records final fall revisions.
2024,DRVADM2024,DRVADM,DVADM03,00010583,nces:DRVADM:00010583:DVADM03,DVADM03,same_source_variable_identity,nces:DRVADM:00010583:DVADM03,float,Percent admitted - women,Percent admitted - women,Original IPEDS202425.accdb SHA256 98e9175e54ba719cf7f0bfcc8e043fac4d11babd1b73ba1701ebbdc23e5470f5; exact physical schema and varTable24; effective source_manifest.json records final fall revisions.
2024,DRVADM2024,DRVADM,DVADM04,00011013,nces:DRVADM:00011013:DVADM04,DVADM04,same_source_variable_identity,nces:DRVADM:00011013:DVADM04,float,Admissions yield - total,Admissions yield - total,Original IPEDS202425.accdb SHA256 98e9175e54ba719cf7f0bfcc8e043fac4d11babd1b73ba1701ebbdc23e5470f5; exact physical schema and varTable24; effective source_manifest.json records final fall revisions.
2024,DRVADM2024,DRVADM,DVADM05,00011003,nces:DRVADM:00011003:DVADM05,DVADM05,same_source_variable_identity,nces:DRVADM:00011003:DVADM05,float,Admissions yield - men,Admissions yield - men,Original IPEDS202425.accdb SHA256 98e9175e54ba719cf7f0bfcc8e043fac4d11babd1b73ba1701ebbdc23e5470f5; exact physical schema and varTable24; effective source_manifest.json records final fall revisions.
2024,DRVADM2024,DRVADM,DVADM06,00011008,nces:DRVADM:00011008:DVADM06,DVADM06,same_source_variable_identity,nces:DRVADM:00011008:DVADM06,float,Admissions yield - women,Admissions yield - women,Original IPEDS202425.accdb SHA256 98e9175e54ba719cf7f0bfcc8e043fac4d11babd1b73ba1701ebbdc23e5470f5; exact physical schema and varTable24; effective source_manifest.json records final fall revisions.
2024,DRVADM2024,DRVADM,DVADM07,00011028,nces:DRVADM:00011028:DVADM07,DVADM07,same_source_variable_identity,nces:DRVADM:00011028:DVADM07,float,Admissions yield - full time ,Admissions yield - full time,Original IPEDS202425.accdb SHA256 98e9175e54ba719cf7f0bfcc8e043fac4d11babd1b73ba1701ebbdc23e5470f5; exact physical schema and varTable24; effective source_manifest.json records final fall revisions.
2024,DRVADM2024,DRVADM,DVADM08,00010588,nces:DRVADM:00010588:DVADM08,DVADM08,same_source_variable_identity,nces:DRVADM:00010588:DVADM08,float,Admissions yield - full time men,Admissions yield - full time men,Original IPEDS202425.accdb SHA256 98e9175e54ba719cf7f0bfcc8e043fac4d11babd1b73ba1701ebbdc23e5470f5; exact physical schema and varTable24; effective source_manifest.json records final fall revisions.
2024,DRVADM2024,DRVADM,DVADM09,00010593,nces:DRVADM:00010593:DVADM09,DVADM09,same_source_variable_identity,nces:DRVADM:00010593:DVADM09,float,Admissions yield - full time women,Admissions yield - full time women,Original IPEDS202425.accdb SHA256 98e9175e54ba719cf7f0bfcc8e043fac4d11babd1b73ba1701ebbdc23e5470f5; exact physical schema and varTable24; effective source_manifest.json records final fall revisions.
2024,DRVADM2024,DRVADM,DVADM10,00011033,nces:DRVADM:00011033:DVADM10,DVADM10,same_source_variable_identity,nces:DRVADM:00011033:DVADM10,float,Admissions yield - part time,Admissions yield - part time,Original IPEDS202425.accdb SHA256 98e9175e54ba719cf7f0bfcc8e043fac4d11babd1b73ba1701ebbdc23e5470f5; exact physical schema and varTable24; effective source_manifest.json records final fall revisions.
2024,DRVADM2024,DRVADM,DVADM11,00010598,nces:DRVADM:00010598:DVADM11,DVADM11,same_source_variable_identity,nces:DRVADM:00010598:DVADM11,float,Admissions yield - part time men,Admissions yield - part time men,Original IPEDS202425.accdb SHA256 98e9175e54ba719cf7f0bfcc8e043fac4d11babd1b73ba1701ebbdc23e5470f5; exact physical schema and varTable24; effective source_manifest.json records final fall revisions.
2024,DRVADM2024,DRVADM,DVADM12,00010603,nces:DRVADM:00010603:DVADM12,DVADM12,same_source_variable_identity,nces:DRVADM:00010603:DVADM12,float,Admissions yield - part time women,Admissions yield - part time women,Original IPEDS202425.accdb SHA256 98e9175e54ba719cf7f0bfcc8e043fac4d11babd1b73ba1701ebbdc23e5470f5; exact physical schema and varTable24; effective source_manifest.json records final fall revisions.
2024,DRVAL2024,DRVAL,LPBOOKSP,00160225,nces:DRVAL:00160225:LPBOOKSP,LPBOOKSP,same_source_variable_identity,nces:DRVAL:00160225:LPBOOKSP,float,Physical books as a percent of the total library collection,Physical books as a percent of the total library collection,Original IPEDS202425.accdb SHA256 98e9175e54ba719cf7f0bfcc8e043fac4d11babd1b73ba1701ebbdc23e5470f5; exact physical schema and varTable24; effective source_manifest.json records final fall revisions.
2024,DRVAL2024,DRVAL,LPMEDIAP,00160230,nces:DRVAL:00160230:LPMEDIAP,LPMEDIAP,same_source_variable_identity,nces:DRVAL:00160230:LPMEDIAP,float,Physical media as a percent of the total library collection,Physical media as a percent of the total library collection,Original IPEDS202425.accdb SHA256 98e9175e54ba719cf7f0bfcc8e043fac4d11babd1b73ba1701ebbdc23e5470f5; exact physical schema and varTable24; effective source_manifest.json records final fall revisions.
2024,DRVAL2024,DRVAL,LPSERIAP,00160315,nces:DRVAL:00160315:LPSERIAP,LPSERIAP,same_source_variable_identity,nces:DRVAL:00160315:LPSERIAP,float,Physical serials as a percent of the total library collection,Physical serials as a percent of the total library collection,Original IPEDS202425.accdb SHA256 98e9175e54ba719cf7f0bfcc8e043fac4d11babd1b73ba1701ebbdc23e5470f5; exact physical schema and varTable24; effective source_manifest.json records final fall revisions.
2024,DRVAL2024,DRVAL,LEBOOKSP,00160235,nces:DRVAL:00160235:LEBOOKSP,LEBOOKSP,same_source_variable_identity,nces:DRVAL:00160235:LEBOOKSP,float,Digital/Electronic books as a percent of the total library collection,Digital/Electronic books as a percent of the total library collection,Original IPEDS202425.accdb SHA256 98e9175e54ba719cf7f0bfcc8e043fac4d11babd1b73ba1701ebbdc23e5470f5; exact physical schema and varTable24; effective source_manifest.json records final fall revisions.
2024,DRVAL2024,DRVAL,LEDATABP,00160240,nces:DRVAL:00160240:LEDATABP,LEDATABP,same_source_variable_identity,nces:DRVAL:00160240:LEDATABP,float,Databases as a percent of the total library collection,Databases as a percent of the total library collection,Original IPEDS202425.accdb SHA256 98e9175e54ba719cf7f0bfcc8e043fac4d11babd1b73ba1701ebbdc23e5470f5; exact physical schema and varTable24; effective source_manifest.json records final fall revisions.
2024,DRVAL2024,DRVAL,LEMEDIAP,00160245,nces:DRVAL:00160245:LEMEDIAP,LEMEDIAP,same_source_variable_identity,nces:DRVAL:00160245:LEMEDIAP,float,Digital/Electronic media as a percent of the total library collection,Digital/Electronic media as a percent of the total library collection,Original IPEDS202425.accdb SHA256 98e9175e54ba719cf7f0bfcc8e043fac4d11babd1b73ba1701ebbdc23e5470f5; exact physical schema and varTable24; effective source_manifest.json records final fall revisions.
2024,DRVAL2024,DRVAL,LESERIAP,00160320,nces:DRVAL:00160320:LESERIAP,LESERIAP,same_source_variable_identity,nces:DRVAL:00160320:LESERIAP,float,Digital/Electronic serials as a percent of the total library collection,Digital/Electronic serials as a percent of the total library collection,Original IPEDS202425.accdb SHA256 98e9175e54ba719cf7f0bfcc8e043fac4d11babd1b73ba1701ebbdc23e5470f5; exact physical schema and varTable24; effective source_manifest.json records final fall revisions.
2024,DRVAL2024,DRVAL,LSALWAGP,00160250,nces:DRVAL:00160250:LSALWAGP,LSALWAGP,same_source_variable_identity,nces:DRVAL:00160250:LSALWAGP,float,Salaries and wages from the library budget as a percent of total library expenditures,Salaries and wages from the library budget as a percent of total library expenditures,Original IPEDS202425.accdb SHA256 98e9175e54ba719cf7f0bfcc8e043fac4d11babd1b73ba1701ebbdc23e5470f5; exact physical schema and varTable24; effective source_manifest.json records final fall revisions.
2024,DRVAL2024,DRVAL,LFRNGBNP,00160255,nces:DRVAL:00160255:LFRNGBNP,LFRNGBNP,same_source_variable_identity,nces:DRVAL:00160255:LFRNGBNP,float,Fringe benefits paid out of the library budget as a percent of total library expenditures,Fringe benefits paid out of the library budget as a percent of total library expenditures,Original IPEDS202425.accdb SHA256 98e9175e54ba719cf7f0bfcc8e043fac4d11babd1b73ba1701ebbdc23e5470f5; exact physical schema and varTable24; effective source_manifest.json records final fall revisions.
2024,DRVAL2024,DRVAL,LEXMSBBP,00160260,nces:DRVAL:00160260:LEXMSBBP,LEXMSBBP,same_source_variable_identity,nces:DRVAL:00160260:LEXMSBBP,float,"One-time purchases of books, serial backfiles, and other materials as a percent of total library expenditures","One-time purchases of books, serial backfiles, and other materials as a percent of total library expenditures",Original IPEDS202425.accdb SHA256 98e9175e54ba719cf7f0bfcc8e043fac4d11babd1b73ba1701ebbdc23e5470f5; exact physical schema and varTable24; effective source_manifest.json records final fall revisions.
2024,DRVAL2024,DRVAL,LEXMSCSP,00160265,nces:DRVAL:00160265:LEXMSCSP,LEXMSCSP,same_source_variable_identity,nces:DRVAL:00160265:LEXMSCSP,float,Ongoing commitments to subscriptions as a percent of total library expenditures,Ongoing commitments to subscriptions as a percent of total library expenditures,Original IPEDS202425.accdb SHA256 98e9175e54ba719cf7f0bfcc8e043fac4d11babd1b73ba1701ebbdc23e5470f5; exact physical schema and varTable24; effective source_manifest.json records final fall revisions.
2024,DRVAL2024,DRVAL,LEXMSOTP,00160270,nces:DRVAL:00160270:LEXMSOTP,LEXMSOTP,same_source_variable_identity,nces:DRVAL:00160270:LEXMSOTP,float,All other materials/services as a percent of total library expenditures,All other materials/services as a percent of total library expenditures,Original IPEDS202425.accdb SHA256 98e9175e54ba719cf7f0bfcc8e043fac4d11babd1b73ba1701ebbdc23e5470f5; exact physical schema and varTable24; effective source_manifest.json records final fall revisions.
2024,DRVAL2024,DRVAL,LEXOMTLP,00160275,nces:DRVAL:00160275:LEXOMTLP,LEXOMTLP,same_source_variable_identity,nces:DRVAL:00160275:LEXOMTLP,float,Total operations and maintenance as a percent of total library expenditures,Total operations and maintenance as a percent of total library expenditures,Original IPEDS202425.accdb SHA256 98e9175e54ba719cf7f0bfcc8e043fac4d11babd1b73ba1701ebbdc23e5470f5; exact physical schema and varTable24; effective source_manifest.json records final fall revisions.
2024,DRVAL2024,DRVAL,LEXPTOTF,00160280,nces:DRVAL:00160280:LEXPTOTF,LEXPTOTF,same_source_variable_identity,nces:DRVAL:00160280:LEXPTOTF,float,Total library expenditures per FTE,Total library expenditures per FTE,Original IPEDS202425.accdb SHA256 98e9175e54ba719cf7f0bfcc8e043fac4d11babd1b73ba1701ebbdc23e5470f5; exact physical schema and varTable24; effective source_manifest.json records final fall revisions.
2024,DRVAL2024,DRVAL,LTOTLFTE,00160355,nces:DRVAL:00160355:LTOTLFTE,LTOTLFTE,same_source_variable_identity,nces:DRVAL:00160355:LTOTLFTE,float,Total library FTE staff,Total library FTE staff,Original IPEDS202425.accdb SHA256 98e9175e54ba719cf7f0bfcc8e043fac4d11babd1b73ba1701ebbdc23e5470f5; exact physical schema and varTable24; effective source_manifest.json records final fall revisions.
2024,DRVAL2024,DRVAL,LLIBRFTE,00160360,nces:DRVAL:00160360:LLIBRFTE,LLIBRFTE,same_source_variable_identity,nces:DRVAL:00160360:LLIBRFTE,float,Librarians FTE staff,Librarians FTE staff,Original IPEDS202425.accdb SHA256 98e9175e54ba719cf7f0bfcc8e043fac4d11babd1b73ba1701ebbdc23e5470f5; exact physical schema and varTable24; effective source_manifest.json records final fall revisions.
2024,DRVAL2024,DRVAL,LPROFFTE,00160365,nces:DRVAL:00160365:LPROFFTE,LPROFFTE,same_source_variable_identity,nces:DRVAL:00160365:LPROFFTE,float,Other professional FTE staff,Other professional FTE staff,Original IPEDS202425.accdb SHA256 98e9175e54ba719cf7f0bfcc8e043fac4d11babd1b73ba1701ebbdc23e5470f5; exact physical schema and varTable24; effective source_manifest.json records final fall revisions.
2024,DRVAL2024,DRVAL,LPAIDFTE,00160370,nces:DRVAL:00160370:LPAIDFTE,LPAIDFTE,same_source_variable_identity,nces:DRVAL:00160370:LPAIDFTE,float,All other paid FTE staff (Except Student Assistants),All other paid FTE staff (Except Student Assistants),Original IPEDS202425.accdb SHA256 98e9175e54ba719cf7f0bfcc8e043fac4d11babd1b73ba1701ebbdc23e5470f5; exact physical schema and varTable24; effective source_manifest.json records final fall revisions.
2024,DRVAL2024,DRVAL,LSTUDFTE,00160375,nces:DRVAL:00160375:LSTUDFTE,LSTUDFTE,same_source_variable_identity,nces:DRVAL:00160375:LSTUDFTE,float,Student assistants FTE,Student assistants FTE,Original IPEDS202425.accdb SHA256 98e9175e54ba719cf7f0bfcc8e043fac4d11babd1b73ba1701ebbdc23e5470f5; exact physical schema and varTable24; effective source_manifest.json records final fall revisions.
2024,DRVC2024,DRVC,ASCDEG,00031364,nces:DRVC:00031364:ASCDEG,ASCDEG,same_source_variable_identity,nces:DRVC:00031364:ASCDEG,float,Associate's degree,Associate's degree,Original IPEDS202425.accdb SHA256 98e9175e54ba719cf7f0bfcc8e043fac4d11babd1b73ba1701ebbdc23e5470f5; exact physical schema and varTable24; effective source_manifest.json records final fall revisions.
2024,DRVC2024,DRVC,BASDEG,00031362,nces:DRVC:00031362:BASDEG,BASDEG,same_source_variable_identity,nces:DRVC:00031362:BASDEG,float,Bachelor's degree,Bachelor's degree,Original IPEDS202425.accdb SHA256 98e9175e54ba719cf7f0bfcc8e043fac4d11babd1b73ba1701ebbdc23e5470f5; exact physical schema and varTable24; effective source_manifest.json records final fall revisions.
2024,DRVC2024,DRVC,MASDEG,00031360,nces:DRVC:00031360:MASDEG,MASDEG,same_source_variable_identity,nces:DRVC:00031360:MASDEG,float,Master's degree,Master's degree,Original IPEDS202425.accdb SHA256 98e9175e54ba719cf7f0bfcc8e043fac4d11babd1b73ba1701ebbdc23e5470f5; exact physical schema and varTable24; effective source_manifest.json records final fall revisions.
2024,DRVC2024,DRVC,DOCDEGRS,00031357,nces:DRVC:00031357:DOCDEGRS,DOCDEGRS,same_source_variable_identity,nces:DRVC:00031357:DOCDEGRS,float,Doctor's degree - research/scholarship ,Doctor's degree - research/scholarship,Original IPEDS202425.accdb SHA256 98e9175e54ba719cf7f0bfcc8e043fac4d11babd1b73ba1701ebbdc23e5470f5; exact physical schema and varTable24; effective source_manifest.json records final fall revisions.
2024,DRVC2024,DRVC,DOCDEGPP,00031358,nces:DRVC:00031358:DOCDEGPP,DOCDEGPP,same_source_variable_identity,nces:DRVC:00031358:DOCDEGPP,float,Doctor's degree - professional practice ,Doctor's degree - professional practice,Original IPEDS202425.accdb SHA256 98e9175e54ba719cf7f0bfcc8e043fac4d11babd1b73ba1701ebbdc23e5470f5; exact physical schema and varTable24; effective source_manifest.json records final fall revisions.
2024,DRVC2024,DRVC,DOCDEGOT,00031359,nces:DRVC:00031359:DOCDEGOT,DOCDEGOT,same_source_variable_identity,nces:DRVC:00031359:DOCDEGOT,float,Doctor's degree - other,Doctor's degree - other,Original IPEDS202425.accdb SHA256 98e9175e54ba719cf7f0bfcc8e043fac4d11babd1b73ba1701ebbdc23e5470f5; exact physical schema and varTable24; effective source_manifest.json records final fall revisions.
2024,DRVC2024,DRVC,CERT1,00031369,nces:DRVC:00031369:CERT1,CERT1__DRVC__00031369__0609324789C5,same_source_variable_identity,nces:DRVC:00031369:CERT1,float,Certificates of less than 1 year,Certificates of less than 1 year,Original IPEDS202425.accdb SHA256 98e9175e54ba719cf7f0bfcc8e043fac4d11babd1b73ba1701ebbdc23e5470f5; exact physical schema and varTable24; effective source_manifest.json records final fall revisions.
2024,DRVC2024,DRVC,CERT1A,00031375,nces:DRVC:00031375:CERT1A,CERT1A,same_source_variable_identity,nces:DRVC:00031375:CERT1A,float,Certificate of less than 12 weeks,Certificate of less than 12 weeks,Original IPEDS202425.accdb SHA256 98e9175e54ba719cf7f0bfcc8e043fac4d11babd1b73ba1701ebbdc23e5470f5; exact physical schema and varTable24; effective source_manifest.json records final fall revisions.
2024,DRVC2024,DRVC,CERT1B,00031376,nces:DRVC:00031376:CERT1B,CERT1B,same_source_variable_identity,nces:DRVC:00031376:CERT1B,float,"Certificate of at least 12 weeks, but less than 1 year","Certificate of at least 12 weeks, but less than 1 year",Original IPEDS202425.accdb SHA256 98e9175e54ba719cf7f0bfcc8e043fac4d11babd1b73ba1701ebbdc23e5470f5; exact physical schema and varTable24; effective source_manifest.json records final fall revisions.
2024,DRVC2024,DRVC,CERT2,00031368,nces:DRVC:00031368:CERT2,CERT2__DRVC__00031368__C2B7E89A489D,same_source_variable_identity,nces:DRVC:00031368:CERT2,float,Certificates of 1 but less than 2 years,Certificates of 1 but less than 2 years,Original IPEDS202425.accdb SHA256 98e9175e54ba719cf7f0bfcc8e043fac4d11babd1b73ba1701ebbdc23e5470f5; exact physical schema and varTable24; effective source_manifest.json records final fall revisions.
2024,DRVC2024,DRVC,CERT4,00031366,nces:DRVC:00031366:CERT4,CERT4__DRVC__00031366__AAC5019192ED,same_source_variable_identity,nces:DRVC:00031366:CERT4,float,Certificates of 2 but less than 4 years,Certificates of 2 but less than 4 years,Original IPEDS202425.accdb SHA256 98e9175e54ba719cf7f0bfcc8e043fac4d11babd1b73ba1701ebbdc23e5470f5; exact physical schema and varTable24; effective source_manifest.json records final fall revisions.
2024,DRVC2024,DRVC,PBACERT,00031370,nces:DRVC:00031370:PBACERT,PBACERT,same_source_variable_identity,nces:DRVC:00031370:PBACERT,float,Postbaccalaureate certificates,Postbaccalaureate certificates,Original IPEDS202425.accdb SHA256 98e9175e54ba719cf7f0bfcc8e043fac4d11babd1b73ba1701ebbdc23e5470f5; exact physical schema and varTable24; effective source_manifest.json records final fall revisions.
2024,DRVC2024,DRVC,PMACERT,00031371,nces:DRVC:00031371:PMACERT,PMACERT,same_source_variable_identity,nces:DRVC:00031371:PMACERT,float,Post-master's certificates,Post-master's certificates,Original IPEDS202425.accdb SHA256 98e9175e54ba719cf7f0bfcc8e043fac4d11babd1b73ba1701ebbdc23e5470f5; exact physical schema and varTable24; effective source_manifest.json records final fall revisions.
2024,DRVC2024,DRVC,SASCDEG,00033315,nces:DRVC:00033315:SASCDEG,SASCDEG,same_source_variable_identity,nces:DRVC:00033315:SASCDEG,float,Number of students receiving an Associate's degree,Number of students receiving an Associate's degree,Original IPEDS202425.accdb SHA256 98e9175e54ba719cf7f0bfcc8e043fac4d11babd1b73ba1701ebbdc23e5470f5; exact physical schema and varTable24; effective source_manifest.json records final fall revisions.
2024,DRVC2024,DRVC,SBASDEG,00033310,nces:DRVC:00033310:SBASDEG,SBASDEG,same_source_variable_identity,nces:DRVC:00033310:SBASDEG,float,Number of students receiving a Bachelor's degree,Number of students receiving a Bachelor's degree,Original IPEDS202425.accdb SHA256 98e9175e54ba719cf7f0bfcc8e043fac4d11babd1b73ba1701ebbdc23e5470f5; exact physical schema and varTable24; effective source_manifest.json records final fall revisions.
2024,DRVC2024,DRVC,SMASDEG,00033305,nces:DRVC:00033305:SMASDEG,SMASDEG,same_source_variable_identity,nces:DRVC:00033305:SMASDEG,float,Number of students receiving a Master's degree,Number of students receiving a Master's degree,Original IPEDS202425.accdb SHA256 98e9175e54ba719cf7f0bfcc8e043fac4d11babd1b73ba1701ebbdc23e5470f5; exact physical schema and varTable24; effective source_manifest.json records final fall revisions.
2024,DRVC2024,DRVC,SDOCDEG,00033300,nces:DRVC:00033300:SDOCDEG,SDOCDEG,same_source_variable_identity,nces:DRVC:00033300:SDOCDEG,float,Number of students receiving a Doctor's degree,Number of students receiving a Doctor's degree,Original IPEDS202425.accdb SHA256 98e9175e54ba719cf7f0bfcc8e043fac4d11babd1b73ba1701ebbdc23e5470f5; exact physical schema and varTable24; effective source_manifest.json records final fall revisions.
2024,DRVC2024,DRVC,SCERT1A,00033331,nces:DRVC:00033331:SCERT1A,SCERT1A,same_source_variable_identity,nces:DRVC:00033331:SCERT1A,float,Number of students receiving certificates of less than 12 weeks,Number of students receiving certificates of less than 12 weeks,Original IPEDS202425.accdb SHA256 98e9175e54ba719cf7f0bfcc8e043fac4d11babd1b73ba1701ebbdc23e5470f5; exact physical schema and varTable24; effective source_manifest.json records final fall revisions.
2024,DRVC2024,DRVC,SCERT1B,00033332,nces:DRVC:00033332:SCERT1B,SCERT1B,same_source_variable_identity,nces:DRVC:00033332:SCERT1B,float,"Number of students receiving certificates of at least 12 weeks, but less than 1 year","Number of students receiving certificates of at least 12 weeks, but less than 1 year",Original IPEDS202425.accdb SHA256 98e9175e54ba719cf7f0bfcc8e043fac4d11babd1b73ba1701ebbdc23e5470f5; exact physical schema and varTable24; effective source_manifest.json records final fall revisions.
2024,DRVC2024,DRVC,SCERT24,00033325,nces:DRVC:00033325:SCERT24,SCERT24,same_source_variable_identity,nces:DRVC:00033325:SCERT24,float,Number of students receiving a certificate of 1 but less than 4 years,Number of students receiving a certificate of 1 but less than 4 years,Original IPEDS202425.accdb SHA256 98e9175e54ba719cf7f0bfcc8e043fac4d11babd1b73ba1701ebbdc23e5470f5; exact physical schema and varTable24; effective source_manifest.json records final fall revisions.
2024,DRVC2024,DRVC,SBAMACRT,00033320,nces:DRVC:00033320:SBAMACRT,SBAMACRT,same_source_variable_identity,nces:DRVC:00033320:SBAMACRT,float,Number of students receiving a Postbaccalaureate or Post-master's certificate,Number of students receiving a Postbaccalaureate or Post-master's certificate,Original IPEDS202425.accdb SHA256 98e9175e54ba719cf7f0bfcc8e043fac4d11babd1b73ba1701ebbdc23e5470f5; exact physical schema and varTable24; effective source_manifest.json records final fall revisions.
2024,DRVCOST2024,DRVCOST,TUFEYR0,00100603,nces:DRVCOST:00100603:TUFEYR0,TUFEYR0,exact_2023_number_name_relocated,nces:DRVIC:00100603:TUFEYR0,float,"Tuition and fees, 2021-22","Tuition and fees, 2020-21",Original IPEDS202425.accdb SHA256 98e9175e54ba719cf7f0bfcc8e043fac4d11babd1b73ba1701ebbdc23e5470f5; exact physical schema and varTable24; effective source_manifest.json records final fall revisions.
2024,DRVCOST2024,DRVCOST,TUFEYR1,00100605,nces:DRVCOST:00100605:TUFEYR1,TUFEYR1__DRVIC__00100605__01423D9BB352,exact_2023_number_name_relocated,nces:DRVIC:00100605:TUFEYR1,float,"Tuition and fees, 2022-23","Tuition and fees, 2021-22",Original IPEDS202425.accdb SHA256 98e9175e54ba719cf7f0bfcc8e043fac4d11babd1b73ba1701ebbdc23e5470f5; exact physical schema and varTable24; effective source_manifest.json records final fall revisions.
2024,DRVCOST2024,DRVCOST,TUFEYR2,00100607,nces:DRVCOST:00100607:TUFEYR2,TUFEYR2__DRVIC__00100607__D8F3122FD8E7,exact_2023_number_name_relocated,nces:DRVIC:00100607:TUFEYR2,float,"Tuition and fees, 2023-24","Tuition and fees, 2022-23",Original IPEDS202425.accdb SHA256 98e9175e54ba719cf7f0bfcc8e043fac4d11babd1b73ba1701ebbdc23e5470f5; exact physical schema and varTable24; effective source_manifest.json records final fall revisions.
2024,DRVCOST2024,DRVCOST,TUFEYR3,00100609,nces:DRVCOST:00100609:TUFEYR3,TUFEYR3__DRVIC__00100609__8C91464BC1AC,exact_2023_number_name_relocated,nces:DRVIC:00100609:TUFEYR3,float,"Tuition and fees, 2024-25","Tuition and fees, 2023-24",Original IPEDS202425.accdb SHA256 98e9175e54ba719cf7f0bfcc8e043fac4d11babd1b73ba1701ebbdc23e5470f5; exact physical schema and varTable24; effective source_manifest.json records final fall revisions.
2024,DRVCOST2024,DRVCOST,CINDON,00011571,nces:DRVCOST:00011571:CINDON,CINDON__DRVIC__00011571__FEB6F443AB40,exact_2023_number_name_relocated,nces:DRVIC:00011571:CINDON,float,Total price for in-district students living on campus  2024-25,Total price for in-district students living on campus  2023-24,Original IPEDS202425.accdb SHA256 98e9175e54ba719cf7f0bfcc8e043fac4d11babd1b73ba1701ebbdc23e5470f5; exact physical schema and varTable24; effective source_manifest.json records final fall revisions.
2024,DRVCOST2024,DRVCOST,CINSON,00011576,nces:DRVCOST:00011576:CINSON,CINSON__DRVIC__00011576__00ED8A1BEBF7,exact_2023_number_name_relocated,nces:DRVIC:00011576:CINSON,float,Total price for in-state students living on campus 2024-25,Total price for in-state students living on campus 2023-24,Original IPEDS202425.accdb SHA256 98e9175e54ba719cf7f0bfcc8e043fac4d11babd1b73ba1701ebbdc23e5470f5; exact physical schema and varTable24; effective source_manifest.json records final fall revisions.
2024,DRVCOST2024,DRVCOST,COTSON,00011581,nces:DRVCOST:00011581:COTSON,COTSON__DRVIC__00011581__5E54C4601E32,exact_2023_number_name_relocated,nces:DRVIC:00011581:COTSON,float,Total price for out-of-state students living on campus 2024-25,Total price for out-of-state students living on campus 2023-24,Original IPEDS202425.accdb SHA256 98e9175e54ba719cf7f0bfcc8e043fac4d11babd1b73ba1701ebbdc23e5470f5; exact physical schema and varTable24; effective source_manifest.json records final fall revisions.
2024,DRVCOST2024,DRVCOST,CINDOFF,00011586,nces:DRVCOST:00011586:CINDOFF,CINDOFF__DRVIC__00011586__19FE4A3E9D6C,exact_2023_number_name_relocated,nces:DRVIC:00011586:CINDOFF,float,Total price for in-district students living off campus (not with family)  2024-25,Total price for in-district students living off campus (not with family)  2023-24,Original IPEDS202425.accdb SHA256 98e9175e54ba719cf7f0bfcc8e043fac4d11babd1b73ba1701ebbdc23e5470f5; exact physical schema and varTable24; effective source_manifest.json records final fall revisions.
2024,DRVCOST2024,DRVCOST,CINSOFF,00011591,nces:DRVCOST:00011591:CINSOFF,CINSOFF__DRVIC__00011591__EEDFD8BF2AA3,exact_2023_number_name_relocated,nces:DRVIC:00011591:CINSOFF,float,Total price for in-state students living off campus (not with family)  2024-25,Total price for in-state students living off campus (not with family)  2023-24,Original IPEDS202425.accdb SHA256 98e9175e54ba719cf7f0bfcc8e043fac4d11babd1b73ba1701ebbdc23e5470f5; exact physical schema and varTable24; effective source_manifest.json records final fall revisions.
2024,DRVCOST2024,DRVCOST,COTSOFF,00011596,nces:DRVCOST:00011596:COTSOFF,COTSOFF__DRVIC__00011596__5BC6CB49C4E5,exact_2023_number_name_relocated,nces:DRVIC:00011596:COTSOFF,float,Total price for out-of-state students living off campus (not with family)  2024-25,Total price for out-of-state students living off campus (not with family)  2023-24,Original IPEDS202425.accdb SHA256 98e9175e54ba719cf7f0bfcc8e043fac4d11babd1b73ba1701ebbdc23e5470f5; exact physical schema and varTable24; effective source_manifest.json records final fall revisions.
2024,DRVCOST2024,DRVCOST,CINDFAM,00011601,nces:DRVCOST:00011601:CINDFAM,CINDFAM__DRVIC__00011601__237F5A40827B,exact_2023_number_name_relocated,nces:DRVIC:00011601:CINDFAM,float,Total price for in-district students living off campus (with family)  2024-25,Total price for in-district students living off campus (with family)  2023-24,Original IPEDS202425.accdb SHA256 98e9175e54ba719cf7f0bfcc8e043fac4d11babd1b73ba1701ebbdc23e5470f5; exact physical schema and varTable24; effective source_manifest.json records final fall revisions.
2024,DRVCOST2024,DRVCOST,CINSFAM,00011606,nces:DRVCOST:00011606:CINSFAM,CINSFAM__DRVIC__00011606__259EC43F650D,exact_2023_number_name_relocated,nces:DRVIC:00011606:CINSFAM,float,Total price for in-state students living off campus (with family)  2024-25,Total price for in-state students living off campus (with family)  2023-24,Original IPEDS202425.accdb SHA256 98e9175e54ba719cf7f0bfcc8e043fac4d11babd1b73ba1701ebbdc23e5470f5; exact physical schema and varTable24; effective source_manifest.json records final fall revisions.
2024,DRVCOST2024,DRVCOST,COTSFAM,00011611,nces:DRVCOST:00011611:COTSFAM,COTSFAM__DRVIC__00011611__7A57AE2D335B,exact_2023_number_name_relocated,nces:DRVIC:00011611:COTSFAM,float,Total price for out-of-state students living off campus (with family)  2024-25,Total price for out-of-state students living off campus (with family)  2023-24,Original IPEDS202425.accdb SHA256 98e9175e54ba719cf7f0bfcc8e043fac4d11babd1b73ba1701ebbdc23e5470f5; exact physical schema and varTable24; effective source_manifest.json records final fall revisions.
2024,DRVEF122024,DRVEF,FTE12MN,00023365,nces:DRVEF:00023365:FTE12MN,FTE12MN__DRVEF__00023365__D19CDB73F482,same_source_variable_identity,nces:DRVEF:00023365:FTE12MN,float,12-month full-time equivalent enrollment,12-month full-time equivalent enrollment,Original IPEDS202425.accdb SHA256 98e9175e54ba719cf7f0bfcc8e043fac4d11babd1b73ba1701ebbdc23e5470f5; exact physical schema and varTable24; effective source_manifest.json records final fall revisions.
2024,DRVEF122024,DRVEF,UNDUP,00023360,nces:DRVEF:00023360:UNDUP,UNDUP__DRVEF__00023360__ED2D6A649A9F,same_source_variable_identity,nces:DRVEF:00023360:UNDUP,float,Total 12-month unduplicated headcount,Total 12-month unduplicated headcount,Original IPEDS202425.accdb SHA256 98e9175e54ba719cf7f0bfcc8e043fac4d11babd1b73ba1701ebbdc23e5470f5; exact physical schema and varTable24; effective source_manifest.json records final fall revisions.
2024,DRVEF122024,DRVEF,UNDUPUG,00023362,nces:DRVEF:00023362:UNDUPUG,UNDUPUG__DRVEF__00023362__D48A5E9E4CFF,same_source_variable_identity,nces:DRVEF:00023362:UNDUPUG,float,Undergraduate 12-month unduplicated headcount,Undergraduate 12-month unduplicated headcount,Original IPEDS202425.accdb SHA256 98e9175e54ba719cf7f0bfcc8e043fac4d11babd1b73ba1701ebbdc23e5470f5; exact physical schema and varTable24; effective source_manifest.json records final fall revisions.
2024,DRVEF122024,DRVEF,E12FT,00026276,nces:DRVEF:00026276:E12FT,E12FT,same_source_variable_identity,nces:DRVEF:00026276:E12FT,float,Full-time 12-month unduplicated headcount  ,Full-time 12-month unduplicated headcount,Original IPEDS202425.accdb SHA256 98e9175e54ba719cf7f0bfcc8e043fac4d11babd1b73ba1701ebbdc23e5470f5; exact physical schema and varTable24; effective source_manifest.json records final fall revisions.
2024,DRVEF122024,DRVEF,E12PT,00026281,nces:DRVEF:00026281:E12PT,E12PT,same_source_variable_identity,nces:DRVEF:00026281:E12PT,float,Part-time 12-month unduplicated headcount  ,Part-time 12-month unduplicated headcount,Original IPEDS202425.accdb SHA256 98e9175e54ba719cf7f0bfcc8e043fac4d11babd1b73ba1701ebbdc23e5470f5; exact physical schema and varTable24; effective source_manifest.json records final fall revisions.
2024,DRVEF122024,DRVEF,E12UG1ST,00026006,nces:DRVEF:00026006:E12UG1ST,E12UG1ST,same_source_variable_identity,nces:DRVEF:00026006:E12UG1ST,float,First-time degree/certificate-seeking undergraduate 12-month unduplicated headcount,First-time degree/certificate-seeking undergraduate 12-month unduplicated headcount,Original IPEDS202425.accdb SHA256 98e9175e54ba719cf7f0bfcc8e043fac4d11babd1b73ba1701ebbdc23e5470f5; exact physical schema and varTable24; effective source_manifest.json records final fall revisions.
2024,DRVEF122024,DRVEF,E12UGTRN,00026011,nces:DRVEF:00026011:E12UGTRN,E12UGTRN,same_source_variable_identity,nces:DRVEF:00026011:E12UGTRN,float,Transfer-in degree/certificate-seeking undergraduate 12-month unduplicated headcount,Transfer-in degree/certificate-seeking undergraduate 12-month unduplicated headcount,Original IPEDS202425.accdb SHA256 98e9175e54ba719cf7f0bfcc8e043fac4d11babd1b73ba1701ebbdc23e5470f5; exact physical schema and varTable24; effective source_manifest.json records final fall revisions.
2024,DRVEF122024,DRVEF,E12UGCNT,00026016,nces:DRVEF:00026016:E12UGCNT,E12UGCNT,same_source_variable_identity,nces:DRVEF:00026016:E12UGCNT,float,Continuing degree/certificate-seeking undergraduate 12-month unduplicated headcount,Continuing degree/certificate-seeking undergraduate 12-month unduplicated headcount,Original IPEDS202425.accdb SHA256 98e9175e54ba719cf7f0bfcc8e043fac4d11babd1b73ba1701ebbdc23e5470f5; exact physical schema and varTable24; effective source_manifest.json records final fall revisions.
2024,DRVEF122024,DRVEF,E12UGNDG,00026021,nces:DRVEF:00026021:E12UGNDG,E12UGNDG,same_source_variable_identity,nces:DRVEF:00026021:E12UGNDG,float,Nondegree/certificate-seeking undergraduate 12-month unduplicated headcount,Nondegree/certificate-seeking undergraduate 12-month unduplicated headcount,Original IPEDS202425.accdb SHA256 98e9175e54ba719cf7f0bfcc8e043fac4d11babd1b73ba1701ebbdc23e5470f5; exact physical schema and varTable24; effective source_manifest.json records final fall revisions.
2024,DRVEF122024,DRVEF,E12GRAD,00026026,nces:DRVEF:00026026:E12GRAD,E12GRAD,same_source_variable_identity,nces:DRVEF:00026026:E12GRAD,float,Graduate 12-month unduplicated headcount,Graduate 12-month unduplicated headcount,Original IPEDS202425.accdb SHA256 98e9175e54ba719cf7f0bfcc8e043fac4d11babd1b73ba1701ebbdc23e5470f5; exact physical schema and varTable24; effective source_manifest.json records final fall revisions.
2024,DRVEF122024,DRVEF,E12UGFT,00026031,nces:DRVEF:00026031:E12UGFT,E12UGFT,same_source_variable_identity,nces:DRVEF:00026031:E12UGFT,float,Full-time undergraduate 12-month unduplicated headcount,Full-time undergraduate 12-month unduplicated headcount,Original IPEDS202425.accdb SHA256 98e9175e54ba719cf7f0bfcc8e043fac4d11babd1b73ba1701ebbdc23e5470f5; exact physical schema and varTable24; effective source_manifest.json records final fall revisions.
2024,DRVEF122024,DRVEF,E12UG1SFT,00026036,nces:DRVEF:00026036:E12UG1SFT,E12UG1SFT,same_source_variable_identity,nces:DRVEF:00026036:E12UG1SFT,float,Full-time first-time degree/certificate-seeking undergraduate 12-month unduplicated headcount,Full-time first-time degree/certificate-seeking undergraduate 12-month unduplicated headcount,Original IPEDS202425.accdb SHA256 98e9175e54ba719cf7f0bfcc8e043fac4d11babd1b73ba1701ebbdc23e5470f5; exact physical schema and varTable24; effective source_manifest.json records final fall revisions.
2024,DRVEF122024,DRVEF,E12UGTRFT,00026041,nces:DRVEF:00026041:E12UGTRFT,E12UGTRFT,same_source_variable_identity,nces:DRVEF:00026041:E12UGTRFT,float,Full-time transfer-in degree/certificate-seeking undergraduate 12-month unduplicated headcount,Full-time transfer-in degree/certificate-seeking undergraduate 12-month unduplicated headcount,Original IPEDS202425.accdb SHA256 98e9175e54ba719cf7f0bfcc8e043fac4d11babd1b73ba1701ebbdc23e5470f5; exact physical schema and varTable24; effective source_manifest.json records final fall revisions.
2024,DRVEF122024,DRVEF,E12UGCNFT,00026046,nces:DRVEF:00026046:E12UGCNFT,E12UGCNFT,same_source_variable_identity,nces:DRVEF:00026046:E12UGCNFT,float,Full-time continuing degree/certificate-seeking undergraduate 12-month unduplicated headcount,Full-time continuing degree/certificate-seeking undergraduate 12-month unduplicated headcount,Original IPEDS202425.accdb SHA256 98e9175e54ba719cf7f0bfcc8e043fac4d11babd1b73ba1701ebbdc23e5470f5; exact physical schema and varTable24; effective source_manifest.json records final fall revisions.
2024,DRVEF122024,DRVEF,E12UGNDFT,00026051,nces:DRVEF:00026051:E12UGNDFT,E12UGNDFT,same_source_variable_identity,nces:DRVEF:00026051:E12UGNDFT,float,Full-time nondegree/certificate-seeking undergraduate 12-month unduplicated headcount,Full-time nondegree/certificate-seeking undergraduate 12-month unduplicated headcount,Original IPEDS202425.accdb SHA256 98e9175e54ba719cf7f0bfcc8e043fac4d11babd1b73ba1701ebbdc23e5470f5; exact physical schema and varTable24; effective source_manifest.json records final fall revisions.
2024,DRVEF122024,DRVEF,E12GRADFT,00026286,nces:DRVEF:00026286:E12GRADFT,E12GRADFT,same_source_variable_identity,nces:DRVEF:00026286:E12GRADFT,float,Full-time graduate 12-month unduplicated headcount  ,Full-time graduate 12-month unduplicated headcount,Original IPEDS202425.accdb SHA256 98e9175e54ba719cf7f0bfcc8e043fac4d11babd1b73ba1701ebbdc23e5470f5; exact physical schema and varTable24; effective source_manifest.json records final fall revisions.
2024,DRVEF122024,DRVEF,E12UGPT,00026056,nces:DRVEF:00026056:E12UGPT,E12UGPT,same_source_variable_identity,nces:DRVEF:00026056:E12UGPT,float,Part-time undergraduate 12-month unduplicated headcount,Part-time undergraduate 12-month unduplicated headcount,Original IPEDS202425.accdb SHA256 98e9175e54ba719cf7f0bfcc8e043fac4d11babd1b73ba1701ebbdc23e5470f5; exact physical schema and varTable24; effective source_manifest.json records final fall revisions.
2024,DRVEF122024,DRVEF,E12UG1SPT,00026061,nces:DRVEF:00026061:E12UG1SPT,E12UG1SPT,same_source_variable_identity,nces:DRVEF:00026061:E12UG1SPT,float,Part-time first-time degree/certificate-seeking undergraduate 12-month unduplicated headcount,Part-time first-time degree/certificate-seeking undergraduate 12-month unduplicated headcount,Original IPEDS202425.accdb SHA256 98e9175e54ba719cf7f0bfcc8e043fac4d11babd1b73ba1701ebbdc23e5470f5; exact physical schema and varTable24; effective source_manifest.json records final fall revisions.
2024,DRVEF122024,DRVEF,E12UGTRPT,00026066,nces:DRVEF:00026066:E12UGTRPT,E12UGTRPT,same_source_variable_identity,nces:DRVEF:00026066:E12UGTRPT,float,Part-time transfer-in degree/certificate-seeking undergraduate 12-month unduplicated headcount,Part-time transfer-in degree/certificate-seeking undergraduate 12-month unduplicated headcount,Original IPEDS202425.accdb SHA256 98e9175e54ba719cf7f0bfcc8e043fac4d11babd1b73ba1701ebbdc23e5470f5; exact physical schema and varTable24; effective source_manifest.json records final fall revisions.
2024,DRVEF122024,DRVEF,E12UGCNPT,00026071,nces:DRVEF:00026071:E12UGCNPT,E12UGCNPT,same_source_variable_identity,nces:DRVEF:00026071:E12UGCNPT,float,Part-time continuing degree/certificate-seeking undergraduate 12-month unduplicated headcount,Part-time continuing degree/certificate-seeking undergraduate 12-month unduplicated headcount,Original IPEDS202425.accdb SHA256 98e9175e54ba719cf7f0bfcc8e043fac4d11babd1b73ba1701ebbdc23e5470f5; exact physical schema and varTable24; effective source_manifest.json records final fall revisions.
2024,DRVEF122024,DRVEF,E12UGNDPT,00026076,nces:DRVEF:00026076:E12UGNDPT,E12UGNDPT,same_source_variable_identity,nces:DRVEF:00026076:E12UGNDPT,float,Part-time nondegree/certificate-seeking undergraduate 12-month unduplicated headcount,Part-time nondegree/certificate-seeking undergraduate 12-month unduplicated headcount,Original IPEDS202425.accdb SHA256 98e9175e54ba719cf7f0bfcc8e043fac4d11babd1b73ba1701ebbdc23e5470f5; exact physical schema and varTable24; effective source_manifest.json records final fall revisions.
2024,DRVEF122024,DRVEF,E12GRADPT,00026291,nces:DRVEF:00026291:E12GRADPT,E12GRADPT,same_source_variable_identity,nces:DRVEF:00026291:E12GRADPT,float,Part-time graduate 12-month unduplicated headcount  ,Part-time graduate 12-month unduplicated headcount,Original IPEDS202425.accdb SHA256 98e9175e54ba719cf7f0bfcc8e043fac4d11babd1b73ba1701ebbdc23e5470f5; exact physical schema and varTable24; effective source_manifest.json records final fall revisions.
2024,DRVEF122024,DRVEF,PCTE12AN,00026081,nces:DRVEF:00026081:PCTE12AN,PCTE12AN,same_source_variable_identity,nces:DRVEF:00026081:PCTE12AN,float,Percent of 12-month unduplicated headcount that are American Indian or Alaska Native,Percent of 12-month unduplicated headcount that are American Indian or Alaska Native,Original IPEDS202425.accdb SHA256 98e9175e54ba719cf7f0bfcc8e043fac4d11babd1b73ba1701ebbdc23e5470f5; exact physical schema and varTable24; effective source_manifest.json records final fall revisions.
2024,DRVEF122024,DRVEF,PCTE12AS,00026086,nces:DRVEF:00026086:PCTE12AS,PCTE12AS,same_source_variable_identity,nces:DRVEF:00026086:PCTE12AS,float,Percent of 12-month unduplicated headcount that are Asian,Percent of 12-month unduplicated headcount that are Asian,Original IPEDS202425.accdb SHA256 98e9175e54ba719cf7f0bfcc8e043fac4d11babd1b73ba1701ebbdc23e5470f5; exact physical schema and varTable24; effective source_manifest.json records final fall revisions.
2024,DRVEF122024,DRVEF,PCTE12BK,00026091,nces:DRVEF:00026091:PCTE12BK,PCTE12BK,same_source_variable_identity,nces:DRVEF:00026091:PCTE12BK,float,Percent of 12-month unduplicated headcount that are Black or African American ,Percent of 12-month unduplicated headcount that are Black or African American,Original IPEDS202425.accdb SHA256 98e9175e54ba719cf7f0bfcc8e043fac4d11babd1b73ba1701ebbdc23e5470f5; exact physical schema and varTable24; effective source_manifest.json records final fall revisions.
2024,DRVEF122024,DRVEF,PCTE12HS,00026096,nces:DRVEF:00026096:PCTE12HS,PCTE12HS,same_source_variable_identity,nces:DRVEF:00026096:PCTE12HS,float,Percent of 12-month unduplicated headcount that are Hispanic/Latino,Percent of 12-month unduplicated headcount that are Hispanic/Latino,Original IPEDS202425.accdb SHA256 98e9175e54ba719cf7f0bfcc8e043fac4d11babd1b73ba1701ebbdc23e5470f5; exact physical schema and varTable24; effective source_manifest.json records final fall revisions.
2024,DRVEF122024,DRVEF,PCTE12NH,00026101,nces:DRVEF:00026101:PCTE12NH,PCTE12NH,same_source_variable_identity,nces:DRVEF:00026101:PCTE12NH,float,Percent of 12-month unduplicated headcount that are Native Hawaiian or Other Pacific Islander,Percent of 12-month unduplicated headcount that are Native Hawaiian or Other Pacific Islander,Original IPEDS202425.accdb SHA256 98e9175e54ba719cf7f0bfcc8e043fac4d11babd1b73ba1701ebbdc23e5470f5; exact physical schema and varTable24; effective source_manifest.json records final fall revisions.
2024,DRVEF122024,DRVEF,PCTE12WH,00026106,nces:DRVEF:00026106:PCTE12WH,PCTE12WH,same_source_variable_identity,nces:DRVEF:00026106:PCTE12WH,float,Percent of 12-month unduplicated headcount that are White,Percent of 12-month unduplicated headcount that are White,Original IPEDS202425.accdb SHA256 98e9175e54ba719cf7f0bfcc8e043fac4d11babd1b73ba1701ebbdc23e5470f5; exact physical schema and varTable24; effective source_manifest.json records final fall revisions.
2024,DRVEF122024,DRVEF,PCTE122M,00026111,nces:DRVEF:00026111:PCTE122M,PCTE122M,same_source_variable_identity,nces:DRVEF:00026111:PCTE122M,float,Percent of 12-month unduplicated headcount that are two or more races,Percent of 12-month unduplicated headcount that are two or more races,Original IPEDS202425.accdb SHA256 98e9175e54ba719cf7f0bfcc8e043fac4d11babd1b73ba1701ebbdc23e5470f5; exact physical schema and varTable24; effective source_manifest.json records final fall revisions.
2024,DRVEF122024,DRVEF,PCTE12UN,00026116,nces:DRVEF:00026116:PCTE12UN,PCTE12UN,same_source_variable_identity,nces:DRVEF:00026116:PCTE12UN,float,Percent of 12-month unduplicated headcount that are race/ethnicity unknown,Percent of 12-month unduplicated headcount that are race/ethnicity unknown,Original IPEDS202425.accdb SHA256 98e9175e54ba719cf7f0bfcc8e043fac4d11babd1b73ba1701ebbdc23e5470f5; exact physical schema and varTable24; effective source_manifest.json records final fall revisions.
2024,DRVEF122024,DRVEF,PCTE12NR,00026121,nces:DRVEF:00026121:PCTE12NR,PCTE12NR,same_source_variable_identity,nces:DRVEF:00026121:PCTE12NR,float,Percent of 12-month unduplicated headcount that are U.S. Nonresident,Percent of 12-month unduplicated headcount that are U.S. Nonresident,Original IPEDS202425.accdb SHA256 98e9175e54ba719cf7f0bfcc8e043fac4d11babd1b73ba1701ebbdc23e5470f5; exact physical schema and varTable24; effective source_manifest.json records final fall revisions.
2024,DRVEF122024,DRVEF,PCTE12W,00026126,nces:DRVEF:00026126:PCTE12W,PCTE12W,same_source_variable_identity,nces:DRVEF:00026126:PCTE12W,float,Percent of 12-month unduplicated headcount that are women,Percent of 12-month unduplicated headcount that are women,Original IPEDS202425.accdb SHA256 98e9175e54ba719cf7f0bfcc8e043fac4d11babd1b73ba1701ebbdc23e5470f5; exact physical schema and varTable24; effective source_manifest.json records final fall revisions.
2024,DRVEF122024,DRVEF,PCTE12UGAN,00026131,nces:DRVEF:00026131:PCTE12UGAN,PCTE12UGAN,same_source_variable_identity,nces:DRVEF:00026131:PCTE12UGAN,float,Percent of undergraduate 12-month unduplicated headcount that are American Indian or Alaska Native,Percent of undergraduate 12-month unduplicated headcount that are American Indian or Alaska Native,Original IPEDS202425.accdb SHA256 98e9175e54ba719cf7f0bfcc8e043fac4d11babd1b73ba1701ebbdc23e5470f5; exact physical schema and varTable24; effective source_manifest.json records final fall revisions.
2024,DRVEF122024,DRVEF,PCTE12UGAS,00026136,nces:DRVEF:00026136:PCTE12UGAS,PCTE12UGAS,same_source_variable_identity,nces:DRVEF:00026136:PCTE12UGAS,float,Percent of undergraduate 12-month unduplicated headcount that are Asian,Percent of undergraduate 12-month unduplicated headcount that are Asian,Original IPEDS202425.accdb SHA256 98e9175e54ba719cf7f0bfcc8e043fac4d11babd1b73ba1701ebbdc23e5470f5; exact physical schema and varTable24; effective source_manifest.json records final fall revisions.
2024,DRVEF122024,DRVEF,PCTE12UGBK,00026141,nces:DRVEF:00026141:PCTE12UGBK,PCTE12UGBK,same_source_variable_identity,nces:DRVEF:00026141:PCTE12UGBK,float,Percent of undergraduate 12-month unduplicated headcount that are Black or African American ,Percent of undergraduate 12-month unduplicated headcount that are Black or African American,Original IPEDS202425.accdb SHA256 98e9175e54ba719cf7f0bfcc8e043fac4d11babd1b73ba1701ebbdc23e5470f5; exact physical schema and varTable24; effective source_manifest.json records final fall revisions.
2024,DRVEF122024,DRVEF,PCTE12UGHS,00026146,nces:DRVEF:00026146:PCTE12UGHS,PCTE12UGHS,same_source_variable_identity,nces:DRVEF:00026146:PCTE12UGHS,float,Percent of undergraduate 12-month unduplicated headcount that are Hispanic/Latino,Percent of undergraduate 12-month unduplicated headcount that are Hispanic/Latino,Original IPEDS202425.accdb SHA256 98e9175e54ba719cf7f0bfcc8e043fac4d11babd1b73ba1701ebbdc23e5470f5; exact physical schema and varTable24; effective source_manifest.json records final fall revisions.
2024,DRVEF122024,DRVEF,PCTE12UGNH,00026151,nces:DRVEF:00026151:PCTE12UGNH,PCTE12UGNH,same_source_variable_identity,nces:DRVEF:00026151:PCTE12UGNH,float,Percent of undergraduate 12-month unduplicated headcount that are Native Hawaiian or Other Pacific Islander,Percent of undergraduate 12-month unduplicated headcount that are Native Hawaiian or Other Pacific Islander,Original IPEDS202425.accdb SHA256 98e9175e54ba719cf7f0bfcc8e043fac4d11babd1b73ba1701ebbdc23e5470f5; exact physical schema and varTable24; effective source_manifest.json records final fall revisions.
2024,DRVEF122024,DRVEF,PCTE12UGWH,00026156,nces:DRVEF:00026156:PCTE12UGWH,PCTE12UGWH,same_source_variable_identity,nces:DRVEF:00026156:PCTE12UGWH,float,Percent of undergraduate 12-month unduplicated headcount that are White,Percent of undergraduate 12-month unduplicated headcount that are White,Original IPEDS202425.accdb SHA256 98e9175e54ba719cf7f0bfcc8e043fac4d11babd1b73ba1701ebbdc23e5470f5; exact physical schema and varTable24; effective source_manifest.json records final fall revisions.
2024,DRVEF122024,DRVEF,PCTE12UG2M,00026161,nces:DRVEF:00026161:PCTE12UG2M,PCTE12UG2M,same_source_variable_identity,nces:DRVEF:00026161:PCTE12UG2M,float,Percent of undergraduate 12-month unduplicated headcount that are two or more races,Percent of undergraduate 12-month unduplicated headcount that are two or more races,Original IPEDS202425.accdb SHA256 98e9175e54ba719cf7f0bfcc8e043fac4d11babd1b73ba1701ebbdc23e5470f5; exact physical schema and varTable24; effective source_manifest.json records final fall revisions.
2024,DRVEF122024,DRVEF,PCTE12UGUN,00026166,nces:DRVEF:00026166:PCTE12UGUN,PCTE12UGUN,same_source_variable_identity,nces:DRVEF:00026166:PCTE12UGUN,float,Percent of undergraduate 12-month unduplicated headcount that are race/ethnicity unknown,Percent of undergraduate 12-month unduplicated headcount that are race/ethnicity unknown,Original IPEDS202425.accdb SHA256 98e9175e54ba719cf7f0bfcc8e043fac4d11babd1b73ba1701ebbdc23e5470f5; exact physical schema and varTable24; effective source_manifest.json records final fall revisions.
2024,DRVEF122024,DRVEF,PCTE12UGNR,00026171,nces:DRVEF:00026171:PCTE12UGNR,PCTE12UGNR,same_source_variable_identity,nces:DRVEF:00026171:PCTE12UGNR,float,Percent of undergraduate 12-month unduplicated headcount that are U.S. Nonresident,Percent of undergraduate 12-month unduplicated headcount that are U.S. Nonresident,Original IPEDS202425.accdb SHA256 98e9175e54ba719cf7f0bfcc8e043fac4d11babd1b73ba1701ebbdc23e5470f5; exact physical schema and varTable24; effective source_manifest.json records final fall revisions.
2024,DRVEF122024,DRVEF,PCTE12UGW,00026176,nces:DRVEF:00026176:PCTE12UGW,PCTE12UGW,same_source_variable_identity,nces:DRVEF:00026176:PCTE12UGW,float,Percent of undergraduate 12-month unduplicated headcount that are women,Percent of undergraduate 12-month unduplicated headcount that are women,Original IPEDS202425.accdb SHA256 98e9175e54ba719cf7f0bfcc8e043fac4d11babd1b73ba1701ebbdc23e5470f5; exact physical schema and varTable24; effective source_manifest.json records final fall revisions.
2024,DRVEF122024,DRVEF,PCTE12GRADAN,00026181,nces:DRVEF:00026181:PCTE12GRADAN,PCTE12GRADAN,same_source_variable_identity,nces:DRVEF:00026181:PCTE12GRADAN,float,Percent of graduate 12-month unduplicated headcount that are American Indian or Alaska Native,Percent of graduate 12-month unduplicated headcount that are American Indian or Alaska Native,Original IPEDS202425.accdb SHA256 98e9175e54ba719cf7f0bfcc8e043fac4d11babd1b73ba1701ebbdc23e5470f5; exact physical schema and varTable24; effective source_manifest.json records final fall revisions.
2024,DRVEF122024,DRVEF,PCTE12GRADAS,00026186,nces:DRVEF:00026186:PCTE12GRADAS,PCTE12GRADAS,same_source_variable_identity,nces:DRVEF:00026186:PCTE12GRADAS,float,Percent of graduate 12-month unduplicated headcount that are Asian,Percent of graduate 12-month unduplicated headcount that are Asian,Original IPEDS202425.accdb SHA256 98e9175e54ba719cf7f0bfcc8e043fac4d11babd1b73ba1701ebbdc23e5470f5; exact physical schema and varTable24; effective source_manifest.json records final fall revisions.
2024,DRVEF122024,DRVEF,PCTE12GRADBK,00026191,nces:DRVEF:00026191:PCTE12GRADBK,PCTE12GRADBK,same_source_variable_identity,nces:DRVEF:00026191:PCTE12GRADBK,float,Percent of graduate 12-month unduplicated headcount that are Black or African American ,Percent of graduate 12-month unduplicated headcount that are Black or African American,Original IPEDS202425.accdb SHA256 98e9175e54ba719cf7f0bfcc8e043fac4d11babd1b73ba1701ebbdc23e5470f5; exact physical schema and varTable24; effective source_manifest.json records final fall revisions.
2024,DRVEF122024,DRVEF,PCTE12GRADHS,00026196,nces:DRVEF:00026196:PCTE12GRADHS,PCTE12GRADHS,same_source_variable_identity,nces:DRVEF:00026196:PCTE12GRADHS,float,Percent of graduate 12-month unduplicated headcount that are Hispanic/Latino,Percent of graduate 12-month unduplicated headcount that are Hispanic/Latino,Original IPEDS202425.accdb SHA256 98e9175e54ba719cf7f0bfcc8e043fac4d11babd1b73ba1701ebbdc23e5470f5; exact physical schema and varTable24; effective source_manifest.json records final fall revisions.
2024,DRVEF122024,DRVEF,PCTE12GRADNH,00026201,nces:DRVEF:00026201:PCTE12GRADNH,PCTE12GRADNH,same_source_variable_identity,nces:DRVEF:00026201:PCTE12GRADNH,float,Percent of graduate 12-month unduplicated headcount that are Native Hawaiian or Other Pacific Islander,Percent of graduate 12-month unduplicated headcount that are Native Hawaiian or Other Pacific Islander,Original IPEDS202425.accdb SHA256 98e9175e54ba719cf7f0bfcc8e043fac4d11babd1b73ba1701ebbdc23e5470f5; exact physical schema and varTable24; effective source_manifest.json records final fall revisions.
2024,DRVEF122024,DRVEF,PCTE12GRADWH,00026206,nces:DRVEF:00026206:PCTE12GRADWH,PCTE12GRADWH,same_source_variable_identity,nces:DRVEF:00026206:PCTE12GRADWH,float,Percent of graduate 12-month unduplicated headcount that are White,Percent of graduate 12-month unduplicated headcount that are White,Original IPEDS202425.accdb SHA256 98e9175e54ba719cf7f0bfcc8e043fac4d11babd1b73ba1701ebbdc23e5470f5; exact physical schema and varTable24; effective source_manifest.json records final fall revisions.
2024,DRVEF122024,DRVEF,PCTE12GRAD2M,00026211,nces:DRVEF:00026211:PCTE12GRAD2M,PCTE12GRAD2M,same_source_variable_identity,nces:DRVEF:00026211:PCTE12GRAD2M,float,Percent of graduate 12-month unduplicated headcount that are two or more races,Percent of graduate 12-month unduplicated headcount that are two or more races,Original IPEDS202425.accdb SHA256 98e9175e54ba719cf7f0bfcc8e043fac4d11babd1b73ba1701ebbdc23e5470f5; exact physical schema and varTable24; effective source_manifest.json records final fall revisions.
2024,DRVEF122024,DRVEF,PCTE12GRADUN,00026216,nces:DRVEF:00026216:PCTE12GRADUN,PCTE12GRADUN,same_source_variable_identity,nces:DRVEF:00026216:PCTE12GRADUN,float,Percent of graduate 12-month unduplicated headcount that are race/ethnicity unknown,Percent of graduate 12-month unduplicated headcount that are race/ethnicity unknown,Original IPEDS202425.accdb SHA256 98e9175e54ba719cf7f0bfcc8e043fac4d11babd1b73ba1701ebbdc23e5470f5; exact physical schema and varTable24; effective source_manifest.json records final fall revisions.
2024,DRVEF122024,DRVEF,PCTE12GRADNR,00026221,nces:DRVEF:00026221:PCTE12GRADNR,PCTE12GRADNR,same_source_variable_identity,nces:DRVEF:00026221:PCTE12GRADNR,float,Percent of graduate 12-month unduplicated headcount that are U.S. Nonresident,Percent of graduate 12-month unduplicated headcount that are U.S. Nonresident,Original IPEDS202425.accdb SHA256 98e9175e54ba719cf7f0bfcc8e043fac4d11babd1b73ba1701ebbdc23e5470f5; exact physical schema and varTable24; effective source_manifest.json records final fall revisions.
2024,DRVEF122024,DRVEF,PCTE12GRADW,00026226,nces:DRVEF:00026226:PCTE12GRADW,PCTE12GRADW,same_source_variable_identity,nces:DRVEF:00026226:PCTE12GRADW,float,Percent of graduate 12-month unduplicated headcount that are women,Percent of graduate 12-month unduplicated headcount that are women,Original IPEDS202425.accdb SHA256 98e9175e54ba719cf7f0bfcc8e043fac4d11babd1b73ba1701ebbdc23e5470f5; exact physical schema and varTable24; effective source_manifest.json records final fall revisions.
2024,DRVEF122024,DRVEF,PCTE12DEEXC,00026231,nces:DRVEF:00026231:PCTE12DEEXC,PCTE12DEEXC,same_source_variable_identity,nces:DRVEF:00026231:PCTE12DEEXC,float,Percent of 12-month unduplicated headcount enrolled exclusively in distance education courses,Percent of 12-month unduplicated headcount enrolled exclusively in distance education courses,Original IPEDS202425.accdb SHA256 98e9175e54ba719cf7f0bfcc8e043fac4d11babd1b73ba1701ebbdc23e5470f5; exact physical schema and varTable24; effective source_manifest.json records final fall revisions.
2024,DRVEF122024,DRVEF,PCTE12DESOM,00026236,nces:DRVEF:00026236:PCTE12DESOM,PCTE12DESOM,same_source_variable_identity,nces:DRVEF:00026236:PCTE12DESOM,float,Percent of 12-month unduplicated headcount enrolled in some but not all distance education courses,Percent of 12-month unduplicated headcount enrolled in some but not all distance education courses,Original IPEDS202425.accdb SHA256 98e9175e54ba719cf7f0bfcc8e043fac4d11babd1b73ba1701ebbdc23e5470f5; exact physical schema and varTable24; effective source_manifest.json records final fall revisions.
2024,DRVEF122024,DRVEF,PCTE12DENON,00026241,nces:DRVEF:00026241:PCTE12DENON,PCTE12DENON,same_source_variable_identity,nces:DRVEF:00026241:PCTE12DENON,float,Percent of 12-month unduplicated headcount not enrolled in any distance education courses,Percent of 12-month unduplicated headcount not enrolled in any distance education courses,Original IPEDS202425.accdb SHA256 98e9175e54ba719cf7f0bfcc8e043fac4d11babd1b73ba1701ebbdc23e5470f5; exact physical schema and varTable24; effective source_manifest.json records final fall revisions.
2024,DRVEF122024,DRVEF,PCTE12UGDEEXC,00026246,nces:DRVEF:00026246:PCTE12UGDEEXC,PCTE12UGDEEXC,same_source_variable_identity,nces:DRVEF:00026246:PCTE12UGDEEXC,float,Percent of undergraduate 12-month unduplicated headcount enrolled exclusively in distance education courses,Percent of undergraduate 12-month unduplicated headcount enrolled exclusively in distance education courses,Original IPEDS202425.accdb SHA256 98e9175e54ba719cf7f0bfcc8e043fac4d11babd1b73ba1701ebbdc23e5470f5; exact physical schema and varTable24; effective source_manifest.json records final fall revisions.
2024,DRVEF122024,DRVEF,PCTE12UGDESOM,00026251,nces:DRVEF:00026251:PCTE12UGDESOM,PCTE12UGDESOM,same_source_variable_identity,nces:DRVEF:00026251:PCTE12UGDESOM,float,Percent of undergraduate 12-month unduplicated headcount enrolled in some but not all distance education courses,Percent of undergraduate 12-month unduplicated headcount enrolled in some but not all distance education courses,Original IPEDS202425.accdb SHA256 98e9175e54ba719cf7f0bfcc8e043fac4d11babd1b73ba1701ebbdc23e5470f5; exact physical schema and varTable24; effective source_manifest.json records final fall revisions.
2024,DRVEF122024,DRVEF,PCTE12UGDENON,00026256,nces:DRVEF:00026256:PCTE12UGDENON,PCTE12UGDENON,same_source_variable_identity,nces:DRVEF:00026256:PCTE12UGDENON,float,Percent of undergraduate 12-month unduplicated headcount not enrolled in any distance education courses,Percent of undergraduate 12-month unduplicated headcount not enrolled in any distance education courses,Original IPEDS202425.accdb SHA256 98e9175e54ba719cf7f0bfcc8e043fac4d11babd1b73ba1701ebbdc23e5470f5; exact physical schema and varTable24; effective source_manifest.json records final fall revisions.
2024,DRVEF122024,DRVEF,PCTE12GRADDEEXC,00026261,nces:DRVEF:00026261:PCTE12GRADDEEXC,PCTE12GRADDEEXC,same_source_variable_identity,nces:DRVEF:00026261:PCTE12GRADDEEXC,float,Percent of graduate 12-month unduplicated headcount enrolled exclusively in distance education courses,Percent of graduate 12-month unduplicated headcount enrolled exclusively in distance education courses,Original IPEDS202425.accdb SHA256 98e9175e54ba719cf7f0bfcc8e043fac4d11babd1b73ba1701ebbdc23e5470f5; exact physical schema and varTable24; effective source_manifest.json records final fall revisions.
2024,DRVEF122024,DRVEF,PCTE12GRADDESOM,00026266,nces:DRVEF:00026266:PCTE12GRADDESOM,PCTE12GRADDESOM,same_source_variable_identity,nces:DRVEF:00026266:PCTE12GRADDESOM,float,Percent of graduate 12-month unduplicated headcount enrolled in some but not all distance education courses,Percent of graduate 12-month unduplicated headcount enrolled in some but not all distance education courses,Original IPEDS202425.accdb SHA256 98e9175e54ba719cf7f0bfcc8e043fac4d11babd1b73ba1701ebbdc23e5470f5; exact physical schema and varTable24; effective source_manifest.json records final fall revisions.
2024,DRVEF122024,DRVEF,PCTE12GRADDENON,00026271,nces:DRVEF:00026271:PCTE12GRADDENON,PCTE12GRADDENON,same_source_variable_identity,nces:DRVEF:00026271:PCTE12GRADDENON,float,Percent of graduate 12-month unduplicated headcount not enrolled in any distance education courses,Percent of graduate 12-month unduplicated headcount not enrolled in any distance education courses,Original IPEDS202425.accdb SHA256 98e9175e54ba719cf7f0bfcc8e043fac4d11babd1b73ba1701ebbdc23e5470f5; exact physical schema and varTable24; effective source_manifest.json records final fall revisions.
2024,DRVEF2024,DRVEF,ENRTOT,00023355,nces:DRVEF:00023355:ENRTOT,ENRTOT,same_source_variable_identity,nces:DRVEF:00023355:ENRTOT,float,Total  enrollment,Total  enrollment,Original IPEDS202425.accdb SHA256 98e9175e54ba719cf7f0bfcc8e043fac4d11babd1b73ba1701ebbdc23e5470f5; exact physical schema and varTable24; effective source_manifest.json records final fall revisions.
2024,DRVEF2024,DRVEF,FTE,00020061,nces:DRVEF:00020061:FTE,FTE__DRVEF__00020061__075195670360,same_source_variable_identity,nces:DRVEF:00020061:FTE,float,Full-time equivalent fall enrollment,Full-time equivalent fall enrollment,Original IPEDS202425.accdb SHA256 98e9175e54ba719cf7f0bfcc8e043fac4d11babd1b73ba1701ebbdc23e5470f5; exact physical schema and varTable24; effective source_manifest.json records final fall revisions.
2024,DRVEF2024,DRVEF,ENRFT,00023805,nces:DRVEF:00023805:ENRFT,ENRFT,same_source_variable_identity,nces:DRVEF:00023805:ENRFT,float,Full-time enrollment,Full-time enrollment,Original IPEDS202425.accdb SHA256 98e9175e54ba719cf7f0bfcc8e043fac4d11babd1b73ba1701ebbdc23e5470f5; exact physical schema and varTable24; effective source_manifest.json records final fall revisions.
2024,DRVEF2024,DRVEF,ENRPT,00023810,nces:DRVEF:00023810:ENRPT,ENRPT,same_source_variable_identity,nces:DRVEF:00023810:ENRPT,float,Part-time enrollment,Part-time enrollment,Original IPEDS202425.accdb SHA256 98e9175e54ba719cf7f0bfcc8e043fac4d11babd1b73ba1701ebbdc23e5470f5; exact physical schema and varTable24; effective source_manifest.json records final fall revisions.
2024,DRVEF2024,DRVEF,PCTENRWH,00023315,nces:DRVEF:00023315:PCTENRWH,PCTENRWH__DRVEF__00023315__EEE3E0B33C66,same_source_variable_identity,nces:DRVEF:00023315:PCTENRWH,float,Percent of total enrollment that are White,Percent of total enrollment that are White,Original IPEDS202425.accdb SHA256 98e9175e54ba719cf7f0bfcc8e043fac4d11babd1b73ba1701ebbdc23e5470f5; exact physical schema and varTable24; effective source_manifest.json records final fall revisions.
2024,DRVEF2024,DRVEF,PCTENRBK,00023320,nces:DRVEF:00023320:PCTENRBK,PCTENRBK__DRVEF__00023320__02CB21CB26B8,same_source_variable_identity,nces:DRVEF:00023320:PCTENRBK,float,Percent of total enrollment that are Black or African American ,Percent of total enrollment that are Black or African American,Original IPEDS202425.accdb SHA256 98e9175e54ba719cf7f0bfcc8e043fac4d11babd1b73ba1701ebbdc23e5470f5; exact physical schema and varTable24; effective source_manifest.json records final fall revisions.
2024,DRVEF2024,DRVEF,PCTENRHS,00023325,nces:DRVEF:00023325:PCTENRHS,PCTENRHS__DRVEF__00023325__21F9E09C774C,same_source_variable_identity,nces:DRVEF:00023325:PCTENRHS,float,Percent of total enrollment that are Hispanic/Latino,Percent of total enrollment that are Hispanic/Latino,Original IPEDS202425.accdb SHA256 98e9175e54ba719cf7f0bfcc8e043fac4d11babd1b73ba1701ebbdc23e5470f5; exact physical schema and varTable24; effective source_manifest.json records final fall revisions.
2024,DRVEF2024,DRVEF,PCTENRAP,00023330,nces:DRVEF:00023330:PCTENRAP,PCTENRAP__DRVEF__00023330__848D8488E2B2,same_source_variable_identity,nces:DRVEF:00023330:PCTENRAP,float,Percent of total enrollment that are Asian/Native Hawaiian/Pacific Islander,Percent of total enrollment that are Asian/Native Hawaiian/Pacific Islander,Original IPEDS202425.accdb SHA256 98e9175e54ba719cf7f0bfcc8e043fac4d11babd1b73ba1701ebbdc23e5470f5; exact physical schema and varTable24; effective source_manifest.json records final fall revisions.
2024,DRVEF2024,DRVEF,PCTENRAS,00024781,nces:DRVEF:00024781:PCTENRAS,PCTENRAS,same_source_variable_identity,nces:DRVEF:00024781:PCTENRAS,float,Percent of total enrollment that are Asian,Percent of total enrollment that are Asian,Original IPEDS202425.accdb SHA256 98e9175e54ba719cf7f0bfcc8e043fac4d11babd1b73ba1701ebbdc23e5470f5; exact physical schema and varTable24; effective source_manifest.json records final fall revisions.
2024,DRVEF2024,DRVEF,PCTENRNH,00024786,nces:DRVEF:00024786:PCTENRNH,PCTENRNH,same_source_variable_identity,nces:DRVEF:00024786:PCTENRNH,float,Percent of total enrollment that are Native Hawaiian or Other Pacific Islander,Percent of total enrollment that are Native Hawaiian or Other Pacific Islander,Original IPEDS202425.accdb SHA256 98e9175e54ba719cf7f0bfcc8e043fac4d11babd1b73ba1701ebbdc23e5470f5; exact physical schema and varTable24; effective source_manifest.json records final fall revisions.
2024,DRVEF2024,DRVEF,PCTENRAN,00023335,nces:DRVEF:00023335:PCTENRAN,PCTENRAN__DRVEF__00023335__B73FFBE3C3E5,same_source_variable_identity,nces:DRVEF:00023335:PCTENRAN,float,Percent of total enrollment that are American Indian or Alaska Native,Percent of total enrollment that are American Indian or Alaska Native,Original IPEDS202425.accdb SHA256 98e9175e54ba719cf7f0bfcc8e043fac4d11babd1b73ba1701ebbdc23e5470f5; exact physical schema and varTable24; effective source_manifest.json records final fall revisions.
2024,DRVEF2024,DRVEF,PCTENR2M,00024561,nces:DRVEF:00024561:PCTENR2M,PCTENR2M,same_source_variable_identity,nces:DRVEF:00024561:PCTENR2M,float,Percent of total enrollment that are two or more races,Percent of total enrollment that are two or more races,Original IPEDS202425.accdb SHA256 98e9175e54ba719cf7f0bfcc8e043fac4d11babd1b73ba1701ebbdc23e5470f5; exact physical schema and varTable24; effective source_manifest.json records final fall revisions.
2024,DRVEF2024,DRVEF,PCTENRUN,00023340,nces:DRVEF:00023340:PCTENRUN,PCTENRUN,same_source_variable_identity,nces:DRVEF:00023340:PCTENRUN,float,Percent of total enrollment that are Race/ethnicity unknown,Percent of total enrollment that are Race/ethnicity unknown,Original IPEDS202425.accdb SHA256 98e9175e54ba719cf7f0bfcc8e043fac4d11babd1b73ba1701ebbdc23e5470f5; exact physical schema and varTable24; effective source_manifest.json records final fall revisions.
2024,DRVEF2024,DRVEF,PCTENRNR,00023345,nces:DRVEF:00023345:PCTENRNR,PCTENRNR__DRVEF__00023345__258334ECD2D2,same_source_variable_identity,nces:DRVEF:00023345:PCTENRNR,float,Percent of total enrollment that are U.S. Nonresident,Percent of total enrollment that are U.S. Nonresident,Original IPEDS202425.accdb SHA256 98e9175e54ba719cf7f0bfcc8e043fac4d11babd1b73ba1701ebbdc23e5470f5; exact physical schema and varTable24; effective source_manifest.json records final fall revisions.
2024,DRVEF2024,DRVEF,PCTENRW,00023347,nces:DRVEF:00023347:PCTENRW,PCTENRW,same_source_variable_identity,nces:DRVEF:00023347:PCTENRW,float,Percent of total enrollment that are women,Percent of total enrollment that are women,Original IPEDS202425.accdb SHA256 98e9175e54ba719cf7f0bfcc8e043fac4d11babd1b73ba1701ebbdc23e5470f5; exact physical schema and varTable24; effective source_manifest.json records final fall revisions.
2024,DRVEF2024,DRVEF,PCTFT1ST,00023350,nces:DRVEF:00023350:PCTFT1ST,PCTFT1ST,same_source_variable_identity,nces:DRVEF:00023350:PCTFT1ST,float,"Full-time, first-time, degree/certificate seeking undergraduates (GRS Cohort) as percent of all undergraduates","Full-time, first-time, degree/certificate seeking undergraduates (GRS Cohort) as percent of all undergraduates",Original IPEDS202425.accdb SHA256 98e9175e54ba719cf7f0bfcc8e043fac4d11babd1b73ba1701ebbdc23e5470f5; exact physical schema and varTable24; effective source_manifest.json records final fall revisions.
2024,DRVEF2024,DRVEF,EFUG,00024601,nces:DRVEF:00024601:EFUG,EFUG,same_source_variable_identity,nces:DRVEF:00024601:EFUG,float,Undergraduate enrollment,Undergraduate enrollment,Original IPEDS202425.accdb SHA256 98e9175e54ba719cf7f0bfcc8e043fac4d11babd1b73ba1701ebbdc23e5470f5; exact physical schema and varTable24; effective source_manifest.json records final fall revisions.
2024,DRVEF2024,DRVEF,EFUG1ST,00024606,nces:DRVEF:00024606:EFUG1ST,EFUG1ST,same_source_variable_identity,nces:DRVEF:00024606:EFUG1ST,float,First-time degree/certificate-seeking undergraduate enrollment,First-time degree/certificate-seeking undergraduate enrollment,Original IPEDS202425.accdb SHA256 98e9175e54ba719cf7f0bfcc8e043fac4d11babd1b73ba1701ebbdc23e5470f5; exact physical schema and varTable24; effective source_manifest.json records final fall revisions.
2024,DRVEF2024,DRVEF,EFUGTRN,00024611,nces:DRVEF:00024611:EFUGTRN,EFUGTRN,same_source_variable_identity,nces:DRVEF:00024611:EFUGTRN,float,Transfer-in degree/certificate-seeking undergraduate enrollment,Transfer-in degree/certificate-seeking undergraduate enrollment,Original IPEDS202425.accdb SHA256 98e9175e54ba719cf7f0bfcc8e043fac4d11babd1b73ba1701ebbdc23e5470f5; exact physical schema and varTable24; effective source_manifest.json records final fall revisions.
2024,DRVEF2024,DRVEF,EFUGCNT,00024616,nces:DRVEF:00024616:EFUGCNT,EFUGCNT,same_source_variable_identity,nces:DRVEF:00024616:EFUGCNT,float,Continuing degree/certificate-seeking undergraduate enrollment,Continuing degree/certificate-seeking undergraduate enrollment,Original IPEDS202425.accdb SHA256 98e9175e54ba719cf7f0bfcc8e043fac4d11babd1b73ba1701ebbdc23e5470f5; exact physical schema and varTable24; effective source_manifest.json records final fall revisions.
2024,DRVEF2024,DRVEF,EFUGNDG,00024621,nces:DRVEF:00024621:EFUGNDG,EFUGNDG,same_source_variable_identity,nces:DRVEF:00024621:EFUGNDG,float,Nondegree/certificate-seeking undergraduate enrollment,Nondegree/certificate-seeking undergraduate enrollment,Original IPEDS202425.accdb SHA256 98e9175e54ba719cf7f0bfcc8e043fac4d11babd1b73ba1701ebbdc23e5470f5; exact physical schema and varTable24; effective source_manifest.json records final fall revisions.
2024,DRVEF2024,DRVEF,EFUGFT,00024631,nces:DRVEF:00024631:EFUGFT,EFUGFT,same_source_variable_identity,nces:DRVEF:00024631:EFUGFT,float,Full-time undergraduate enrollment,Full-time undergraduate enrollment,Original IPEDS202425.accdb SHA256 98e9175e54ba719cf7f0bfcc8e043fac4d11babd1b73ba1701ebbdc23e5470f5; exact physical schema and varTable24; effective source_manifest.json records final fall revisions.
2024,DRVEF2024,DRVEF,EFUG1SFT,00024636,nces:DRVEF:00024636:EFUG1SFT,EFUG1SFT,same_source_variable_identity,nces:DRVEF:00024636:EFUG1SFT,float,Full-time first-time degree/certificate-seeking undergraduate enrollment,Full-time first-time degree/certificate-seeking undergraduate enrollment,Original IPEDS202425.accdb SHA256 98e9175e54ba719cf7f0bfcc8e043fac4d11babd1b73ba1701ebbdc23e5470f5; exact physical schema and varTable24; effective source_manifest.json records final fall revisions.
2024,DRVEF2024,DRVEF,EFUGTRFT,00024641,nces:DRVEF:00024641:EFUGTRFT,EFUGTRFT,same_source_variable_identity,nces:DRVEF:00024641:EFUGTRFT,float,Full-time transfer-in degree/certificate-seeking undergraduate enrollment,Full-time transfer-in degree/certificate-seeking undergraduate enrollment,Original IPEDS202425.accdb SHA256 98e9175e54ba719cf7f0bfcc8e043fac4d11babd1b73ba1701ebbdc23e5470f5; exact physical schema and varTable24; effective source_manifest.json records final fall revisions.
2024,DRVEF2024,DRVEF,EFUGCNFT,00024646,nces:DRVEF:00024646:EFUGCNFT,EFUGCNFT,same_source_variable_identity,nces:DRVEF:00024646:EFUGCNFT,float,Full-time continuing degree/certificate-seeking undergraduate enrollment,Full-time continuing degree/certificate-seeking undergraduate enrollment,Original IPEDS202425.accdb SHA256 98e9175e54ba719cf7f0bfcc8e043fac4d11babd1b73ba1701ebbdc23e5470f5; exact physical schema and varTable24; effective source_manifest.json records final fall revisions.
2024,DRVEF2024,DRVEF,EFUGNDFT,00024651,nces:DRVEF:00024651:EFUGNDFT,EFUGNDFT,same_source_variable_identity,nces:DRVEF:00024651:EFUGNDFT,float,Full-time nondegree/certificate-seeking undergraduate enrollment,Full-time nondegree/certificate-seeking undergraduate enrollment,Original IPEDS202425.accdb SHA256 98e9175e54ba719cf7f0bfcc8e043fac4d11babd1b73ba1701ebbdc23e5470f5; exact physical schema and varTable24; effective source_manifest.json records final fall revisions.
2024,DRVEF2024,DRVEF,EFUGPT,00024661,nces:DRVEF:00024661:EFUGPT,EFUGPT,same_source_variable_identity,nces:DRVEF:00024661:EFUGPT,float,Part-time undergraduate enrollment,Part-time undergraduate enrollment,Original IPEDS202425.accdb SHA256 98e9175e54ba719cf7f0bfcc8e043fac4d11babd1b73ba1701ebbdc23e5470f5; exact physical schema and varTable24; effective source_manifest.json records final fall revisions.
2024,DRVEF2024,DRVEF,EFUG1SPT,00024666,nces:DRVEF:00024666:EFUG1SPT,EFUG1SPT,same_source_variable_identity,nces:DRVEF:00024666:EFUG1SPT,float,Part-time first-time degree/certificate-seeking undergraduate enrollment,Part-time first-time degree/certificate-seeking undergraduate enrollment,Original IPEDS202425.accdb SHA256 98e9175e54ba719cf7f0bfcc8e043fac4d11babd1b73ba1701ebbdc23e5470f5; exact physical schema and varTable24; effective source_manifest.json records final fall revisions.
2024,DRVEF2024,DRVEF,EFUGTRPT,00024671,nces:DRVEF:00024671:EFUGTRPT,EFUGTRPT,same_source_variable_identity,nces:DRVEF:00024671:EFUGTRPT,float,Part-time transfer-in degree/certificate-seeking undergraduate enrollment,Part-time transfer-in degree/certificate-seeking undergraduate enrollment,Original IPEDS202425.accdb SHA256 98e9175e54ba719cf7f0bfcc8e043fac4d11babd1b73ba1701ebbdc23e5470f5; exact physical schema and varTable24; effective source_manifest.json records final fall revisions.
2024,DRVEF2024,DRVEF,EFUGCNPT,00024676,nces:DRVEF:00024676:EFUGCNPT,EFUGCNPT,same_source_variable_identity,nces:DRVEF:00024676:EFUGCNPT,float,Part-time continuing degree/certificate-seeking undergraduate enrollment,Part-time continuing degree/certificate-seeking undergraduate enrollment,Original IPEDS202425.accdb SHA256 98e9175e54ba719cf7f0bfcc8e043fac4d11babd1b73ba1701ebbdc23e5470f5; exact physical schema and varTable24; effective source_manifest.json records final fall revisions.
2024,DRVEF2024,DRVEF,EFUGNDPT,00024681,nces:DRVEF:00024681:EFUGNDPT,EFUGNDPT,same_source_variable_identity,nces:DRVEF:00024681:EFUGNDPT,float,Part-time nondegree/certificate-seeking undergraduate enrollment,Part-time nondegree/certificate-seeking undergraduate enrollment,Original IPEDS202425.accdb SHA256 98e9175e54ba719cf7f0bfcc8e043fac4d11babd1b73ba1701ebbdc23e5470f5; exact physical schema and varTable24; effective source_manifest.json records final fall revisions.
2024,DRVEF2024,DRVEF,PCUENRWH,00024711,nces:DRVEF:00024711:PCUENRWH,PCUENRWH,same_source_variable_identity,nces:DRVEF:00024711:PCUENRWH,float,Percent of undergraduate enrollment that are White,Percent of undergraduate enrollment that are White,Original IPEDS202425.accdb SHA256 98e9175e54ba719cf7f0bfcc8e043fac4d11babd1b73ba1701ebbdc23e5470f5; exact physical schema and varTable24; effective source_manifest.json records final fall revisions.
2024,DRVEF2024,DRVEF,PCUENRBK,00024701,nces:DRVEF:00024701:PCUENRBK,PCUENRBK,same_source_variable_identity,nces:DRVEF:00024701:PCUENRBK,float,Percent of undergraduate enrollment that are Black or African American ,Percent of undergraduate enrollment that are Black or African American,Original IPEDS202425.accdb SHA256 98e9175e54ba719cf7f0bfcc8e043fac4d11babd1b73ba1701ebbdc23e5470f5; exact physical schema and varTable24; effective source_manifest.json records final fall revisions.
2024,DRVEF2024,DRVEF,PCUENRHS,00024706,nces:DRVEF:00024706:PCUENRHS,PCUENRHS,same_source_variable_identity,nces:DRVEF:00024706:PCUENRHS,float,Percent of undergraduate enrollment that are Hispanic/Latino,Percent of undergraduate enrollment that are Hispanic/Latino,Original IPEDS202425.accdb SHA256 98e9175e54ba719cf7f0bfcc8e043fac4d11babd1b73ba1701ebbdc23e5470f5; exact physical schema and varTable24; effective source_manifest.json records final fall revisions.
2024,DRVEF2024,DRVEF,PCUENRAP,00024696,nces:DRVEF:00024696:PCUENRAP,PCUENRAP,same_source_variable_identity,nces:DRVEF:00024696:PCUENRAP,float,Percent of undergraduate enrollment that are Asian/Native Hawaiian/Pacific Islander,Percent of undergraduate enrollment that are Asian/Native Hawaiian/Pacific Islander,Original IPEDS202425.accdb SHA256 98e9175e54ba719cf7f0bfcc8e043fac4d11babd1b73ba1701ebbdc23e5470f5; exact physical schema and varTable24; effective source_manifest.json records final fall revisions.
2024,DRVEF2024,DRVEF,PCUENRAS,00024791,nces:DRVEF:00024791:PCUENRAS,PCUENRAS,same_source_variable_identity,nces:DRVEF:00024791:PCUENRAS,float,Percent of undergraduate enrollment that are Asian,Percent of undergraduate enrollment that are Asian,Original IPEDS202425.accdb SHA256 98e9175e54ba719cf7f0bfcc8e043fac4d11babd1b73ba1701ebbdc23e5470f5; exact physical schema and varTable24; effective source_manifest.json records final fall revisions.
2024,DRVEF2024,DRVEF,PCUENRNH,00024796,nces:DRVEF:00024796:PCUENRNH,PCUENRNH,same_source_variable_identity,nces:DRVEF:00024796:PCUENRNH,float,Percent of undergraduate enrollment that are Native Hawaiian or Other Pacific Islander,Percent of undergraduate enrollment that are Native Hawaiian or Other Pacific Islander,Original IPEDS202425.accdb SHA256 98e9175e54ba719cf7f0bfcc8e043fac4d11babd1b73ba1701ebbdc23e5470f5; exact physical schema and varTable24; effective source_manifest.json records final fall revisions.
2024,DRVEF2024,DRVEF,PCUENRAN,00024691,nces:DRVEF:00024691:PCUENRAN,PCUENRAN,same_source_variable_identity,nces:DRVEF:00024691:PCUENRAN,float,Percent of undergraduate enrollment that are American Indian or Alaska Native,Percent of undergraduate enrollment that are American Indian or Alaska Native,Original IPEDS202425.accdb SHA256 98e9175e54ba719cf7f0bfcc8e043fac4d11babd1b73ba1701ebbdc23e5470f5; exact physical schema and varTable24; effective source_manifest.json records final fall revisions.
2024,DRVEF2024,DRVEF,PCUENR2M,00024716,nces:DRVEF:00024716:PCUENR2M,PCUENR2M,same_source_variable_identity,nces:DRVEF:00024716:PCUENR2M,float,Percent of undergraduate enrollment that are two or more races,Percent of undergraduate enrollment that are two or more races,Original IPEDS202425.accdb SHA256 98e9175e54ba719cf7f0bfcc8e043fac4d11babd1b73ba1701ebbdc23e5470f5; exact physical schema and varTable24; effective source_manifest.json records final fall revisions.
2024,DRVEF2024,DRVEF,PCUENRUN,00024721,nces:DRVEF:00024721:PCUENRUN,PCUENRUN,same_source_variable_identity,nces:DRVEF:00024721:PCUENRUN,float,Percent of undergraduate enrollment that are Race/ethnicity unknown,Percent of undergraduate enrollment that are Race/ethnicity unknown,Original IPEDS202425.accdb SHA256 98e9175e54ba719cf7f0bfcc8e043fac4d11babd1b73ba1701ebbdc23e5470f5; exact physical schema and varTable24; effective source_manifest.json records final fall revisions.
2024,DRVEF2024,DRVEF,PCUENRNR,00024726,nces:DRVEF:00024726:PCUENRNR,PCUENRNR,same_source_variable_identity,nces:DRVEF:00024726:PCUENRNR,float,Percent of undergraduate enrollment that are U.S. Nonresident,Percent of undergraduate enrollment that are U.S. Nonresident,Original IPEDS202425.accdb SHA256 98e9175e54ba719cf7f0bfcc8e043fac4d11babd1b73ba1701ebbdc23e5470f5; exact physical schema and varTable24; effective source_manifest.json records final fall revisions.
2024,DRVEF2024,DRVEF,PCUENRW,00024731,nces:DRVEF:00024731:PCUENRW,PCUENRW,same_source_variable_identity,nces:DRVEF:00024731:PCUENRW,float,Percent of undergraduate enrollment that are women,Percent of undergraduate enrollment that are women,Original IPEDS202425.accdb SHA256 98e9175e54ba719cf7f0bfcc8e043fac4d11babd1b73ba1701ebbdc23e5470f5; exact physical schema and varTable24; effective source_manifest.json records final fall revisions.
2024,DRVEF2024,DRVEF,EFGRAD,00024626,nces:DRVEF:00024626:EFGRAD,EFGRAD,same_source_variable_identity,nces:DRVEF:00024626:EFGRAD,float,Graduate enrollment,Graduate enrollment,Original IPEDS202425.accdb SHA256 98e9175e54ba719cf7f0bfcc8e043fac4d11babd1b73ba1701ebbdc23e5470f5; exact physical schema and varTable24; effective source_manifest.json records final fall revisions.
2024,DRVEF2024,DRVEF,EFGRADFT,00024656,nces:DRVEF:00024656:EFGRADFT,EFGRADFT,same_source_variable_identity,nces:DRVEF:00024656:EFGRADFT,float,Full-time graduate enrollment,Full-time graduate enrollment,Original IPEDS202425.accdb SHA256 98e9175e54ba719cf7f0bfcc8e043fac4d11babd1b73ba1701ebbdc23e5470f5; exact physical schema and varTable24; effective source_manifest.json records final fall revisions.
2024,DRVEF2024,DRVEF,EFGRADPT,00024686,nces:DRVEF:00024686:EFGRADPT,EFGRADPT,same_source_variable_identity,nces:DRVEF:00024686:EFGRADPT,float,Part-time graduate enrollment,Part-time graduate enrollment,Original IPEDS202425.accdb SHA256 98e9175e54ba719cf7f0bfcc8e043fac4d11babd1b73ba1701ebbdc23e5470f5; exact physical schema and varTable24; effective source_manifest.json records final fall revisions.
2024,DRVEF2024,DRVEF,PCGENRWH,00024756,nces:DRVEF:00024756:PCGENRWH,PCGENRWH,same_source_variable_identity,nces:DRVEF:00024756:PCGENRWH,float,Percent of graduate enrollment that are White,Percent of graduate enrollment that are White,Original IPEDS202425.accdb SHA256 98e9175e54ba719cf7f0bfcc8e043fac4d11babd1b73ba1701ebbdc23e5470f5; exact physical schema and varTable24; effective source_manifest.json records final fall revisions.
2024,DRVEF2024,DRVEF,PCGENRBK,00024746,nces:DRVEF:00024746:PCGENRBK,PCGENRBK,same_source_variable_identity,nces:DRVEF:00024746:PCGENRBK,float,Percent of graduate enrollment that are Black or African American ,Percent of graduate enrollment that are Black or African American,Original IPEDS202425.accdb SHA256 98e9175e54ba719cf7f0bfcc8e043fac4d11babd1b73ba1701ebbdc23e5470f5; exact physical schema and varTable24; effective source_manifest.json records final fall revisions.
2024,DRVEF2024,DRVEF,PCGENRHS,00024751,nces:DRVEF:00024751:PCGENRHS,PCGENRHS,same_source_variable_identity,nces:DRVEF:00024751:PCGENRHS,float,Percent of graduate enrollment that are Hispanic/Latino,Percent of graduate enrollment that are Hispanic/Latino,Original IPEDS202425.accdb SHA256 98e9175e54ba719cf7f0bfcc8e043fac4d11babd1b73ba1701ebbdc23e5470f5; exact physical schema and varTable24; effective source_manifest.json records final fall revisions.
2024,DRVEF2024,DRVEF,PCGENRAP,00024741,nces:DRVEF:00024741:PCGENRAP,PCGENRAP,same_source_variable_identity,nces:DRVEF:00024741:PCGENRAP,float,Percent of graduate enrollment that are Asian/Native Hawaiian/Pacific Islander,Percent of graduate enrollment that are Asian/Native Hawaiian/Pacific Islander,Original IPEDS202425.accdb SHA256 98e9175e54ba719cf7f0bfcc8e043fac4d11babd1b73ba1701ebbdc23e5470f5; exact physical schema and varTable24; effective source_manifest.json records final fall revisions.
2024,DRVEF2024,DRVEF,PCGENRAS,00024801,nces:DRVEF:00024801:PCGENRAS,PCGENRAS,same_source_variable_identity,nces:DRVEF:00024801:PCGENRAS,float,Percent of graduate enrollment that are Asian,Percent of graduate enrollment that are Asian,Original IPEDS202425.accdb SHA256 98e9175e54ba719cf7f0bfcc8e043fac4d11babd1b73ba1701ebbdc23e5470f5; exact physical schema and varTable24; effective source_manifest.json records final fall revisions.
2024,DRVEF2024,DRVEF,PCGENRNH,00024806,nces:DRVEF:00024806:PCGENRNH,PCGENRNH,same_source_variable_identity,nces:DRVEF:00024806:PCGENRNH,float,Percent of graduate enrollment that are Native Hawaiian or Other Pacific Islander,Percent of graduate enrollment that are Native Hawaiian or Other Pacific Islander,Original IPEDS202425.accdb SHA256 98e9175e54ba719cf7f0bfcc8e043fac4d11babd1b73ba1701ebbdc23e5470f5; exact physical schema and varTable24; effective source_manifest.json records final fall revisions.
2024,DRVEF2024,DRVEF,PCGENRAN,00024736,nces:DRVEF:00024736:PCGENRAN,PCGENRAN,same_source_variable_identity,nces:DRVEF:00024736:PCGENRAN,float,Percent of graduate enrollment that are American Indian or Alaska Native,Percent of graduate enrollment that are American Indian or Alaska Native,Original IPEDS202425.accdb SHA256 98e9175e54ba719cf7f0bfcc8e043fac4d11babd1b73ba1701ebbdc23e5470f5; exact physical schema and varTable24; effective source_manifest.json records final fall revisions.
2024,DRVEF2024,DRVEF,PCGENR2M,00024761,nces:DRVEF:00024761:PCGENR2M,PCGENR2M,same_source_variable_identity,nces:DRVEF:00024761:PCGENR2M,float,Percent of graduate enrollment that are two or more races,Percent of graduate enrollment that are two or more races,Original IPEDS202425.accdb SHA256 98e9175e54ba719cf7f0bfcc8e043fac4d11babd1b73ba1701ebbdc23e5470f5; exact physical schema and varTable24; effective source_manifest.json records final fall revisions.
2024,DRVEF2024,DRVEF,PCGENRUN,00024766,nces:DRVEF:00024766:PCGENRUN,PCGENRUN,same_source_variable_identity,nces:DRVEF:00024766:PCGENRUN,float,Percent of graduate enrollment that are Race/ethnicity unknown,Percent of graduate enrollment that are Race/ethnicity unknown,Original IPEDS202425.accdb SHA256 98e9175e54ba719cf7f0bfcc8e043fac4d11babd1b73ba1701ebbdc23e5470f5; exact physical schema and varTable24; effective source_manifest.json records final fall revisions.
2024,DRVEF2024,DRVEF,PCGENRNR,00024771,nces:DRVEF:00024771:PCGENRNR,PCGENRNR,same_source_variable_identity,nces:DRVEF:00024771:PCGENRNR,float,Percent of graduate enrollment that are U.S. Nonresident,Percent of graduate enrollment that are U.S. Nonresident,Original IPEDS202425.accdb SHA256 98e9175e54ba719cf7f0bfcc8e043fac4d11babd1b73ba1701ebbdc23e5470f5; exact physical schema and varTable24; effective source_manifest.json records final fall revisions.
2024,DRVEF2024,DRVEF,PCGENRW,00024776,nces:DRVEF:00024776:PCGENRW,PCGENRW,same_source_variable_identity,nces:DRVEF:00024776:PCGENRW,float,Percent of graduate enrollment that are women,Percent of graduate enrollment that are women,Original IPEDS202425.accdb SHA256 98e9175e54ba719cf7f0bfcc8e043fac4d11babd1b73ba1701ebbdc23e5470f5; exact physical schema and varTable24; effective source_manifest.json records final fall revisions.
2024,DRVEF2024,DRVEF,DVEF01,00023401,nces:DRVEF:00023401:DVEF01,DVEF01,same_source_variable_identity,nces:DRVEF:00023401:DVEF01,float,"Adult age (25-64) enrollment, all students","Adult age (25-64) enrollment, all students",Original IPEDS202425.accdb SHA256 98e9175e54ba719cf7f0bfcc8e043fac4d11babd1b73ba1701ebbdc23e5470f5; exact physical schema and varTable24; effective source_manifest.json records final fall revisions.
2024,DRVEF2024,DRVEF,DVEF02,00023402,nces:DRVEF:00023402:DVEF02,DVEF02,same_source_variable_identity,nces:DRVEF:00023402:DVEF02,float,"Adult age (25-64) enrollment, undergraduate","Adult age (25-64) enrollment, undergraduate",Original IPEDS202425.accdb SHA256 98e9175e54ba719cf7f0bfcc8e043fac4d11babd1b73ba1701ebbdc23e5470f5; exact physical schema and varTable24; effective source_manifest.json records final fall revisions.
2024,DRVEF2024,DRVEF,DVEF03,00023403,nces:DRVEF:00023403:DVEF03,DVEF03,same_source_variable_identity,nces:DRVEF:00023403:DVEF03,float,"Adult age (25-64) enrollment, graduate","Adult age (25-64) enrollment, graduate",Original IPEDS202425.accdb SHA256 98e9175e54ba719cf7f0bfcc8e043fac4d11babd1b73ba1701ebbdc23e5470f5; exact physical schema and varTable24; effective source_manifest.json records final fall revisions.
2024,DRVEF2024,DRVEF,DVEF05,00023405,nces:DRVEF:00023405:DVEF05,DVEF05,same_source_variable_identity,nces:DRVEF:00023405:DVEF05,float,"Adult age (25-64) enrollment, full-time students","Adult age (25-64) enrollment, full-time students",Original IPEDS202425.accdb SHA256 98e9175e54ba719cf7f0bfcc8e043fac4d11babd1b73ba1701ebbdc23e5470f5; exact physical schema and varTable24; effective source_manifest.json records final fall revisions.
2024,DRVEF2024,DRVEF,DVEF06,00023406,nces:DRVEF:00023406:DVEF06,DVEF06,same_source_variable_identity,nces:DRVEF:00023406:DVEF06,float,"Adult age (25-64) enrollment, full-time undergraduate","Adult age (25-64) enrollment, full-time undergraduate",Original IPEDS202425.accdb SHA256 98e9175e54ba719cf7f0bfcc8e043fac4d11babd1b73ba1701ebbdc23e5470f5; exact physical schema and varTable24; effective source_manifest.json records final fall revisions.
2024,DRVEF2024,DRVEF,DVEF07,00023407,nces:DRVEF:00023407:DVEF07,DVEF07,same_source_variable_identity,nces:DRVEF:00023407:DVEF07,float,"Adult age (25-64) enrollment, full-time graduate","Adult age (25-64) enrollment, full-time graduate",Original IPEDS202425.accdb SHA256 98e9175e54ba719cf7f0bfcc8e043fac4d11babd1b73ba1701ebbdc23e5470f5; exact physical schema and varTable24; effective source_manifest.json records final fall revisions.
2024,DRVEF2024,DRVEF,DVEF09,00023409,nces:DRVEF:00023409:DVEF09,DVEF09,same_source_variable_identity,nces:DRVEF:00023409:DVEF09,float,"Adult age (25-64) enrollment, part-time students","Adult age (25-64) enrollment, part-time students",Original IPEDS202425.accdb SHA256 98e9175e54ba719cf7f0bfcc8e043fac4d11babd1b73ba1701ebbdc23e5470f5; exact physical schema and varTable24; effective source_manifest.json records final fall revisions.
2024,DRVEF2024,DRVEF,DVEF10,00023410,nces:DRVEF:00023410:DVEF10,DVEF10,same_source_variable_identity,nces:DRVEF:00023410:DVEF10,float,"Adult age (25-64) enrollment, part-time undergraduate","Adult age (25-64) enrollment, part-time undergraduate",Original IPEDS202425.accdb SHA256 98e9175e54ba719cf7f0bfcc8e043fac4d11babd1b73ba1701ebbdc23e5470f5; exact physical schema and varTable24; effective source_manifest.json records final fall revisions.
2024,DRVEF2024,DRVEF,DVEF11,00023411,nces:DRVEF:00023411:DVEF11,DVEF11,same_source_variable_identity,nces:DRVEF:00023411:DVEF11,float,"Adult age (25-64) enrollment, part-time graduate","Adult age (25-64) enrollment, part-time graduate",Original IPEDS202425.accdb SHA256 98e9175e54ba719cf7f0bfcc8e043fac4d11babd1b73ba1701ebbdc23e5470f5; exact physical schema and varTable24; effective source_manifest.json records final fall revisions.
2024,DRVEF2024,DRVEF,DVEF13,00023413,nces:DRVEF:00023413:DVEF13,DVEF13,same_source_variable_identity,nces:DRVEF:00023413:DVEF13,float,Percent of undergraduate enrollment under 18,Percent of undergraduate enrollment under 18,Original IPEDS202425.accdb SHA256 98e9175e54ba719cf7f0bfcc8e043fac4d11babd1b73ba1701ebbdc23e5470f5; exact physical schema and varTable24; effective source_manifest.json records final fall revisions.
2024,DRVEF2024,DRVEF,DVEF14,00023414,nces:DRVEF:00023414:DVEF14,DVEF14,same_source_variable_identity,nces:DRVEF:00023414:DVEF14,float,Percent of undergraduate enrollment 18-24,Percent of undergraduate enrollment 18-24,Original IPEDS202425.accdb SHA256 98e9175e54ba719cf7f0bfcc8e043fac4d11babd1b73ba1701ebbdc23e5470f5; exact physical schema and varTable24; effective source_manifest.json records final fall revisions.
2024,DRVEF2024,DRVEF,DVEF15,00023415,nces:DRVEF:00023415:DVEF15,DVEF15,same_source_variable_identity,nces:DRVEF:00023415:DVEF15,float,"Percent of undergraduate enrollment, 25-64","Percent of undergraduate enrollment, 25-64",Original IPEDS202425.accdb SHA256 98e9175e54ba719cf7f0bfcc8e043fac4d11babd1b73ba1701ebbdc23e5470f5; exact physical schema and varTable24; effective source_manifest.json records final fall revisions.
2024,DRVEF2024,DRVEF,DVEF16,00023416,nces:DRVEF:00023416:DVEF16,DVEF16,same_source_variable_identity,nces:DRVEF:00023416:DVEF16,float,Percent of undergraduate enrollment over 65,Percent of undergraduate enrollment over 65,Original IPEDS202425.accdb SHA256 98e9175e54ba719cf7f0bfcc8e043fac4d11babd1b73ba1701ebbdc23e5470f5; exact physical schema and varTable24; effective source_manifest.json records final fall revisions.
2024,DRVEF2024,DRVEF,RMINSTTN,00024911,nces:DRVEF:00024911:RMINSTTN,RMINSTTN,same_source_variable_identity,nces:DRVEF:00024911:RMINSTTN,float,Number of first-time undergraduates - in-state,Number of first-time undergraduates - in-state,Original IPEDS202425.accdb SHA256 98e9175e54ba719cf7f0bfcc8e043fac4d11babd1b73ba1701ebbdc23e5470f5; exact physical schema and varTable24; effective source_manifest.json records final fall revisions.
2024,DRVEF2024,DRVEF,RMOUSTTN,00024916,nces:DRVEF:00024916:RMOUSTTN,RMOUSTTN,same_source_variable_identity,nces:DRVEF:00024916:RMOUSTTN,float,Number of first-time undergraduates - out-of-state,Number of first-time undergraduates - out-of-state,Original IPEDS202425.accdb SHA256 98e9175e54ba719cf7f0bfcc8e043fac4d11babd1b73ba1701ebbdc23e5470f5; exact physical schema and varTable24; effective source_manifest.json records final fall revisions.
2024,DRVEF2024,DRVEF,RMFRGNCN,00024921,nces:DRVEF:00024921:RMFRGNCN,RMFRGNCN,same_source_variable_identity,nces:DRVEF:00024921:RMFRGNCN,float,Number of first-time undergraduates - foreign countries,Number of first-time undergraduates - foreign countries,Original IPEDS202425.accdb SHA256 98e9175e54ba719cf7f0bfcc8e043fac4d11babd1b73ba1701ebbdc23e5470f5; exact physical schema and varTable24; effective source_manifest.json records final fall revisions.
2024,DRVEF2024,DRVEF,RMUNKNWN,00024926,nces:DRVEF:00024926:RMUNKNWN,RMUNKNWN,same_source_variable_identity,nces:DRVEF:00024926:RMUNKNWN,float,Number of first-time undergraduates - residence unknown,Number of first-time undergraduates - residence unknown,Original IPEDS202425.accdb SHA256 98e9175e54ba719cf7f0bfcc8e043fac4d11babd1b73ba1701ebbdc23e5470f5; exact physical schema and varTable24; effective source_manifest.json records final fall revisions.
2024,DRVEF2024,DRVEF,RMINSTTP,00024912,nces:DRVEF:00024912:RMINSTTP,RMINSTTP,same_source_variable_identity,nces:DRVEF:00024912:RMINSTTP,float,Percent of first-time undergraduates - in-state,Percent of first-time undergraduates - in-state,Original IPEDS202425.accdb SHA256 98e9175e54ba719cf7f0bfcc8e043fac4d11babd1b73ba1701ebbdc23e5470f5; exact physical schema and varTable24; effective source_manifest.json records final fall revisions.
2024,DRVEF2024,DRVEF,RMOUSTTP,00024917,nces:DRVEF:00024917:RMOUSTTP,RMOUSTTP,same_source_variable_identity,nces:DRVEF:00024917:RMOUSTTP,float,Percent of first-time undergraduates - out-of-state,Percent of first-time undergraduates - out-of-state,Original IPEDS202425.accdb SHA256 98e9175e54ba719cf7f0bfcc8e043fac4d11babd1b73ba1701ebbdc23e5470f5; exact physical schema and varTable24; effective source_manifest.json records final fall revisions.
2024,DRVEF2024,DRVEF,RMFRGNCP,00024922,nces:DRVEF:00024922:RMFRGNCP,RMFRGNCP,same_source_variable_identity,nces:DRVEF:00024922:RMFRGNCP,float,Percent of first-time undergraduates - foreign countries,Percent of first-time undergraduates - foreign countries,Original IPEDS202425.accdb SHA256 98e9175e54ba719cf7f0bfcc8e043fac4d11babd1b73ba1701ebbdc23e5470f5; exact physical schema and varTable24; effective source_manifest.json records final fall revisions.
2024,DRVEF2024,DRVEF,RMUNKNWP,00024927,nces:DRVEF:00024927:RMUNKNWP,RMUNKNWP,same_source_variable_identity,nces:DRVEF:00024927:RMUNKNWP,float,Percent of first-time undergraduates - residence unknown,Percent of first-time undergraduates - residence unknown,Original IPEDS202425.accdb SHA256 98e9175e54ba719cf7f0bfcc8e043fac4d11babd1b73ba1701ebbdc23e5470f5; exact physical schema and varTable24; effective source_manifest.json records final fall revisions.
2024,DRVEF2024,DRVEF,PCTDEEXC,00024866,nces:DRVEF:00024866:PCTDEEXC,PCTDEEXC,same_source_variable_identity,nces:DRVEF:00024866:PCTDEEXC,float,Percent of students enrolled exclusively in distance education courses,Percent of students enrolled exclusively in distance education courses,Original IPEDS202425.accdb SHA256 98e9175e54ba719cf7f0bfcc8e043fac4d11babd1b73ba1701ebbdc23e5470f5; exact physical schema and varTable24; effective source_manifest.json records final fall revisions.
2024,DRVEF2024,DRVEF,PCTDESOM,00024871,nces:DRVEF:00024871:PCTDESOM,PCTDESOM,same_source_variable_identity,nces:DRVEF:00024871:PCTDESOM,float,Percent of students enrolled in some but not all distance education courses,Percent of students enrolled in some but not all distance education courses,Original IPEDS202425.accdb SHA256 98e9175e54ba719cf7f0bfcc8e043fac4d11babd1b73ba1701ebbdc23e5470f5; exact physical schema and varTable24; effective source_manifest.json records final fall revisions.
2024,DRVEF2024,DRVEF,PCTDENON,00024876,nces:DRVEF:00024876:PCTDENON,PCTDENON,same_source_variable_identity,nces:DRVEF:00024876:PCTDENON,float,Percent of students not enrolled in any distance education courses,Percent of students not enrolled in any distance education courses,Original IPEDS202425.accdb SHA256 98e9175e54ba719cf7f0bfcc8e043fac4d11babd1b73ba1701ebbdc23e5470f5; exact physical schema and varTable24; effective source_manifest.json records final fall revisions.
2024,DRVEF2024,DRVEF,PCUDEEXC,00024881,nces:DRVEF:00024881:PCUDEEXC,PCUDEEXC,same_source_variable_identity,nces:DRVEF:00024881:PCUDEEXC,float,Percent of undergraduate students enrolled exclusively in distance education courses,Percent of undergraduate students enrolled exclusively in distance education courses,Original IPEDS202425.accdb SHA256 98e9175e54ba719cf7f0bfcc8e043fac4d11babd1b73ba1701ebbdc23e5470f5; exact physical schema and varTable24; effective source_manifest.json records final fall revisions.
2024,DRVEF2024,DRVEF,PCUDESOM,00024886,nces:DRVEF:00024886:PCUDESOM,PCUDESOM,same_source_variable_identity,nces:DRVEF:00024886:PCUDESOM,float,Percent of undergraduate students enrolled in some but not all distance education courses,Percent of undergraduate students enrolled in some but not all distance education courses,Original IPEDS202425.accdb SHA256 98e9175e54ba719cf7f0bfcc8e043fac4d11babd1b73ba1701ebbdc23e5470f5; exact physical schema and varTable24; effective source_manifest.json records final fall revisions.
2024,DRVEF2024,DRVEF,PCUDENON,00024891,nces:DRVEF:00024891:PCUDENON,PCUDENON,same_source_variable_identity,nces:DRVEF:00024891:PCUDENON,float,Percent of undergraduate students not enrolled in any distance education courses,Percent of undergraduate students not enrolled in any distance education courses,Original IPEDS202425.accdb SHA256 98e9175e54ba719cf7f0bfcc8e043fac4d11babd1b73ba1701ebbdc23e5470f5; exact physical schema and varTable24; effective source_manifest.json records final fall revisions.
2024,DRVEF2024,DRVEF,PCGDEEXC,00024896,nces:DRVEF:00024896:PCGDEEXC,PCGDEEXC,same_source_variable_identity,nces:DRVEF:00024896:PCGDEEXC,float,Percent of graduate students enrolled exclusively in distance education courses,Percent of graduate students enrolled exclusively in distance education courses,Original IPEDS202425.accdb SHA256 98e9175e54ba719cf7f0bfcc8e043fac4d11babd1b73ba1701ebbdc23e5470f5; exact physical schema and varTable24; effective source_manifest.json records final fall revisions.
2024,DRVEF2024,DRVEF,PCGDESOM,00024901,nces:DRVEF:00024901:PCGDESOM,PCGDESOM,same_source_variable_identity,nces:DRVEF:00024901:PCGDESOM,float,Percent of graduate students enrolled in some but not all distance education courses,Percent of graduate students enrolled in some but not all distance education courses,Original IPEDS202425.accdb SHA256 98e9175e54ba719cf7f0bfcc8e043fac4d11babd1b73ba1701ebbdc23e5470f5; exact physical schema and varTable24; effective source_manifest.json records final fall revisions.
2024,DRVEF2024,DRVEF,PCGDENON,00024906,nces:DRVEF:00024906:PCGDENON,PCGDENON,same_source_variable_identity,nces:DRVEF:00024906:PCGDENON,float,Percent of graduate students not enrolled in any distance education courses,Percent of graduate students not enrolled in any distance education courses,Original IPEDS202425.accdb SHA256 98e9175e54ba719cf7f0bfcc8e043fac4d11babd1b73ba1701ebbdc23e5470f5; exact physical schema and varTable24; effective source_manifest.json records final fall revisions.
2024,DRVF2024,DRVF,F1CORREV,00066101,nces:DRVF:00066101:F1CORREV,F1CORREV,same_source_variable_identity,nces:DRVF:00066101:F1CORREV,float,"Core revenues, total dollars (GASB)","Core revenues, total dollars (GASB)",Original IPEDS202425.accdb SHA256 98e9175e54ba719cf7f0bfcc8e043fac4d11babd1b73ba1701ebbdc23e5470f5; exact physical schema and varTable24; effective source_manifest.json records final fall revisions.
2024,DRVF2024,DRVF,F1TUFEPC,00066104,nces:DRVF:00066104:F1TUFEPC,F1TUFEPC,same_source_variable_identity,nces:DRVF:00066104:F1TUFEPC,float,Tuition and fees as a percent of core revenues (GASB),Tuition and fees as a percent of core revenues (GASB),Original IPEDS202425.accdb SHA256 98e9175e54ba719cf7f0bfcc8e043fac4d11babd1b73ba1701ebbdc23e5470f5; exact physical schema and varTable24; effective source_manifest.json records final fall revisions.
2024,DRVF2024,DRVF,F1STAPPC,00066107,nces:DRVF:00066107:F1STAPPC,F1STAPPC,same_source_variable_identity,nces:DRVF:00066107:F1STAPPC,float,State appropriations as percent of core revenues  (GASB),State appropriations as percent of core revenues  (GASB),Original IPEDS202425.accdb SHA256 98e9175e54ba719cf7f0bfcc8e043fac4d11babd1b73ba1701ebbdc23e5470f5; exact physical schema and varTable24; effective source_manifest.json records final fall revisions.
2024,DRVF2024,DRVF,F1LCAPPC,00066110,nces:DRVF:00066110:F1LCAPPC,F1LCAPPC,same_source_variable_identity,nces:DRVF:00066110:F1LCAPPC,float,Local appropriations as a percent of core revenues (GASB),Local appropriations as a percent of core revenues (GASB),Original IPEDS202425.accdb SHA256 98e9175e54ba719cf7f0bfcc8e043fac4d11babd1b73ba1701ebbdc23e5470f5; exact physical schema and varTable24; effective source_manifest.json records final fall revisions.
2024,DRVF2024,DRVF,F1GVGCPC,00066113,nces:DRVF:00066113:F1GVGCPC,F1GVGCPC,same_source_variable_identity,nces:DRVF:00066113:F1GVGCPC,float,Government grants and contracts as a percent of core revenues (GASB),Government grants and contracts as a percent of core revenues (GASB),Original IPEDS202425.accdb SHA256 98e9175e54ba719cf7f0bfcc8e043fac4d11babd1b73ba1701ebbdc23e5470f5; exact physical schema and varTable24; effective source_manifest.json records final fall revisions.
2024,DRVF2024,DRVF,F1PGGCPC,00066115,nces:DRVF:00066115:F1PGGCPC,F1PGGCPC,same_source_variable_identity,nces:DRVF:00066115:F1PGGCPC,float,"Private gifts, grants, and contracts as a percent of core revenues (GASB)","Private gifts, grants, and contracts as a percent of core revenues (GASB)",Original IPEDS202425.accdb SHA256 98e9175e54ba719cf7f0bfcc8e043fac4d11babd1b73ba1701ebbdc23e5470f5; exact physical schema and varTable24; effective source_manifest.json records final fall revisions.
2024,DRVF2024,DRVF,F1INVRPC,00066117,nces:DRVF:00066117:F1INVRPC,F1INVRPC,same_source_variable_identity,nces:DRVF:00066117:F1INVRPC,float,Investment return as a percent of core revenues (GASB),Investment return as a percent of core revenues (GASB),Original IPEDS202425.accdb SHA256 98e9175e54ba719cf7f0bfcc8e043fac4d11babd1b73ba1701ebbdc23e5470f5; exact physical schema and varTable24; effective source_manifest.json records final fall revisions.
2024,DRVF2024,DRVF,F1OTRVPC,00066119,nces:DRVF:00066119:F1OTRVPC,F1OTRVPC,same_source_variable_identity,nces:DRVF:00066119:F1OTRVPC,float,Other revenues as a percent of core revenues (GASB),Other revenues as a percent of core revenues (GASB),Original IPEDS202425.accdb SHA256 98e9175e54ba719cf7f0bfcc8e043fac4d11babd1b73ba1701ebbdc23e5470f5; exact physical schema and varTable24; effective source_manifest.json records final fall revisions.
2024,DRVF2024,DRVF,F1TUFEFT,00066134,nces:DRVF:00066134:F1TUFEFT,F1TUFEFT,same_source_variable_identity,nces:DRVF:00066134:F1TUFEFT,float,Revenues from tuition and fees per FTE (GASB),Revenues from tuition and fees per FTE (GASB),Original IPEDS202425.accdb SHA256 98e9175e54ba719cf7f0bfcc8e043fac4d11babd1b73ba1701ebbdc23e5470f5; exact physical schema and varTable24; effective source_manifest.json records final fall revisions.
2024,DRVF2024,DRVF,F1STAPFT,00066137,nces:DRVF:00066137:F1STAPFT,F1STAPFT,same_source_variable_identity,nces:DRVF:00066137:F1STAPFT,float,Revenues from state appropriations per FTE (GASB),Revenues from state appropriations per FTE (GASB),Original IPEDS202425.accdb SHA256 98e9175e54ba719cf7f0bfcc8e043fac4d11babd1b73ba1701ebbdc23e5470f5; exact physical schema and varTable24; effective source_manifest.json records final fall revisions.
2024,DRVF2024,DRVF,F1LCAPFT,00066140,nces:DRVF:00066140:F1LCAPFT,F1LCAPFT,same_source_variable_identity,nces:DRVF:00066140:F1LCAPFT,float,Revenues from local appropriations per FTE (GASB),Revenues from local appropriations per FTE (GASB),Original IPEDS202425.accdb SHA256 98e9175e54ba719cf7f0bfcc8e043fac4d11babd1b73ba1701ebbdc23e5470f5; exact physical schema and varTable24; effective source_manifest.json records final fall revisions.
2024,DRVF2024,DRVF,F1GVGCFT,00066143,nces:DRVF:00066143:F1GVGCFT,F1GVGCFT,same_source_variable_identity,nces:DRVF:00066143:F1GVGCFT,float,Revenues from government grants and contracts per FTE (GASB),Revenues from government grants and contracts per FTE (GASB),Original IPEDS202425.accdb SHA256 98e9175e54ba719cf7f0bfcc8e043fac4d11babd1b73ba1701ebbdc23e5470f5; exact physical schema and varTable24; effective source_manifest.json records final fall revisions.
2024,DRVF2024,DRVF,F1PGGCFT,00066145,nces:DRVF:00066145:F1PGGCFT,F1PGGCFT,same_source_variable_identity,nces:DRVF:00066145:F1PGGCFT,float,"Revenues from private gifts, grants, and contracts per FTE (GASB)","Revenues from private gifts, grants, and contracts per FTE (GASB)",Original IPEDS202425.accdb SHA256 98e9175e54ba719cf7f0bfcc8e043fac4d11babd1b73ba1701ebbdc23e5470f5; exact physical schema and varTable24; effective source_manifest.json records final fall revisions.
2024,DRVF2024,DRVF,F1INVRFT,00066147,nces:DRVF:00066147:F1INVRFT,F1INVRFT,same_source_variable_identity,nces:DRVF:00066147:F1INVRFT,float,Revenues from investment return per FTE (GASB),Revenues from investment return per FTE (GASB),Original IPEDS202425.accdb SHA256 98e9175e54ba719cf7f0bfcc8e043fac4d11babd1b73ba1701ebbdc23e5470f5; exact physical schema and varTable24; effective source_manifest.json records final fall revisions.
2024,DRVF2024,DRVF,F1OTRVFT,00066149,nces:DRVF:00066149:F1OTRVFT,F1OTRVFT,same_source_variable_identity,nces:DRVF:00066149:F1OTRVFT,float,Other core revenues per FTE (GASB),Other core revenues per FTE (GASB),Original IPEDS202425.accdb SHA256 98e9175e54ba719cf7f0bfcc8e043fac4d11babd1b73ba1701ebbdc23e5470f5; exact physical schema and varTable24; effective source_manifest.json records final fall revisions.
2024,DRVF2024,DRVF,F1COREXP,00066150,nces:DRVF:00066150:F1COREXP,F1COREXP,same_source_variable_identity,nces:DRVF:00066150:F1COREXP,float,"Core expenses, total dollars (GASB)","Core expenses, total dollars (GASB)",Original IPEDS202425.accdb SHA256 98e9175e54ba719cf7f0bfcc8e043fac4d11babd1b73ba1701ebbdc23e5470f5; exact physical schema and varTable24; effective source_manifest.json records final fall revisions.
2024,DRVF2024,DRVF,F1INSTFT,00066161,nces:DRVF:00066161:F1INSTFT,F1INSTFT,same_source_variable_identity,nces:DRVF:00066161:F1INSTFT,float,Instruction expenses per FTE  (GASB),Instruction expenses per FTE  (GASB),Original IPEDS202425.accdb SHA256 98e9175e54ba719cf7f0bfcc8e043fac4d11babd1b73ba1701ebbdc23e5470f5; exact physical schema and varTable24; effective source_manifest.json records final fall revisions.
2024,DRVF2024,DRVF,F1RSRCFT,00066162,nces:DRVF:00066162:F1RSRCFT,F1RSRCFT,same_source_variable_identity,nces:DRVF:00066162:F1RSRCFT,float,Research expenses per FTE  (GASB),Research expenses per FTE  (GASB),Original IPEDS202425.accdb SHA256 98e9175e54ba719cf7f0bfcc8e043fac4d11babd1b73ba1701ebbdc23e5470f5; exact physical schema and varTable24; effective source_manifest.json records final fall revisions.
2024,DRVF2024,DRVF,F1PBSVFT,00066163,nces:DRVF:00066163:F1PBSVFT,F1PBSVFT,same_source_variable_identity,nces:DRVF:00066163:F1PBSVFT,float,Public service expenses per FTE (GASB),Public service expenses per FTE (GASB),Original IPEDS202425.accdb SHA256 98e9175e54ba719cf7f0bfcc8e043fac4d11babd1b73ba1701ebbdc23e5470f5; exact physical schema and varTable24; effective source_manifest.json records final fall revisions.
2024,DRVF2024,DRVF,F1ACSPFT,00066164,nces:DRVF:00066164:F1ACSPFT,F1ACSPFT,same_source_variable_identity,nces:DRVF:00066164:F1ACSPFT,float,Academic support expenses per FTE (GASB),Academic support expenses per FTE (GASB),Original IPEDS202425.accdb SHA256 98e9175e54ba719cf7f0bfcc8e043fac4d11babd1b73ba1701ebbdc23e5470f5; exact physical schema and varTable24; effective source_manifest.json records final fall revisions.
2024,DRVF2024,DRVF,F1STSVFT,00066165,nces:DRVF:00066165:F1STSVFT,F1STSVFT,same_source_variable_identity,nces:DRVF:00066165:F1STSVFT,float,Student service expenses per FTE (GASB),Student service expenses per FTE (GASB),Original IPEDS202425.accdb SHA256 98e9175e54ba719cf7f0bfcc8e043fac4d11babd1b73ba1701ebbdc23e5470f5; exact physical schema and varTable24; effective source_manifest.json records final fall revisions.
2024,DRVF2024,DRVF,F1INSUFT,00066166,nces:DRVF:00066166:F1INSUFT,F1INSUFT,same_source_variable_identity,nces:DRVF:00066166:F1INSUFT,float,Institutional support expenses per FTE (GASB),Institutional support expenses per FTE (GASB),Original IPEDS202425.accdb SHA256 98e9175e54ba719cf7f0bfcc8e043fac4d11babd1b73ba1701ebbdc23e5470f5; exact physical schema and varTable24; effective source_manifest.json records final fall revisions.
2024,DRVF2024,DRVF,F1OTEXFT,00066169,nces:DRVF:00066169:F1OTEXFT,F1OTEXFT,same_source_variable_identity,nces:DRVF:00066169:F1OTEXFT,float,All other core expenses per FTE (GASB),All other core expenses per FTE (GASB),Original IPEDS202425.accdb SHA256 98e9175e54ba719cf7f0bfcc8e043fac4d11babd1b73ba1701ebbdc23e5470f5; exact physical schema and varTable24; effective source_manifest.json records final fall revisions.
2024,DRVF2024,DRVF,F1INSTPC,00066151,nces:DRVF:00066151:F1INSTPC,F1INSTPC,same_source_variable_identity,nces:DRVF:00066151:F1INSTPC,float,Instruction expenses as a percent of total core expenses (GASB),Instruction expenses as a percent of total core expenses (GASB),Original IPEDS202425.accdb SHA256 98e9175e54ba719cf7f0bfcc8e043fac4d11babd1b73ba1701ebbdc23e5470f5; exact physical schema and varTable24; effective source_manifest.json records final fall revisions.
2024,DRVF2024,DRVF,F1RSRCPC,00066152,nces:DRVF:00066152:F1RSRCPC,F1RSRCPC,same_source_variable_identity,nces:DRVF:00066152:F1RSRCPC,float,Research expenses as a percent of total core expenses (GASB),Research expenses as a percent of total core expenses (GASB),Original IPEDS202425.accdb SHA256 98e9175e54ba719cf7f0bfcc8e043fac4d11babd1b73ba1701ebbdc23e5470f5; exact physical schema and varTable24; effective source_manifest.json records final fall revisions.
2024,DRVF2024,DRVF,F1PBSVPC,00066153,nces:DRVF:00066153:F1PBSVPC,F1PBSVPC,same_source_variable_identity,nces:DRVF:00066153:F1PBSVPC,float,Public service expenses as a percent of total core expenses (GASB),Public service expenses as a percent of total core expenses (GASB),Original IPEDS202425.accdb SHA256 98e9175e54ba719cf7f0bfcc8e043fac4d11babd1b73ba1701ebbdc23e5470f5; exact physical schema and varTable24; effective source_manifest.json records final fall revisions.
2024,DRVF2024,DRVF,F1ACSPPC,00066154,nces:DRVF:00066154:F1ACSPPC,F1ACSPPC,same_source_variable_identity,nces:DRVF:00066154:F1ACSPPC,float,Academic support expenses as a percent of total core expenses (GASB),Academic support expenses as a percent of total core expenses (GASB),Original IPEDS202425.accdb SHA256 98e9175e54ba719cf7f0bfcc8e043fac4d11babd1b73ba1701ebbdc23e5470f5; exact physical schema and varTable24; effective source_manifest.json records final fall revisions.
2024,DRVF2024,DRVF,F1STSVPC,00066155,nces:DRVF:00066155:F1STSVPC,F1STSVPC,same_source_variable_identity,nces:DRVF:00066155:F1STSVPC,float,Student service expenses as a percent of total core expenses (GASB),Student service expenses as a percent of total core expenses (GASB),Original IPEDS202425.accdb SHA256 98e9175e54ba719cf7f0bfcc8e043fac4d11babd1b73ba1701ebbdc23e5470f5; exact physical schema and varTable24; effective source_manifest.json records final fall revisions.
2024,DRVF2024,DRVF,F1INSUPC,00066156,nces:DRVF:00066156:F1INSUPC,F1INSUPC,same_source_variable_identity,nces:DRVF:00066156:F1INSUPC,float,Institutional support expenses as a percent of total core expenses (GASB),Institutional support expenses as a percent of total core expenses (GASB),Original IPEDS202425.accdb SHA256 98e9175e54ba719cf7f0bfcc8e043fac4d11babd1b73ba1701ebbdc23e5470f5; exact physical schema and varTable24; effective source_manifest.json records final fall revisions.
2024,DRVF2024,DRVF,F1OTEXPC,00066159,nces:DRVF:00066159:F1OTEXPC,F1OTEXPC,same_source_variable_identity,nces:DRVF:00066159:F1OTEXPC,float,Other core expenses as a percent of total core expenses (GASB),Other core expenses as a percent of total core expenses (GASB),Original IPEDS202425.accdb SHA256 98e9175e54ba719cf7f0bfcc8e043fac4d11babd1b73ba1701ebbdc23e5470f5; exact physical schema and varTable24; effective source_manifest.json records final fall revisions.
2024,DRVF2024,DRVF,F1SWINSP,00068171,nces:DRVF:00068171:F1SWINSP,F1SWINSP,same_source_variable_identity,nces:DRVF:00068171:F1SWINSP,float,Salaries and wages for instruction as a percent of total expenses for instruction (GASB),Salaries and wages for instruction as a percent of total expenses for instruction (GASB),Original IPEDS202425.accdb SHA256 98e9175e54ba719cf7f0bfcc8e043fac4d11babd1b73ba1701ebbdc23e5470f5; exact physical schema and varTable24; effective source_manifest.json records final fall revisions.
2024,DRVF2024,DRVF,F1SWRSRP,00068172,nces:DRVF:00068172:F1SWRSRP,F1SWRSRP,same_source_variable_identity,nces:DRVF:00068172:F1SWRSRP,float,Salaries and wages for research as a percent of total expenses for research (GASB),Salaries and wages for research as a percent of total expenses for research (GASB),Original IPEDS202425.accdb SHA256 98e9175e54ba719cf7f0bfcc8e043fac4d11babd1b73ba1701ebbdc23e5470f5; exact physical schema and varTable24; effective source_manifest.json records final fall revisions.
2024,DRVF2024,DRVF,F1SWPBSP,00068173,nces:DRVF:00068173:F1SWPBSP,F1SWPBSP,same_source_variable_identity,nces:DRVF:00068173:F1SWPBSP,float,Salaries and wages for public service as a percent of total expenses for public service (GASB),Salaries and wages for public service as a percent of total expenses for public service (GASB),Original IPEDS202425.accdb SHA256 98e9175e54ba719cf7f0bfcc8e043fac4d11babd1b73ba1701ebbdc23e5470f5; exact physical schema and varTable24; effective source_manifest.json records final fall revisions.
2024,DRVF2024,DRVF,F1SWACSP,00068174,nces:DRVF:00068174:F1SWACSP,F1SWACSP,same_source_variable_identity,nces:DRVF:00068174:F1SWACSP,float,Salaries and wages for academic support as a percent of total expenses for academic support (GASB),Salaries and wages for academic support as a percent of total expenses for academic support (GASB),Original IPEDS202425.accdb SHA256 98e9175e54ba719cf7f0bfcc8e043fac4d11babd1b73ba1701ebbdc23e5470f5; exact physical schema and varTable24; effective source_manifest.json records final fall revisions.
2024,DRVF2024,DRVF,F1SWSTSP,00068175,nces:DRVF:00068175:F1SWSTSP,F1SWSTSP,same_source_variable_identity,nces:DRVF:00068175:F1SWSTSP,float,Salaries and wages for student services as a percent of total expenses for student services (GASB),Salaries and wages for student services as a percent of total expenses for student services (GASB),Original IPEDS202425.accdb SHA256 98e9175e54ba719cf7f0bfcc8e043fac4d11babd1b73ba1701ebbdc23e5470f5; exact physical schema and varTable24; effective source_manifest.json records final fall revisions.
2024,DRVF2024,DRVF,F1SWISPP,00068176,nces:DRVF:00068176:F1SWISPP,F1SWISPP,same_source_variable_identity,nces:DRVF:00068176:F1SWISPP,float,Salaries and wages for institutional support as a percent of total expenses for institutional support (GASB),Salaries and wages for institutional support as a percent of total expenses for institutional support (GASB),Original IPEDS202425.accdb SHA256 98e9175e54ba719cf7f0bfcc8e043fac4d11babd1b73ba1701ebbdc23e5470f5; exact physical schema and varTable24; effective source_manifest.json records final fall revisions.
2024,DRVF2024,DRVF,F1SWOTEP,00068179,nces:DRVF:00068179:F1SWOTEP,F1SWOTEP,same_source_variable_identity,nces:DRVF:00068179:F1SWOTEP,float,Salaries and wages for other core expense functions as a percent of total expenses for other core expense functions (GASB),Salaries and wages for other core expense functions as a percent of total expenses for other core expense functions (GASB),Original IPEDS202425.accdb SHA256 98e9175e54ba719cf7f0bfcc8e043fac4d11babd1b73ba1701ebbdc23e5470f5; exact physical schema and varTable24; effective source_manifest.json records final fall revisions.
2024,DRVF2024,DRVF,F1SWCREP,00068170,nces:DRVF:00068170:F1SWCREP,F1SWCREP,same_source_variable_identity,nces:DRVF:00068170:F1SWCREP,float,Salaries and wages for core expenses as a percent of total core expenses (GASB),Salaries and wages for core expenses as a percent of total core expenses (GASB),Original IPEDS202425.accdb SHA256 98e9175e54ba719cf7f0bfcc8e043fac4d11babd1b73ba1701ebbdc23e5470f5; exact physical schema and varTable24; effective source_manifest.json records final fall revisions.
2024,DRVF2024,DRVF,F1ENDMFT,00066185,nces:DRVF:00066185:F1ENDMFT,F1ENDMFT,same_source_variable_identity,nces:DRVF:00066185:F1ENDMFT,float,Endowment assets (year end) per FTE enrollment (GASB),Endowment assets (year end) per FTE enrollment (GASB),Original IPEDS202425.accdb SHA256 98e9175e54ba719cf7f0bfcc8e043fac4d11babd1b73ba1701ebbdc23e5470f5; exact physical schema and varTable24; effective source_manifest.json records final fall revisions.
2024,DRVF2024,DRVF,F1SAFBPC,00066180,nces:DRVF:00066180:F1SAFBPC,F1SAFBPC,same_source_variable_identity,nces:DRVF:00066180:F1SAFBPC,float,"Total salaries, wages, and benefits as a percent of total expenses (GASB)","Total salaries, wages, and benefits as a percent of total expenses (GASB)",Original IPEDS202425.accdb SHA256 98e9175e54ba719cf7f0bfcc8e043fac4d11babd1b73ba1701ebbdc23e5470f5; exact physical schema and varTable24; effective source_manifest.json records final fall revisions.
2024,DRVF2024,DRVF,F1SALRPC,00066181,nces:DRVF:00066181:F1SALRPC,F1SALRPC,same_source_variable_identity,nces:DRVF:00066181:F1SALRPC,float,Total salaries and wages as a percent of total expenses (GASB),Total salaries and wages as a percent of total expenses (GASB),Original IPEDS202425.accdb SHA256 98e9175e54ba719cf7f0bfcc8e043fac4d11babd1b73ba1701ebbdc23e5470f5; exact physical schema and varTable24; effective source_manifest.json records final fall revisions.
2024,DRVF2024,DRVF,F1EQUITR,00066187,nces:DRVF:00066187:F1EQUITR,F1EQUITR,same_source_variable_identity,nces:DRVF:00066187:F1EQUITR,float,Equity ratio (GASB),Equity ratio (GASB),Original IPEDS202425.accdb SHA256 98e9175e54ba719cf7f0bfcc8e043fac4d11babd1b73ba1701ebbdc23e5470f5; exact physical schema and varTable24; effective source_manifest.json records final fall revisions.
2024,DRVF2024,DRVF,F2CORREV,00066201,nces:DRVF:00066201:F2CORREV,F2CORREV,same_source_variable_identity,nces:DRVF:00066201:F2CORREV,float,"Core revenues, total dollars (FASB)","Core revenues, total dollars (FASB)",Original IPEDS202425.accdb SHA256 98e9175e54ba719cf7f0bfcc8e043fac4d11babd1b73ba1701ebbdc23e5470f5; exact physical schema and varTable24; effective source_manifest.json records final fall revisions.
2024,DRVF2024,DRVF,F2TUFEPC,00066204,nces:DRVF:00066204:F2TUFEPC,F2TUFEPC,same_source_variable_identity,nces:DRVF:00066204:F2TUFEPC,float,Tuition and fees as a percent of core revenues (FASB),Tuition and fees as a percent of core revenues (FASB),Original IPEDS202425.accdb SHA256 98e9175e54ba719cf7f0bfcc8e043fac4d11babd1b73ba1701ebbdc23e5470f5; exact physical schema and varTable24; effective source_manifest.json records final fall revisions.
2024,DRVF2024,DRVF,F2GVGCPC,00066213,nces:DRVF:00066213:F2GVGCPC,F2GVGCPC,same_source_variable_identity,nces:DRVF:00066213:F2GVGCPC,float,Government grants and contracts as a percent of core revenues (FASB),Government grants and contracts as a percent of core revenues (FASB),Original IPEDS202425.accdb SHA256 98e9175e54ba719cf7f0bfcc8e043fac4d11babd1b73ba1701ebbdc23e5470f5; exact physical schema and varTable24; effective source_manifest.json records final fall revisions.
2024,DRVF2024,DRVF,F2PGGCPC,00066215,nces:DRVF:00066215:F2PGGCPC,F2PGGCPC,same_source_variable_identity,nces:DRVF:00066215:F2PGGCPC,float,"Private gifts, grants, contracts/contributions from affiliated entities as a percent of core revenues (FASB)","Private gifts, grants, contracts/contributions from affiliated entities as a percent of core revenues (FASB)",Original IPEDS202425.accdb SHA256 98e9175e54ba719cf7f0bfcc8e043fac4d11babd1b73ba1701ebbdc23e5470f5; exact physical schema and varTable24; effective source_manifest.json records final fall revisions.
2024,DRVF2024,DRVF,F2INVRPC,00066217,nces:DRVF:00066217:F2INVRPC,F2INVRPC,same_source_variable_identity,nces:DRVF:00066217:F2INVRPC,float,Investment return as a percent of core revenues (FASB),Investment return as a percent of core revenues (FASB),Original IPEDS202425.accdb SHA256 98e9175e54ba719cf7f0bfcc8e043fac4d11babd1b73ba1701ebbdc23e5470f5; exact physical schema and varTable24; effective source_manifest.json records final fall revisions.
2024,DRVF2024,DRVF,F2OTRVPC,00066219,nces:DRVF:00066219:F2OTRVPC,F2OTRVPC,same_source_variable_identity,nces:DRVF:00066219:F2OTRVPC,float,Other revenues as a percent of core revenues (FASB),Other revenues as a percent of core revenues (FASB),Original IPEDS202425.accdb SHA256 98e9175e54ba719cf7f0bfcc8e043fac4d11babd1b73ba1701ebbdc23e5470f5; exact physical schema and varTable24; effective source_manifest.json records final fall revisions.
2024,DRVF2024,DRVF,F2TUFEFT,00066234,nces:DRVF:00066234:F2TUFEFT,F2TUFEFT,same_source_variable_identity,nces:DRVF:00066234:F2TUFEFT,float,Revenues from tuition and fees per FTE (FASB),Revenues from tuition and fees per FTE (FASB),Original IPEDS202425.accdb SHA256 98e9175e54ba719cf7f0bfcc8e043fac4d11babd1b73ba1701ebbdc23e5470f5; exact physical schema and varTable24; effective source_manifest.json records final fall revisions.
2024,DRVF2024,DRVF,F2GVGCFT,00066243,nces:DRVF:00066243:F2GVGCFT,F2GVGCFT,same_source_variable_identity,nces:DRVF:00066243:F2GVGCFT,float,Revenues from government grants and contracts per FTE (FASB),Revenues from government grants and contracts per FTE (FASB),Original IPEDS202425.accdb SHA256 98e9175e54ba719cf7f0bfcc8e043fac4d11babd1b73ba1701ebbdc23e5470f5; exact physical schema and varTable24; effective source_manifest.json records final fall revisions.
2024,DRVF2024,DRVF,F2PGGCFT,00066245,nces:DRVF:00066245:F2PGGCFT,F2PGGCFT,same_source_variable_identity,nces:DRVF:00066245:F2PGGCFT,float,"Revenues from private gifts, grants, contracts/contributions from affiliated entities per FTE (FASB)","Revenues from private gifts, grants, contracts/contributions from affiliated entities per FTE (FASB)",Original IPEDS202425.accdb SHA256 98e9175e54ba719cf7f0bfcc8e043fac4d11babd1b73ba1701ebbdc23e5470f5; exact physical schema and varTable24; effective source_manifest.json records final fall revisions.
2024,DRVF2024,DRVF,F2INVRFT,00066247,nces:DRVF:00066247:F2INVRFT,F2INVRFT,same_source_variable_identity,nces:DRVF:00066247:F2INVRFT,float,Revenues from investment return per FTE (FASB),Revenues from investment return per FTE (FASB),Original IPEDS202425.accdb SHA256 98e9175e54ba719cf7f0bfcc8e043fac4d11babd1b73ba1701ebbdc23e5470f5; exact physical schema and varTable24; effective source_manifest.json records final fall revisions.
2024,DRVF2024,DRVF,F2OTRVFT,00066249,nces:DRVF:00066249:F2OTRVFT,F2OTRVFT,same_source_variable_identity,nces:DRVF:00066249:F2OTRVFT,float,Other core revenues per FTE (FASB),Other core revenues per FTE (FASB),Original IPEDS202425.accdb SHA256 98e9175e54ba719cf7f0bfcc8e043fac4d11babd1b73ba1701ebbdc23e5470f5; exact physical schema and varTable24; effective source_manifest.json records final fall revisions.
2024,DRVF2024,DRVF,F2COREXP,00066250,nces:DRVF:00066250:F2COREXP,F2COREXP,same_source_variable_identity,nces:DRVF:00066250:F2COREXP,float,"Core expenses, total dollars (FASB)","Core expenses, total dollars (FASB)",Original IPEDS202425.accdb SHA256 98e9175e54ba719cf7f0bfcc8e043fac4d11babd1b73ba1701ebbdc23e5470f5; exact physical schema and varTable24; effective source_manifest.json records final fall revisions.
2024,DRVF2024,DRVF,F2INSTFT,00066261,nces:DRVF:00066261:F2INSTFT,F2INSTFT,same_source_variable_identity,nces:DRVF:00066261:F2INSTFT,float,Instruction expenses per FTE  (FASB),Instruction expenses per FTE  (FASB),Original IPEDS202425.accdb SHA256 98e9175e54ba719cf7f0bfcc8e043fac4d11babd1b73ba1701ebbdc23e5470f5; exact physical schema and varTable24; effective source_manifest.json records final fall revisions.
2024,DRVF2024,DRVF,F2RSRCFT,00066262,nces:DRVF:00066262:F2RSRCFT,F2RSRCFT,same_source_variable_identity,nces:DRVF:00066262:F2RSRCFT,float,Research expenses per FTE (FASB),Research expenses per FTE (FASB),Original IPEDS202425.accdb SHA256 98e9175e54ba719cf7f0bfcc8e043fac4d11babd1b73ba1701ebbdc23e5470f5; exact physical schema and varTable24; effective source_manifest.json records final fall revisions.
2024,DRVF2024,DRVF,F2PBSVFT,00066263,nces:DRVF:00066263:F2PBSVFT,F2PBSVFT,same_source_variable_identity,nces:DRVF:00066263:F2PBSVFT,float,Public service expenses per FTE (FASB),Public service expenses per FTE (FASB),Original IPEDS202425.accdb SHA256 98e9175e54ba719cf7f0bfcc8e043fac4d11babd1b73ba1701ebbdc23e5470f5; exact physical schema and varTable24; effective source_manifest.json records final fall revisions.
2024,DRVF2024,DRVF,F2ACSPFT,00066264,nces:DRVF:00066264:F2ACSPFT,F2ACSPFT,same_source_variable_identity,nces:DRVF:00066264:F2ACSPFT,float,Academic support expenses per FTE (FASB),Academic support expenses per FTE (FASB),Original IPEDS202425.accdb SHA256 98e9175e54ba719cf7f0bfcc8e043fac4d11babd1b73ba1701ebbdc23e5470f5; exact physical schema and varTable24; effective source_manifest.json records final fall revisions.
2024,DRVF2024,DRVF,F2STSVFT,00066265,nces:DRVF:00066265:F2STSVFT,F2STSVFT,same_source_variable_identity,nces:DRVF:00066265:F2STSVFT,float,Student service expenses per FTE (FASB),Student service expenses per FTE (FASB),Original IPEDS202425.accdb SHA256 98e9175e54ba719cf7f0bfcc8e043fac4d11babd1b73ba1701ebbdc23e5470f5; exact physical schema and varTable24; effective source_manifest.json records final fall revisions.
2024,DRVF2024,DRVF,F2INSUFT,00066266,nces:DRVF:00066266:F2INSUFT,F2INSUFT,same_source_variable_identity,nces:DRVF:00066266:F2INSUFT,float,Institutional support expenses per FTE (FASB),Institutional support expenses per FTE (FASB),Original IPEDS202425.accdb SHA256 98e9175e54ba719cf7f0bfcc8e043fac4d11babd1b73ba1701ebbdc23e5470f5; exact physical schema and varTable24; effective source_manifest.json records final fall revisions.
2024,DRVF2024,DRVF,F2OTEXFT,00066269,nces:DRVF:00066269:F2OTEXFT,F2OTEXFT,same_source_variable_identity,nces:DRVF:00066269:F2OTEXFT,float,All other core expenses per FTE (FASB),All other core expenses per FTE (FASB),Original IPEDS202425.accdb SHA256 98e9175e54ba719cf7f0bfcc8e043fac4d11babd1b73ba1701ebbdc23e5470f5; exact physical schema and varTable24; effective source_manifest.json records final fall revisions.
2024,DRVF2024,DRVF,F2INSTPC,00066251,nces:DRVF:00066251:F2INSTPC,F2INSTPC,same_source_variable_identity,nces:DRVF:00066251:F2INSTPC,float,Instruction expenses as a percent of total core expenses (FASB),Instruction expenses as a percent of total core expenses (FASB),Original IPEDS202425.accdb SHA256 98e9175e54ba719cf7f0bfcc8e043fac4d11babd1b73ba1701ebbdc23e5470f5; exact physical schema and varTable24; effective source_manifest.json records final fall revisions.
2024,DRVF2024,DRVF,F2RSRCPC,00066252,nces:DRVF:00066252:F2RSRCPC,F2RSRCPC,same_source_variable_identity,nces:DRVF:00066252:F2RSRCPC,float,Research expenses as a percent of total core expenses (FASB),Research expenses as a percent of total core expenses (FASB),Original IPEDS202425.accdb SHA256 98e9175e54ba719cf7f0bfcc8e043fac4d11babd1b73ba1701ebbdc23e5470f5; exact physical schema and varTable24; effective source_manifest.json records final fall revisions.
2024,DRVF2024,DRVF,F2PBSVPC,00066253,nces:DRVF:00066253:F2PBSVPC,F2PBSVPC,same_source_variable_identity,nces:DRVF:00066253:F2PBSVPC,float,Public service expenses as a percent of total core expenses (FASB),Public service expenses as a percent of total core expenses (FASB),Original IPEDS202425.accdb SHA256 98e9175e54ba719cf7f0bfcc8e043fac4d11babd1b73ba1701ebbdc23e5470f5; exact physical schema and varTable24; effective source_manifest.json records final fall revisions.
2024,DRVF2024,DRVF,F2ACSPPC,00066254,nces:DRVF:00066254:F2ACSPPC,F2ACSPPC,same_source_variable_identity,nces:DRVF:00066254:F2ACSPPC,float,Academic support expenses as a percent of total core expenses (FASB),Academic support expenses as a percent of total core expenses (FASB),Original IPEDS202425.accdb SHA256 98e9175e54ba719cf7f0bfcc8e043fac4d11babd1b73ba1701ebbdc23e5470f5; exact physical schema and varTable24; effective source_manifest.json records final fall revisions.
2024,DRVF2024,DRVF,F2STSVPC,00066255,nces:DRVF:00066255:F2STSVPC,F2STSVPC,same_source_variable_identity,nces:DRVF:00066255:F2STSVPC,float,Student service expenses as a percent of total core expenses (FASB),Student service expenses as a percent of total core expenses (FASB),Original IPEDS202425.accdb SHA256 98e9175e54ba719cf7f0bfcc8e043fac4d11babd1b73ba1701ebbdc23e5470f5; exact physical schema and varTable24; effective source_manifest.json records final fall revisions.
2024,DRVF2024,DRVF,F2INSUPC,00066256,nces:DRVF:00066256:F2INSUPC,F2INSUPC,same_source_variable_identity,nces:DRVF:00066256:F2INSUPC,float,Institutional support expenses as a percent of total core expenses (FASB),Institutional support expenses as a percent of total core expenses (FASB),Original IPEDS202425.accdb SHA256 98e9175e54ba719cf7f0bfcc8e043fac4d11babd1b73ba1701ebbdc23e5470f5; exact physical schema and varTable24; effective source_manifest.json records final fall revisions.
2024,DRVF2024,DRVF,F2OTEXPC,00066259,nces:DRVF:00066259:F2OTEXPC,F2OTEXPC,same_source_variable_identity,nces:DRVF:00066259:F2OTEXPC,float,Other core expenses as a percent of total core expenses (FASB),Other core expenses as a percent of total core expenses (FASB),Original IPEDS202425.accdb SHA256 98e9175e54ba719cf7f0bfcc8e043fac4d11babd1b73ba1701ebbdc23e5470f5; exact physical schema and varTable24; effective source_manifest.json records final fall revisions.
2024,DRVF2024,DRVF,F2SWINSP,00068271,nces:DRVF:00068271:F2SWINSP,F2SWINSP,same_source_variable_identity,nces:DRVF:00068271:F2SWINSP,float,Salaries and wages for instruction as a percent of total expenses for instruction (FASB),Salaries and wages for instruction as a percent of total expenses for instruction (FASB),Original IPEDS202425.accdb SHA256 98e9175e54ba719cf7f0bfcc8e043fac4d11babd1b73ba1701ebbdc23e5470f5; exact physical schema and varTable24; effective source_manifest.json records final fall revisions.
2024,DRVF2024,DRVF,F2SWRSRP,00068272,nces:DRVF:00068272:F2SWRSRP,F2SWRSRP,same_source_variable_identity,nces:DRVF:00068272:F2SWRSRP,float,Salaries and wages for research as a percent of total expenses for research (FASB),Salaries and wages for research as a percent of total expenses for research (FASB),Original IPEDS202425.accdb SHA256 98e9175e54ba719cf7f0bfcc8e043fac4d11babd1b73ba1701ebbdc23e5470f5; exact physical schema and varTable24; effective source_manifest.json records final fall revisions.
2024,DRVF2024,DRVF,F2SWPBSP,00068273,nces:DRVF:00068273:F2SWPBSP,F2SWPBSP,same_source_variable_identity,nces:DRVF:00068273:F2SWPBSP,float,Salaries and wages for public service as a percent of total expenses for public service (FASB),Salaries and wages for public service as a percent of total expenses for public service (FASB),Original IPEDS202425.accdb SHA256 98e9175e54ba719cf7f0bfcc8e043fac4d11babd1b73ba1701ebbdc23e5470f5; exact physical schema and varTable24; effective source_manifest.json records final fall revisions.
2024,DRVF2024,DRVF,F2SWACSP,00068274,nces:DRVF:00068274:F2SWACSP,F2SWACSP,same_source_variable_identity,nces:DRVF:00068274:F2SWACSP,float,Salaries and wages for academic support as a percent of total expenses for academic support (FASB),Salaries and wages for academic support as a percent of total expenses for academic support (FASB),Original IPEDS202425.accdb SHA256 98e9175e54ba719cf7f0bfcc8e043fac4d11babd1b73ba1701ebbdc23e5470f5; exact physical schema and varTable24; effective source_manifest.json records final fall revisions.
2024,DRVF2024,DRVF,F2SWSTSP,00068275,nces:DRVF:00068275:F2SWSTSP,F2SWSTSP,same_source_variable_identity,nces:DRVF:00068275:F2SWSTSP,float,Salaries and wages for student services as a percent of total expenses for student services (FASB),Salaries and wages for student services as a percent of total expenses for student services (FASB),Original IPEDS202425.accdb SHA256 98e9175e54ba719cf7f0bfcc8e043fac4d11babd1b73ba1701ebbdc23e5470f5; exact physical schema and varTable24; effective source_manifest.json records final fall revisions.
2024,DRVF2024,DRVF,F2SWISPP,00068276,nces:DRVF:00068276:F2SWISPP,F2SWISPP,same_source_variable_identity,nces:DRVF:00068276:F2SWISPP,float,Salaries and wages for institutional support as a percent of total expenses for institutional support (FASB),Salaries and wages for institutional support as a percent of total expenses for institutional support (FASB),Original IPEDS202425.accdb SHA256 98e9175e54ba719cf7f0bfcc8e043fac4d11babd1b73ba1701ebbdc23e5470f5; exact physical schema and varTable24; effective source_manifest.json records final fall revisions.
2024,DRVF2024,DRVF,F2SWOTEP,00068279,nces:DRVF:00068279:F2SWOTEP,F2SWOTEP,same_source_variable_identity,nces:DRVF:00068279:F2SWOTEP,float,Salaries and wages for other core expense functions as a percent of total expenses for other core expense functions (FASB),Salaries and wages for other core expense functions as a percent of total expenses for other core expense functions (FASB),Original IPEDS202425.accdb SHA256 98e9175e54ba719cf7f0bfcc8e043fac4d11babd1b73ba1701ebbdc23e5470f5; exact physical schema and varTable24; effective source_manifest.json records final fall revisions.
2024,DRVF2024,DRVF,F2SWCREP,00068270,nces:DRVF:00068270:F2SWCREP,F2SWCREP,same_source_variable_identity,nces:DRVF:00068270:F2SWCREP,float,Salaries and wages for core expenses as a percent of total core expenses (FASB),Salaries and wages for core expenses as a percent of total core expenses (FASB),Original IPEDS202425.accdb SHA256 98e9175e54ba719cf7f0bfcc8e043fac4d11babd1b73ba1701ebbdc23e5470f5; exact physical schema and varTable24; effective source_manifest.json records final fall revisions.
2024,DRVF2024,DRVF,F2ENDMFT,00066285,nces:DRVF:00066285:F2ENDMFT,F2ENDMFT,same_source_variable_identity,nces:DRVF:00066285:F2ENDMFT,float,Endowment assets (year end) per FTE enrollment (FASB),Endowment assets (year end) per FTE enrollment (FASB),Original IPEDS202425.accdb SHA256 98e9175e54ba719cf7f0bfcc8e043fac4d11babd1b73ba1701ebbdc23e5470f5; exact physical schema and varTable24; effective source_manifest.json records final fall revisions.
2024,DRVF2024,DRVF,F2SAFBPC,00066280,nces:DRVF:00066280:F2SAFBPC,F2SAFBPC,same_source_variable_identity,nces:DRVF:00066280:F2SAFBPC,float,"Total salaries, wages, and benefits as a percent of total expenses (FASB)","Total salaries, wages, and benefits as a percent of total expenses (FASB)",Original IPEDS202425.accdb SHA256 98e9175e54ba719cf7f0bfcc8e043fac4d11babd1b73ba1701ebbdc23e5470f5; exact physical schema and varTable24; effective source_manifest.json records final fall revisions.
2024,DRVF2024,DRVF,F2SALRPC,00066281,nces:DRVF:00066281:F2SALRPC,F2SALRPC,same_source_variable_identity,nces:DRVF:00066281:F2SALRPC,float,Total salaries and wages as a percent of total expenses (FASB),Total salaries and wages as a percent of total expenses (FASB),Original IPEDS202425.accdb SHA256 98e9175e54ba719cf7f0bfcc8e043fac4d11babd1b73ba1701ebbdc23e5470f5; exact physical schema and varTable24; effective source_manifest.json records final fall revisions.
2024,DRVF2024,DRVF,F2EQUITR,00066287,nces:DRVF:00066287:F2EQUITR,F2EQUITR,same_source_variable_identity,nces:DRVF:00066287:F2EQUITR,float,Equity ratio (FASB),Equity ratio (FASB),Original IPEDS202425.accdb SHA256 98e9175e54ba719cf7f0bfcc8e043fac4d11babd1b73ba1701ebbdc23e5470f5; exact physical schema and varTable24; effective source_manifest.json records final fall revisions.
2024,DRVF2024,DRVF,F3CORREV,00066301,nces:DRVF:00066301:F3CORREV,F3CORREV,same_source_variable_identity,nces:DRVF:00066301:F3CORREV,float,"Core revenues, total dollars (for-profit institutions)","Core revenues, total dollars (for-profit institutions)",Original IPEDS202425.accdb SHA256 98e9175e54ba719cf7f0bfcc8e043fac4d11babd1b73ba1701ebbdc23e5470f5; exact physical schema and varTable24; effective source_manifest.json records final fall revisions.
2024,DRVF2024,DRVF,F3TUFEPC,00066304,nces:DRVF:00066304:F3TUFEPC,F3TUFEPC,same_source_variable_identity,nces:DRVF:00066304:F3TUFEPC,float,Tuition and fees as a percent of core revenues (for-profit institutions),Tuition and fees as a percent of core revenues (for-profit institutions),Original IPEDS202425.accdb SHA256 98e9175e54ba719cf7f0bfcc8e043fac4d11babd1b73ba1701ebbdc23e5470f5; exact physical schema and varTable24; effective source_manifest.json records final fall revisions.
2024,DRVF2024,DRVF,F3GVGCPC,00066920,nces:DRVF:00066920:F3GVGCPC,F3GVGCPC,same_source_variable_identity,nces:DRVF:00066920:F3GVGCPC,float,Government grants and contracts as a percent of core revenues (for-profit institutions),Government grants and contracts as a percent of core revenues (for-profit institutions),Original IPEDS202425.accdb SHA256 98e9175e54ba719cf7f0bfcc8e043fac4d11babd1b73ba1701ebbdc23e5470f5; exact physical schema and varTable24; effective source_manifest.json records final fall revisions.
2024,DRVF2024,DRVF,F3PGGCPC,00066925,nces:DRVF:00066925:F3PGGCPC,F3PGGCPC,same_source_variable_identity,nces:DRVF:00066925:F3PGGCPC,float,"Private gifts, grants, contracts as a percent of core revenues (for-profit institutions)","Private gifts, grants, contracts as a percent of core revenues (for-profit institutions)",Original IPEDS202425.accdb SHA256 98e9175e54ba719cf7f0bfcc8e043fac4d11babd1b73ba1701ebbdc23e5470f5; exact physical schema and varTable24; effective source_manifest.json records final fall revisions.
2024,DRVF2024,DRVF,F3INVRPC,00066930,nces:DRVF:00066930:F3INVRPC,F3INVRPC,same_source_variable_identity,nces:DRVF:00066930:F3INVRPC,float,Investment return as a percent of core revenues (for-profit institutions),Investment return as a percent of core revenues (for-profit institutions),Original IPEDS202425.accdb SHA256 98e9175e54ba719cf7f0bfcc8e043fac4d11babd1b73ba1701ebbdc23e5470f5; exact physical schema and varTable24; effective source_manifest.json records final fall revisions.
2024,DRVF2024,DRVF,F3SSEAPC,00066318,nces:DRVF:00066318:F3SSEAPC,F3SSEAPC,same_source_variable_identity,nces:DRVF:00066318:F3SSEAPC,float,Sales and services of educational activities as a percent of core revenues (for-profit institutions),Sales and services of educational activities as a percent of core revenues (for-profit institutions),Original IPEDS202425.accdb SHA256 98e9175e54ba719cf7f0bfcc8e043fac4d11babd1b73ba1701ebbdc23e5470f5; exact physical schema and varTable24; effective source_manifest.json records final fall revisions.
2024,DRVF2024,DRVF,F3OTRVPC,00066319,nces:DRVF:00066319:F3OTRVPC,F3OTRVPC,same_source_variable_identity,nces:DRVF:00066319:F3OTRVPC,float,Other revenues as a percent of core revenues (for-profit institutions),Other revenues as a percent of core revenues (for-profit institutions),Original IPEDS202425.accdb SHA256 98e9175e54ba719cf7f0bfcc8e043fac4d11babd1b73ba1701ebbdc23e5470f5; exact physical schema and varTable24; effective source_manifest.json records final fall revisions.
2024,DRVF2024,DRVF,F3TUFEFT,00066334,nces:DRVF:00066334:F3TUFEFT,F3TUFEFT,same_source_variable_identity,nces:DRVF:00066334:F3TUFEFT,float,Revenues from tuition and fees per FTE (for-profit institutions),Revenues from tuition and fees per FTE (for-profit institutions),Original IPEDS202425.accdb SHA256 98e9175e54ba719cf7f0bfcc8e043fac4d11babd1b73ba1701ebbdc23e5470f5; exact physical schema and varTable24; effective source_manifest.json records final fall revisions.
2024,DRVF2024,DRVF,F3GVGCFT,00066935,nces:DRVF:00066935:F3GVGCFT,F3GVGCFT,same_source_variable_identity,nces:DRVF:00066935:F3GVGCFT,float,Revenues from government grants and contracts per FTE (for-profit institutions),Revenues from government grants and contracts per FTE (for-profit institutions),Original IPEDS202425.accdb SHA256 98e9175e54ba719cf7f0bfcc8e043fac4d11babd1b73ba1701ebbdc23e5470f5; exact physical schema and varTable24; effective source_manifest.json records final fall revisions.
2024,DRVF2024,DRVF,F3PGGCFT,00066940,nces:DRVF:00066940:F3PGGCFT,F3PGGCFT,same_source_variable_identity,nces:DRVF:00066940:F3PGGCFT,float,"Revenues from private gifts, grants, contracts per FTE (for-profit institutions)","Revenues from private gifts, grants, contracts per FTE (for-profit institutions)",Original IPEDS202425.accdb SHA256 98e9175e54ba719cf7f0bfcc8e043fac4d11babd1b73ba1701ebbdc23e5470f5; exact physical schema and varTable24; effective source_manifest.json records final fall revisions.
2024,DRVF2024,DRVF,F3INVRFT,00066945,nces:DRVF:00066945:F3INVRFT,F3INVRFT,same_source_variable_identity,nces:DRVF:00066945:F3INVRFT,float,Revenues from investment return per FTE (for-profit institutions),Revenues from investment return per FTE (for-profit institutions),Original IPEDS202425.accdb SHA256 98e9175e54ba719cf7f0bfcc8e043fac4d11babd1b73ba1701ebbdc23e5470f5; exact physical schema and varTable24; effective source_manifest.json records final fall revisions.
2024,DRVF2024,DRVF,F3SSEAFT,00066348,nces:DRVF:00066348:F3SSEAFT,F3SSEAFT,same_source_variable_identity,nces:DRVF:00066348:F3SSEAFT,float,Revenues from sales and services of educational activities per FTE  (for-profit institutions),Revenues from sales and services of educational activities per FTE  (for-profit institutions),Original IPEDS202425.accdb SHA256 98e9175e54ba719cf7f0bfcc8e043fac4d11babd1b73ba1701ebbdc23e5470f5; exact physical schema and varTable24; effective source_manifest.json records final fall revisions.
2024,DRVF2024,DRVF,F3OTRVFT,00066349,nces:DRVF:00066349:F3OTRVFT,F3OTRVFT,same_source_variable_identity,nces:DRVF:00066349:F3OTRVFT,float,Other core revenues per FTE (for-profit institutions),Other core revenues per FTE (for-profit institutions),Original IPEDS202425.accdb SHA256 98e9175e54ba719cf7f0bfcc8e043fac4d11babd1b73ba1701ebbdc23e5470f5; exact physical schema and varTable24; effective source_manifest.json records final fall revisions.
2024,DRVF2024,DRVF,F3COREXP,00066350,nces:DRVF:00066350:F3COREXP,F3COREXP,same_source_variable_identity,nces:DRVF:00066350:F3COREXP,float,"Core expenses, total dollars (for-profit institutons)","Core expenses, total dollars (for-profit institutons)",Original IPEDS202425.accdb SHA256 98e9175e54ba719cf7f0bfcc8e043fac4d11babd1b73ba1701ebbdc23e5470f5; exact physical schema and varTable24; effective source_manifest.json records final fall revisions.
2024,DRVF2024,DRVF,F3INSTFT,00066361,nces:DRVF:00066361:F3INSTFT,F3INSTFT,same_source_variable_identity,nces:DRVF:00066361:F3INSTFT,float,Instruction expenses per FTE (for-profit institutions),Instruction expenses per FTE (for-profit institutions),Original IPEDS202425.accdb SHA256 98e9175e54ba719cf7f0bfcc8e043fac4d11babd1b73ba1701ebbdc23e5470f5; exact physical schema and varTable24; effective source_manifest.json records final fall revisions.
2024,DRVF2024,DRVF,F3RSRCFT,00066950,nces:DRVF:00066950:F3RSRCFT,F3RSRCFT,same_source_variable_identity,nces:DRVF:00066950:F3RSRCFT,float,Research expenses per FTE (for-profit institutions),Research expenses per FTE (for-profit institutions),Original IPEDS202425.accdb SHA256 98e9175e54ba719cf7f0bfcc8e043fac4d11babd1b73ba1701ebbdc23e5470f5; exact physical schema and varTable24; effective source_manifest.json records final fall revisions.
2024,DRVF2024,DRVF,F3PBSVFT,00066955,nces:DRVF:00066955:F3PBSVFT,F3PBSVFT,same_source_variable_identity,nces:DRVF:00066955:F3PBSVFT,float,Public service expenses per FTE (for-profit institutions),Public service expenses per FTE (for-profit institutions),Original IPEDS202425.accdb SHA256 98e9175e54ba719cf7f0bfcc8e043fac4d11babd1b73ba1701ebbdc23e5470f5; exact physical schema and varTable24; effective source_manifest.json records final fall revisions.
2024,DRVF2024,DRVF,F3ACSPFT,00066960,nces:DRVF:00066960:F3ACSPFT,F3ACSPFT,same_source_variable_identity,nces:DRVF:00066960:F3ACSPFT,float,Academic support expenses per FTE (for-profit institutions),Academic support expenses per FTE (for-profit institutions),Original IPEDS202425.accdb SHA256 98e9175e54ba719cf7f0bfcc8e043fac4d11babd1b73ba1701ebbdc23e5470f5; exact physical schema and varTable24; effective source_manifest.json records final fall revisions.
2024,DRVF2024,DRVF,F3STSVFT,00066965,nces:DRVF:00066965:F3STSVFT,F3STSVFT,same_source_variable_identity,nces:DRVF:00066965:F3STSVFT,float,Student service expenses per FTE (for-profit institutions),Student service expenses per FTE (for-profit institutions),Original IPEDS202425.accdb SHA256 98e9175e54ba719cf7f0bfcc8e043fac4d11babd1b73ba1701ebbdc23e5470f5; exact physical schema and varTable24; effective source_manifest.json records final fall revisions.
2024,DRVF2024,DRVF,F3INSUFT,00066970,nces:DRVF:00066970:F3INSUFT,F3INSUFT,same_source_variable_identity,nces:DRVF:00066970:F3INSUFT,float,Institutional support expenses per FTE (for-profit institutions),Institutional support expenses per FTE (for-profit institutions),Original IPEDS202425.accdb SHA256 98e9175e54ba719cf7f0bfcc8e043fac4d11babd1b73ba1701ebbdc23e5470f5; exact physical schema and varTable24; effective source_manifest.json records final fall revisions.
2024,DRVF2024,DRVF,F3OTEXFT,00066369,nces:DRVF:00066369:F3OTEXFT,F3OTEXFT,same_source_variable_identity,nces:DRVF:00066369:F3OTEXFT,float,All other core expenses per FTE (for-profit institutions),All other core expenses per FTE (for-profit institutions),Original IPEDS202425.accdb SHA256 98e9175e54ba719cf7f0bfcc8e043fac4d11babd1b73ba1701ebbdc23e5470f5; exact physical schema and varTable24; effective source_manifest.json records final fall revisions.
2024,DRVF2024,DRVF,F3INSTPC,00066351,nces:DRVF:00066351:F3INSTPC,F3INSTPC,same_source_variable_identity,nces:DRVF:00066351:F3INSTPC,float,Instruction expenses as a percent of total core expenses (for-profit institutions),Instruction expenses as a percent of total core expenses (for-profit institutions),Original IPEDS202425.accdb SHA256 98e9175e54ba719cf7f0bfcc8e043fac4d11babd1b73ba1701ebbdc23e5470f5; exact physical schema and varTable24; effective source_manifest.json records final fall revisions.
2024,DRVF2024,DRVF,F3RSRCPC,00066975,nces:DRVF:00066975:F3RSRCPC,F3RSRCPC,same_source_variable_identity,nces:DRVF:00066975:F3RSRCPC,float,Research expenses as a percent of total core expenses (for-profit institutions),Research expenses as a percent of total core expenses (for-profit institutions),Original IPEDS202425.accdb SHA256 98e9175e54ba719cf7f0bfcc8e043fac4d11babd1b73ba1701ebbdc23e5470f5; exact physical schema and varTable24; effective source_manifest.json records final fall revisions.
2024,DRVF2024,DRVF,F3PBSVPC,00066980,nces:DRVF:00066980:F3PBSVPC,F3PBSVPC,same_source_variable_identity,nces:DRVF:00066980:F3PBSVPC,float,Public service expenses as a percent of total core expenses (for-profit institutions),Public service expenses as a percent of total core expenses (for-profit institutions),Original IPEDS202425.accdb SHA256 98e9175e54ba719cf7f0bfcc8e043fac4d11babd1b73ba1701ebbdc23e5470f5; exact physical schema and varTable24; effective source_manifest.json records final fall revisions.
2024,DRVF2024,DRVF,F3ACSPPC,00066985,nces:DRVF:00066985:F3ACSPPC,F3ACSPPC,same_source_variable_identity,nces:DRVF:00066985:F3ACSPPC,float,Academic support expenses as a percent of total core expenses (for-profit institutions),Academic support expenses as a percent of total core expenses (for-profit institutions),Original IPEDS202425.accdb SHA256 98e9175e54ba719cf7f0bfcc8e043fac4d11babd1b73ba1701ebbdc23e5470f5; exact physical schema and varTable24; effective source_manifest.json records final fall revisions.
2024,DRVF2024,DRVF,F3STSVPC,00066990,nces:DRVF:00066990:F3STSVPC,F3STSVPC,same_source_variable_identity,nces:DRVF:00066990:F3STSVPC,float,Student service expenses as a percent of total core expenses (for-profit institutions),Student service expenses as a percent of total core expenses (for-profit institutions),Original IPEDS202425.accdb SHA256 98e9175e54ba719cf7f0bfcc8e043fac4d11babd1b73ba1701ebbdc23e5470f5; exact physical schema and varTable24; effective source_manifest.json records final fall revisions.
2024,DRVF2024,DRVF,F3INSUPC,00066995,nces:DRVF:00066995:F3INSUPC,F3INSUPC,same_source_variable_identity,nces:DRVF:00066995:F3INSUPC,float,Institutional support expenses as a percent of total core expenses (for-profit institutions),Institutional support expenses as a percent of total core expenses (for-profit institutions),Original IPEDS202425.accdb SHA256 98e9175e54ba719cf7f0bfcc8e043fac4d11babd1b73ba1701ebbdc23e5470f5; exact physical schema and varTable24; effective source_manifest.json records final fall revisions.
2024,DRVF2024,DRVF,F3OTEXPC,00066359,nces:DRVF:00066359:F3OTEXPC,F3OTEXPC,same_source_variable_identity,nces:DRVF:00066359:F3OTEXPC,float,Other core expenses as a percent of total  core expenses (for-profit institutions),Other core expenses as a percent of total  core expenses (for-profit institutions),Original IPEDS202425.accdb SHA256 98e9175e54ba719cf7f0bfcc8e043fac4d11babd1b73ba1701ebbdc23e5470f5; exact physical schema and varTable24; effective source_manifest.json records final fall revisions.
2024,DRVF2024,DRVF,F3SWINSP,00068000,nces:DRVF:00068000:F3SWINSP,F3SWINSP,same_source_variable_identity,nces:DRVF:00068000:F3SWINSP,float,Salaries and wages for instruction as a percent of total expenses for instruction (for-profit institutions),Salaries and wages for instruction as a percent of total expenses for instruction (for-profit institutions),Original IPEDS202425.accdb SHA256 98e9175e54ba719cf7f0bfcc8e043fac4d11babd1b73ba1701ebbdc23e5470f5; exact physical schema and varTable24; effective source_manifest.json records final fall revisions.
2024,DRVF2024,DRVF,F3SWRSRP,00068005,nces:DRVF:00068005:F3SWRSRP,F3SWRSRP,same_source_variable_identity,nces:DRVF:00068005:F3SWRSRP,float,Salaries and wages for research as a percent of total expenses for research (for-profit institutions),Salaries and wages for research as a percent of total expenses for research (for-profit institutions),Original IPEDS202425.accdb SHA256 98e9175e54ba719cf7f0bfcc8e043fac4d11babd1b73ba1701ebbdc23e5470f5; exact physical schema and varTable24; effective source_manifest.json records final fall revisions.
2024,DRVF2024,DRVF,F3SWPBSP,00068010,nces:DRVF:00068010:F3SWPBSP,F3SWPBSP,same_source_variable_identity,nces:DRVF:00068010:F3SWPBSP,float,Salaries and wages for public service as a percent of total expenses for public service (for-profit institutions),Salaries and wages for public service as a percent of total expenses for public service (for-profit institutions),Original IPEDS202425.accdb SHA256 98e9175e54ba719cf7f0bfcc8e043fac4d11babd1b73ba1701ebbdc23e5470f5; exact physical schema and varTable24; effective source_manifest.json records final fall revisions.
2024,DRVF2024,DRVF,F3SWACSP,00068015,nces:DRVF:00068015:F3SWACSP,F3SWACSP,same_source_variable_identity,nces:DRVF:00068015:F3SWACSP,float,Salaries and wages for academic support as a percent of total expenses for academic support (for-profit institutions),Salaries and wages for academic support as a percent of total expenses for academic support (for-profit institutions),Original IPEDS202425.accdb SHA256 98e9175e54ba719cf7f0bfcc8e043fac4d11babd1b73ba1701ebbdc23e5470f5; exact physical schema and varTable24; effective source_manifest.json records final fall revisions.
2024,DRVF2024,DRVF,F3SWSTSP,00068020,nces:DRVF:00068020:F3SWSTSP,F3SWSTSP,same_source_variable_identity,nces:DRVF:00068020:F3SWSTSP,float,Salaries and wages for student services as a percent of total expenses for student services (for-profit institutions),Salaries and wages for student services as a percent of total expenses for student services (for-profit institutions),Original IPEDS202425.accdb SHA256 98e9175e54ba719cf7f0bfcc8e043fac4d11babd1b73ba1701ebbdc23e5470f5; exact physical schema and varTable24; effective source_manifest.json records final fall revisions.
2024,DRVF2024,DRVF,F3SWISPP,00068025,nces:DRVF:00068025:F3SWISPP,F3SWISPP,same_source_variable_identity,nces:DRVF:00068025:F3SWISPP,float,Salaries and wages for institutional support as a percent of total expenses for institutional support (for-profit institutions),Salaries and wages for institutional support as a percent of total expenses for institutional support (for-profit institutions),Original IPEDS202425.accdb SHA256 98e9175e54ba719cf7f0bfcc8e043fac4d11babd1b73ba1701ebbdc23e5470f5; exact physical schema and varTable24; effective source_manifest.json records final fall revisions.
2024,DRVF2024,DRVF,F3SWOTEP,00068030,nces:DRVF:00068030:F3SWOTEP,F3SWOTEP,same_source_variable_identity,nces:DRVF:00068030:F3SWOTEP,float,Salaries and wages for other core expense functions as a percent of total expenses for other core expense functions (for-profit),Salaries and wages for other core expense functions as a percent of total expenses for other core expense functions (for-profit),Original IPEDS202425.accdb SHA256 98e9175e54ba719cf7f0bfcc8e043fac4d11babd1b73ba1701ebbdc23e5470f5; exact physical schema and varTable24; effective source_manifest.json records final fall revisions.
2024,DRVF2024,DRVF,F3SWCREP,00068035,nces:DRVF:00068035:F3SWCREP,F3SWCREP,same_source_variable_identity,nces:DRVF:00068035:F3SWCREP,float,Salaries and wages for core expenses as a percent of total core expenses (for-profit institutions),Salaries and wages for core expenses as a percent of total core expenses (for-profit institutions),Original IPEDS202425.accdb SHA256 98e9175e54ba719cf7f0bfcc8e043fac4d11babd1b73ba1701ebbdc23e5470f5; exact physical schema and varTable24; effective source_manifest.json records final fall revisions.
2024,DRVF2024,DRVF,F3SAFBPC,00067040,nces:DRVF:00067040:F3SAFBPC,F3SAFBPC,same_source_variable_identity,nces:DRVF:00067040:F3SAFBPC,float,"Total salaries, wages, and benefits as a percent of total expenses (for-profit institutions)","Total salaries, wages, and benefits as a percent of total expenses (for-profit institutions)",Original IPEDS202425.accdb SHA256 98e9175e54ba719cf7f0bfcc8e043fac4d11babd1b73ba1701ebbdc23e5470f5; exact physical schema and varTable24; effective source_manifest.json records final fall revisions.
2024,DRVF2024,DRVF,F3SALRPC,00067045,nces:DRVF:00067045:F3SALRPC,F3SALRPC,same_source_variable_identity,nces:DRVF:00067045:F3SALRPC,float,Total salaries and wages as a percent of total expenses (for-profit institutions),Total salaries and wages as a percent of total expenses (for-profit institutions),Original IPEDS202425.accdb SHA256 98e9175e54ba719cf7f0bfcc8e043fac4d11babd1b73ba1701ebbdc23e5470f5; exact physical schema and varTable24; effective source_manifest.json records final fall revisions.
2024,DRVF2024,DRVF,F3EQUITR,00066387,nces:DRVF:00066387:F3EQUITR,F3EQUITR,same_source_variable_identity,nces:DRVF:00066387:F3EQUITR,float,Equity ratio (for-profit institutions),Equity ratio (for-profit institutions),Original IPEDS202425.accdb SHA256 98e9175e54ba719cf7f0bfcc8e043fac4d11babd1b73ba1701ebbdc23e5470f5; exact physical schema and varTable24; effective source_manifest.json records final fall revisions.
2024,DRVGR2024,DRVGR,GRRTTOT,00081000,nces:DRVGR:00081000:GRRTTOT,GRRTTOT,same_source_variable_identity,nces:DRVGR:00081000:GRRTTOT,float,"Graduation rate, total cohort ","Graduation rate, total cohort",Original IPEDS202425.accdb SHA256 98e9175e54ba719cf7f0bfcc8e043fac4d11babd1b73ba1701ebbdc23e5470f5; exact physical schema and varTable24; effective source_manifest.json records final fall revisions.
2024,DRVGR2024,DRVGR,GRRTM,00081021,nces:DRVGR:00081021:GRRTM,GRRTM,same_source_variable_identity,nces:DRVGR:00081021:GRRTM,float,"Graduation rate, men","Graduation rate, men",Original IPEDS202425.accdb SHA256 98e9175e54ba719cf7f0bfcc8e043fac4d11babd1b73ba1701ebbdc23e5470f5; exact physical schema and varTable24; effective source_manifest.json records final fall revisions.
2024,DRVGR2024,DRVGR,GRRTW,00081023,nces:DRVGR:00081023:GRRTW,GRRTW,same_source_variable_identity,nces:DRVGR:00081023:GRRTW,float,"Graduation rate, women","Graduation rate, women",Original IPEDS202425.accdb SHA256 98e9175e54ba719cf7f0bfcc8e043fac4d11babd1b73ba1701ebbdc23e5470f5; exact physical schema and varTable24; effective source_manifest.json records final fall revisions.
2024,DRVGR2024,DRVGR,GRRTAN,00081015,nces:DRVGR:00081015:GRRTAN,GRRTAN,same_source_variable_identity,nces:DRVGR:00081015:GRRTAN,float,"Graduation rate, American Indian or Alaska Native ","Graduation rate, American Indian or Alaska Native",Original IPEDS202425.accdb SHA256 98e9175e54ba719cf7f0bfcc8e043fac4d11babd1b73ba1701ebbdc23e5470f5; exact physical schema and varTable24; effective source_manifest.json records final fall revisions.
2024,DRVGR2024,DRVGR,GRRTAP,00081012,nces:DRVGR:00081012:GRRTAP,GRRTAP__DRVGR__00081012__C5CCF4713273,same_source_variable_identity,nces:DRVGR:00081012:GRRTAP,float,"Graduation rate, Asian/Native Hawaiian/Other Pacific Islander","Graduation rate, Asian/Native Hawaiian/Other Pacific Islander",Original IPEDS202425.accdb SHA256 98e9175e54ba719cf7f0bfcc8e043fac4d11babd1b73ba1701ebbdc23e5470f5; exact physical schema and varTable24; effective source_manifest.json records final fall revisions.
2024,DRVGR2024,DRVGR,GRRTAS,00081406,nces:DRVGR:00081406:GRRTAS,GRRTAS,same_source_variable_identity,nces:DRVGR:00081406:GRRTAS,float,"Graduation rate, Asian ","Graduation rate, Asian",Original IPEDS202425.accdb SHA256 98e9175e54ba719cf7f0bfcc8e043fac4d11babd1b73ba1701ebbdc23e5470f5; exact physical schema and varTable24; effective source_manifest.json records final fall revisions.
2024,DRVGR2024,DRVGR,GRRTNH,00081411,nces:DRVGR:00081411:GRRTNH,GRRTNH,same_source_variable_identity,nces:DRVGR:00081411:GRRTNH,float,"Graduation rate, Native Hawaiian or Other Pacific Islander","Graduation rate, Native Hawaiian or Other Pacific Islander",Original IPEDS202425.accdb SHA256 98e9175e54ba719cf7f0bfcc8e043fac4d11babd1b73ba1701ebbdc23e5470f5; exact physical schema and varTable24; effective source_manifest.json records final fall revisions.
2024,DRVGR2024,DRVGR,GRRTBK,00081006,nces:DRVGR:00081006:GRRTBK,GRRTBK,same_source_variable_identity,nces:DRVGR:00081006:GRRTBK,float,"Graduation rate, Black, non-Hispanic","Graduation rate, Black, non-Hispanic",Original IPEDS202425.accdb SHA256 98e9175e54ba719cf7f0bfcc8e043fac4d11babd1b73ba1701ebbdc23e5470f5; exact physical schema and varTable24; effective source_manifest.json records final fall revisions.
2024,DRVGR2024,DRVGR,GRRTHS,00081009,nces:DRVGR:00081009:GRRTHS,GRRTHS,same_source_variable_identity,nces:DRVGR:00081009:GRRTHS,float,"Graduation rate, Hispanic","Graduation rate, Hispanic",Original IPEDS202425.accdb SHA256 98e9175e54ba719cf7f0bfcc8e043fac4d11babd1b73ba1701ebbdc23e5470f5; exact physical schema and varTable24; effective source_manifest.json records final fall revisions.
2024,DRVGR2024,DRVGR,GRRTWH,00081003,nces:DRVGR:00081003:GRRTWH,GRRTWH,same_source_variable_identity,nces:DRVGR:00081003:GRRTWH,float,"Graduation rate, White, non-Hispanic ","Graduation rate, White, non-Hispanic",Original IPEDS202425.accdb SHA256 98e9175e54ba719cf7f0bfcc8e043fac4d11babd1b73ba1701ebbdc23e5470f5; exact physical schema and varTable24; effective source_manifest.json records final fall revisions.
2024,DRVGR2024,DRVGR,GRRT2M,00081061,nces:DRVGR:00081061:GRRT2M,GRRT2M,same_source_variable_identity,nces:DRVGR:00081061:GRRT2M,float,"Graduation rate, two or more races","Graduation rate, two or more races",Original IPEDS202425.accdb SHA256 98e9175e54ba719cf7f0bfcc8e043fac4d11babd1b73ba1701ebbdc23e5470f5; exact physical schema and varTable24; effective source_manifest.json records final fall revisions.
2024,DRVGR2024,DRVGR,GRRTUN,00081017,nces:DRVGR:00081017:GRRTUN,GRRTUN,same_source_variable_identity,nces:DRVGR:00081017:GRRTUN,float,"Graduation rate, Race/ethnicity unknown ","Graduation rate, Race/ethnicity unknown",Original IPEDS202425.accdb SHA256 98e9175e54ba719cf7f0bfcc8e043fac4d11babd1b73ba1701ebbdc23e5470f5; exact physical schema and varTable24; effective source_manifest.json records final fall revisions.
2024,DRVGR2024,DRVGR,GRRTNR,00081019,nces:DRVGR:00081019:GRRTNR,GRRTNR__DRVGR__00081019__D84960F34F69,same_source_variable_identity,nces:DRVGR:00081019:GRRTNR,float,"Graduation rate, U.S. Nonresident","Graduation rate, U.S. Nonresident",Original IPEDS202425.accdb SHA256 98e9175e54ba719cf7f0bfcc8e043fac4d11babd1b73ba1701ebbdc23e5470f5; exact physical schema and varTable24; effective source_manifest.json records final fall revisions.
2024,DRVGR2024,DRVGR,TRRTTOT,00081025,nces:DRVGR:00081025:TRRTTOT,TRRTTOT,same_source_variable_identity,nces:DRVGR:00081025:TRRTTOT,float,"Transfer-out rate, total cohort","Transfer-out rate, total cohort",Original IPEDS202425.accdb SHA256 98e9175e54ba719cf7f0bfcc8e043fac4d11babd1b73ba1701ebbdc23e5470f5; exact physical schema and varTable24; effective source_manifest.json records final fall revisions.
2024,DRVGR2024,DRVGR,GBA4RTT,00081027,nces:DRVGR:00081027:GBA4RTT,GBA4RTT__DRVGR__00081027__460439B06CD3,same_source_variable_identity,nces:DRVGR:00081027:GBA4RTT,float,"Graduation rate - Bachelor degree within 4 years, total ","Graduation rate - Bachelor degree within 4 years, total",Original IPEDS202425.accdb SHA256 98e9175e54ba719cf7f0bfcc8e043fac4d11babd1b73ba1701ebbdc23e5470f5; exact physical schema and varTable24; effective source_manifest.json records final fall revisions.
2024,DRVGR2024,DRVGR,GBA5RTT,00081029,nces:DRVGR:00081029:GBA5RTT,GBA5RTT__DRVGR__00081029__E9F8B6155100,same_source_variable_identity,nces:DRVGR:00081029:GBA5RTT,float,"Graduation rate - Bachelor degree within 5 years, total ","Graduation rate - Bachelor degree within 5 years, total",Original IPEDS202425.accdb SHA256 98e9175e54ba719cf7f0bfcc8e043fac4d11babd1b73ba1701ebbdc23e5470f5; exact physical schema and varTable24; effective source_manifest.json records final fall revisions.
2024,DRVGR2024,DRVGR,GBA6RTT,00081031,nces:DRVGR:00081031:GBA6RTT,GBA6RTT__DRVGR__00081031__B5B0F3467396,same_source_variable_identity,nces:DRVGR:00081031:GBA6RTT,float,"Graduation rate - Bachelor degree within 6 years, total ","Graduation rate - Bachelor degree within 6 years, total",Original IPEDS202425.accdb SHA256 98e9175e54ba719cf7f0bfcc8e043fac4d11babd1b73ba1701ebbdc23e5470f5; exact physical schema and varTable24; effective source_manifest.json records final fall revisions.
2024,DRVGR2024,DRVGR,GBA6RTM,00081033,nces:DRVGR:00081033:GBA6RTM,GBA6RTM__DRVGR__00081033__E0D2510F934A,same_source_variable_identity,nces:DRVGR:00081033:GBA6RTM,float,"Graduation rate - Bachelor degree within 6 years, men","Graduation rate - Bachelor degree within 6 years, men",Original IPEDS202425.accdb SHA256 98e9175e54ba719cf7f0bfcc8e043fac4d11babd1b73ba1701ebbdc23e5470f5; exact physical schema and varTable24; effective source_manifest.json records final fall revisions.
2024,DRVGR2024,DRVGR,GBA6RTW,00081035,nces:DRVGR:00081035:GBA6RTW,GBA6RTW__DRVGR__00081035__D834AB182861,same_source_variable_identity,nces:DRVGR:00081035:GBA6RTW,float,"Graduation rate - Bachelor degree within 6 years, women","Graduation rate - Bachelor degree within 6 years, women",Original IPEDS202425.accdb SHA256 98e9175e54ba719cf7f0bfcc8e043fac4d11babd1b73ba1701ebbdc23e5470f5; exact physical schema and varTable24; effective source_manifest.json records final fall revisions.
2024,DRVGR2024,DRVGR,GBA6RTAN,00081045,nces:DRVGR:00081045:GBA6RTAN,GBA6RTAN__DRVGR__00081045__6EDD6720DBE8,same_source_variable_identity,nces:DRVGR:00081045:GBA6RTAN,float,"Graduation rate - Bachelor degree within 6 years, American Indian or Alaska Native ","Graduation rate - Bachelor degree within 6 years, American Indian or Alaska Native",Original IPEDS202425.accdb SHA256 98e9175e54ba719cf7f0bfcc8e043fac4d11babd1b73ba1701ebbdc23e5470f5; exact physical schema and varTable24; effective source_manifest.json records final fall revisions.
2024,DRVGR2024,DRVGR,GBA6RTAP,00081043,nces:DRVGR:00081043:GBA6RTAP,GBA6RTAP__DRVGR__00081043__E5B227F63603,same_source_variable_identity,nces:DRVGR:00081043:GBA6RTAP,float,"Graduation rate - Bachelor degree within 6 years, Asian/Native Hawaiian/Pacific Islander","Graduation rate - Bachelor degree within 6 years, Asian/Native Hawaiian/Pacific Islander",Original IPEDS202425.accdb SHA256 98e9175e54ba719cf7f0bfcc8e043fac4d11babd1b73ba1701ebbdc23e5470f5; exact physical schema and varTable24; effective source_manifest.json records final fall revisions.
2024,DRVGR2024,DRVGR,GBA6RTAS,00081416,nces:DRVGR:00081416:GBA6RTAS,GBA6RTAS,same_source_variable_identity,nces:DRVGR:00081416:GBA6RTAS,float,"Graduation rate - Bachelor degree within 6 years, Asian","Graduation rate - Bachelor degree within 6 years, Asian",Original IPEDS202425.accdb SHA256 98e9175e54ba719cf7f0bfcc8e043fac4d11babd1b73ba1701ebbdc23e5470f5; exact physical schema and varTable24; effective source_manifest.json records final fall revisions.
2024,DRVGR2024,DRVGR,GBA6RTNH,00081421,nces:DRVGR:00081421:GBA6RTNH,GBA6RTNH,same_source_variable_identity,nces:DRVGR:00081421:GBA6RTNH,float,"Graduation rate - Bachelor degree within 6 years, Native Hawaiian or Other Pacific Islander","Graduation rate - Bachelor degree within 6 years, Native Hawaiian or Other Pacific Islander",Original IPEDS202425.accdb SHA256 98e9175e54ba719cf7f0bfcc8e043fac4d11babd1b73ba1701ebbdc23e5470f5; exact physical schema and varTable24; effective source_manifest.json records final fall revisions.
2024,DRVGR2024,DRVGR,GBA6RTBK,00081039,nces:DRVGR:00081039:GBA6RTBK,GBA6RTBK__DRVGR__00081039__DFE0FD18EA4A,same_source_variable_identity,nces:DRVGR:00081039:GBA6RTBK,float,"Graduation rate - Bachelor degree within 6 years, Black, non-Hispanic","Graduation rate - Bachelor degree within 6 years, Black, non-Hispanic",Original IPEDS202425.accdb SHA256 98e9175e54ba719cf7f0bfcc8e043fac4d11babd1b73ba1701ebbdc23e5470f5; exact physical schema and varTable24; effective source_manifest.json records final fall revisions.
2024,DRVGR2024,DRVGR,GBA6RTHS,00081041,nces:DRVGR:00081041:GBA6RTHS,GBA6RTHS__DRVGR__00081041__34C3E9C00980,same_source_variable_identity,nces:DRVGR:00081041:GBA6RTHS,float,"Graduation rate - Bachelor degree within 6 years, Hispanic","Graduation rate - Bachelor degree within 6 years, Hispanic",Original IPEDS202425.accdb SHA256 98e9175e54ba719cf7f0bfcc8e043fac4d11babd1b73ba1701ebbdc23e5470f5; exact physical schema and varTable24; effective source_manifest.json records final fall revisions.
2024,DRVGR2024,DRVGR,GBA6RTWH,00081037,nces:DRVGR:00081037:GBA6RTWH,GBA6RTWH__DRVGR__00081037__CB53B2D98E80,same_source_variable_identity,nces:DRVGR:00081037:GBA6RTWH,float,"Graduation rate - Bachelor degree within 6 years, White, non-Hispanic ","Graduation rate - Bachelor degree within 6 years, White, non-Hispanic",Original IPEDS202425.accdb SHA256 98e9175e54ba719cf7f0bfcc8e043fac4d11babd1b73ba1701ebbdc23e5470f5; exact physical schema and varTable24; effective source_manifest.json records final fall revisions.
2024,DRVGR2024,DRVGR,GBA6RT2M,00081066,nces:DRVGR:00081066:GBA6RT2M,GBA6RT2M__DRVGR__00081066__D1846A017FB0,same_source_variable_identity,nces:DRVGR:00081066:GBA6RT2M,float,"Graduation rate - Bachelor degree within 6 years, two or more races","Graduation rate - Bachelor degree within 6 years, two or more races",Original IPEDS202425.accdb SHA256 98e9175e54ba719cf7f0bfcc8e043fac4d11babd1b73ba1701ebbdc23e5470f5; exact physical schema and varTable24; effective source_manifest.json records final fall revisions.
2024,DRVGR2024,DRVGR,GBA6RTUN,00081047,nces:DRVGR:00081047:GBA6RTUN,GBA6RTUN__DRVGR__00081047__2D356B146B1E,same_source_variable_identity,nces:DRVGR:00081047:GBA6RTUN,float,"Graduation rate - Bachelor degree within 6 years, Race/ethnicity unknown ","Graduation rate - Bachelor degree within 6 years, Race/ethnicity unknown",Original IPEDS202425.accdb SHA256 98e9175e54ba719cf7f0bfcc8e043fac4d11babd1b73ba1701ebbdc23e5470f5; exact physical schema and varTable24; effective source_manifest.json records final fall revisions.
2024,DRVGR2024,DRVGR,GBA6RTNR,00081049,nces:DRVGR:00081049:GBA6RTNR,GBA6RTNR__DRVGR__00081049__B440531E7959,same_source_variable_identity,nces:DRVGR:00081049:GBA6RTNR,float,"Graduation rate - Bachelor degree within 6 years, U.S. Nonresident","Graduation rate - Bachelor degree within 6 years, U.S. Nonresident",Original IPEDS202425.accdb SHA256 98e9175e54ba719cf7f0bfcc8e043fac4d11babd1b73ba1701ebbdc23e5470f5; exact physical schema and varTable24; effective source_manifest.json records final fall revisions.
2024,DRVGR2024,DRVGR,GBATRRT,00081051,nces:DRVGR:00081051:GBATRRT,GBATRRT__DRVGR__00081051__FC8A48E25B74,same_source_variable_identity,nces:DRVGR:00081051:GBATRRT,float,Transfer-out rate - Bachelor cohort,Transfer-out rate - Bachelor cohort,Original IPEDS202425.accdb SHA256 98e9175e54ba719cf7f0bfcc8e043fac4d11babd1b73ba1701ebbdc23e5470f5; exact physical schema and varTable24; effective source_manifest.json records final fall revisions.
2024,DRVGR2024,DRVGR,PGGRRTT,00081686,nces:DRVGR:00081686:PGGRRTT,PGGRRTT,same_source_variable_identity,nces:DRVGR:00081686:PGGRRTT,float,Pell Grant recipients - Overall graduation rate within 150 percent of normal time,Pell Grant recipients - Overall graduation rate within 150 percent of normal time,Original IPEDS202425.accdb SHA256 98e9175e54ba719cf7f0bfcc8e043fac4d11babd1b73ba1701ebbdc23e5470f5; exact physical schema and varTable24; effective source_manifest.json records final fall revisions.
2024,DRVGR2024,DRVGR,PGBA6RT,00081691,nces:DRVGR:00081691:PGBA6RT,PGBA6RT,same_source_variable_identity,nces:DRVGR:00081691:PGBA6RT,float,Pell Grant recipients - Bachelor's degree rate within 6 years,Pell Grant recipients - Bachelor's degree rate within 6 years,Original IPEDS202425.accdb SHA256 98e9175e54ba719cf7f0bfcc8e043fac4d11babd1b73ba1701ebbdc23e5470f5; exact physical schema and varTable24; effective source_manifest.json records final fall revisions.
2024,DRVGR2024,DRVGR,SSGRRTT,00081696,nces:DRVGR:00081696:SSGRRTT,SSGRRTT,same_source_variable_identity,nces:DRVGR:00081696:SSGRRTT,float,Direct Subsidized  Loan recipients not receiving Pell Grants - Overall graduation rate within 150 percent of normal time,Direct Subsidized  Loan recipients not receiving Pell Grants - Overall graduation rate within 150 percent of normal time,Original IPEDS202425.accdb SHA256 98e9175e54ba719cf7f0bfcc8e043fac4d11babd1b73ba1701ebbdc23e5470f5; exact physical schema and varTable24; effective source_manifest.json records final fall revisions.
2024,DRVGR2024,DRVGR,SSBA6RT,00081701,nces:DRVGR:00081701:SSBA6RT,SSBA6RT,same_source_variable_identity,nces:DRVGR:00081701:SSBA6RT,float,Direct Subsidized  Loan recipients not receiving Pell Grants - Bachelor's degree rate within 6 years,Direct Subsidized  Loan recipients not receiving Pell Grants - Bachelor's degree rate within 6 years,Original IPEDS202425.accdb SHA256 98e9175e54ba719cf7f0bfcc8e043fac4d11babd1b73ba1701ebbdc23e5470f5; exact physical schema and varTable24; effective source_manifest.json records final fall revisions.
2024,DRVGR2024,DRVGR,NRGRRTT,00081706,nces:DRVGR:00081706:NRGRRTT,NRGRRTT,same_source_variable_identity,nces:DRVGR:00081706:NRGRRTT,float,Did not receive Pell Grants or Direct Subsidized  Loans - Overall graduation rate within 150 percent of normal time,Did not receive Pell Grants or Direct Subsidized  Loans - Overall graduation rate within 150 percent of normal time,Original IPEDS202425.accdb SHA256 98e9175e54ba719cf7f0bfcc8e043fac4d11babd1b73ba1701ebbdc23e5470f5; exact physical schema and varTable24; effective source_manifest.json records final fall revisions.
2024,DRVGR2024,DRVGR,NRBA6RT,00081711,nces:DRVGR:00081711:NRBA6RT,NRBA6RT,same_source_variable_identity,nces:DRVGR:00081711:NRBA6RT,float,Did not receive Pell Grants or Direct Subsidized Loans - Bachelor's degree rate within 6 years,Did not receive Pell Grants or Direct Subsidized Loans - Bachelor's degree rate within 6 years,Original IPEDS202425.accdb SHA256 98e9175e54ba719cf7f0bfcc8e043fac4d11babd1b73ba1701ebbdc23e5470f5; exact physical schema and varTable24; effective source_manifest.json records final fall revisions.
2024,DRVHR2024,DRVHR,SALTOTL,00040801,nces:DRVHR:00040801:SALTOTL,SALTOTL__DRVHR__00040801__01167EF06C3C,same_source_variable_identity,nces:DRVHR:00040801:SALTOTL,float,Average salary equated to 9 months of full-time instructional staff - all ranks,Average salary equated to 9 months of full-time instructional staff - all ranks,Original IPEDS202425.accdb SHA256 98e9175e54ba719cf7f0bfcc8e043fac4d11babd1b73ba1701ebbdc23e5470f5; exact physical schema and varTable24; effective source_manifest.json records final fall revisions.
2024,DRVHR2024,DRVHR,SALPROF,00040806,nces:DRVHR:00040806:SALPROF,SALPROF__DRVHR__00040806__0AAD47044B60,same_source_variable_identity,nces:DRVHR:00040806:SALPROF,float,Average salary equated to 9 months of full-time instructional staff - professors,Average salary equated to 9 months of full-time instructional staff - professors,Original IPEDS202425.accdb SHA256 98e9175e54ba719cf7f0bfcc8e043fac4d11babd1b73ba1701ebbdc23e5470f5; exact physical schema and varTable24; effective source_manifest.json records final fall revisions.
2024,DRVHR2024,DRVHR,SALASSC,00040811,nces:DRVHR:00040811:SALASSC,SALASSC__DRVHR__00040811__0E209CDE3DD6,same_source_variable_identity,nces:DRVHR:00040811:SALASSC,float,Average salary equated to 9 months of full-time instructional staff - associate professors,Average salary equated to 9 months of full-time instructional staff - associate professors,Original IPEDS202425.accdb SHA256 98e9175e54ba719cf7f0bfcc8e043fac4d11babd1b73ba1701ebbdc23e5470f5; exact physical schema and varTable24; effective source_manifest.json records final fall revisions.
2024,DRVHR2024,DRVHR,SALASST,00040816,nces:DRVHR:00040816:SALASST,SALASST__DRVHR__00040816__88A97A6FB5B9,same_source_variable_identity,nces:DRVHR:00040816:SALASST,float,Average salary equated to 9 months of full-time instructional staff - assistant professors,Average salary equated to 9 months of full-time instructional staff - assistant professors,Original IPEDS202425.accdb SHA256 98e9175e54ba719cf7f0bfcc8e043fac4d11babd1b73ba1701ebbdc23e5470f5; exact physical schema and varTable24; effective source_manifest.json records final fall revisions.
2024,DRVHR2024,DRVHR,SALINST,00040821,nces:DRVHR:00040821:SALINST,SALINST__DRVHR__00040821__A2B27D2DEB06,same_source_variable_identity,nces:DRVHR:00040821:SALINST,float,Average salary equated to 9 months of full-time instructional staff - instructors,Average salary equated to 9 months of full-time instructional staff - instructors,Original IPEDS202425.accdb SHA256 98e9175e54ba719cf7f0bfcc8e043fac4d11babd1b73ba1701ebbdc23e5470f5; exact physical schema and varTable24; effective source_manifest.json records final fall revisions.
2024,DRVHR2024,DRVHR,SALLECT,00040826,nces:DRVHR:00040826:SALLECT,SALLECT__DRVHR__00040826__96CD96F0AA97,same_source_variable_identity,nces:DRVHR:00040826:SALLECT,float,Average salary equated to 9 months of full-time instructional staff - lecturers,Average salary equated to 9 months of full-time instructional staff - lecturers,Original IPEDS202425.accdb SHA256 98e9175e54ba719cf7f0bfcc8e043fac4d11babd1b73ba1701ebbdc23e5470f5; exact physical schema and varTable24; effective source_manifest.json records final fall revisions.
2024,DRVHR2024,DRVHR,SALNRNK,00040831,nces:DRVHR:00040831:SALNRNK,SALNRNK__DRVHR__00040831__E37BE3D3F541,same_source_variable_identity,nces:DRVHR:00040831:SALNRNK,float,Average salary equated to 9 months of full-time instructional staff - No academic rank,Average salary equated to 9 months of full-time instructional staff - No academic rank,Original IPEDS202425.accdb SHA256 98e9175e54ba719cf7f0bfcc8e043fac4d11babd1b73ba1701ebbdc23e5470f5; exact physical schema and varTable24; effective source_manifest.json records final fall revisions.
2024,DRVHR2024,DRVHR,SFTETOTL,00090305,nces:DRVHR:00090305:SFTETOTL,SFTETOTL,same_source_variable_identity,nces:DRVHR:00090305:SFTETOTL,float,Total FTE staff,Total FTE staff,Original IPEDS202425.accdb SHA256 98e9175e54ba719cf7f0bfcc8e043fac4d11babd1b73ba1701ebbdc23e5470f5; exact physical schema and varTable24; effective source_manifest.json records final fall revisions.
2024,DRVHR2024,DRVHR,SFTEPSTC,00090310,nces:DRVHR:00090310:SFTEPSTC,SFTEPSTC,same_source_variable_identity,nces:DRVHR:00090310:SFTEPSTC,float,"Instructional, research and public service FTE ","Instructional, research and public service FTE",Original IPEDS202425.accdb SHA256 98e9175e54ba719cf7f0bfcc8e043fac4d11babd1b73ba1701ebbdc23e5470f5; exact physical schema and varTable24; effective source_manifest.json records final fall revisions.
2024,DRVHR2024,DRVHR,SFTEINST,00090350,nces:DRVHR:00090350:SFTEINST,SFTEINST,same_source_variable_identity,nces:DRVHR:00090350:SFTEINST,float,Instructional FTE,Instructional FTE,Original IPEDS202425.accdb SHA256 98e9175e54ba719cf7f0bfcc8e043fac4d11babd1b73ba1701ebbdc23e5470f5; exact physical schema and varTable24; effective source_manifest.json records final fall revisions.
2024,DRVHR2024,DRVHR,SFTERSRC,00090355,nces:DRVHR:00090355:SFTERSRC,SFTERSRC,same_source_variable_identity,nces:DRVHR:00090355:SFTERSRC,float,Research FTE,Research FTE,Original IPEDS202425.accdb SHA256 98e9175e54ba719cf7f0bfcc8e043fac4d11babd1b73ba1701ebbdc23e5470f5; exact physical schema and varTable24; effective source_manifest.json records final fall revisions.
2024,DRVHR2024,DRVHR,SFTEPBSV,00090360,nces:DRVHR:00090360:SFTEPBSV,SFTEPBSV,same_source_variable_identity,nces:DRVHR:00090360:SFTEPBSV,float,Public Service FTE,Public Service FTE,Original IPEDS202425.accdb SHA256 98e9175e54ba719cf7f0bfcc8e043fac4d11babd1b73ba1701ebbdc23e5470f5; exact physical schema and varTable24; effective source_manifest.json records final fall revisions.
2024,DRVHR2024,DRVHR,SFTELCAI,00090365,nces:DRVHR:00090365:SFTELCAI,SFTELCAI,same_source_variable_identity,nces:DRVHR:00090365:SFTELCAI,float,"Librarians, Curators, and Archivists/Student and Academic Affairs and Other Education Services FTE","Librarians, Curators, and Archivists/Student and Academic Affairs and Other Education Services FTE",Original IPEDS202425.accdb SHA256 98e9175e54ba719cf7f0bfcc8e043fac4d11babd1b73ba1701ebbdc23e5470f5; exact physical schema and varTable24; effective source_manifest.json records final fall revisions.
2024,DRVHR2024,DRVHR,SFTELCA,00090370,nces:DRVHR:00090370:SFTELCA,SFTELCA,same_source_variable_identity,nces:DRVHR:00090370:SFTELCA,float,"Librarians, Curators, and Archivists FTE","Librarians, Curators, and Archivists FTE",Original IPEDS202425.accdb SHA256 98e9175e54ba719cf7f0bfcc8e043fac4d11babd1b73ba1701ebbdc23e5470f5; exact physical schema and varTable24; effective source_manifest.json records final fall revisions.
2024,DRVHR2024,DRVHR,SFTEOTIS,00090375,nces:DRVHR:00090375:SFTEOTIS,SFTEOTIS,same_source_variable_identity,nces:DRVHR:00090375:SFTEOTIS,float,Student and Academic Affairs and Other Education Services FTE,Student and Academic Affairs and Other Education Services FTE,Original IPEDS202425.accdb SHA256 98e9175e54ba719cf7f0bfcc8e043fac4d11babd1b73ba1701ebbdc23e5470f5; exact physical schema and varTable24; effective source_manifest.json records final fall revisions.
2024,DRVHR2024,DRVHR,SFTEMNGM,00090380,nces:DRVHR:00090380:SFTEMNGM,SFTEMNGM,same_source_variable_identity,nces:DRVHR:00090380:SFTEMNGM,float,Management FTE,Management FTE,Original IPEDS202425.accdb SHA256 98e9175e54ba719cf7f0bfcc8e043fac4d11babd1b73ba1701ebbdc23e5470f5; exact physical schema and varTable24; effective source_manifest.json records final fall revisions.
2024,DRVHR2024,DRVHR,SFTEBFO,00090385,nces:DRVHR:00090385:SFTEBFO,SFTEBFO,same_source_variable_identity,nces:DRVHR:00090385:SFTEBFO,float,Business and Financial Operations FTE,Business and Financial Operations FTE,Original IPEDS202425.accdb SHA256 98e9175e54ba719cf7f0bfcc8e043fac4d11babd1b73ba1701ebbdc23e5470f5; exact physical schema and varTable24; effective source_manifest.json records final fall revisions.
2024,DRVHR2024,DRVHR,SFTECES,00090390,nces:DRVHR:00090390:SFTECES,SFTECES,same_source_variable_identity,nces:DRVHR:00090390:SFTECES,float,"Computer, Engineering, and Science FTE","Computer, Engineering, and Science FTE",Original IPEDS202425.accdb SHA256 98e9175e54ba719cf7f0bfcc8e043fac4d11babd1b73ba1701ebbdc23e5470f5; exact physical schema and varTable24; effective source_manifest.json records final fall revisions.
2024,DRVHR2024,DRVHR,SFTECLAM,00090395,nces:DRVHR:00090395:SFTECLAM,SFTECLAM,same_source_variable_identity,nces:DRVHR:00090395:SFTECLAM,float,"Community Service, Legal, Arts, and Media FTE","Community Service, Legal, Arts, and Media FTE",Original IPEDS202425.accdb SHA256 98e9175e54ba719cf7f0bfcc8e043fac4d11babd1b73ba1701ebbdc23e5470f5; exact physical schema and varTable24; effective source_manifest.json records final fall revisions.
2024,DRVHR2024,DRVHR,SFTEHLTH,00090400,nces:DRVHR:00090400:SFTEHLTH,SFTEHLTH,same_source_variable_identity,nces:DRVHR:00090400:SFTEHLTH,float,Healthcare FTE,Healthcare FTE,Original IPEDS202425.accdb SHA256 98e9175e54ba719cf7f0bfcc8e043fac4d11babd1b73ba1701ebbdc23e5470f5; exact physical schema and varTable24; effective source_manifest.json records final fall revisions.
2024,DRVHR2024,DRVHR,SFTEOTHR,00090405,nces:DRVHR:00090405:SFTEOTHR,SFTEOTHR,same_source_variable_identity,nces:DRVHR:00090405:SFTEOTHR,float,"Service, sales, office/admin support, natural resources, construction, maintenance, production, transportation & materials moving FTE","Service, sales, office/admin support, natural resources, construction, maintenance, production, transportation & materials moving FTE",Original IPEDS202425.accdb SHA256 98e9175e54ba719cf7f0bfcc8e043fac4d11babd1b73ba1701ebbdc23e5470f5; exact physical schema and varTable24; effective source_manifest.json records final fall revisions.
2024,DRVHR2024,DRVHR,SFTESRVC,00090410,nces:DRVHR:00090410:SFTESRVC,SFTESRVC,same_source_variable_identity,nces:DRVHR:00090410:SFTESRVC,float,Service FTE,Service FTE,Original IPEDS202425.accdb SHA256 98e9175e54ba719cf7f0bfcc8e043fac4d11babd1b73ba1701ebbdc23e5470f5; exact physical schema and varTable24; effective source_manifest.json records final fall revisions.
2024,DRVHR2024,DRVHR,SFTESALE,00090415,nces:DRVHR:00090415:SFTESALE,SFTESALE,same_source_variable_identity,nces:DRVHR:00090415:SFTESALE,float,Sales and Related FTE,Sales and Related FTE,Original IPEDS202425.accdb SHA256 98e9175e54ba719cf7f0bfcc8e043fac4d11babd1b73ba1701ebbdc23e5470f5; exact physical schema and varTable24; effective source_manifest.json records final fall revisions.
2024,DRVHR2024,DRVHR,SFTEOFAS,00090420,nces:DRVHR:00090420:SFTEOFAS,SFTEOFAS,same_source_variable_identity,nces:DRVHR:00090420:SFTEOFAS,float,Office and Administrative Support FTE,Office and Administrative Support FTE,Original IPEDS202425.accdb SHA256 98e9175e54ba719cf7f0bfcc8e043fac4d11babd1b73ba1701ebbdc23e5470f5; exact physical schema and varTable24; effective source_manifest.json records final fall revisions.
2024,DRVHR2024,DRVHR,SFTENRCM,00090425,nces:DRVHR:00090425:SFTENRCM,SFTENRCM,same_source_variable_identity,nces:DRVHR:00090425:SFTENRCM,float,"Natural Resources, Construction, and Maintenance FTE","Natural Resources, Construction, and Maintenance FTE",Original IPEDS202425.accdb SHA256 98e9175e54ba719cf7f0bfcc8e043fac4d11babd1b73ba1701ebbdc23e5470f5; exact physical schema and varTable24; effective source_manifest.json records final fall revisions.
2024,DRVHR2024,DRVHR,SFTEPTMM,00090430,nces:DRVHR:00090430:SFTEPTMM,SFTEPTMM,same_source_variable_identity,nces:DRVHR:00090430:SFTEPTMM,float,"Production, Transportation, and Material Moving FTE","Production, Transportation, and Material Moving FTE",Original IPEDS202425.accdb SHA256 98e9175e54ba719cf7f0bfcc8e043fac4d11babd1b73ba1701ebbdc23e5470f5; exact physical schema and varTable24; effective source_manifest.json records final fall revisions.
2024,DRVOM2024,DRVOM,OM1TOTLAWDP4,00084101,nces:DRVOM:00084101:OM1TOTLAWDP4,OM1TOTLAWDP4,same_source_variable_identity,nces:DRVOM:00084101:OM1TOTLAWDP4,float,Percent full-time first-time receiving an award - 4 years,Percent full-time first-time receiving an award - 4 years,Original IPEDS202425.accdb SHA256 98e9175e54ba719cf7f0bfcc8e043fac4d11babd1b73ba1701ebbdc23e5470f5; exact physical schema and varTable24; effective source_manifest.json records final fall revisions.
2024,DRVOM2024,DRVOM,OM1TOTLAWDP6,00084102,nces:DRVOM:00084102:OM1TOTLAWDP6,OM1TOTLAWDP6,same_source_variable_identity,nces:DRVOM:00084102:OM1TOTLAWDP6,float,Percent full-time first-time receiving an award - 6 years,Percent full-time first-time receiving an award - 6 years,Original IPEDS202425.accdb SHA256 98e9175e54ba719cf7f0bfcc8e043fac4d11babd1b73ba1701ebbdc23e5470f5; exact physical schema and varTable24; effective source_manifest.json records final fall revisions.
2024,DRVOM2024,DRVOM,OM1TOTLAWDP8,00084103,nces:DRVOM:00084103:OM1TOTLAWDP8,OM1TOTLAWDP8,same_source_variable_identity,nces:DRVOM:00084103:OM1TOTLAWDP8,float,Percent full-time first-time receiving an award - 8 years,Percent full-time first-time receiving an award - 8 years,Original IPEDS202425.accdb SHA256 98e9175e54ba719cf7f0bfcc8e043fac4d11babd1b73ba1701ebbdc23e5470f5; exact physical schema and varTable24; effective source_manifest.json records final fall revisions.
2024,DRVOM2024,DRVOM,OM1TOTLENYP8,00084104,nces:DRVOM:00084104:OM1TOTLENYP8,OM1TOTLENYP8,same_source_variable_identity,nces:DRVOM:00084104:OM1TOTLENYP8,float,Percent full-time first-time still enrolled at same institution - 8 years,Percent full-time first-time still enrolled at same institution - 8 years,Original IPEDS202425.accdb SHA256 98e9175e54ba719cf7f0bfcc8e043fac4d11babd1b73ba1701ebbdc23e5470f5; exact physical schema and varTable24; effective source_manifest.json records final fall revisions.
2024,DRVOM2024,DRVOM,OM1TOTLENAP8,00084105,nces:DRVOM:00084105:OM1TOTLENAP8,OM1TOTLENAP8,same_source_variable_identity,nces:DRVOM:00084105:OM1TOTLENAP8,float,Percent full-time first-time subsequently enrolled at another institution - 8 years,Percent full-time first-time subsequently enrolled at another institution - 8 years,Original IPEDS202425.accdb SHA256 98e9175e54ba719cf7f0bfcc8e043fac4d11babd1b73ba1701ebbdc23e5470f5; exact physical schema and varTable24; effective source_manifest.json records final fall revisions.
2024,DRVOM2024,DRVOM,OM1TOTLENUP8,00084106,nces:DRVOM:00084106:OM1TOTLENUP8,OM1TOTLENUP8,same_source_variable_identity,nces:DRVOM:00084106:OM1TOTLENUP8,float,Percent full-time first-time enrollment status unknown - 8 years,Percent full-time first-time enrollment status unknown - 8 years,Original IPEDS202425.accdb SHA256 98e9175e54ba719cf7f0bfcc8e043fac4d11babd1b73ba1701ebbdc23e5470f5; exact physical schema and varTable24; effective source_manifest.json records final fall revisions.
2024,DRVOM2024,DRVOM,OM1TOTLCRTP8,00084107,nces:DRVOM:00084107:OM1TOTLCRTP8,OM1TOTLCRTP8,same_source_variable_identity,nces:DRVOM:00084107:OM1TOTLCRTP8,float,Percent full-time first-time receiving a certificate - 8 years,Percent full-time first-time receiving a certificate - 8 years,Original IPEDS202425.accdb SHA256 98e9175e54ba719cf7f0bfcc8e043fac4d11babd1b73ba1701ebbdc23e5470f5; exact physical schema and varTable24; effective source_manifest.json records final fall revisions.
2024,DRVOM2024,DRVOM,OM1TOTLASCP8,00084108,nces:DRVOM:00084108:OM1TOTLASCP8,OM1TOTLASCP8,same_source_variable_identity,nces:DRVOM:00084108:OM1TOTLASCP8,float,Percent full-time first-time receiving an associate's - 8 years,Percent full-time first-time receiving an associate's - 8 years,Original IPEDS202425.accdb SHA256 98e9175e54ba719cf7f0bfcc8e043fac4d11babd1b73ba1701ebbdc23e5470f5; exact physical schema and varTable24; effective source_manifest.json records final fall revisions.
2024,DRVOM2024,DRVOM,OM1TOTLBACP8,00084109,nces:DRVOM:00084109:OM1TOTLBACP8,OM1TOTLBACP8,same_source_variable_identity,nces:DRVOM:00084109:OM1TOTLBACP8,float,Percent full-time first-time receiving a bachelor's - 8 years,Percent full-time first-time receiving a bachelor's - 8 years,Original IPEDS202425.accdb SHA256 98e9175e54ba719cf7f0bfcc8e043fac4d11babd1b73ba1701ebbdc23e5470f5; exact physical schema and varTable24; effective source_manifest.json records final fall revisions.
2024,DRVOM2024,DRVOM,OM1PELLAWDP4,00084111,nces:DRVOM:00084111:OM1PELLAWDP4,OM1PELLAWDP4,same_source_variable_identity,nces:DRVOM:00084111:OM1PELLAWDP4,float,"Percent full-time first-time, Pell grant recipients receiving an award - 4 years","Percent full-time first-time, Pell grant recipients receiving an award - 4 years",Original IPEDS202425.accdb SHA256 98e9175e54ba719cf7f0bfcc8e043fac4d11babd1b73ba1701ebbdc23e5470f5; exact physical schema and varTable24; effective source_manifest.json records final fall revisions.
2024,DRVOM2024,DRVOM,OM1PELLAWDP6,00084112,nces:DRVOM:00084112:OM1PELLAWDP6,OM1PELLAWDP6,same_source_variable_identity,nces:DRVOM:00084112:OM1PELLAWDP6,float,"Percent full-time first-time, Pell grant recipients receiving an award - 6 years","Percent full-time first-time, Pell grant recipients receiving an award - 6 years",Original IPEDS202425.accdb SHA256 98e9175e54ba719cf7f0bfcc8e043fac4d11babd1b73ba1701ebbdc23e5470f5; exact physical schema and varTable24; effective source_manifest.json records final fall revisions.
2024,DRVOM2024,DRVOM,OM1PELLAWDP8,00084113,nces:DRVOM:00084113:OM1PELLAWDP8,OM1PELLAWDP8,same_source_variable_identity,nces:DRVOM:00084113:OM1PELLAWDP8,float,"Percent full-time first-time, Pell grant recipients receiving an award - 8 years","Percent full-time first-time, Pell grant recipients receiving an award - 8 years",Original IPEDS202425.accdb SHA256 98e9175e54ba719cf7f0bfcc8e043fac4d11babd1b73ba1701ebbdc23e5470f5; exact physical schema and varTable24; effective source_manifest.json records final fall revisions.
2024,DRVOM2024,DRVOM,OM1PELLENYP8,00084114,nces:DRVOM:00084114:OM1PELLENYP8,OM1PELLENYP8,same_source_variable_identity,nces:DRVOM:00084114:OM1PELLENYP8,float,"Percent full-time first-time, Pell grant recipients still enrolled at same institution - 8 years","Percent full-time first-time, Pell grant recipients still enrolled at same institution - 8 years",Original IPEDS202425.accdb SHA256 98e9175e54ba719cf7f0bfcc8e043fac4d11babd1b73ba1701ebbdc23e5470f5; exact physical schema and varTable24; effective source_manifest.json records final fall revisions.
2024,DRVOM2024,DRVOM,OM1PELLENAP8,00084115,nces:DRVOM:00084115:OM1PELLENAP8,OM1PELLENAP8,same_source_variable_identity,nces:DRVOM:00084115:OM1PELLENAP8,float,"Percent full-time first-time, Pell grant recipients subsequently enrolled at another institution - 8 years","Percent full-time first-time, Pell grant recipients subsequently enrolled at another institution - 8 years",Original IPEDS202425.accdb SHA256 98e9175e54ba719cf7f0bfcc8e043fac4d11babd1b73ba1701ebbdc23e5470f5; exact physical schema and varTable24; effective source_manifest.json records final fall revisions.
2024,DRVOM2024,DRVOM,OM1PELLENUP8,00084116,nces:DRVOM:00084116:OM1PELLENUP8,OM1PELLENUP8,same_source_variable_identity,nces:DRVOM:00084116:OM1PELLENUP8,float,"Percent full-time first-time, Pell grant recipients enrollment status unknown - 8 years","Percent full-time first-time, Pell grant recipients enrollment status unknown - 8 years",Original IPEDS202425.accdb SHA256 98e9175e54ba719cf7f0bfcc8e043fac4d11babd1b73ba1701ebbdc23e5470f5; exact physical schema and varTable24; effective source_manifest.json records final fall revisions.
2024,DRVOM2024,DRVOM,OM1PELLCRTP8,00084117,nces:DRVOM:00084117:OM1PELLCRTP8,OM1PELLCRTP8,same_source_variable_identity,nces:DRVOM:00084117:OM1PELLCRTP8,float,"Percent full-time first-time, Pell grant recipients receiving a certificate - 8 years","Percent full-time first-time, Pell grant recipients receiving a certificate - 8 years",Original IPEDS202425.accdb SHA256 98e9175e54ba719cf7f0bfcc8e043fac4d11babd1b73ba1701ebbdc23e5470f5; exact physical schema and varTable24; effective source_manifest.json records final fall revisions.
2024,DRVOM2024,DRVOM,OM1PELLASCP8,00084118,nces:DRVOM:00084118:OM1PELLASCP8,OM1PELLASCP8,same_source_variable_identity,nces:DRVOM:00084118:OM1PELLASCP8,float,"Percent full-time first-time, Pell grant recipients receiving an associate's - 8 years","Percent full-time first-time, Pell grant recipients receiving an associate's - 8 years",Original IPEDS202425.accdb SHA256 98e9175e54ba719cf7f0bfcc8e043fac4d11babd1b73ba1701ebbdc23e5470f5; exact physical schema and varTable24; effective source_manifest.json records final fall revisions.
2024,DRVOM2024,DRVOM,OM1PELLBACP8,00084119,nces:DRVOM:00084119:OM1PELLBACP8,OM1PELLBACP8,same_source_variable_identity,nces:DRVOM:00084119:OM1PELLBACP8,float,"Percent full-time first-time, Pell grant recipients receiving a bachelor's - 8 years","Percent full-time first-time, Pell grant recipients receiving a bachelor's - 8 years",Original IPEDS202425.accdb SHA256 98e9175e54ba719cf7f0bfcc8e043fac4d11babd1b73ba1701ebbdc23e5470f5; exact physical schema and varTable24; effective source_manifest.json records final fall revisions.
2024,DRVOM2024,DRVOM,OM1NPELAWDP4,00084121,nces:DRVOM:00084121:OM1NPELAWDP4,OM1NPELAWDP4,same_source_variable_identity,nces:DRVOM:00084121:OM1NPELAWDP4,float,"Percent full-time first-time, non-Pell recipients receiving an award - 4 years","Percent full-time first-time, non-Pell recipients receiving an award - 4 years",Original IPEDS202425.accdb SHA256 98e9175e54ba719cf7f0bfcc8e043fac4d11babd1b73ba1701ebbdc23e5470f5; exact physical schema and varTable24; effective source_manifest.json records final fall revisions.
2024,DRVOM2024,DRVOM,OM1NPELAWDP6,00084122,nces:DRVOM:00084122:OM1NPELAWDP6,OM1NPELAWDP6,same_source_variable_identity,nces:DRVOM:00084122:OM1NPELAWDP6,float,"Percent full-time first-time, non-Pell recipients receiving an award - 6 years","Percent full-time first-time, non-Pell recipients receiving an award - 6 years",Original IPEDS202425.accdb SHA256 98e9175e54ba719cf7f0bfcc8e043fac4d11babd1b73ba1701ebbdc23e5470f5; exact physical schema and varTable24; effective source_manifest.json records final fall revisions.
2024,DRVOM2024,DRVOM,OM1NPELAWDP8,00084123,nces:DRVOM:00084123:OM1NPELAWDP8,OM1NPELAWDP8,same_source_variable_identity,nces:DRVOM:00084123:OM1NPELAWDP8,float,"Percent full-time first-time, non-Pell recipients receiving an award - 8 years","Percent full-time first-time, non-Pell recipients receiving an award - 8 years",Original IPEDS202425.accdb SHA256 98e9175e54ba719cf7f0bfcc8e043fac4d11babd1b73ba1701ebbdc23e5470f5; exact physical schema and varTable24; effective source_manifest.json records final fall revisions.
2024,DRVOM2024,DRVOM,OM1NPELENYP8,00084124,nces:DRVOM:00084124:OM1NPELENYP8,OM1NPELENYP8,same_source_variable_identity,nces:DRVOM:00084124:OM1NPELENYP8,float,"Percent full-time first-time, non-Pell recipients still enrolled at same institution - 8 years","Percent full-time first-time, non-Pell recipients still enrolled at same institution - 8 years",Original IPEDS202425.accdb SHA256 98e9175e54ba719cf7f0bfcc8e043fac4d11babd1b73ba1701ebbdc23e5470f5; exact physical schema and varTable24; effective source_manifest.json records final fall revisions.
2024,DRVOM2024,DRVOM,OM1NPELENAP8,00084125,nces:DRVOM:00084125:OM1NPELENAP8,OM1NPELENAP8,same_source_variable_identity,nces:DRVOM:00084125:OM1NPELENAP8,float,"Percent full-time first-time, non-Pell recipients subsequently enrolled at another institution - 8 years","Percent full-time first-time, non-Pell recipients subsequently enrolled at another institution - 8 years",Original IPEDS202425.accdb SHA256 98e9175e54ba719cf7f0bfcc8e043fac4d11babd1b73ba1701ebbdc23e5470f5; exact physical schema and varTable24; effective source_manifest.json records final fall revisions.
2024,DRVOM2024,DRVOM,OM1NPELENUP8,00084126,nces:DRVOM:00084126:OM1NPELENUP8,OM1NPELENUP8,same_source_variable_identity,nces:DRVOM:00084126:OM1NPELENUP8,float,"Percent full-time first-time, non-Pell recipients enrollment status unknown - 8 years","Percent full-time first-time, non-Pell recipients enrollment status unknown - 8 years",Original IPEDS202425.accdb SHA256 98e9175e54ba719cf7f0bfcc8e043fac4d11babd1b73ba1701ebbdc23e5470f5; exact physical schema and varTable24; effective source_manifest.json records final fall revisions.
2024,DRVOM2024,DRVOM,OM1NPELCRTP8,00084127,nces:DRVOM:00084127:OM1NPELCRTP8,OM1NPELCRTP8,same_source_variable_identity,nces:DRVOM:00084127:OM1NPELCRTP8,float,"Percent full-time first-time, non-Pell recipients receiving a certificate - 8 years","Percent full-time first-time, non-Pell recipients receiving a certificate - 8 years",Original IPEDS202425.accdb SHA256 98e9175e54ba719cf7f0bfcc8e043fac4d11babd1b73ba1701ebbdc23e5470f5; exact physical schema and varTable24; effective source_manifest.json records final fall revisions.
2024,DRVOM2024,DRVOM,OM1NPELASCP8,00084128,nces:DRVOM:00084128:OM1NPELASCP8,OM1NPELASCP8,same_source_variable_identity,nces:DRVOM:00084128:OM1NPELASCP8,float,"Percent full-time first-time, non-Pell recipients receiving an associate's - 8 years","Percent full-time first-time, non-Pell recipients receiving an associate's - 8 years",Original IPEDS202425.accdb SHA256 98e9175e54ba719cf7f0bfcc8e043fac4d11babd1b73ba1701ebbdc23e5470f5; exact physical schema and varTable24; effective source_manifest.json records final fall revisions.
2024,DRVOM2024,DRVOM,OM1NPELBACP8,00084129,nces:DRVOM:00084129:OM1NPELBACP8,OM1NPELBACP8,same_source_variable_identity,nces:DRVOM:00084129:OM1NPELBACP8,float,"Percent full-time first-time, non-Pell recipients receiving a bachelor's - 8 years","Percent full-time first-time, non-Pell recipients receiving a bachelor's - 8 years",Original IPEDS202425.accdb SHA256 98e9175e54ba719cf7f0bfcc8e043fac4d11babd1b73ba1701ebbdc23e5470f5; exact physical schema and varTable24; effective source_manifest.json records final fall revisions.
2024,DRVOM2024,DRVOM,OM2TOTLAWDP4,00084201,nces:DRVOM:00084201:OM2TOTLAWDP4,OM2TOTLAWDP4,same_source_variable_identity,nces:DRVOM:00084201:OM2TOTLAWDP4,float,Percent part-time first-time receiving an award - 4 years,Percent part-time first-time receiving an award - 4 years,Original IPEDS202425.accdb SHA256 98e9175e54ba719cf7f0bfcc8e043fac4d11babd1b73ba1701ebbdc23e5470f5; exact physical schema and varTable24; effective source_manifest.json records final fall revisions.
2024,DRVOM2024,DRVOM,OM2TOTLAWDP6,00084202,nces:DRVOM:00084202:OM2TOTLAWDP6,OM2TOTLAWDP6,same_source_variable_identity,nces:DRVOM:00084202:OM2TOTLAWDP6,float,Percent part-time first-time receiving an award - 6 years,Percent part-time first-time receiving an award - 6 years,Original IPEDS202425.accdb SHA256 98e9175e54ba719cf7f0bfcc8e043fac4d11babd1b73ba1701ebbdc23e5470f5; exact physical schema and varTable24; effective source_manifest.json records final fall revisions.
2024,DRVOM2024,DRVOM,OM2TOTLAWDP8,00084203,nces:DRVOM:00084203:OM2TOTLAWDP8,OM2TOTLAWDP8,same_source_variable_identity,nces:DRVOM:00084203:OM2TOTLAWDP8,float,Percent part-time first-time receiving an award - 8 years,Percent part-time first-time receiving an award - 8 years,Original IPEDS202425.accdb SHA256 98e9175e54ba719cf7f0bfcc8e043fac4d11babd1b73ba1701ebbdc23e5470f5; exact physical schema and varTable24; effective source_manifest.json records final fall revisions.
2024,DRVOM2024,DRVOM,OM2TOTLENYP8,00084204,nces:DRVOM:00084204:OM2TOTLENYP8,OM2TOTLENYP8,same_source_variable_identity,nces:DRVOM:00084204:OM2TOTLENYP8,float,Percent part-time first-time still enrolled at same institution - 8 years,Percent part-time first-time still enrolled at same institution - 8 years,Original IPEDS202425.accdb SHA256 98e9175e54ba719cf7f0bfcc8e043fac4d11babd1b73ba1701ebbdc23e5470f5; exact physical schema and varTable24; effective source_manifest.json records final fall revisions.
2024,DRVOM2024,DRVOM,OM2TOTLENAP8,00084205,nces:DRVOM:00084205:OM2TOTLENAP8,OM2TOTLENAP8,same_source_variable_identity,nces:DRVOM:00084205:OM2TOTLENAP8,float,Percent part-time first-time subsequently enrolled at another institution - 8 years,Percent part-time first-time subsequently enrolled at another institution - 8 years,Original IPEDS202425.accdb SHA256 98e9175e54ba719cf7f0bfcc8e043fac4d11babd1b73ba1701ebbdc23e5470f5; exact physical schema and varTable24; effective source_manifest.json records final fall revisions.
2024,DRVOM2024,DRVOM,OM2TOTLENUP8,00084206,nces:DRVOM:00084206:OM2TOTLENUP8,OM2TOTLENUP8,same_source_variable_identity,nces:DRVOM:00084206:OM2TOTLENUP8,float,Percent part-time first-time enrollment status unknown - 8 years,Percent part-time first-time enrollment status unknown - 8 years,Original IPEDS202425.accdb SHA256 98e9175e54ba719cf7f0bfcc8e043fac4d11babd1b73ba1701ebbdc23e5470f5; exact physical schema and varTable24; effective source_manifest.json records final fall revisions.
2024,DRVOM2024,DRVOM,OM2TOTLCRTP8,00084207,nces:DRVOM:00084207:OM2TOTLCRTP8,OM2TOTLCRTP8,same_source_variable_identity,nces:DRVOM:00084207:OM2TOTLCRTP8,float,Percent part-time first-time receiving a certificate - 8 years,Percent part-time first-time receiving a certificate - 8 years,Original IPEDS202425.accdb SHA256 98e9175e54ba719cf7f0bfcc8e043fac4d11babd1b73ba1701ebbdc23e5470f5; exact physical schema and varTable24; effective source_manifest.json records final fall revisions.
2024,DRVOM2024,DRVOM,OM2TOTLASCP8,00084208,nces:DRVOM:00084208:OM2TOTLASCP8,OM2TOTLASCP8,same_source_variable_identity,nces:DRVOM:00084208:OM2TOTLASCP8,float,Percent part-time first-time receiving an associate's - 8 years,Percent part-time first-time receiving an associate's - 8 years,Original IPEDS202425.accdb SHA256 98e9175e54ba719cf7f0bfcc8e043fac4d11babd1b73ba1701ebbdc23e5470f5; exact physical schema and varTable24; effective source_manifest.json records final fall revisions.
2024,DRVOM2024,DRVOM,OM2TOTLBACP8,00084209,nces:DRVOM:00084209:OM2TOTLBACP8,OM2TOTLBACP8,same_source_variable_identity,nces:DRVOM:00084209:OM2TOTLBACP8,float,Percent part-time first-time receiving a bachelor's - 8 years,Percent part-time first-time receiving a bachelor's - 8 years,Original IPEDS202425.accdb SHA256 98e9175e54ba719cf7f0bfcc8e043fac4d11babd1b73ba1701ebbdc23e5470f5; exact physical schema and varTable24; effective source_manifest.json records final fall revisions.
2024,DRVOM2024,DRVOM,OM2PELLAWDP4,00084211,nces:DRVOM:00084211:OM2PELLAWDP4,OM2PELLAWDP4,same_source_variable_identity,nces:DRVOM:00084211:OM2PELLAWDP4,float,"Percent part-time first-time, Pell grant recipients receiving an award - 4 years","Percent part-time first-time, Pell grant recipients receiving an award - 4 years",Original IPEDS202425.accdb SHA256 98e9175e54ba719cf7f0bfcc8e043fac4d11babd1b73ba1701ebbdc23e5470f5; exact physical schema and varTable24; effective source_manifest.json records final fall revisions.
2024,DRVOM2024,DRVOM,OM2PELLAWDP6,00084212,nces:DRVOM:00084212:OM2PELLAWDP6,OM2PELLAWDP6,same_source_variable_identity,nces:DRVOM:00084212:OM2PELLAWDP6,float,"Percent part-time first-time, Pell grant recipients receiving an award - 6 years","Percent part-time first-time, Pell grant recipients receiving an award - 6 years",Original IPEDS202425.accdb SHA256 98e9175e54ba719cf7f0bfcc8e043fac4d11babd1b73ba1701ebbdc23e5470f5; exact physical schema and varTable24; effective source_manifest.json records final fall revisions.
2024,DRVOM2024,DRVOM,OM2PELLAWDP8,00084213,nces:DRVOM:00084213:OM2PELLAWDP8,OM2PELLAWDP8,same_source_variable_identity,nces:DRVOM:00084213:OM2PELLAWDP8,float,"Percent part-time first-time, Pell grant recipients receiving an award - 8 years","Percent part-time first-time, Pell grant recipients receiving an award - 8 years",Original IPEDS202425.accdb SHA256 98e9175e54ba719cf7f0bfcc8e043fac4d11babd1b73ba1701ebbdc23e5470f5; exact physical schema and varTable24; effective source_manifest.json records final fall revisions.
2024,DRVOM2024,DRVOM,OM2PELLENYP8,00084214,nces:DRVOM:00084214:OM2PELLENYP8,OM2PELLENYP8,same_source_variable_identity,nces:DRVOM:00084214:OM2PELLENYP8,float,"Percent part-time first-time, Pell grant recipients still enrolled at same institution - 8 years","Percent part-time first-time, Pell grant recipients still enrolled at same institution - 8 years",Original IPEDS202425.accdb SHA256 98e9175e54ba719cf7f0bfcc8e043fac4d11babd1b73ba1701ebbdc23e5470f5; exact physical schema and varTable24; effective source_manifest.json records final fall revisions.
2024,DRVOM2024,DRVOM,OM2PELLENAP8,00084215,nces:DRVOM:00084215:OM2PELLENAP8,OM2PELLENAP8,same_source_variable_identity,nces:DRVOM:00084215:OM2PELLENAP8,float,"Percent part-time first-time, Pell grant recipients subsequently enrolled at another institution - 8 years","Percent part-time first-time, Pell grant recipients subsequently enrolled at another institution - 8 years",Original IPEDS202425.accdb SHA256 98e9175e54ba719cf7f0bfcc8e043fac4d11babd1b73ba1701ebbdc23e5470f5; exact physical schema and varTable24; effective source_manifest.json records final fall revisions.
2024,DRVOM2024,DRVOM,OM2PELLENUP8,00084216,nces:DRVOM:00084216:OM2PELLENUP8,OM2PELLENUP8,same_source_variable_identity,nces:DRVOM:00084216:OM2PELLENUP8,float,"Percent part-time first-time, Pell grant recipients enrollment status unknown - 8 years","Percent part-time first-time, Pell grant recipients enrollment status unknown - 8 years",Original IPEDS202425.accdb SHA256 98e9175e54ba719cf7f0bfcc8e043fac4d11babd1b73ba1701ebbdc23e5470f5; exact physical schema and varTable24; effective source_manifest.json records final fall revisions.
2024,DRVOM2024,DRVOM,OM2PELLCRTP8,00084217,nces:DRVOM:00084217:OM2PELLCRTP8,OM2PELLCRTP8,same_source_variable_identity,nces:DRVOM:00084217:OM2PELLCRTP8,float,"Percent part-time first-time, Pell grant recipients receiving a certificate - 8 years","Percent part-time first-time, Pell grant recipients receiving a certificate - 8 years",Original IPEDS202425.accdb SHA256 98e9175e54ba719cf7f0bfcc8e043fac4d11babd1b73ba1701ebbdc23e5470f5; exact physical schema and varTable24; effective source_manifest.json records final fall revisions.
2024,DRVOM2024,DRVOM,OM2PELLASCP8,00084218,nces:DRVOM:00084218:OM2PELLASCP8,OM2PELLASCP8,same_source_variable_identity,nces:DRVOM:00084218:OM2PELLASCP8,float,"Percent part-time first-time, Pell grant recipients receiving an associate's - 8 years","Percent part-time first-time, Pell grant recipients receiving an associate's - 8 years",Original IPEDS202425.accdb SHA256 98e9175e54ba719cf7f0bfcc8e043fac4d11babd1b73ba1701ebbdc23e5470f5; exact physical schema and varTable24; effective source_manifest.json records final fall revisions.
2024,DRVOM2024,DRVOM,OM2PELLBACP8,00084219,nces:DRVOM:00084219:OM2PELLBACP8,OM2PELLBACP8,same_source_variable_identity,nces:DRVOM:00084219:OM2PELLBACP8,float,"Percent part-time first-time, Pell grant recipients receiving a bachelor's - 8 years","Percent part-time first-time, Pell grant recipients receiving a bachelor's - 8 years",Original IPEDS202425.accdb SHA256 98e9175e54ba719cf7f0bfcc8e043fac4d11babd1b73ba1701ebbdc23e5470f5; exact physical schema and varTable24; effective source_manifest.json records final fall revisions.
2024,DRVOM2024,DRVOM,OM2NPELAWDP4,00084221,nces:DRVOM:00084221:OM2NPELAWDP4,OM2NPELAWDP4,same_source_variable_identity,nces:DRVOM:00084221:OM2NPELAWDP4,float,"Percent part-time first-time, non-Pell recipients receiving an award - 4 years","Percent part-time first-time, non-Pell recipients receiving an award - 4 years",Original IPEDS202425.accdb SHA256 98e9175e54ba719cf7f0bfcc8e043fac4d11babd1b73ba1701ebbdc23e5470f5; exact physical schema and varTable24; effective source_manifest.json records final fall revisions.
2024,DRVOM2024,DRVOM,OM2NPELAWDP6,00084222,nces:DRVOM:00084222:OM2NPELAWDP6,OM2NPELAWDP6,same_source_variable_identity,nces:DRVOM:00084222:OM2NPELAWDP6,float,"Percent part-time first-time, non-Pell recipients receiving an award - 6 years","Percent part-time first-time, non-Pell recipients receiving an award - 6 years",Original IPEDS202425.accdb SHA256 98e9175e54ba719cf7f0bfcc8e043fac4d11babd1b73ba1701ebbdc23e5470f5; exact physical schema and varTable24; effective source_manifest.json records final fall revisions.
2024,DRVOM2024,DRVOM,OM2NPELAWDP8,00084223,nces:DRVOM:00084223:OM2NPELAWDP8,OM2NPELAWDP8,same_source_variable_identity,nces:DRVOM:00084223:OM2NPELAWDP8,float,"Percent part-time first-time, non-Pell recipients receiving an award - 8 years","Percent part-time first-time, non-Pell recipients receiving an award - 8 years",Original IPEDS202425.accdb SHA256 98e9175e54ba719cf7f0bfcc8e043fac4d11babd1b73ba1701ebbdc23e5470f5; exact physical schema and varTable24; effective source_manifest.json records final fall revisions.
2024,DRVOM2024,DRVOM,OM2NPELENYP8,00084224,nces:DRVOM:00084224:OM2NPELENYP8,OM2NPELENYP8,same_source_variable_identity,nces:DRVOM:00084224:OM2NPELENYP8,float,"Percent part-time first-time, non-Pell recipients still enrolled at same institution - 8 years","Percent part-time first-time, non-Pell recipients still enrolled at same institution - 8 years",Original IPEDS202425.accdb SHA256 98e9175e54ba719cf7f0bfcc8e043fac4d11babd1b73ba1701ebbdc23e5470f5; exact physical schema and varTable24; effective source_manifest.json records final fall revisions.
2024,DRVOM2024,DRVOM,OM2NPELENAP8,00084225,nces:DRVOM:00084225:OM2NPELENAP8,OM2NPELENAP8,same_source_variable_identity,nces:DRVOM:00084225:OM2NPELENAP8,float,"Percent part-time first-time, non-Pell recipients subsequently enrolled at another institution - 8 years","Percent part-time first-time, non-Pell recipients subsequently enrolled at another institution - 8 years",Original IPEDS202425.accdb SHA256 98e9175e54ba719cf7f0bfcc8e043fac4d11babd1b73ba1701ebbdc23e5470f5; exact physical schema and varTable24; effective source_manifest.json records final fall revisions.
2024,DRVOM2024,DRVOM,OM2NPELENUP8,00084226,nces:DRVOM:00084226:OM2NPELENUP8,OM2NPELENUP8,same_source_variable_identity,nces:DRVOM:00084226:OM2NPELENUP8,float,"Percent part-time first-time, non-Pell recipients enrollment status unknown - 8 years","Percent part-time first-time, non-Pell recipients enrollment status unknown - 8 years",Original IPEDS202425.accdb SHA256 98e9175e54ba719cf7f0bfcc8e043fac4d11babd1b73ba1701ebbdc23e5470f5; exact physical schema and varTable24; effective source_manifest.json records final fall revisions.
2024,DRVOM2024,DRVOM,OM2NPELCRTP8,00084227,nces:DRVOM:00084227:OM2NPELCRTP8,OM2NPELCRTP8,same_source_variable_identity,nces:DRVOM:00084227:OM2NPELCRTP8,float,"Percent part-time first-time, non-Pell recipients receiving a certificate - 8 years","Percent part-time first-time, non-Pell recipients receiving a certificate - 8 years",Original IPEDS202425.accdb SHA256 98e9175e54ba719cf7f0bfcc8e043fac4d11babd1b73ba1701ebbdc23e5470f5; exact physical schema and varTable24; effective source_manifest.json records final fall revisions.
2024,DRVOM2024,DRVOM,OM2NPELASCP8,00084228,nces:DRVOM:00084228:OM2NPELASCP8,OM2NPELASCP8,same_source_variable_identity,nces:DRVOM:00084228:OM2NPELASCP8,float,"Percent part-time first-time, non-Pell recipients receiving an associate's - 8 years","Percent part-time first-time, non-Pell recipients receiving an associate's - 8 years",Original IPEDS202425.accdb SHA256 98e9175e54ba719cf7f0bfcc8e043fac4d11babd1b73ba1701ebbdc23e5470f5; exact physical schema and varTable24; effective source_manifest.json records final fall revisions.
2024,DRVOM2024,DRVOM,OM2NPELBACP8,00084229,nces:DRVOM:00084229:OM2NPELBACP8,OM2NPELBACP8,same_source_variable_identity,nces:DRVOM:00084229:OM2NPELBACP8,float,"Percent part-time first-time, non-Pell recipients receiving a bachelor's - 8 years","Percent part-time first-time, non-Pell recipients receiving a bachelor's - 8 years",Original IPEDS202425.accdb SHA256 98e9175e54ba719cf7f0bfcc8e043fac4d11babd1b73ba1701ebbdc23e5470f5; exact physical schema and varTable24; effective source_manifest.json records final fall revisions.
2024,DRVOM2024,DRVOM,OM3TOTLAWDP4,00084301,nces:DRVOM:00084301:OM3TOTLAWDP4,OM3TOTLAWDP4,same_source_variable_identity,nces:DRVOM:00084301:OM3TOTLAWDP4,float,Percent full-time non-first-time receiving an award - 4 years,Percent full-time non-first-time receiving an award - 4 years,Original IPEDS202425.accdb SHA256 98e9175e54ba719cf7f0bfcc8e043fac4d11babd1b73ba1701ebbdc23e5470f5; exact physical schema and varTable24; effective source_manifest.json records final fall revisions.
2024,DRVOM2024,DRVOM,OM3TOTLAWDP6,00084302,nces:DRVOM:00084302:OM3TOTLAWDP6,OM3TOTLAWDP6,same_source_variable_identity,nces:DRVOM:00084302:OM3TOTLAWDP6,float,Percent full-time non-first-time receiving an award - 6 years,Percent full-time non-first-time receiving an award - 6 years,Original IPEDS202425.accdb SHA256 98e9175e54ba719cf7f0bfcc8e043fac4d11babd1b73ba1701ebbdc23e5470f5; exact physical schema and varTable24; effective source_manifest.json records final fall revisions.
2024,DRVOM2024,DRVOM,OM3TOTLAWDP8,00084303,nces:DRVOM:00084303:OM3TOTLAWDP8,OM3TOTLAWDP8,same_source_variable_identity,nces:DRVOM:00084303:OM3TOTLAWDP8,float,Percent full-time non-first-time receiving an award - 8 years,Percent full-time non-first-time receiving an award - 8 years,Original IPEDS202425.accdb SHA256 98e9175e54ba719cf7f0bfcc8e043fac4d11babd1b73ba1701ebbdc23e5470f5; exact physical schema and varTable24; effective source_manifest.json records final fall revisions.
2024,DRVOM2024,DRVOM,OM3TOTLENYP8,00084304,nces:DRVOM:00084304:OM3TOTLENYP8,OM3TOTLENYP8,same_source_variable_identity,nces:DRVOM:00084304:OM3TOTLENYP8,float,Percent full-time non-first-time still enrolled at same institution - 8 years,Percent full-time non-first-time still enrolled at same institution - 8 years,Original IPEDS202425.accdb SHA256 98e9175e54ba719cf7f0bfcc8e043fac4d11babd1b73ba1701ebbdc23e5470f5; exact physical schema and varTable24; effective source_manifest.json records final fall revisions.
2024,DRVOM2024,DRVOM,OM3TOTLENAP8,00084305,nces:DRVOM:00084305:OM3TOTLENAP8,OM3TOTLENAP8,same_source_variable_identity,nces:DRVOM:00084305:OM3TOTLENAP8,float,Percent full-time non-first-time subsequently enrolled at another institution - 8 years,Percent full-time non-first-time subsequently enrolled at another institution - 8 years,Original IPEDS202425.accdb SHA256 98e9175e54ba719cf7f0bfcc8e043fac4d11babd1b73ba1701ebbdc23e5470f5; exact physical schema and varTable24; effective source_manifest.json records final fall revisions.
2024,DRVOM2024,DRVOM,OM3TOTLENUP8,00084306,nces:DRVOM:00084306:OM3TOTLENUP8,OM3TOTLENUP8,same_source_variable_identity,nces:DRVOM:00084306:OM3TOTLENUP8,float,Percent full-time non-first-time enrollment status unknown - 8 years,Percent full-time non-first-time enrollment status unknown - 8 years,Original IPEDS202425.accdb SHA256 98e9175e54ba719cf7f0bfcc8e043fac4d11babd1b73ba1701ebbdc23e5470f5; exact physical schema and varTable24; effective source_manifest.json records final fall revisions.
2024,DRVOM2024,DRVOM,OM3TOTLCRTP8,00084307,nces:DRVOM:00084307:OM3TOTLCRTP8,OM3TOTLCRTP8,same_source_variable_identity,nces:DRVOM:00084307:OM3TOTLCRTP8,float,Percent full-time non-first-time receiving a certificate - 8 years,Percent full-time non-first-time receiving a certificate - 8 years,Original IPEDS202425.accdb SHA256 98e9175e54ba719cf7f0bfcc8e043fac4d11babd1b73ba1701ebbdc23e5470f5; exact physical schema and varTable24; effective source_manifest.json records final fall revisions.
2024,DRVOM2024,DRVOM,OM3TOTLASCP8,00084308,nces:DRVOM:00084308:OM3TOTLASCP8,OM3TOTLASCP8,same_source_variable_identity,nces:DRVOM:00084308:OM3TOTLASCP8,float,Percent full-time non-first-time receiving an associate's - 8 years,Percent full-time non-first-time receiving an associate's - 8 years,Original IPEDS202425.accdb SHA256 98e9175e54ba719cf7f0bfcc8e043fac4d11babd1b73ba1701ebbdc23e5470f5; exact physical schema and varTable24; effective source_manifest.json records final fall revisions.
2024,DRVOM2024,DRVOM,OM3TOTLBACP8,00084309,nces:DRVOM:00084309:OM3TOTLBACP8,OM3TOTLBACP8,same_source_variable_identity,nces:DRVOM:00084309:OM3TOTLBACP8,float,Percent full-time non-first-time receiving a bachelor's - 8 years,Percent full-time non-first-time receiving a bachelor's - 8 years,Original IPEDS202425.accdb SHA256 98e9175e54ba719cf7f0bfcc8e043fac4d11babd1b73ba1701ebbdc23e5470f5; exact physical schema and varTable24; effective source_manifest.json records final fall revisions.
2024,DRVOM2024,DRVOM,OM3PELLAWDP4,00084311,nces:DRVOM:00084311:OM3PELLAWDP4,OM3PELLAWDP4,same_source_variable_identity,nces:DRVOM:00084311:OM3PELLAWDP4,float,"Percent full-time non-first-time, Pell grant recipients receiving an award - 4 years","Percent full-time non-first-time, Pell grant recipients receiving an award - 4 years",Original IPEDS202425.accdb SHA256 98e9175e54ba719cf7f0bfcc8e043fac4d11babd1b73ba1701ebbdc23e5470f5; exact physical schema and varTable24; effective source_manifest.json records final fall revisions.
2024,DRVOM2024,DRVOM,OM3PELLAWDP6,00084312,nces:DRVOM:00084312:OM3PELLAWDP6,OM3PELLAWDP6,same_source_variable_identity,nces:DRVOM:00084312:OM3PELLAWDP6,float,"Percent full-time non-first-time, Pell grant recipients receiving an award - 6 years","Percent full-time non-first-time, Pell grant recipients receiving an award - 6 years",Original IPEDS202425.accdb SHA256 98e9175e54ba719cf7f0bfcc8e043fac4d11babd1b73ba1701ebbdc23e5470f5; exact physical schema and varTable24; effective source_manifest.json records final fall revisions.
2024,DRVOM2024,DRVOM,OM3PELLAWDP8,00084313,nces:DRVOM:00084313:OM3PELLAWDP8,OM3PELLAWDP8,same_source_variable_identity,nces:DRVOM:00084313:OM3PELLAWDP8,float,"Percent full-time non-first-time, Pell grant recipients receiving an award - 8 years","Percent full-time non-first-time, Pell grant recipients receiving an award - 8 years",Original IPEDS202425.accdb SHA256 98e9175e54ba719cf7f0bfcc8e043fac4d11babd1b73ba1701ebbdc23e5470f5; exact physical schema and varTable24; effective source_manifest.json records final fall revisions.
2024,DRVOM2024,DRVOM,OM3PELLENYP8,00084314,nces:DRVOM:00084314:OM3PELLENYP8,OM3PELLENYP8,same_source_variable_identity,nces:DRVOM:00084314:OM3PELLENYP8,float,"Percent full-time non-first-time, Pell grant recipients still enrolled at same institution - 8 years","Percent full-time non-first-time, Pell grant recipients still enrolled at same institution - 8 years",Original IPEDS202425.accdb SHA256 98e9175e54ba719cf7f0bfcc8e043fac4d11babd1b73ba1701ebbdc23e5470f5; exact physical schema and varTable24; effective source_manifest.json records final fall revisions.
2024,DRVOM2024,DRVOM,OM3PELLENAP8,00084315,nces:DRVOM:00084315:OM3PELLENAP8,OM3PELLENAP8,same_source_variable_identity,nces:DRVOM:00084315:OM3PELLENAP8,float,"Percent full-time non-first-time, Pell grant recipients subsequently enrolled at another institution - 8 years","Percent full-time non-first-time, Pell grant recipients subsequently enrolled at another institution - 8 years",Original IPEDS202425.accdb SHA256 98e9175e54ba719cf7f0bfcc8e043fac4d11babd1b73ba1701ebbdc23e5470f5; exact physical schema and varTable24; effective source_manifest.json records final fall revisions.
2024,DRVOM2024,DRVOM,OM3PELLENUP8,00084316,nces:DRVOM:00084316:OM3PELLENUP8,OM3PELLENUP8,same_source_variable_identity,nces:DRVOM:00084316:OM3PELLENUP8,float,"Percent full-time non-first-time, Pell grant recipients enrollment status unknown - 8 years","Percent full-time non-first-time, Pell grant recipients enrollment status unknown - 8 years",Original IPEDS202425.accdb SHA256 98e9175e54ba719cf7f0bfcc8e043fac4d11babd1b73ba1701ebbdc23e5470f5; exact physical schema and varTable24; effective source_manifest.json records final fall revisions.
2024,DRVOM2024,DRVOM,OM3PELLCRTP8,00084317,nces:DRVOM:00084317:OM3PELLCRTP8,OM3PELLCRTP8,same_source_variable_identity,nces:DRVOM:00084317:OM3PELLCRTP8,float,"Percent full-time non-first-time, Pell grant recipients receiving a certificate - 8 years","Percent full-time non-first-time, Pell grant recipients receiving a certificate - 8 years",Original IPEDS202425.accdb SHA256 98e9175e54ba719cf7f0bfcc8e043fac4d11babd1b73ba1701ebbdc23e5470f5; exact physical schema and varTable24; effective source_manifest.json records final fall revisions.
2024,DRVOM2024,DRVOM,OM3PELLASCP8,00084318,nces:DRVOM:00084318:OM3PELLASCP8,OM3PELLASCP8,same_source_variable_identity,nces:DRVOM:00084318:OM3PELLASCP8,float,"Percent full-time non-first-time, Pell grant recipients receiving an associate's - 8 years","Percent full-time non-first-time, Pell grant recipients receiving an associate's - 8 years",Original IPEDS202425.accdb SHA256 98e9175e54ba719cf7f0bfcc8e043fac4d11babd1b73ba1701ebbdc23e5470f5; exact physical schema and varTable24; effective source_manifest.json records final fall revisions.
2024,DRVOM2024,DRVOM,OM3PELLBACP8,00084319,nces:DRVOM:00084319:OM3PELLBACP8,OM3PELLBACP8,same_source_variable_identity,nces:DRVOM:00084319:OM3PELLBACP8,float,"Percent full-time non-first-time, Pell grant recipients receiving a bachelor's - 8 years","Percent full-time non-first-time, Pell grant recipients receiving a bachelor's - 8 years",Original IPEDS202425.accdb SHA256 98e9175e54ba719cf7f0bfcc8e043fac4d11babd1b73ba1701ebbdc23e5470f5; exact physical schema and varTable24; effective source_manifest.json records final fall revisions.
2024,DRVOM2024,DRVOM,OM3NPELAWDP4,00084321,nces:DRVOM:00084321:OM3NPELAWDP4,OM3NPELAWDP4,same_source_variable_identity,nces:DRVOM:00084321:OM3NPELAWDP4,float,"Percent full-time non-first-time, non-Pell recipients receiving an award - 4 years","Percent full-time non-first-time, non-Pell recipients receiving an award - 4 years",Original IPEDS202425.accdb SHA256 98e9175e54ba719cf7f0bfcc8e043fac4d11babd1b73ba1701ebbdc23e5470f5; exact physical schema and varTable24; effective source_manifest.json records final fall revisions.
2024,DRVOM2024,DRVOM,OM3NPELAWDP6,00084322,nces:DRVOM:00084322:OM3NPELAWDP6,OM3NPELAWDP6,same_source_variable_identity,nces:DRVOM:00084322:OM3NPELAWDP6,float,"Percent full-time non-first-time, non-Pell recipients receiving an award - 6 years","Percent full-time non-first-time, non-Pell recipients receiving an award - 6 years",Original IPEDS202425.accdb SHA256 98e9175e54ba719cf7f0bfcc8e043fac4d11babd1b73ba1701ebbdc23e5470f5; exact physical schema and varTable24; effective source_manifest.json records final fall revisions.
2024,DRVOM2024,DRVOM,OM3NPELAWDP8,00084323,nces:DRVOM:00084323:OM3NPELAWDP8,OM3NPELAWDP8,same_source_variable_identity,nces:DRVOM:00084323:OM3NPELAWDP8,float,"Percent full-time non-first-time, non-Pell recipients receiving an award - 8 years","Percent full-time non-first-time, non-Pell recipients receiving an award - 8 years",Original IPEDS202425.accdb SHA256 98e9175e54ba719cf7f0bfcc8e043fac4d11babd1b73ba1701ebbdc23e5470f5; exact physical schema and varTable24; effective source_manifest.json records final fall revisions.
2024,DRVOM2024,DRVOM,OM3NPELENYP8,00084324,nces:DRVOM:00084324:OM3NPELENYP8,OM3NPELENYP8,same_source_variable_identity,nces:DRVOM:00084324:OM3NPELENYP8,float,"Percent full-time non-first-time, non-Pell recipients still enrolled at same institution - 8 years","Percent full-time non-first-time, non-Pell recipients still enrolled at same institution - 8 years",Original IPEDS202425.accdb SHA256 98e9175e54ba719cf7f0bfcc8e043fac4d11babd1b73ba1701ebbdc23e5470f5; exact physical schema and varTable24; effective source_manifest.json records final fall revisions.
2024,DRVOM2024,DRVOM,OM3NPELENAP8,00084325,nces:DRVOM:00084325:OM3NPELENAP8,OM3NPELENAP8,same_source_variable_identity,nces:DRVOM:00084325:OM3NPELENAP8,float,"Percent full-time non-first-time, non-Pell recipients subsequently enrolled at another institution - 8 years","Percent full-time non-first-time, non-Pell recipients subsequently enrolled at another institution - 8 years",Original IPEDS202425.accdb SHA256 98e9175e54ba719cf7f0bfcc8e043fac4d11babd1b73ba1701ebbdc23e5470f5; exact physical schema and varTable24; effective source_manifest.json records final fall revisions.
2024,DRVOM2024,DRVOM,OM3NPELENUP8,00084326,nces:DRVOM:00084326:OM3NPELENUP8,OM3NPELENUP8,same_source_variable_identity,nces:DRVOM:00084326:OM3NPELENUP8,float,"Percent full-time non-first-time, non-Pell recipients enrollment status unknown - 8 years","Percent full-time non-first-time, non-Pell recipients enrollment status unknown - 8 years",Original IPEDS202425.accdb SHA256 98e9175e54ba719cf7f0bfcc8e043fac4d11babd1b73ba1701ebbdc23e5470f5; exact physical schema and varTable24; effective source_manifest.json records final fall revisions.
2024,DRVOM2024,DRVOM,OM3NPELCRTP8,00084327,nces:DRVOM:00084327:OM3NPELCRTP8,OM3NPELCRTP8,same_source_variable_identity,nces:DRVOM:00084327:OM3NPELCRTP8,float,"Percent full-time non-first-time, non-Pell recipients receiving a certificate - 8 years","Percent full-time non-first-time, non-Pell recipients receiving a certificate - 8 years",Original IPEDS202425.accdb SHA256 98e9175e54ba719cf7f0bfcc8e043fac4d11babd1b73ba1701ebbdc23e5470f5; exact physical schema and varTable24; effective source_manifest.json records final fall revisions.
2024,DRVOM2024,DRVOM,OM3NPELASCP8,00084328,nces:DRVOM:00084328:OM3NPELASCP8,OM3NPELASCP8,same_source_variable_identity,nces:DRVOM:00084328:OM3NPELASCP8,float,"Percent full-time non-first-time, non-Pell recipients receiving an associate's - 8 years","Percent full-time non-first-time, non-Pell recipients receiving an associate's - 8 years",Original IPEDS202425.accdb SHA256 98e9175e54ba719cf7f0bfcc8e043fac4d11babd1b73ba1701ebbdc23e5470f5; exact physical schema and varTable24; effective source_manifest.json records final fall revisions.
2024,DRVOM2024,DRVOM,OM3NPELBACP8,00084329,nces:DRVOM:00084329:OM3NPELBACP8,OM3NPELBACP8,same_source_variable_identity,nces:DRVOM:00084329:OM3NPELBACP8,float,"Percent full-time non-first-time, non-Pell recipients receiving a bachelor's - 8 years","Percent full-time non-first-time, non-Pell recipients receiving a bachelor's - 8 years",Original IPEDS202425.accdb SHA256 98e9175e54ba719cf7f0bfcc8e043fac4d11babd1b73ba1701ebbdc23e5470f5; exact physical schema and varTable24; effective source_manifest.json records final fall revisions.
2024,DRVOM2024,DRVOM,OM4TOTLAWDP4,00084401,nces:DRVOM:00084401:OM4TOTLAWDP4,OM4TOTLAWDP4,same_source_variable_identity,nces:DRVOM:00084401:OM4TOTLAWDP4,float,Percent part-time non-first-time receiving an award - 4 years,Percent part-time non-first-time receiving an award - 4 years,Original IPEDS202425.accdb SHA256 98e9175e54ba719cf7f0bfcc8e043fac4d11babd1b73ba1701ebbdc23e5470f5; exact physical schema and varTable24; effective source_manifest.json records final fall revisions.
2024,DRVOM2024,DRVOM,OM4TOTLAWDP6,00084402,nces:DRVOM:00084402:OM4TOTLAWDP6,OM4TOTLAWDP6,same_source_variable_identity,nces:DRVOM:00084402:OM4TOTLAWDP6,float,Percent part-time non-first-time receiving an award - 6 years,Percent part-time non-first-time receiving an award - 6 years,Original IPEDS202425.accdb SHA256 98e9175e54ba719cf7f0bfcc8e043fac4d11babd1b73ba1701ebbdc23e5470f5; exact physical schema and varTable24; effective source_manifest.json records final fall revisions.
2024,DRVOM2024,DRVOM,OM4TOTLAWDP8,00084403,nces:DRVOM:00084403:OM4TOTLAWDP8,OM4TOTLAWDP8,same_source_variable_identity,nces:DRVOM:00084403:OM4TOTLAWDP8,float,Percent part-time non-first-time receiving an award - 8 years,Percent part-time non-first-time receiving an award - 8 years,Original IPEDS202425.accdb SHA256 98e9175e54ba719cf7f0bfcc8e043fac4d11babd1b73ba1701ebbdc23e5470f5; exact physical schema and varTable24; effective source_manifest.json records final fall revisions.
2024,DRVOM2024,DRVOM,OM4TOTLENYP8,00084404,nces:DRVOM:00084404:OM4TOTLENYP8,OM4TOTLENYP8,same_source_variable_identity,nces:DRVOM:00084404:OM4TOTLENYP8,float,Percent part-time non-first-time still enrolled at same institution - 8 years,Percent part-time non-first-time still enrolled at same institution - 8 years,Original IPEDS202425.accdb SHA256 98e9175e54ba719cf7f0bfcc8e043fac4d11babd1b73ba1701ebbdc23e5470f5; exact physical schema and varTable24; effective source_manifest.json records final fall revisions.
2024,DRVOM2024,DRVOM,OM4TOTLENAP8,00084405,nces:DRVOM:00084405:OM4TOTLENAP8,OM4TOTLENAP8,same_source_variable_identity,nces:DRVOM:00084405:OM4TOTLENAP8,float,Percent part-time non-first-time subsequently enrolled at another institution - 8 years,Percent part-time non-first-time subsequently enrolled at another institution - 8 years,Original IPEDS202425.accdb SHA256 98e9175e54ba719cf7f0bfcc8e043fac4d11babd1b73ba1701ebbdc23e5470f5; exact physical schema and varTable24; effective source_manifest.json records final fall revisions.
2024,DRVOM2024,DRVOM,OM4TOTLENUP8,00084406,nces:DRVOM:00084406:OM4TOTLENUP8,OM4TOTLENUP8,same_source_variable_identity,nces:DRVOM:00084406:OM4TOTLENUP8,float,Percent part-time non-first-time enrollment status unknown - 8 years,Percent part-time non-first-time enrollment status unknown - 8 years,Original IPEDS202425.accdb SHA256 98e9175e54ba719cf7f0bfcc8e043fac4d11babd1b73ba1701ebbdc23e5470f5; exact physical schema and varTable24; effective source_manifest.json records final fall revisions.
2024,DRVOM2024,DRVOM,OM4TOTLCRTP8,00084407,nces:DRVOM:00084407:OM4TOTLCRTP8,OM4TOTLCRTP8,same_source_variable_identity,nces:DRVOM:00084407:OM4TOTLCRTP8,float,Percent part-time non-first-time receiving a certificate - 8 years,Percent part-time non-first-time receiving a certificate - 8 years,Original IPEDS202425.accdb SHA256 98e9175e54ba719cf7f0bfcc8e043fac4d11babd1b73ba1701ebbdc23e5470f5; exact physical schema and varTable24; effective source_manifest.json records final fall revisions.
2024,DRVOM2024,DRVOM,OM4TOTLASCP8,00084408,nces:DRVOM:00084408:OM4TOTLASCP8,OM4TOTLASCP8,same_source_variable_identity,nces:DRVOM:00084408:OM4TOTLASCP8,float,Percent part-time non-first-time receiving an associate's - 8 years,Percent part-time non-first-time receiving an associate's - 8 years,Original IPEDS202425.accdb SHA256 98e9175e54ba719cf7f0bfcc8e043fac4d11babd1b73ba1701ebbdc23e5470f5; exact physical schema and varTable24; effective source_manifest.json records final fall revisions.
2024,DRVOM2024,DRVOM,OM4TOTLBACP8,00084409,nces:DRVOM:00084409:OM4TOTLBACP8,OM4TOTLBACP8,same_source_variable_identity,nces:DRVOM:00084409:OM4TOTLBACP8,float,Percent part-time non-first-time receiving a bachelor's - 8 years,Percent part-time non-first-time receiving a bachelor's - 8 years,Original IPEDS202425.accdb SHA256 98e9175e54ba719cf7f0bfcc8e043fac4d11babd1b73ba1701ebbdc23e5470f5; exact physical schema and varTable24; effective source_manifest.json records final fall revisions.
2024,DRVOM2024,DRVOM,OM4PELLAWDP4,00084411,nces:DRVOM:00084411:OM4PELLAWDP4,OM4PELLAWDP4,same_source_variable_identity,nces:DRVOM:00084411:OM4PELLAWDP4,float,"Percent part-time non-first-time, Pell grant recipients receiving an award - 4 years","Percent part-time non-first-time, Pell grant recipients receiving an award - 4 years",Original IPEDS202425.accdb SHA256 98e9175e54ba719cf7f0bfcc8e043fac4d11babd1b73ba1701ebbdc23e5470f5; exact physical schema and varTable24; effective source_manifest.json records final fall revisions.
2024,DRVOM2024,DRVOM,OM4PELLAWDP6,00084412,nces:DRVOM:00084412:OM4PELLAWDP6,OM4PELLAWDP6,same_source_variable_identity,nces:DRVOM:00084412:OM4PELLAWDP6,float,"Percent part-time non-first-time, Pell grant recipients receiving an award - 6 years","Percent part-time non-first-time, Pell grant recipients receiving an award - 6 years",Original IPEDS202425.accdb SHA256 98e9175e54ba719cf7f0bfcc8e043fac4d11babd1b73ba1701ebbdc23e5470f5; exact physical schema and varTable24; effective source_manifest.json records final fall revisions.
2024,DRVOM2024,DRVOM,OM4PELLAWDP8,00084413,nces:DRVOM:00084413:OM4PELLAWDP8,OM4PELLAWDP8,same_source_variable_identity,nces:DRVOM:00084413:OM4PELLAWDP8,float,"Percent part-time non-first-time, Pell grant recipients receiving an award - 8 years","Percent part-time non-first-time, Pell grant recipients receiving an award - 8 years",Original IPEDS202425.accdb SHA256 98e9175e54ba719cf7f0bfcc8e043fac4d11babd1b73ba1701ebbdc23e5470f5; exact physical schema and varTable24; effective source_manifest.json records final fall revisions.
2024,DRVOM2024,DRVOM,OM4PELLENYP8,00084414,nces:DRVOM:00084414:OM4PELLENYP8,OM4PELLENYP8,same_source_variable_identity,nces:DRVOM:00084414:OM4PELLENYP8,float,"Percent part-time non-first-time, Pell grant recipients still enrolled at same institution - 8 years","Percent part-time non-first-time, Pell grant recipients still enrolled at same institution - 8 years",Original IPEDS202425.accdb SHA256 98e9175e54ba719cf7f0bfcc8e043fac4d11babd1b73ba1701ebbdc23e5470f5; exact physical schema and varTable24; effective source_manifest.json records final fall revisions.
2024,DRVOM2024,DRVOM,OM4PELLENAP8,00084415,nces:DRVOM:00084415:OM4PELLENAP8,OM4PELLENAP8,same_source_variable_identity,nces:DRVOM:00084415:OM4PELLENAP8,float,"Percent part-time non-first-time, Pell grant recipients subsequently enrolled at another institution - 8 years","Percent part-time non-first-time, Pell grant recipients subsequently enrolled at another institution - 8 years",Original IPEDS202425.accdb SHA256 98e9175e54ba719cf7f0bfcc8e043fac4d11babd1b73ba1701ebbdc23e5470f5; exact physical schema and varTable24; effective source_manifest.json records final fall revisions.
2024,DRVOM2024,DRVOM,OM4PELLENUP8,00084416,nces:DRVOM:00084416:OM4PELLENUP8,OM4PELLENUP8,same_source_variable_identity,nces:DRVOM:00084416:OM4PELLENUP8,float,"Percent part-time non-first-time, Pell grant recipients enrollment status unknown - 8 years","Percent part-time non-first-time, Pell grant recipients enrollment status unknown - 8 years",Original IPEDS202425.accdb SHA256 98e9175e54ba719cf7f0bfcc8e043fac4d11babd1b73ba1701ebbdc23e5470f5; exact physical schema and varTable24; effective source_manifest.json records final fall revisions.
2024,DRVOM2024,DRVOM,OM4PELLCRTP8,00084417,nces:DRVOM:00084417:OM4PELLCRTP8,OM4PELLCRTP8,same_source_variable_identity,nces:DRVOM:00084417:OM4PELLCRTP8,float,"Percent part-time non-first-time, Pell grant recipients receiving a certificate - 8 years","Percent part-time non-first-time, Pell grant recipients receiving a certificate - 8 years",Original IPEDS202425.accdb SHA256 98e9175e54ba719cf7f0bfcc8e043fac4d11babd1b73ba1701ebbdc23e5470f5; exact physical schema and varTable24; effective source_manifest.json records final fall revisions.
2024,DRVOM2024,DRVOM,OM4PELLASCP8,00084418,nces:DRVOM:00084418:OM4PELLASCP8,OM4PELLASCP8,same_source_variable_identity,nces:DRVOM:00084418:OM4PELLASCP8,float,"Percent part-time non-first-time, Pell grant recipients receiving an associate's - 8 years","Percent part-time non-first-time, Pell grant recipients receiving an associate's - 8 years",Original IPEDS202425.accdb SHA256 98e9175e54ba719cf7f0bfcc8e043fac4d11babd1b73ba1701ebbdc23e5470f5; exact physical schema and varTable24; effective source_manifest.json records final fall revisions.
2024,DRVOM2024,DRVOM,OM4PELLBACP8,00084419,nces:DRVOM:00084419:OM4PELLBACP8,OM4PELLBACP8,same_source_variable_identity,nces:DRVOM:00084419:OM4PELLBACP8,float,"Percent part-time non-first-time, Pell grant recipients receiving a bachelor's - 8 years","Percent part-time non-first-time, Pell grant recipients receiving a bachelor's - 8 years",Original IPEDS202425.accdb SHA256 98e9175e54ba719cf7f0bfcc8e043fac4d11babd1b73ba1701ebbdc23e5470f5; exact physical schema and varTable24; effective source_manifest.json records final fall revisions.
2024,DRVOM2024,DRVOM,OM4NPELAWDP4,00084421,nces:DRVOM:00084421:OM4NPELAWDP4,OM4NPELAWDP4,same_source_variable_identity,nces:DRVOM:00084421:OM4NPELAWDP4,float,"Percent part-time non-first-time, non-Pell recipients receiving an award - 4 years","Percent part-time non-first-time, non-Pell recipients receiving an award - 4 years",Original IPEDS202425.accdb SHA256 98e9175e54ba719cf7f0bfcc8e043fac4d11babd1b73ba1701ebbdc23e5470f5; exact physical schema and varTable24; effective source_manifest.json records final fall revisions.
2024,DRVOM2024,DRVOM,OM4NPELAWDP6,00084422,nces:DRVOM:00084422:OM4NPELAWDP6,OM4NPELAWDP6,same_source_variable_identity,nces:DRVOM:00084422:OM4NPELAWDP6,float,"Percent part-time non-first-time, non-Pell recipients receiving an award - 6 years","Percent part-time non-first-time, non-Pell recipients receiving an award - 6 years",Original IPEDS202425.accdb SHA256 98e9175e54ba719cf7f0bfcc8e043fac4d11babd1b73ba1701ebbdc23e5470f5; exact physical schema and varTable24; effective source_manifest.json records final fall revisions.
2024,DRVOM2024,DRVOM,OM4NPELAWDP8,00084423,nces:DRVOM:00084423:OM4NPELAWDP8,OM4NPELAWDP8,same_source_variable_identity,nces:DRVOM:00084423:OM4NPELAWDP8,float,"Percent part-time non-first-time, non-Pell recipients receiving an award - 8 years","Percent part-time non-first-time, non-Pell recipients receiving an award - 8 years",Original IPEDS202425.accdb SHA256 98e9175e54ba719cf7f0bfcc8e043fac4d11babd1b73ba1701ebbdc23e5470f5; exact physical schema and varTable24; effective source_manifest.json records final fall revisions.
2024,DRVOM2024,DRVOM,OM4NPELENYP8,00084424,nces:DRVOM:00084424:OM4NPELENYP8,OM4NPELENYP8,same_source_variable_identity,nces:DRVOM:00084424:OM4NPELENYP8,float,"Percent part-time non-first-time, non-Pell recipients still enrolled at same institution - 8 years","Percent part-time non-first-time, non-Pell recipients still enrolled at same institution - 8 years",Original IPEDS202425.accdb SHA256 98e9175e54ba719cf7f0bfcc8e043fac4d11babd1b73ba1701ebbdc23e5470f5; exact physical schema and varTable24; effective source_manifest.json records final fall revisions.
2024,DRVOM2024,DRVOM,OM4NPELENAP8,00084425,nces:DRVOM:00084425:OM4NPELENAP8,OM4NPELENAP8,same_source_variable_identity,nces:DRVOM:00084425:OM4NPELENAP8,float,"Percent part-time non-first-time, non-Pell recipients subsequently enrolled at another institution - 8 years","Percent part-time non-first-time, non-Pell recipients subsequently enrolled at another institution - 8 years",Original IPEDS202425.accdb SHA256 98e9175e54ba719cf7f0bfcc8e043fac4d11babd1b73ba1701ebbdc23e5470f5; exact physical schema and varTable24; effective source_manifest.json records final fall revisions.
2024,DRVOM2024,DRVOM,OM4NPELENUP8,00084426,nces:DRVOM:00084426:OM4NPELENUP8,OM4NPELENUP8,same_source_variable_identity,nces:DRVOM:00084426:OM4NPELENUP8,float,"Percent part-time non-first-time, non-Pell recipients enrollment status unknown - 8 years","Percent part-time non-first-time, non-Pell recipients enrollment status unknown - 8 years",Original IPEDS202425.accdb SHA256 98e9175e54ba719cf7f0bfcc8e043fac4d11babd1b73ba1701ebbdc23e5470f5; exact physical schema and varTable24; effective source_manifest.json records final fall revisions.
2024,DRVOM2024,DRVOM,OM4NPELCRTP8,00084427,nces:DRVOM:00084427:OM4NPELCRTP8,OM4NPELCRTP8,same_source_variable_identity,nces:DRVOM:00084427:OM4NPELCRTP8,float,"Percent part-time non-first-time, non-Pell recipients receiving a certificate - 8 years","Percent part-time non-first-time, non-Pell recipients receiving a certificate - 8 years",Original IPEDS202425.accdb SHA256 98e9175e54ba719cf7f0bfcc8e043fac4d11babd1b73ba1701ebbdc23e5470f5; exact physical schema and varTable24; effective source_manifest.json records final fall revisions.
2024,DRVOM2024,DRVOM,OM4NPELASCP8,00084428,nces:DRVOM:00084428:OM4NPELASCP8,OM4NPELASCP8,same_source_variable_identity,nces:DRVOM:00084428:OM4NPELASCP8,float,"Percent part-time non-first-time, non-Pell recipients receiving an associate's - 8 years","Percent part-time non-first-time, non-Pell recipients receiving an associate's - 8 years",Original IPEDS202425.accdb SHA256 98e9175e54ba719cf7f0bfcc8e043fac4d11babd1b73ba1701ebbdc23e5470f5; exact physical schema and varTable24; effective source_manifest.json records final fall revisions.
2024,DRVOM2024,DRVOM,OM4NPELBACP8,00084429,nces:DRVOM:00084429:OM4NPELBACP8,OM4NPELBACP8,same_source_variable_identity,nces:DRVOM:00084429:OM4NPELBACP8,float,"Percent part-time non-first-time, non-Pell recipients receiving a bachelor's - 8 years","Percent part-time non-first-time, non-Pell recipients receiving a bachelor's - 8 years",Original IPEDS202425.accdb SHA256 98e9175e54ba719cf7f0bfcc8e043fac4d11babd1b73ba1701ebbdc23e5470f5; exact physical schema and varTable24; effective source_manifest.json records final fall revisions.
2024,EF2024D,EFD,GRCOHRT,00021001,nces:EFD:00021001:GRCOHRT,GRCOHRT,same_source_variable_identity,nces:EFD:00021001:GRCOHRT,float,Full-time first-time degree/certificate-seeking undergraduate (current year GRS cohort),Full-time first-time degree/certificate-seeking undergraduate (current year GRS cohort),Original IPEDS202425.accdb SHA256 98e9175e54ba719cf7f0bfcc8e043fac4d11babd1b73ba1701ebbdc23e5470f5; exact physical schema and varTable24; effective source_manifest.json records final fall revisions.
2024,EF2024D,EFD,UGENTERN,00021006,nces:EFD:00021006:UGENTERN,UGENTERN,same_source_variable_identity,nces:EFD:00021006:UGENTERN,float,"Total entering students at the undergraduate level, fall 2024","Total entering students at the undergraduate level, fall 2023",Original IPEDS202425.accdb SHA256 98e9175e54ba719cf7f0bfcc8e043fac4d11babd1b73ba1701ebbdc23e5470f5; exact physical schema and varTable24; effective source_manifest.json records final fall revisions.
2024,EF2024D,EFD,PGRCOHRT,00021011,nces:EFD:00021011:PGRCOHRT,PGRCOHRT,same_source_variable_identity,nces:EFD:00021011:PGRCOHRT,float,Current year GRS cohort as a percent of entering class,Current year GRS cohort as a percent of entering class,Original IPEDS202425.accdb SHA256 98e9175e54ba719cf7f0bfcc8e043fac4d11babd1b73ba1701ebbdc23e5470f5; exact physical schema and varTable24; effective source_manifest.json records final fall revisions.
2024,EF2024D,EFD,RRFTCT,00021026,nces:EFD:00021026:RRFTCT,RRFTCT,same_source_variable_identity,nces:EFD:00021026:RRFTCT,float,Full-time fall 2023 cohort,Full-time fall 2022 cohort,Original IPEDS202425.accdb SHA256 98e9175e54ba719cf7f0bfcc8e043fac4d11babd1b73ba1701ebbdc23e5470f5; exact physical schema and varTable24; effective source_manifest.json records final fall revisions.
2024,EF2024D,EFD,RRFTEX,00021031,nces:EFD:00021031:RRFTEX,RRFTEX,same_source_variable_identity,nces:EFD:00021031:RRFTEX,float,Exclusions from full-time fall 2023 cohort,Exclusions from full-time fall 2022 cohort,Original IPEDS202425.accdb SHA256 98e9175e54ba719cf7f0bfcc8e043fac4d11babd1b73ba1701ebbdc23e5470f5; exact physical schema and varTable24; effective source_manifest.json records final fall revisions.
2024,EF2024D,EFD,RRFTIN,00021033,nces:EFD:00021033:RRFTIN,RRFTIN,same_source_variable_identity,nces:EFD:00021033:RRFTIN,float,Inclusions to the full-time fall 2023 cohort,Inclusions to the full-time fall 2022 cohort,Original IPEDS202425.accdb SHA256 98e9175e54ba719cf7f0bfcc8e043fac4d11babd1b73ba1701ebbdc23e5470f5; exact physical schema and varTable24; effective source_manifest.json records final fall revisions.
2024,EF2024D,EFD,RRFTCTA,00021036,nces:EFD:00021036:RRFTCTA,RRFTCTA,same_source_variable_identity,nces:EFD:00021036:RRFTCTA,float,Full-time adjusted fall 2023 cohort,Full-time adjusted fall 2022 cohort,Original IPEDS202425.accdb SHA256 98e9175e54ba719cf7f0bfcc8e043fac4d11babd1b73ba1701ebbdc23e5470f5; exact physical schema and varTable24; effective source_manifest.json records final fall revisions.
2024,EF2024D,EFD,RET_NMF,00021041,nces:EFD:00021041:RET_NMF,RET_NMF,same_source_variable_identity,nces:EFD:00021041:RET_NMF,float,Students from the full-time adjusted fall 2023 cohort enrolled in fall 2024,Students from the full-time adjusted fall 2022 cohort enrolled in fall 2023,Original IPEDS202425.accdb SHA256 98e9175e54ba719cf7f0bfcc8e043fac4d11babd1b73ba1701ebbdc23e5470f5; exact physical schema and varTable24; effective source_manifest.json records final fall revisions.
2024,EF2024D,EFD,RET_PCF,00021016,nces:EFD:00021016:RET_PCF,RET_PCF,same_source_variable_identity,nces:EFD:00021016:RET_PCF,float,"Full-time retention rate, 2024","Full-time retention rate, 2023",Original IPEDS202425.accdb SHA256 98e9175e54ba719cf7f0bfcc8e043fac4d11babd1b73ba1701ebbdc23e5470f5; exact physical schema and varTable24; effective source_manifest.json records final fall revisions.
2024,EF2024D,EFD,RRPTCT,00021046,nces:EFD:00021046:RRPTCT,RRPTCT,same_source_variable_identity,nces:EFD:00021046:RRPTCT,float,Part-time fall 2023 cohort,Part-time fall 2022 cohort,Original IPEDS202425.accdb SHA256 98e9175e54ba719cf7f0bfcc8e043fac4d11babd1b73ba1701ebbdc23e5470f5; exact physical schema and varTable24; effective source_manifest.json records final fall revisions.
2024,EF2024D,EFD,RRPTEX,00021051,nces:EFD:00021051:RRPTEX,RRPTEX,same_source_variable_identity,nces:EFD:00021051:RRPTEX,float,Exclusions from part-time fall 2023 cohort,Exclusions from part-time fall 2022 cohort,Original IPEDS202425.accdb SHA256 98e9175e54ba719cf7f0bfcc8e043fac4d11babd1b73ba1701ebbdc23e5470f5; exact physical schema and varTable24; effective source_manifest.json records final fall revisions.
2024,EF2024D,EFD,RRPTIN,00021053,nces:EFD:00021053:RRPTIN,RRPTIN,same_source_variable_identity,nces:EFD:00021053:RRPTIN,float,Inclusions to the part-time fall 2023 cohort,Inclusions to the part-time fall 2022 cohort,Original IPEDS202425.accdb SHA256 98e9175e54ba719cf7f0bfcc8e043fac4d11babd1b73ba1701ebbdc23e5470f5; exact physical schema and varTable24; effective source_manifest.json records final fall revisions.
2024,EF2024D,EFD,RRPTCTA,00021056,nces:EFD:00021056:RRPTCTA,RRPTCTA,same_source_variable_identity,nces:EFD:00021056:RRPTCTA,float,Part-time adjusted fall 2023 cohort,Part-time adjusted fall 2022 cohort,Original IPEDS202425.accdb SHA256 98e9175e54ba719cf7f0bfcc8e043fac4d11babd1b73ba1701ebbdc23e5470f5; exact physical schema and varTable24; effective source_manifest.json records final fall revisions.
2024,EF2024D,EFD,RET_NMP,00021061,nces:EFD:00021061:RET_NMP,RET_NMP,same_source_variable_identity,nces:EFD:00021061:RET_NMP,float,Students from the part-time adjusted fall 2023 cohort enrolled in fall 2024,Students from the part-time adjusted fall 2022 cohort enrolled in fall 2023,Original IPEDS202425.accdb SHA256 98e9175e54ba719cf7f0bfcc8e043fac4d11babd1b73ba1701ebbdc23e5470f5; exact physical schema and varTable24; effective source_manifest.json records final fall revisions.
2024,EF2024D,EFD,RET_PCP,00021021,nces:EFD:00021021:RET_PCP,RET_PCP,same_source_variable_identity,nces:EFD:00021021:RET_PCP,float,"Part-time retention rate, 2024","Part-time retention rate, 2023",Original IPEDS202425.accdb SHA256 98e9175e54ba719cf7f0bfcc8e043fac4d11babd1b73ba1701ebbdc23e5470f5; exact physical schema and varTable24; effective source_manifest.json records final fall revisions.
2024,EF2024D,EFD,STUFACR,00024301,nces:EFD:00024301:STUFACR,STUFACR,same_source_variable_identity,nces:EFD:00024301:STUFACR,float,Student-to-faculty ratio,Student-to-faculty ratio,Original IPEDS202425.accdb SHA256 98e9175e54ba719cf7f0bfcc8e043fac4d11babd1b73ba1701ebbdc23e5470f5; exact physical schema and varTable24; effective source_manifest.json records final fall revisions.
2024,EFFY2024_HS,EFFY_HS,EFYTOTLT,00026321,nces:EFFY_HS:00026321:EFYTOTLT,EFYTOTLT,same_source_variable_identity,nces:EFFY_HS:00026321:EFYTOTLT,float,Grand total,Grand total,Original IPEDS202425.accdb SHA256 98e9175e54ba719cf7f0bfcc8e043fac4d11babd1b73ba1701ebbdc23e5470f5; exact physical schema and varTable24; effective source_manifest.json records final fall revisions.
2024,EFFY2024_HS,EFFY_HS,EFYTOTLM,00026322,nces:EFFY_HS:00026322:EFYTOTLM,EFYTOTLM,same_source_variable_identity,nces:EFFY_HS:00026322:EFYTOTLM,float,Grand total men,Grand total men,Original IPEDS202425.accdb SHA256 98e9175e54ba719cf7f0bfcc8e043fac4d11babd1b73ba1701ebbdc23e5470f5; exact physical schema and varTable24; effective source_manifest.json records final fall revisions.
2024,EFFY2024_HS,EFFY_HS,EFYTOTLW,00026323,nces:EFFY_HS:00026323:EFYTOTLW,EFYTOTLW,same_source_variable_identity,nces:EFFY_HS:00026323:EFYTOTLW,float,Grand total women,Grand total women,Original IPEDS202425.accdb SHA256 98e9175e54ba719cf7f0bfcc8e043fac4d11babd1b73ba1701ebbdc23e5470f5; exact physical schema and varTable24; effective source_manifest.json records final fall revisions.
2024,EFFY2024_HS,EFFY_HS,EFYAIANT,00026326,nces:EFFY_HS:00026326:EFYAIANT,EFYAIANT,same_source_variable_identity,nces:EFFY_HS:00026326:EFYAIANT,float,American Indian or Alaska Native total,American Indian or Alaska Native total,Original IPEDS202425.accdb SHA256 98e9175e54ba719cf7f0bfcc8e043fac4d11babd1b73ba1701ebbdc23e5470f5; exact physical schema and varTable24; effective source_manifest.json records final fall revisions.
2024,EFFY2024_HS,EFFY_HS,EFYAIANM,00026327,nces:EFFY_HS:00026327:EFYAIANM,EFYAIANM,same_source_variable_identity,nces:EFFY_HS:00026327:EFYAIANM,float,American Indian or Alaska Native men ,American Indian or Alaska Native men,Original IPEDS202425.accdb SHA256 98e9175e54ba719cf7f0bfcc8e043fac4d11babd1b73ba1701ebbdc23e5470f5; exact physical schema and varTable24; effective source_manifest.json records final fall revisions.
2024,EFFY2024_HS,EFFY_HS,EFYAIANW,00026328,nces:EFFY_HS:00026328:EFYAIANW,EFYAIANW,same_source_variable_identity,nces:EFFY_HS:00026328:EFYAIANW,float,American Indian or Alaska Native women,American Indian or Alaska Native women,Original IPEDS202425.accdb SHA256 98e9175e54ba719cf7f0bfcc8e043fac4d11babd1b73ba1701ebbdc23e5470f5; exact physical schema and varTable24; effective source_manifest.json records final fall revisions.
2024,EFFY2024_HS,EFFY_HS,EFYASIAT,00026331,nces:EFFY_HS:00026331:EFYASIAT,EFYASIAT,same_source_variable_identity,nces:EFFY_HS:00026331:EFYASIAT,float,Asian total ,Asian total,Original IPEDS202425.accdb SHA256 98e9175e54ba719cf7f0bfcc8e043fac4d11babd1b73ba1701ebbdc23e5470f5; exact physical schema and varTable24; effective source_manifest.json records final fall revisions.
2024,EFFY2024_HS,EFFY_HS,EFYASIAM,00026332,nces:EFFY_HS:00026332:EFYASIAM,EFYASIAM,same_source_variable_identity,nces:EFFY_HS:00026332:EFYASIAM,float,Asian men,Asian men,Original IPEDS202425.accdb SHA256 98e9175e54ba719cf7f0bfcc8e043fac4d11babd1b73ba1701ebbdc23e5470f5; exact physical schema and varTable24; effective source_manifest.json records final fall revisions.
2024,EFFY2024_HS,EFFY_HS,EFYASIAW,00026333,nces:EFFY_HS:00026333:EFYASIAW,EFYASIAW,same_source_variable_identity,nces:EFFY_HS:00026333:EFYASIAW,float,Asian women,Asian women,Original IPEDS202425.accdb SHA256 98e9175e54ba719cf7f0bfcc8e043fac4d11babd1b73ba1701ebbdc23e5470f5; exact physical schema and varTable24; effective source_manifest.json records final fall revisions.
2024,EFFY2024_HS,EFFY_HS,EFYBKAAT,00026336,nces:EFFY_HS:00026336:EFYBKAAT,EFYBKAAT,same_source_variable_identity,nces:EFFY_HS:00026336:EFYBKAAT,float,Black or African American total,Black or African American total,Original IPEDS202425.accdb SHA256 98e9175e54ba719cf7f0bfcc8e043fac4d11babd1b73ba1701ebbdc23e5470f5; exact physical schema and varTable24; effective source_manifest.json records final fall revisions.
2024,EFFY2024_HS,EFFY_HS,EFYBKAAM,00026337,nces:EFFY_HS:00026337:EFYBKAAM,EFYBKAAM,same_source_variable_identity,nces:EFFY_HS:00026337:EFYBKAAM,float,Black or African American men ,Black or African American men,Original IPEDS202425.accdb SHA256 98e9175e54ba719cf7f0bfcc8e043fac4d11babd1b73ba1701ebbdc23e5470f5; exact physical schema and varTable24; effective source_manifest.json records final fall revisions.
2024,EFFY2024_HS,EFFY_HS,EFYBKAAW,00026338,nces:EFFY_HS:00026338:EFYBKAAW,EFYBKAAW,same_source_variable_identity,nces:EFFY_HS:00026338:EFYBKAAW,float,Black or African American women,Black or African American women,Original IPEDS202425.accdb SHA256 98e9175e54ba719cf7f0bfcc8e043fac4d11babd1b73ba1701ebbdc23e5470f5; exact physical schema and varTable24; effective source_manifest.json records final fall revisions.
2024,EFFY2024_HS,EFFY_HS,EFYHISPT,00026341,nces:EFFY_HS:00026341:EFYHISPT,EFYHISPT,same_source_variable_identity,nces:EFFY_HS:00026341:EFYHISPT,float,Hispanic or Latino total,Hispanic or Latino total,Original IPEDS202425.accdb SHA256 98e9175e54ba719cf7f0bfcc8e043fac4d11babd1b73ba1701ebbdc23e5470f5; exact physical schema and varTable24; effective source_manifest.json records final fall revisions.
2024,EFFY2024_HS,EFFY_HS,EFYHISPM,00026342,nces:EFFY_HS:00026342:EFYHISPM,EFYHISPM,same_source_variable_identity,nces:EFFY_HS:00026342:EFYHISPM,float,Hispanic or Latino men ,Hispanic or Latino men,Original IPEDS202425.accdb SHA256 98e9175e54ba719cf7f0bfcc8e043fac4d11babd1b73ba1701ebbdc23e5470f5; exact physical schema and varTable24; effective source_manifest.json records final fall revisions.
2024,EFFY2024_HS,EFFY_HS,EFYHISPW,00026343,nces:EFFY_HS:00026343:EFYHISPW,EFYHISPW,same_source_variable_identity,nces:EFFY_HS:00026343:EFYHISPW,float,Hispanic or Latino women ,Hispanic or Latino women,Original IPEDS202425.accdb SHA256 98e9175e54ba719cf7f0bfcc8e043fac4d11babd1b73ba1701ebbdc23e5470f5; exact physical schema and varTable24; effective source_manifest.json records final fall revisions.
2024,EFFY2024_HS,EFFY_HS,EFYNHPIT,00026346,nces:EFFY_HS:00026346:EFYNHPIT,EFYNHPIT,same_source_variable_identity,nces:EFFY_HS:00026346:EFYNHPIT,float,Native Hawaiian or Other Pacific Islander total ,Native Hawaiian or Other Pacific Islander total,Original IPEDS202425.accdb SHA256 98e9175e54ba719cf7f0bfcc8e043fac4d11babd1b73ba1701ebbdc23e5470f5; exact physical schema and varTable24; effective source_manifest.json records final fall revisions.
2024,EFFY2024_HS,EFFY_HS,EFYNHPIM,00026347,nces:EFFY_HS:00026347:EFYNHPIM,EFYNHPIM,same_source_variable_identity,nces:EFFY_HS:00026347:EFYNHPIM,float,Native Hawaiian or Other Pacific Islander men,Native Hawaiian or Other Pacific Islander men,Original IPEDS202425.accdb SHA256 98e9175e54ba719cf7f0bfcc8e043fac4d11babd1b73ba1701ebbdc23e5470f5; exact physical schema and varTable24; effective source_manifest.json records final fall revisions.
2024,EFFY2024_HS,EFFY_HS,EFYNHPIW,00026348,nces:EFFY_HS:00026348:EFYNHPIW,EFYNHPIW,same_source_variable_identity,nces:EFFY_HS:00026348:EFYNHPIW,float,Native Hawaiian or Other Pacific Islander women,Native Hawaiian or Other Pacific Islander women,Original IPEDS202425.accdb SHA256 98e9175e54ba719cf7f0bfcc8e043fac4d11babd1b73ba1701ebbdc23e5470f5; exact physical schema and varTable24; effective source_manifest.json records final fall revisions.
2024,EFFY2024_HS,EFFY_HS,EFYWHITT,00026351,nces:EFFY_HS:00026351:EFYWHITT,EFYWHITT,same_source_variable_identity,nces:EFFY_HS:00026351:EFYWHITT,float,White total ,White total,Original IPEDS202425.accdb SHA256 98e9175e54ba719cf7f0bfcc8e043fac4d11babd1b73ba1701ebbdc23e5470f5; exact physical schema and varTable24; effective source_manifest.json records final fall revisions.
2024,EFFY2024_HS,EFFY_HS,EFYWHITM,00026352,nces:EFFY_HS:00026352:EFYWHITM,EFYWHITM,same_source_variable_identity,nces:EFFY_HS:00026352:EFYWHITM,float,White men,White men,Original IPEDS202425.accdb SHA256 98e9175e54ba719cf7f0bfcc8e043fac4d11babd1b73ba1701ebbdc23e5470f5; exact physical schema and varTable24; effective source_manifest.json records final fall revisions.
2024,EFFY2024_HS,EFFY_HS,EFYWHITW,00026353,nces:EFFY_HS:00026353:EFYWHITW,EFYWHITW,same_source_variable_identity,nces:EFFY_HS:00026353:EFYWHITW,float,White women ,White women,Original IPEDS202425.accdb SHA256 98e9175e54ba719cf7f0bfcc8e043fac4d11babd1b73ba1701ebbdc23e5470f5; exact physical schema and varTable24; effective source_manifest.json records final fall revisions.
2024,EFFY2024_HS,EFFY_HS,EFY2MORT,00026356,nces:EFFY_HS:00026356:EFY2MORT,EFY2MORT,same_source_variable_identity,nces:EFFY_HS:00026356:EFY2MORT,float,Two or more races total ,Two or more races total,Original IPEDS202425.accdb SHA256 98e9175e54ba719cf7f0bfcc8e043fac4d11babd1b73ba1701ebbdc23e5470f5; exact physical schema and varTable24; effective source_manifest.json records final fall revisions.
2024,EFFY2024_HS,EFFY_HS,EFY2MORM,00026357,nces:EFFY_HS:00026357:EFY2MORM,EFY2MORM,same_source_variable_identity,nces:EFFY_HS:00026357:EFY2MORM,float,Two or more races men,Two or more races men,Original IPEDS202425.accdb SHA256 98e9175e54ba719cf7f0bfcc8e043fac4d11babd1b73ba1701ebbdc23e5470f5; exact physical schema and varTable24; effective source_manifest.json records final fall revisions.
2024,EFFY2024_HS,EFFY_HS,EFY2MORW,00026358,nces:EFFY_HS:00026358:EFY2MORW,EFY2MORW,same_source_variable_identity,nces:EFFY_HS:00026358:EFY2MORW,float,Two or more races women ,Two or more races women,Original IPEDS202425.accdb SHA256 98e9175e54ba719cf7f0bfcc8e043fac4d11babd1b73ba1701ebbdc23e5470f5; exact physical schema and varTable24; effective source_manifest.json records final fall revisions.
2024,EFFY2024_HS,EFFY_HS,EFYUNKNT,00026361,nces:EFFY_HS:00026361:EFYUNKNT,EFYUNKNT,same_source_variable_identity,nces:EFFY_HS:00026361:EFYUNKNT,float,Race/ethnicity unknown total,Race/ethnicity unknown total,Original IPEDS202425.accdb SHA256 98e9175e54ba719cf7f0bfcc8e043fac4d11babd1b73ba1701ebbdc23e5470f5; exact physical schema and varTable24; effective source_manifest.json records final fall revisions.
2024,EFFY2024_HS,EFFY_HS,EFYUNKNM,00026362,nces:EFFY_HS:00026362:EFYUNKNM,EFYUNKNM,same_source_variable_identity,nces:EFFY_HS:00026362:EFYUNKNM,float,Race/ethnicity unknown men,Race/ethnicity unknown men,Original IPEDS202425.accdb SHA256 98e9175e54ba719cf7f0bfcc8e043fac4d11babd1b73ba1701ebbdc23e5470f5; exact physical schema and varTable24; effective source_manifest.json records final fall revisions.
2024,EFFY2024_HS,EFFY_HS,EFYUNKNW,00026363,nces:EFFY_HS:00026363:EFYUNKNW,EFYUNKNW,same_source_variable_identity,nces:EFFY_HS:00026363:EFYUNKNW,float,Race/ethnicity unknown women,Race/ethnicity unknown women,Original IPEDS202425.accdb SHA256 98e9175e54ba719cf7f0bfcc8e043fac4d11babd1b73ba1701ebbdc23e5470f5; exact physical schema and varTable24; effective source_manifest.json records final fall revisions.
2024,EFFY2024_HS,EFFY_HS,EFYNRALT,00026366,nces:EFFY_HS:00026366:EFYNRALT,EFYNRALT,same_source_variable_identity,nces:EFFY_HS:00026366:EFYNRALT,float,U.S. Nonresident total,U.S. Nonresident total,Original IPEDS202425.accdb SHA256 98e9175e54ba719cf7f0bfcc8e043fac4d11babd1b73ba1701ebbdc23e5470f5; exact physical schema and varTable24; effective source_manifest.json records final fall revisions.
2024,EFFY2024_HS,EFFY_HS,EFYNRALM,00026367,nces:EFFY_HS:00026367:EFYNRALM,EFYNRALM,same_source_variable_identity,nces:EFFY_HS:00026367:EFYNRALM,float,U.S. Nonresident men,U.S. Nonresident men,Original IPEDS202425.accdb SHA256 98e9175e54ba719cf7f0bfcc8e043fac4d11babd1b73ba1701ebbdc23e5470f5; exact physical schema and varTable24; effective source_manifest.json records final fall revisions.
2024,EFFY2024_HS,EFFY_HS,EFYNRALW,00026368,nces:EFFY_HS:00026368:EFYNRALW,EFYNRALW,same_source_variable_identity,nces:EFFY_HS:00026368:EFYNRALW,float,U.S. Nonresident women,U.S. Nonresident women,Original IPEDS202425.accdb SHA256 98e9175e54ba719cf7f0bfcc8e043fac4d11babd1b73ba1701ebbdc23e5470f5; exact physical schema and varTable24; effective source_manifest.json records final fall revisions.
2024,EFIA2024,EFIA,CDACTUA,00020886,nces:EFIA:00020886:CDACTUA,CDACTUA,same_source_variable_identity,nces:EFIA:00020886:CDACTUA,float,12-month instructional activity credit hours: undergraduates,12-month instructional activity credit hours: undergraduates,Original IPEDS202425.accdb SHA256 98e9175e54ba719cf7f0bfcc8e043fac4d11babd1b73ba1701ebbdc23e5470f5; exact physical schema and varTable24; effective source_manifest.json records final fall revisions.
2024,EFIA2024,EFIA,CNACTUA,00020891,nces:EFIA:00020891:CNACTUA,CNACTUA,same_source_variable_identity,nces:EFIA:00020891:CNACTUA,float,12-month instructional activity clock hours: undergraduates,12-month instructional activity clock hours: undergraduates,Original IPEDS202425.accdb SHA256 98e9175e54ba719cf7f0bfcc8e043fac4d11babd1b73ba1701ebbdc23e5470f5; exact physical schema and varTable24; effective source_manifest.json records final fall revisions.
2024,EFIA2024,EFIA,CDACTGA,00020896,nces:EFIA:00020896:CDACTGA,CDACTGA,same_source_variable_identity,nces:EFIA:00020896:CDACTGA,float,12-month instructional activity credit hours: graduates,12-month instructional activity credit hours: graduates,Original IPEDS202425.accdb SHA256 98e9175e54ba719cf7f0bfcc8e043fac4d11babd1b73ba1701ebbdc23e5470f5; exact physical schema and varTable24; effective source_manifest.json records final fall revisions.
2024,EFIA2024,EFIA,EFTEUG,00022024,nces:EFIA:00022024:EFTEUG,EFTEUG,same_source_variable_identity,nces:EFIA:00022024:EFTEUG,float,"Estimated full-time equivalent (FTE) undergraduate enrollment, 2023-24","Estimated full-time equivalent (FTE) undergraduate enrollment, 2022-23",Original IPEDS202425.accdb SHA256 98e9175e54ba719cf7f0bfcc8e043fac4d11babd1b73ba1701ebbdc23e5470f5; exact physical schema and varTable24; effective source_manifest.json records final fall revisions.
2024,EFIA2024,EFIA,EFTEGD,00022025,nces:EFIA:00022025:EFTEGD,EFTEGD,same_source_variable_identity,nces:EFIA:00022025:EFTEGD,float,"Estimated full-time equivalent (FTE) graduate enrollment, 2023-24","Estimated full-time equivalent (FTE) graduate enrollment, 2022-23",Original IPEDS202425.accdb SHA256 98e9175e54ba719cf7f0bfcc8e043fac4d11babd1b73ba1701ebbdc23e5470f5; exact physical schema and varTable24; effective source_manifest.json records final fall revisions.
2024,EFIA2024,EFIA,FTEUG,00022026,nces:EFIA:00022026:FTEUG,FTEUG,same_source_variable_identity,nces:EFIA:00022026:FTEUG,float,"Reported full-time equivalent (FTE) undergraduate enrollment, 2023-24","Reported full-time equivalent (FTE) undergraduate enrollment, 2022-23",Original IPEDS202425.accdb SHA256 98e9175e54ba719cf7f0bfcc8e043fac4d11babd1b73ba1701ebbdc23e5470f5; exact physical schema and varTable24; effective source_manifest.json records final fall revisions.
2024,EFIA2024,EFIA,FTEGD,00022027,nces:EFIA:00022027:FTEGD,FTEGD,same_source_variable_identity,nces:EFIA:00022027:FTEGD,float,"Reported full-time equivalent (FTE) graduate enrollment, 2023-24","Reported full-time equivalent (FTE) graduate enrollment, 2022-23",Original IPEDS202425.accdb SHA256 98e9175e54ba719cf7f0bfcc8e043fac4d11babd1b73ba1701ebbdc23e5470f5; exact physical schema and varTable24; effective source_manifest.json records final fall revisions.
2024,EFIA2024,EFIA,FTEDPP,00024811,nces:EFIA:00024811:FTEDPP,FTEDPP,same_source_variable_identity,nces:EFIA:00024811:FTEDPP,float,"Reported full-time equivalent (FTE) doctors professional practice, 2023-24","Reported full-time equivalent (FTE) doctors professional practice, 2022-23",Original IPEDS202425.accdb SHA256 98e9175e54ba719cf7f0bfcc8e043fac4d11babd1b73ba1701ebbdc23e5470f5; exact physical schema and varTable24; effective source_manifest.json records final fall revisions.
2024,EFIA2024,EFIA,ACTTYPE,00022028,nces:EFIA:00022028:ACTTYPE,ACTTYPE,same_source_variable_identity,nces:EFIA:00022028:ACTTYPE,categorical string,Is instructional activity based on credit or clock hours,Is instructional activity based on credit or clock hours,Original IPEDS202425.accdb SHA256 98e9175e54ba719cf7f0bfcc8e043fac4d11babd1b73ba1701ebbdc23e5470f5; exact physical schema and varTable24; effective source_manifest.json records final fall revisions.
2024,F2324_F1A,F_FA,F1A01,00061386,nces:F_FA:00061386:F1A01,F1A01,same_source_variable_identity,nces:F_FA:00061386:F1A01,float,Total current assets,Total current assets,Original IPEDS202425.accdb SHA256 98e9175e54ba719cf7f0bfcc8e043fac4d11babd1b73ba1701ebbdc23e5470f5; exact physical schema and varTable24; effective source_manifest.json records final fall revisions.
2024,F2324_F1A,F_FA,F1A31,00065001,nces:F_FA:00065001:F1A31,F1A31,same_source_variable_identity,nces:F_FA:00065001:F1A31,float,"Depreciable capital assets, net of depreciation ","Depreciable capital assets, net of depreciation",Original IPEDS202425.accdb SHA256 98e9175e54ba719cf7f0bfcc8e043fac4d11babd1b73ba1701ebbdc23e5470f5; exact physical schema and varTable24; effective source_manifest.json records final fall revisions.
2024,F2324_F1A,F_FA,F1A04,00061401,nces:F_FA:00061401:F1A04,F1A04,same_source_variable_identity,nces:F_FA:00061401:F1A04,float,Other noncurrent assets,Other noncurrent assets,Original IPEDS202425.accdb SHA256 98e9175e54ba719cf7f0bfcc8e043fac4d11babd1b73ba1701ebbdc23e5470f5; exact physical schema and varTable24; effective source_manifest.json records final fall revisions.
2024,F2324_F1A,F_FA,F1A05,00061406,nces:F_FA:00061406:F1A05,F1A05,same_source_variable_identity,nces:F_FA:00061406:F1A05,float,Total noncurrent assets,Total noncurrent assets,Original IPEDS202425.accdb SHA256 98e9175e54ba719cf7f0bfcc8e043fac4d11babd1b73ba1701ebbdc23e5470f5; exact physical schema and varTable24; effective source_manifest.json records final fall revisions.
2024,F2324_F1A,F_FA,F1A06,00061411,nces:F_FA:00061411:F1A06,F1A06,same_source_variable_identity,nces:F_FA:00061411:F1A06,float,Total assets ,Total assets,Original IPEDS202425.accdb SHA256 98e9175e54ba719cf7f0bfcc8e043fac4d11babd1b73ba1701ebbdc23e5470f5; exact physical schema and varTable24; effective source_manifest.json records final fall revisions.
2024,F2324_F1A,F_FA,F1A19,00061473,nces:F_FA:00061473:F1A19,F1A19,same_source_variable_identity,nces:F_FA:00061473:F1A19,float,Deferred outflows of resources,Deferred outflows of resources,Original IPEDS202425.accdb SHA256 98e9175e54ba719cf7f0bfcc8e043fac4d11babd1b73ba1701ebbdc23e5470f5; exact physical schema and varTable24; effective source_manifest.json records final fall revisions.
2024,F2324_F1A,F_FA,F1A07,00061416,nces:F_FA:00061416:F1A07,F1A07,same_source_variable_identity,nces:F_FA:00061416:F1A07,float,"Long-term debt, current portion","Long-term debt, current portion",Original IPEDS202425.accdb SHA256 98e9175e54ba719cf7f0bfcc8e043fac4d11babd1b73ba1701ebbdc23e5470f5; exact physical schema and varTable24; effective source_manifest.json records final fall revisions.
2024,F2324_F1A,F_FA,F1A08,00061421,nces:F_FA:00061421:F1A08,F1A08,same_source_variable_identity,nces:F_FA:00061421:F1A08,float,Other current liabilities,Other current liabilities,Original IPEDS202425.accdb SHA256 98e9175e54ba719cf7f0bfcc8e043fac4d11babd1b73ba1701ebbdc23e5470f5; exact physical schema and varTable24; effective source_manifest.json records final fall revisions.
2024,F2324_F1A,F_FA,F1A09,00061426,nces:F_FA:00061426:F1A09,F1A09,same_source_variable_identity,nces:F_FA:00061426:F1A09,float,Total current liabilities,Total current liabilities,Original IPEDS202425.accdb SHA256 98e9175e54ba719cf7f0bfcc8e043fac4d11babd1b73ba1701ebbdc23e5470f5; exact physical schema and varTable24; effective source_manifest.json records final fall revisions.
2024,F2324_F1A,F_FA,F1A10,00061431,nces:F_FA:00061431:F1A10,F1A10,same_source_variable_identity,nces:F_FA:00061431:F1A10,float,Long-term debt,Long-term debt,Original IPEDS202425.accdb SHA256 98e9175e54ba719cf7f0bfcc8e043fac4d11babd1b73ba1701ebbdc23e5470f5; exact physical schema and varTable24; effective source_manifest.json records final fall revisions.
2024,F2324_F1A,F_FA,F1A11,00061436,nces:F_FA:00061436:F1A11,F1A11,same_source_variable_identity,nces:F_FA:00061436:F1A11,float,Other noncurrent liabilities ,Other noncurrent liabilities,Original IPEDS202425.accdb SHA256 98e9175e54ba719cf7f0bfcc8e043fac4d11babd1b73ba1701ebbdc23e5470f5; exact physical schema and varTable24; effective source_manifest.json records final fall revisions.
2024,F2324_F1A,F_FA,F1A12,00061441,nces:F_FA:00061441:F1A12,F1A12,same_source_variable_identity,nces:F_FA:00061441:F1A12,float,Total noncurrent liabilities,Total noncurrent liabilities,Original IPEDS202425.accdb SHA256 98e9175e54ba719cf7f0bfcc8e043fac4d11babd1b73ba1701ebbdc23e5470f5; exact physical schema and varTable24; effective source_manifest.json records final fall revisions.
2024,F2324_F1A,F_FA,F1A13,00061446,nces:F_FA:00061446:F1A13,F1A13,same_source_variable_identity,nces:F_FA:00061446:F1A13,float,Total liabilities ,Total liabilities,Original IPEDS202425.accdb SHA256 98e9175e54ba719cf7f0bfcc8e043fac4d11babd1b73ba1701ebbdc23e5470f5; exact physical schema and varTable24; effective source_manifest.json records final fall revisions.
2024,F2324_F1A,F_FA,F1A20,00061474,nces:F_FA:00061474:F1A20,F1A20,same_source_variable_identity,nces:F_FA:00061474:F1A20,float,Deferred inflows of resources,Deferred inflows of resources,Original IPEDS202425.accdb SHA256 98e9175e54ba719cf7f0bfcc8e043fac4d11babd1b73ba1701ebbdc23e5470f5; exact physical schema and varTable24; effective source_manifest.json records final fall revisions.
2024,F2324_F1A,F_FA,F1A14,00061451,nces:F_FA:00061451:F1A14,F1A14,same_source_variable_identity,nces:F_FA:00061451:F1A14,float,"Invested in capital assets, net of related debt","Invested in capital assets, net of related debt",Original IPEDS202425.accdb SHA256 98e9175e54ba719cf7f0bfcc8e043fac4d11babd1b73ba1701ebbdc23e5470f5; exact physical schema and varTable24; effective source_manifest.json records final fall revisions.
2024,F2324_F1A,F_FA,F1A15,00061456,nces:F_FA:00061456:F1A15,F1A15,same_source_variable_identity,nces:F_FA:00061456:F1A15,float,Restricted-expendable,Restricted-expendable,Original IPEDS202425.accdb SHA256 98e9175e54ba719cf7f0bfcc8e043fac4d11babd1b73ba1701ebbdc23e5470f5; exact physical schema and varTable24; effective source_manifest.json records final fall revisions.
2024,F2324_F1A,F_FA,F1A16,00061461,nces:F_FA:00061461:F1A16,F1A16,same_source_variable_identity,nces:F_FA:00061461:F1A16,float,Restricted-nonexpendable,Restricted-nonexpendable,Original IPEDS202425.accdb SHA256 98e9175e54ba719cf7f0bfcc8e043fac4d11babd1b73ba1701ebbdc23e5470f5; exact physical schema and varTable24; effective source_manifest.json records final fall revisions.
2024,F2324_F1A,F_FA,F1A17,00061466,nces:F_FA:00061466:F1A17,F1A17,same_source_variable_identity,nces:F_FA:00061466:F1A17,float,Unrestricted,Unrestricted,Original IPEDS202425.accdb SHA256 98e9175e54ba719cf7f0bfcc8e043fac4d11babd1b73ba1701ebbdc23e5470f5; exact physical schema and varTable24; effective source_manifest.json records final fall revisions.
2024,F2324_F1A,F_FA,F1A18,00061471,nces:F_FA:00061471:F1A18,F1A18,same_source_variable_identity,nces:F_FA:00061471:F1A18,float,Net position,Net position,Original IPEDS202425.accdb SHA256 98e9175e54ba719cf7f0bfcc8e043fac4d11babd1b73ba1701ebbdc23e5470f5; exact physical schema and varTable24; effective source_manifest.json records final fall revisions.
2024,F2324_F1A,F_FA,F1A214,00061491,nces:F_FA:00061491:F1A214,F1A214,same_source_variable_identity,nces:F_FA:00061491:F1A214,float,Land  improvements - Ending balance,Land  improvements - Ending balance,Original IPEDS202425.accdb SHA256 98e9175e54ba719cf7f0bfcc8e043fac4d11babd1b73ba1701ebbdc23e5470f5; exact physical schema and varTable24; effective source_manifest.json records final fall revisions.
2024,F2324_F1A,F_FA,F1A224,00061511,nces:F_FA:00061511:F1A224,F1A224,same_source_variable_identity,nces:F_FA:00061511:F1A224,float,Infrastructure - Ending balance,Infrastructure - Ending balance,Original IPEDS202425.accdb SHA256 98e9175e54ba719cf7f0bfcc8e043fac4d11babd1b73ba1701ebbdc23e5470f5; exact physical schema and varTable24; effective source_manifest.json records final fall revisions.
2024,F2324_F1A,F_FA,F1A234,00061531,nces:F_FA:00061531:F1A234,F1A234,same_source_variable_identity,nces:F_FA:00061531:F1A234,float,Buildings - Ending balance,Buildings - Ending balance,Original IPEDS202425.accdb SHA256 98e9175e54ba719cf7f0bfcc8e043fac4d11babd1b73ba1701ebbdc23e5470f5; exact physical schema and varTable24; effective source_manifest.json records final fall revisions.
2024,F2324_F1A,F_FA,F1A324,00065006,nces:F_FA:00065006:F1A324,F1A324,same_source_variable_identity,nces:F_FA:00065006:F1A324,float,"Equipment, including art and library collections - Ending balance ","Equipment, including art and library collections - Ending balance",Original IPEDS202425.accdb SHA256 98e9175e54ba719cf7f0bfcc8e043fac4d11babd1b73ba1701ebbdc23e5470f5; exact physical schema and varTable24; effective source_manifest.json records final fall revisions.
2024,F2324_F1A,F_FA,F1A274,00061611,nces:F_FA:00061611:F1A274,F1A274,same_source_variable_identity,nces:F_FA:00061611:F1A274,float,Construction in progress - Ending balance,Construction in progress - Ending balance,Original IPEDS202425.accdb SHA256 98e9175e54ba719cf7f0bfcc8e043fac4d11babd1b73ba1701ebbdc23e5470f5; exact physical schema and varTable24; effective source_manifest.json records final fall revisions.
2024,F2324_F1A,F_FA,F1A27T4,00061615,nces:F_FA:00061615:F1A27T4,F1A27T4,same_source_variable_identity,nces:F_FA:00061615:F1A27T4,float,"Total for plant, property and equipment - Ending balance","Total for plant, property and equipment - Ending balance",Original IPEDS202425.accdb SHA256 98e9175e54ba719cf7f0bfcc8e043fac4d11babd1b73ba1701ebbdc23e5470f5; exact physical schema and varTable24; effective source_manifest.json records final fall revisions.
2024,F2324_F1A,F_FA,F1A284,00061631,nces:F_FA:00061631:F1A284,F1A284,same_source_variable_identity,nces:F_FA:00061631:F1A284,float,Accumulated depreciation - Ending balance,Accumulated depreciation - Ending balance,Original IPEDS202425.accdb SHA256 98e9175e54ba719cf7f0bfcc8e043fac4d11babd1b73ba1701ebbdc23e5470f5; exact physical schema and varTable24; effective source_manifest.json records final fall revisions.
2024,F2324_F1A,F_FA,F1A334,00065011,nces:F_FA:00065011:F1A334,F1A334,same_source_variable_identity,nces:F_FA:00065011:F1A334,float,"Intangible assets , net of accumulated amortization - Ending balance ","Intangible assets , net of accumulated amortization - Ending balance",Original IPEDS202425.accdb SHA256 98e9175e54ba719cf7f0bfcc8e043fac4d11babd1b73ba1701ebbdc23e5470f5; exact physical schema and varTable24; effective source_manifest.json records final fall revisions.
2024,F2324_F1A,F_FA,F1A344,00065016,nces:F_FA:00065016:F1A344,F1A344,same_source_variable_identity,nces:F_FA:00065016:F1A344,float,Other capital assets - Ending balance (New Aligned),Other capital assets - Ending balance (New Aligned),Original IPEDS202425.accdb SHA256 98e9175e54ba719cf7f0bfcc8e043fac4d11babd1b73ba1701ebbdc23e5470f5; exact physical schema and varTable24; effective source_manifest.json records final fall revisions.
2024,F2324_F1A,F_FA,F1D01,00062281,nces:F_FA:00062281:F1D01,F1D01,same_source_variable_identity,nces:F_FA:00062281:F1D01,float,Total revenues and other additions,Total revenues and other additions,Original IPEDS202425.accdb SHA256 98e9175e54ba719cf7f0bfcc8e043fac4d11babd1b73ba1701ebbdc23e5470f5; exact physical schema and varTable24; effective source_manifest.json records final fall revisions.
2024,F2324_F1A,F_FA,F1D02,00062286,nces:F_FA:00062286:F1D02,F1D02,same_source_variable_identity,nces:F_FA:00062286:F1D02,float,Total expenses and other deductions ,Total expenses and other deductions,Original IPEDS202425.accdb SHA256 98e9175e54ba719cf7f0bfcc8e043fac4d11babd1b73ba1701ebbdc23e5470f5; exact physical schema and varTable24; effective source_manifest.json records final fall revisions.
2024,F2324_F1A,F_FA,F1D03,00062291,nces:F_FA:00062291:F1D03,F1D03,same_source_variable_identity,nces:F_FA:00062291:F1D03,float,Change in net position during the year,Change in net position during the year,Original IPEDS202425.accdb SHA256 98e9175e54ba719cf7f0bfcc8e043fac4d11babd1b73ba1701ebbdc23e5470f5; exact physical schema and varTable24; effective source_manifest.json records final fall revisions.
2024,F2324_F1A,F_FA,F1D04,00062296,nces:F_FA:00062296:F1D04,F1D04,same_source_variable_identity,nces:F_FA:00062296:F1D04,float,Net position beginning of year,Net position beginning of year,Original IPEDS202425.accdb SHA256 98e9175e54ba719cf7f0bfcc8e043fac4d11babd1b73ba1701ebbdc23e5470f5; exact physical schema and varTable24; effective source_manifest.json records final fall revisions.
2024,F2324_F1A,F_FA,F1D05,00062301,nces:F_FA:00062301:F1D05,F1D05,same_source_variable_identity,nces:F_FA:00062301:F1D05,float,Adjustments to beginning net position,Adjustments to beginning net position,Original IPEDS202425.accdb SHA256 98e9175e54ba719cf7f0bfcc8e043fac4d11babd1b73ba1701ebbdc23e5470f5; exact physical schema and varTable24; effective source_manifest.json records final fall revisions.
2024,F2324_F1A,F_FA,F1D06,00062306,nces:F_FA:00062306:F1D06,F1D06,same_source_variable_identity,nces:F_FA:00062306:F1D06,float,Net position end of year,Net position end of year,Original IPEDS202425.accdb SHA256 98e9175e54ba719cf7f0bfcc8e043fac4d11babd1b73ba1701ebbdc23e5470f5; exact physical schema and varTable24; effective source_manifest.json records final fall revisions.
2024,F2324_F1A,F_FA,F1B01,00061636,nces:F_FA:00061636:F1B01,F1B01,same_source_variable_identity,nces:F_FA:00061636:F1B01,float,"Tuition and fees, after deducting discounts and allowances","Tuition and fees, after deducting discounts and allowances",Original IPEDS202425.accdb SHA256 98e9175e54ba719cf7f0bfcc8e043fac4d11babd1b73ba1701ebbdc23e5470f5; exact physical schema and varTable24; effective source_manifest.json records final fall revisions.
2024,F2324_F1A,F_FA,F1B02,00061641,nces:F_FA:00061641:F1B02,F1B02,same_source_variable_identity,nces:F_FA:00061641:F1B02,float,Federal operating grants and contracts,Federal operating grants and contracts,Original IPEDS202425.accdb SHA256 98e9175e54ba719cf7f0bfcc8e043fac4d11babd1b73ba1701ebbdc23e5470f5; exact physical schema and varTable24; effective source_manifest.json records final fall revisions.
2024,F2324_F1A,F_FA,F1B03,00061646,nces:F_FA:00061646:F1B03,F1B03,same_source_variable_identity,nces:F_FA:00061646:F1B03,float,State operating grants and contracts,State operating grants and contracts,Original IPEDS202425.accdb SHA256 98e9175e54ba719cf7f0bfcc8e043fac4d11babd1b73ba1701ebbdc23e5470f5; exact physical schema and varTable24; effective source_manifest.json records final fall revisions.
2024,F2324_F1A,F_FA,F1B04,00061651,nces:F_FA:00061651:F1B04,F1B04,same_source_variable_identity,nces:F_FA:00061651:F1B04,float,Local/private operating grants and contracts,Local/private operating grants and contracts,Original IPEDS202425.accdb SHA256 98e9175e54ba719cf7f0bfcc8e043fac4d11babd1b73ba1701ebbdc23e5470f5; exact physical schema and varTable24; effective source_manifest.json records final fall revisions.
2024,F2324_F1A,F_FA,F1B04A,00065021,nces:F_FA:00065021:F1B04A,F1B04A,same_source_variable_identity,nces:F_FA:00065021:F1B04A,float,Local operating grants and contracts,Local operating grants and contracts,Original IPEDS202425.accdb SHA256 98e9175e54ba719cf7f0bfcc8e043fac4d11babd1b73ba1701ebbdc23e5470f5; exact physical schema and varTable24; effective source_manifest.json records final fall revisions.
2024,F2324_F1A,F_FA,F1B04B,00065026,nces:F_FA:00065026:F1B04B,F1B04B,same_source_variable_identity,nces:F_FA:00065026:F1B04B,float,Private operating grants and contracts,Private operating grants and contracts,Original IPEDS202425.accdb SHA256 98e9175e54ba719cf7f0bfcc8e043fac4d11babd1b73ba1701ebbdc23e5470f5; exact physical schema and varTable24; effective source_manifest.json records final fall revisions.
2024,F2324_F1A,F_FA,F1B05,00061656,nces:F_FA:00061656:F1B05,F1B05,same_source_variable_identity,nces:F_FA:00061656:F1B05,float,Sales and services of auxiliary enterprises,Sales and services of auxiliary enterprises,Original IPEDS202425.accdb SHA256 98e9175e54ba719cf7f0bfcc8e043fac4d11babd1b73ba1701ebbdc23e5470f5; exact physical schema and varTable24; effective source_manifest.json records final fall revisions.
2024,F2324_F1A,F_FA,F1B06,00061661,nces:F_FA:00061661:F1B06,F1B06,same_source_variable_identity,nces:F_FA:00061661:F1B06,float,Sales and services of hospitals,Sales and services of hospitals,Original IPEDS202425.accdb SHA256 98e9175e54ba719cf7f0bfcc8e043fac4d11babd1b73ba1701ebbdc23e5470f5; exact physical schema and varTable24; effective source_manifest.json records final fall revisions.
2024,F2324_F1A,F_FA,F1B26,00065031,nces:F_FA:00065031:F1B26,F1B26,same_source_variable_identity,nces:F_FA:00065031:F1B26,float,Sales and services of educational activities,Sales and services of educational activities,Original IPEDS202425.accdb SHA256 98e9175e54ba719cf7f0bfcc8e043fac4d11babd1b73ba1701ebbdc23e5470f5; exact physical schema and varTable24; effective source_manifest.json records final fall revisions.
2024,F2324_F1A,F_FA,F1B07,00061666,nces:F_FA:00061666:F1B07,F1B07,same_source_variable_identity,nces:F_FA:00061666:F1B07,float,Independent operations,Independent operations,Original IPEDS202425.accdb SHA256 98e9175e54ba719cf7f0bfcc8e043fac4d11babd1b73ba1701ebbdc23e5470f5; exact physical schema and varTable24; effective source_manifest.json records final fall revisions.
2024,F2324_F1A,F_FA,F1B08,00061671,nces:F_FA:00061671:F1B08,F1B08,same_source_variable_identity,nces:F_FA:00061671:F1B08,float,Other sources - operating ,Other sources - operating,Original IPEDS202425.accdb SHA256 98e9175e54ba719cf7f0bfcc8e043fac4d11babd1b73ba1701ebbdc23e5470f5; exact physical schema and varTable24; effective source_manifest.json records final fall revisions.
2024,F2324_F1A,F_FA,F1B09,00061676,nces:F_FA:00061676:F1B09,F1B09,same_source_variable_identity,nces:F_FA:00061676:F1B09,float,Total operating revenues,Total operating revenues,Original IPEDS202425.accdb SHA256 98e9175e54ba719cf7f0bfcc8e043fac4d11babd1b73ba1701ebbdc23e5470f5; exact physical schema and varTable24; effective source_manifest.json records final fall revisions.
2024,F2324_F1A,F_FA,F1B10,00061681,nces:F_FA:00061681:F1B10,F1B10,same_source_variable_identity,nces:F_FA:00061681:F1B10,float,Federal appropriations,Federal appropriations,Original IPEDS202425.accdb SHA256 98e9175e54ba719cf7f0bfcc8e043fac4d11babd1b73ba1701ebbdc23e5470f5; exact physical schema and varTable24; effective source_manifest.json records final fall revisions.
2024,F2324_F1A,F_FA,F1B11,00061686,nces:F_FA:00061686:F1B11,F1B11,same_source_variable_identity,nces:F_FA:00061686:F1B11,float,State appropriations,State appropriations,Original IPEDS202425.accdb SHA256 98e9175e54ba719cf7f0bfcc8e043fac4d11babd1b73ba1701ebbdc23e5470f5; exact physical schema and varTable24; effective source_manifest.json records final fall revisions.
2024,F2324_F1A,F_FA,F1B12,00061691,nces:F_FA:00061691:F1B12,F1B12,same_source_variable_identity,nces:F_FA:00061691:F1B12,float,"Local appropriations, education district taxes, and similar support","Local appropriations, education district taxes, and similar support",Original IPEDS202425.accdb SHA256 98e9175e54ba719cf7f0bfcc8e043fac4d11babd1b73ba1701ebbdc23e5470f5; exact physical schema and varTable24; effective source_manifest.json records final fall revisions.
2024,F2324_F1A,F_FA,F1B13,00061696,nces:F_FA:00061696:F1B13,F1B13,same_source_variable_identity,nces:F_FA:00061696:F1B13,float,Federal nonoperating grants,Federal nonoperating grants,Original IPEDS202425.accdb SHA256 98e9175e54ba719cf7f0bfcc8e043fac4d11babd1b73ba1701ebbdc23e5470f5; exact physical schema and varTable24; effective source_manifest.json records final fall revisions.
2024,F2324_F1A,F_FA,F1B14,00061701,nces:F_FA:00061701:F1B14,F1B14,same_source_variable_identity,nces:F_FA:00061701:F1B14,float,State nonoperating grants,State nonoperating grants,Original IPEDS202425.accdb SHA256 98e9175e54ba719cf7f0bfcc8e043fac4d11babd1b73ba1701ebbdc23e5470f5; exact physical schema and varTable24; effective source_manifest.json records final fall revisions.
2024,F2324_F1A,F_FA,F1B15,00061706,nces:F_FA:00061706:F1B15,F1B15,same_source_variable_identity,nces:F_FA:00061706:F1B15,float,Local nonoperating grants,Local nonoperating grants,Original IPEDS202425.accdb SHA256 98e9175e54ba719cf7f0bfcc8e043fac4d11babd1b73ba1701ebbdc23e5470f5; exact physical schema and varTable24; effective source_manifest.json records final fall revisions.
2024,F2324_F1A,F_FA,F1B16,00061711,nces:F_FA:00061711:F1B16,F1B16,same_source_variable_identity,nces:F_FA:00061711:F1B16,float,"Gifts, including contributions from affiliated organizations","Gifts, including contributions from affiliated organizations",Original IPEDS202425.accdb SHA256 98e9175e54ba719cf7f0bfcc8e043fac4d11babd1b73ba1701ebbdc23e5470f5; exact physical schema and varTable24; effective source_manifest.json records final fall revisions.
2024,F2324_F1A,F_FA,F1B17,00061716,nces:F_FA:00061716:F1B17,F1B17,same_source_variable_identity,nces:F_FA:00061716:F1B17,float,Investment income,Investment income,Original IPEDS202425.accdb SHA256 98e9175e54ba719cf7f0bfcc8e043fac4d11babd1b73ba1701ebbdc23e5470f5; exact physical schema and varTable24; effective source_manifest.json records final fall revisions.
2024,F2324_F1A,F_FA,F1B18,00061821,nces:F_FA:00061821:F1B18,F1B18,same_source_variable_identity,nces:F_FA:00061821:F1B18,float,Other nonoperating revenues  ,Other nonoperating revenues,Original IPEDS202425.accdb SHA256 98e9175e54ba719cf7f0bfcc8e043fac4d11babd1b73ba1701ebbdc23e5470f5; exact physical schema and varTable24; effective source_manifest.json records final fall revisions.
2024,F2324_F1A,F_FA,F1B19,00061826,nces:F_FA:00061826:F1B19,F1B19,same_source_variable_identity,nces:F_FA:00061826:F1B19,float,Total nonoperating revenues,Total nonoperating revenues,Original IPEDS202425.accdb SHA256 98e9175e54ba719cf7f0bfcc8e043fac4d11babd1b73ba1701ebbdc23e5470f5; exact physical schema and varTable24; effective source_manifest.json records final fall revisions.
2024,F2324_F1A,F_FA,F1B27,00065033,nces:F_FA:00065033:F1B27,F1B27,same_source_variable_identity,nces:F_FA:00065033:F1B27,float,Total operating and nonoperating revenues,Total operating and nonoperating revenues,Original IPEDS202425.accdb SHA256 98e9175e54ba719cf7f0bfcc8e043fac4d11babd1b73ba1701ebbdc23e5470f5; exact physical schema and varTable24; effective source_manifest.json records final fall revisions.
2024,F2324_F1A,F_FA,F1B20,00061831,nces:F_FA:00061831:F1B20,F1B20,same_source_variable_identity,nces:F_FA:00061831:F1B20,float,Capital appropriations,Capital appropriations,Original IPEDS202425.accdb SHA256 98e9175e54ba719cf7f0bfcc8e043fac4d11babd1b73ba1701ebbdc23e5470f5; exact physical schema and varTable24; effective source_manifest.json records final fall revisions.
2024,F2324_F1A,F_FA,F1B21,00061836,nces:F_FA:00061836:F1B21,F1B21,same_source_variable_identity,nces:F_FA:00061836:F1B21,float,Capital grants and gifts,Capital grants and gifts,Original IPEDS202425.accdb SHA256 98e9175e54ba719cf7f0bfcc8e043fac4d11babd1b73ba1701ebbdc23e5470f5; exact physical schema and varTable24; effective source_manifest.json records final fall revisions.
2024,F2324_F1A,F_FA,F1B22,00061841,nces:F_FA:00061841:F1B22,F1B22,same_source_variable_identity,nces:F_FA:00061841:F1B22,float,Additions to permanent endowments,Additions to permanent endowments,Original IPEDS202425.accdb SHA256 98e9175e54ba719cf7f0bfcc8e043fac4d11babd1b73ba1701ebbdc23e5470f5; exact physical schema and varTable24; effective source_manifest.json records final fall revisions.
2024,F2324_F1A,F_FA,F1B23,00061846,nces:F_FA:00061846:F1B23,F1B23,same_source_variable_identity,nces:F_FA:00061846:F1B23,float,Other revenues and additions  ,Other revenues and additions,Original IPEDS202425.accdb SHA256 98e9175e54ba719cf7f0bfcc8e043fac4d11babd1b73ba1701ebbdc23e5470f5; exact physical schema and varTable24; effective source_manifest.json records final fall revisions.
2024,F2324_F1A,F_FA,F1B24,00061851,nces:F_FA:00061851:F1B24,F1B24,same_source_variable_identity,nces:F_FA:00061851:F1B24,float,Total other revenues and additions,Total other revenues and additions,Original IPEDS202425.accdb SHA256 98e9175e54ba719cf7f0bfcc8e043fac4d11babd1b73ba1701ebbdc23e5470f5; exact physical schema and varTable24; effective source_manifest.json records final fall revisions.
2024,F2324_F1A,F_FA,F1B25,00061856,nces:F_FA:00061856:F1B25,F1B25,same_source_variable_identity,nces:F_FA:00061856:F1B25,float,Total all revenues and other additions,Total all revenues and other additions,Original IPEDS202425.accdb SHA256 98e9175e54ba719cf7f0bfcc8e043fac4d11babd1b73ba1701ebbdc23e5470f5; exact physical schema and varTable24; effective source_manifest.json records final fall revisions.
2024,F2324_F1A,F_FA,F1C011,00061861,nces:F_FA:00061861:F1C011,F1C011,same_source_variable_identity,nces:F_FA:00061861:F1C011,float,Instruction - Current year total,Instruction - Current year total,Original IPEDS202425.accdb SHA256 98e9175e54ba719cf7f0bfcc8e043fac4d11babd1b73ba1701ebbdc23e5470f5; exact physical schema and varTable24; effective source_manifest.json records final fall revisions.
2024,F2324_F1A,F_FA,F1C012,00061866,nces:F_FA:00061866:F1C012,F1C012,same_source_variable_identity,nces:F_FA:00061866:F1C012,float,Instruction - Salaries and wages,Instruction - Salaries and wages,Original IPEDS202425.accdb SHA256 98e9175e54ba719cf7f0bfcc8e043fac4d11babd1b73ba1701ebbdc23e5470f5; exact physical schema and varTable24; effective source_manifest.json records final fall revisions.
2024,F2324_F1A,F_FA,F1C021,00061886,nces:F_FA:00061886:F1C021,F1C021,same_source_variable_identity,nces:F_FA:00061886:F1C021,float,Research - Current year total,Research - Current year total,Original IPEDS202425.accdb SHA256 98e9175e54ba719cf7f0bfcc8e043fac4d11babd1b73ba1701ebbdc23e5470f5; exact physical schema and varTable24; effective source_manifest.json records final fall revisions.
2024,F2324_F1A,F_FA,F1C022,00061891,nces:F_FA:00061891:F1C022,F1C022,same_source_variable_identity,nces:F_FA:00061891:F1C022,float,Research - Salaries and wages,Research - Salaries and wages,Original IPEDS202425.accdb SHA256 98e9175e54ba719cf7f0bfcc8e043fac4d11babd1b73ba1701ebbdc23e5470f5; exact physical schema and varTable24; effective source_manifest.json records final fall revisions.
2024,F2324_F1A,F_FA,F1C031,00061911,nces:F_FA:00061911:F1C031,F1C031,same_source_variable_identity,nces:F_FA:00061911:F1C031,float,Public service - Current year total,Public service - Current year total,Original IPEDS202425.accdb SHA256 98e9175e54ba719cf7f0bfcc8e043fac4d11babd1b73ba1701ebbdc23e5470f5; exact physical schema and varTable24; effective source_manifest.json records final fall revisions.
2024,F2324_F1A,F_FA,F1C032,00061916,nces:F_FA:00061916:F1C032,F1C032,same_source_variable_identity,nces:F_FA:00061916:F1C032,float,Public service - Salaries and wages,Public service - Salaries and wages,Original IPEDS202425.accdb SHA256 98e9175e54ba719cf7f0bfcc8e043fac4d11babd1b73ba1701ebbdc23e5470f5; exact physical schema and varTable24; effective source_manifest.json records final fall revisions.
2024,F2324_F1A,F_FA,F1C051,00061936,nces:F_FA:00061936:F1C051,F1C051,same_source_variable_identity,nces:F_FA:00061936:F1C051,float,Academic support - Current year total,Academic support - Current year total,Original IPEDS202425.accdb SHA256 98e9175e54ba719cf7f0bfcc8e043fac4d11babd1b73ba1701ebbdc23e5470f5; exact physical schema and varTable24; effective source_manifest.json records final fall revisions.
2024,F2324_F1A,F_FA,F1C052,00061941,nces:F_FA:00061941:F1C052,F1C052,same_source_variable_identity,nces:F_FA:00061941:F1C052,float,Academic support - Salaries and wages,Academic support - Salaries and wages,Original IPEDS202425.accdb SHA256 98e9175e54ba719cf7f0bfcc8e043fac4d11babd1b73ba1701ebbdc23e5470f5; exact physical schema and varTable24; effective source_manifest.json records final fall revisions.
2024,F2324_F1A,F_FA,F1C061,00061961,nces:F_FA:00061961:F1C061,F1C061,same_source_variable_identity,nces:F_FA:00061961:F1C061,float,Student services - Current year total,Student services - Current year total,Original IPEDS202425.accdb SHA256 98e9175e54ba719cf7f0bfcc8e043fac4d11babd1b73ba1701ebbdc23e5470f5; exact physical schema and varTable24; effective source_manifest.json records final fall revisions.
2024,F2324_F1A,F_FA,F1C062,00061966,nces:F_FA:00061966:F1C062,F1C062,same_source_variable_identity,nces:F_FA:00061966:F1C062,float,Student services - Salaries and wages,Student services - Salaries and wages,Original IPEDS202425.accdb SHA256 98e9175e54ba719cf7f0bfcc8e043fac4d11babd1b73ba1701ebbdc23e5470f5; exact physical schema and varTable24; effective source_manifest.json records final fall revisions.
2024,F2324_F1A,F_FA,F1C071,00061986,nces:F_FA:00061986:F1C071,F1C071,same_source_variable_identity,nces:F_FA:00061986:F1C071,float,Institutional support - Current year total,Institutional support - Current year total,Original IPEDS202425.accdb SHA256 98e9175e54ba719cf7f0bfcc8e043fac4d11babd1b73ba1701ebbdc23e5470f5; exact physical schema and varTable24; effective source_manifest.json records final fall revisions.
2024,F2324_F1A,F_FA,F1C072,00061991,nces:F_FA:00061991:F1C072,F1C072,same_source_variable_identity,nces:F_FA:00061991:F1C072,float,Institutional support - Salaries and wages,Institutional support - Salaries and wages,Original IPEDS202425.accdb SHA256 98e9175e54ba719cf7f0bfcc8e043fac4d11babd1b73ba1701ebbdc23e5470f5; exact physical schema and varTable24; effective source_manifest.json records final fall revisions.
2024,F2324_F1A,F_FA,F1C101,00062046,nces:F_FA:00062046:F1C101,F1C101,same_source_variable_identity,nces:F_FA:00062046:F1C101,float,Scholarships and fellowships expenses -- Current year total,Scholarships and fellowships expenses -- Current year total,Original IPEDS202425.accdb SHA256 98e9175e54ba719cf7f0bfcc8e043fac4d11babd1b73ba1701ebbdc23e5470f5; exact physical schema and varTable24; effective source_manifest.json records final fall revisions.
2024,F2324_F1A,F_FA,F1C111,00062071,nces:F_FA:00062071:F1C111,F1C111,same_source_variable_identity,nces:F_FA:00062071:F1C111,float,Auxiliary enterprises -- Current year total,Auxiliary enterprises -- Current year total,Original IPEDS202425.accdb SHA256 98e9175e54ba719cf7f0bfcc8e043fac4d11babd1b73ba1701ebbdc23e5470f5; exact physical schema and varTable24; effective source_manifest.json records final fall revisions.
2024,F2324_F1A,F_FA,F1C112,00062076,nces:F_FA:00062076:F1C112,F1C112,same_source_variable_identity,nces:F_FA:00062076:F1C112,float,Auxiliary enterprises -- Salaries and wages,Auxiliary enterprises -- Salaries and wages,Original IPEDS202425.accdb SHA256 98e9175e54ba719cf7f0bfcc8e043fac4d11babd1b73ba1701ebbdc23e5470f5; exact physical schema and varTable24; effective source_manifest.json records final fall revisions.
2024,F2324_F1A,F_FA,F1C121,00062096,nces:F_FA:00062096:F1C121,F1C121,same_source_variable_identity,nces:F_FA:00062096:F1C121,float,Hospital services - Current year total,Hospital services - Current year total,Original IPEDS202425.accdb SHA256 98e9175e54ba719cf7f0bfcc8e043fac4d11babd1b73ba1701ebbdc23e5470f5; exact physical schema and varTable24; effective source_manifest.json records final fall revisions.
2024,F2324_F1A,F_FA,F1C122,00062101,nces:F_FA:00062101:F1C122,F1C122,same_source_variable_identity,nces:F_FA:00062101:F1C122,float,Hospital services - Salaries and wages,Hospital services - Salaries and wages,Original IPEDS202425.accdb SHA256 98e9175e54ba719cf7f0bfcc8e043fac4d11babd1b73ba1701ebbdc23e5470f5; exact physical schema and varTable24; effective source_manifest.json records final fall revisions.
2024,F2324_F1A,F_FA,F1C131,00062121,nces:F_FA:00062121:F1C131,F1C131,same_source_variable_identity,nces:F_FA:00062121:F1C131,float,Independent operations - Current year total,Independent operations - Current year total,Original IPEDS202425.accdb SHA256 98e9175e54ba719cf7f0bfcc8e043fac4d11babd1b73ba1701ebbdc23e5470f5; exact physical schema and varTable24; effective source_manifest.json records final fall revisions.
2024,F2324_F1A,F_FA,F1C132,00062126,nces:F_FA:00062126:F1C132,F1C132,same_source_variable_identity,nces:F_FA:00062126:F1C132,float,Independent operations - Salaries and wages,Independent operations - Salaries and wages,Original IPEDS202425.accdb SHA256 98e9175e54ba719cf7f0bfcc8e043fac4d11babd1b73ba1701ebbdc23e5470f5; exact physical schema and varTable24; effective source_manifest.json records final fall revisions.
2024,F2324_F1A,F_FA,F1C141,00062146,nces:F_FA:00062146:F1C141,F1C141,same_source_variable_identity,nces:F_FA:00062146:F1C141,float,Other expenses  deductions - Current year total,Other expenses  deductions - Current year total,Original IPEDS202425.accdb SHA256 98e9175e54ba719cf7f0bfcc8e043fac4d11babd1b73ba1701ebbdc23e5470f5; exact physical schema and varTable24; effective source_manifest.json records final fall revisions.
2024,F2324_F1A,F_FA,F1C142,00062151,nces:F_FA:00062151:F1C142,F1C142,same_source_variable_identity,nces:F_FA:00062151:F1C142,float,Other expenses  deductions - Salaries and wages,Other expenses  deductions - Salaries and wages,Original IPEDS202425.accdb SHA256 98e9175e54ba719cf7f0bfcc8e043fac4d11babd1b73ba1701ebbdc23e5470f5; exact physical schema and varTable24; effective source_manifest.json records final fall revisions.
2024,F2324_F1A,F_FA,F1C191,00062256,nces:F_FA:00062256:F1C191,F1C191,same_source_variable_identity,nces:F_FA:00062256:F1C191,float,Total expenses and deductions - Current year total,Total expenses and deductions - Current year total,Original IPEDS202425.accdb SHA256 98e9175e54ba719cf7f0bfcc8e043fac4d11babd1b73ba1701ebbdc23e5470f5; exact physical schema and varTable24; effective source_manifest.json records final fall revisions.
2024,F2324_F1A,F_FA,F1C192,00062261,nces:F_FA:00062261:F1C192,F1C192,same_source_variable_identity,nces:F_FA:00062261:F1C192,float,Total expenses  expenses and deductions - Salaries and wages,Total expenses  expenses and deductions - Salaries and wages,Original IPEDS202425.accdb SHA256 98e9175e54ba719cf7f0bfcc8e043fac4d11babd1b73ba1701ebbdc23e5470f5; exact physical schema and varTable24; effective source_manifest.json records final fall revisions.
2024,F2324_F1A,F_FA,F1C193,00062266,nces:F_FA:00062266:F1C193,F1C193,same_source_variable_identity,nces:F_FA:00062266:F1C193,float,Total expenses and deductions - Employee fringe benefits,Total expenses and deductions - Employee fringe benefits,Original IPEDS202425.accdb SHA256 98e9175e54ba719cf7f0bfcc8e043fac4d11babd1b73ba1701ebbdc23e5470f5; exact physical schema and varTable24; effective source_manifest.json records final fall revisions.
2024,F2324_F1A,F_FA,F1C19OM,00062268,nces:F_FA:00062268:F1C19OM,F1C19OM,same_source_variable_identity,nces:F_FA:00062268:F1C19OM,float,Total expenses and deductions - Operations and maintenance of plant,Total expenses and deductions - Operations and maintenance of plant,Original IPEDS202425.accdb SHA256 98e9175e54ba719cf7f0bfcc8e043fac4d11babd1b73ba1701ebbdc23e5470f5; exact physical schema and varTable24; effective source_manifest.json records final fall revisions.
2024,F2324_F1A,F_FA,F1C19DP,00062271,nces:F_FA:00062271:F1C19DP,F1C19DP,same_source_variable_identity,nces:F_FA:00062271:F1C19DP,float,Total expenses  and deductions - Depreciation,Total expenses  and deductions - Depreciation,Original IPEDS202425.accdb SHA256 98e9175e54ba719cf7f0bfcc8e043fac4d11babd1b73ba1701ebbdc23e5470f5; exact physical schema and varTable24; effective source_manifest.json records final fall revisions.
2024,F2324_F1A,F_FA,F1C19IN,00065088,nces:F_FA:00065088:F1C19IN,F1C19IN,same_source_variable_identity,nces:F_FA:00065088:F1C19IN,float,Total expenses deductions - Interest,Total expenses deductions - Interest,Original IPEDS202425.accdb SHA256 98e9175e54ba719cf7f0bfcc8e043fac4d11babd1b73ba1701ebbdc23e5470f5; exact physical schema and varTable24; effective source_manifest.json records final fall revisions.
2024,F2324_F1A,F_FA,F1C19OT,00062276,nces:F_FA:00062276:F1C19OT,F1C19OT,same_source_variable_identity,nces:F_FA:00062276:F1C19OT,float,Total expenses and deductions - Other Natural Expenses and Deductions,Total expenses and deductions - Other Natural Expenses and Deductions,Original IPEDS202425.accdb SHA256 98e9175e54ba719cf7f0bfcc8e043fac4d11babd1b73ba1701ebbdc23e5470f5; exact physical schema and varTable24; effective source_manifest.json records final fall revisions.
2024,F2324_F1A,F_FA,F1MHP,00067051,nces:F_FA:00067051:F1MHP,F1MHP,same_source_variable_identity,nces:F_FA:00067051:F1MHP,categorical string,Pension information reported    ,Pension information reported,Original IPEDS202425.accdb SHA256 98e9175e54ba719cf7f0bfcc8e043fac4d11babd1b73ba1701ebbdc23e5470f5; exact physical schema and varTable24; effective source_manifest.json records final fall revisions.
2024,F2324_F1A,F_FA,F1M01,00067056,nces:F_FA:00067056:F1M01,F1M01,same_source_variable_identity,nces:F_FA:00067056:F1M01,float,Pension expense,Pension expense,Original IPEDS202425.accdb SHA256 98e9175e54ba719cf7f0bfcc8e043fac4d11babd1b73ba1701ebbdc23e5470f5; exact physical schema and varTable24; effective source_manifest.json records final fall revisions.
2024,F2324_F1A,F_FA,F1M02,00067061,nces:F_FA:00067061:F1M02,F1M02,same_source_variable_identity,nces:F_FA:00067061:F1M02,float,Net pension liability ,Net pension liability,Original IPEDS202425.accdb SHA256 98e9175e54ba719cf7f0bfcc8e043fac4d11babd1b73ba1701ebbdc23e5470f5; exact physical schema and varTable24; effective source_manifest.json records final fall revisions.
2024,F2324_F1A,F_FA,F1M03,00067066,nces:F_FA:00067066:F1M03,F1M03,same_source_variable_identity,nces:F_FA:00067066:F1M03,float,Deferred inflows of resources related to pension,Deferred inflows of resources related to pension,Original IPEDS202425.accdb SHA256 98e9175e54ba719cf7f0bfcc8e043fac4d11babd1b73ba1701ebbdc23e5470f5; exact physical schema and varTable24; effective source_manifest.json records final fall revisions.
2024,F2324_F1A,F_FA,F1M04,00067071,nces:F_FA:00067071:F1M04,F1M04,same_source_variable_identity,nces:F_FA:00067071:F1M04,float,Deferred outflows of resources related to pension,Deferred outflows of resources related to pension,Original IPEDS202425.accdb SHA256 98e9175e54ba719cf7f0bfcc8e043fac4d11babd1b73ba1701ebbdc23e5470f5; exact physical schema and varTable24; effective source_manifest.json records final fall revisions.
2024,F2324_F1A,F_FA,F1MHOP,00067052,nces:F_FA:00067052:F1MHOP,F1MHOP,same_source_variable_identity,nces:F_FA:00067052:F1MHOP,categorical string,Postemployment benefits other than pension (OPEB)  reported,Postemployment benefits other than pension (OPEB)  reported,Original IPEDS202425.accdb SHA256 98e9175e54ba719cf7f0bfcc8e043fac4d11babd1b73ba1701ebbdc23e5470f5; exact physical schema and varTable24; effective source_manifest.json records final fall revisions.
2024,F2324_F1A,F_FA,F1M05,00067076,nces:F_FA:00067076:F1M05,F1M05,same_source_variable_identity,nces:F_FA:00067076:F1M05,float,Other postemployment benefit (OPEB) expense,Other postemployment benefit (OPEB) expense,Original IPEDS202425.accdb SHA256 98e9175e54ba719cf7f0bfcc8e043fac4d11babd1b73ba1701ebbdc23e5470f5; exact physical schema and varTable24; effective source_manifest.json records final fall revisions.
2024,F2324_F1A,F_FA,F1M06,00067081,nces:F_FA:00067081:F1M06,F1M06,same_source_variable_identity,nces:F_FA:00067081:F1M06,float,Other postemployment benefit (OPEB) net  liability,Other postemployment benefit (OPEB) net  liability,Original IPEDS202425.accdb SHA256 98e9175e54ba719cf7f0bfcc8e043fac4d11babd1b73ba1701ebbdc23e5470f5; exact physical schema and varTable24; effective source_manifest.json records final fall revisions.
2024,F2324_F1A,F_FA,F1M07,00067086,nces:F_FA:00067086:F1M07,F1M07,same_source_variable_identity,nces:F_FA:00067086:F1M07,float,Deferred inflows related to other postemployment benefit (OPEB),Deferred inflows related to other postemployment benefit (OPEB),Original IPEDS202425.accdb SHA256 98e9175e54ba719cf7f0bfcc8e043fac4d11babd1b73ba1701ebbdc23e5470f5; exact physical schema and varTable24; effective source_manifest.json records final fall revisions.
2024,F2324_F1A,F_FA,F1M08,00067091,nces:F_FA:00067091:F1M08,F1M08,same_source_variable_identity,nces:F_FA:00067091:F1M08,float,Deferred outflows related to other postemployment benefit (OPEB),Deferred outflows related to other postemployment benefit (OPEB),Original IPEDS202425.accdb SHA256 98e9175e54ba719cf7f0bfcc8e043fac4d11babd1b73ba1701ebbdc23e5470f5; exact physical schema and varTable24; effective source_manifest.json records final fall revisions.
2024,F2324_F1A,F_FA,F1E01,00062321,nces:F_FA:00062321:F1E01,F1E01,same_source_variable_identity,nces:F_FA:00062321:F1E01,float,Pell grants (federal),Pell grants (federal),Original IPEDS202425.accdb SHA256 98e9175e54ba719cf7f0bfcc8e043fac4d11babd1b73ba1701ebbdc23e5470f5; exact physical schema and varTable24; effective source_manifest.json records final fall revisions.
2024,F2324_F1A,F_FA,F1E02,00062326,nces:F_FA:00062326:F1E02,F1E02,same_source_variable_identity,nces:F_FA:00062326:F1E02,float,Other federal grants,Other federal grants,Original IPEDS202425.accdb SHA256 98e9175e54ba719cf7f0bfcc8e043fac4d11babd1b73ba1701ebbdc23e5470f5; exact physical schema and varTable24; effective source_manifest.json records final fall revisions.
2024,F2324_F1A,F_FA,F1E03,00062331,nces:F_FA:00062331:F1E03,F1E03,same_source_variable_identity,nces:F_FA:00062331:F1E03,float,Grants by state government,Grants by state government,Original IPEDS202425.accdb SHA256 98e9175e54ba719cf7f0bfcc8e043fac4d11babd1b73ba1701ebbdc23e5470f5; exact physical schema and varTable24; effective source_manifest.json records final fall revisions.
2024,F2324_F1A,F_FA,F1E04,00062336,nces:F_FA:00062336:F1E04,F1E04,same_source_variable_identity,nces:F_FA:00062336:F1E04,float,Grants by local government,Grants by local government,Original IPEDS202425.accdb SHA256 98e9175e54ba719cf7f0bfcc8e043fac4d11babd1b73ba1701ebbdc23e5470f5; exact physical schema and varTable24; effective source_manifest.json records final fall revisions.
2024,F2324_F1A,F_FA,F1E05,00062341,nces:F_FA:00062341:F1E05,F1E05,same_source_variable_identity,nces:F_FA:00062341:F1E05,float,Institutional grants from restricted resources,Institutional grants from restricted resources,Original IPEDS202425.accdb SHA256 98e9175e54ba719cf7f0bfcc8e043fac4d11babd1b73ba1701ebbdc23e5470f5; exact physical schema and varTable24; effective source_manifest.json records final fall revisions.
2024,F2324_F1A,F_FA,F1E06,00062346,nces:F_FA:00062346:F1E06,F1E06,same_source_variable_identity,nces:F_FA:00062346:F1E06,float,Institutional grants from unrestricted resources ,Institutional grants from unrestricted resources,Original IPEDS202425.accdb SHA256 98e9175e54ba719cf7f0bfcc8e043fac4d11babd1b73ba1701ebbdc23e5470f5; exact physical schema and varTable24; effective source_manifest.json records final fall revisions.
2024,F2324_F1A,F_FA,F1E07,00062351,nces:F_FA:00062351:F1E07,F1E07,same_source_variable_identity,nces:F_FA:00062351:F1E07,float,Total gross scholarships and fellowships,Total gross scholarships and fellowships,Original IPEDS202425.accdb SHA256 98e9175e54ba719cf7f0bfcc8e043fac4d11babd1b73ba1701ebbdc23e5470f5; exact physical schema and varTable24; effective source_manifest.json records final fall revisions.
2024,F2324_F1A,F_FA,F1E08,00062356,nces:F_FA:00062356:F1E08,F1E08,same_source_variable_identity,nces:F_FA:00062356:F1E08,float,Discounts and allowances applied to tuition and fees,Discounts and allowances applied to tuition and fees,Original IPEDS202425.accdb SHA256 98e9175e54ba719cf7f0bfcc8e043fac4d11babd1b73ba1701ebbdc23e5470f5; exact physical schema and varTable24; effective source_manifest.json records final fall revisions.
2024,F2324_F1A,F_FA,F1E09,00062361,nces:F_FA:00062361:F1E09,F1E09,same_source_variable_identity,nces:F_FA:00062361:F1E09,float,Discounts and allowances applied to sales & services of auxiliary enterprises,Discounts and allowances applied to sales & services of auxiliary enterprises,Original IPEDS202425.accdb SHA256 98e9175e54ba719cf7f0bfcc8e043fac4d11babd1b73ba1701ebbdc23e5470f5; exact physical schema and varTable24; effective source_manifest.json records final fall revisions.
2024,F2324_F1A,F_FA,F1E10,00062366,nces:F_FA:00062366:F1E10,F1E10,same_source_variable_identity,nces:F_FA:00062366:F1E10,float,Total discounts and allowances,Total discounts and allowances,Original IPEDS202425.accdb SHA256 98e9175e54ba719cf7f0bfcc8e043fac4d11babd1b73ba1701ebbdc23e5470f5; exact physical schema and varTable24; effective source_manifest.json records final fall revisions.
2024,F2324_F1A,F_FA,F1E11,00062371,nces:F_FA:00062371:F1E11,F1E11,same_source_variable_identity,nces:F_FA:00062371:F1E11,float,Net scholarships and fellowship expenses,Net scholarships and fellowship expenses,Original IPEDS202425.accdb SHA256 98e9175e54ba719cf7f0bfcc8e043fac4d11babd1b73ba1701ebbdc23e5470f5; exact physical schema and varTable24; effective source_manifest.json records final fall revisions.
2024,F2324_F1A,F_FA,F1E12,00062378,nces:F_FA:00062378:F1E12,F1E12,same_source_variable_identity,nces:F_FA:00062378:F1E12,float,Total   discounts and   allowances from Pell grants,Total  discounts and  allowances from Pell grants,Original IPEDS202425.accdb SHA256 98e9175e54ba719cf7f0bfcc8e043fac4d11babd1b73ba1701ebbdc23e5470f5; exact physical schema and varTable24; effective source_manifest.json records final fall revisions.
2024,F2324_F1A,F_FA,F1E121,00062380,nces:F_FA:00062380:F1E121,F1E121,same_source_variable_identity,nces:F_FA:00062380:F1E121,float,Discounts and   allowances from Pell grants applied to tuition and fees,Discounts and  allowances from Pell grants applied to tuition and fees,Original IPEDS202425.accdb SHA256 98e9175e54ba719cf7f0bfcc8e043fac4d11babd1b73ba1701ebbdc23e5470f5; exact physical schema and varTable24; effective source_manifest.json records final fall revisions.
2024,F2324_F1A,F_FA,F1E122,00062382,nces:F_FA:00062382:F1E122,F1E122,same_source_variable_identity,nces:F_FA:00062382:F1E122,float,Discounts and allowances from Pell grants applied to auxiliary enterprises,Discounts and allowances from Pell grants applied to auxiliary enterprises,Original IPEDS202425.accdb SHA256 98e9175e54ba719cf7f0bfcc8e043fac4d11babd1b73ba1701ebbdc23e5470f5; exact physical schema and varTable24; effective source_manifest.json records final fall revisions.
2024,F2324_F1A,F_FA,F1E13,00062384,nces:F_FA:00062384:F1E13,F1E13,same_source_variable_identity,nces:F_FA:00062384:F1E13,float,Total discounts and allowances from other federal grants,Total discounts and allowances from other federal grants,Original IPEDS202425.accdb SHA256 98e9175e54ba719cf7f0bfcc8e043fac4d11babd1b73ba1701ebbdc23e5470f5; exact physical schema and varTable24; effective source_manifest.json records final fall revisions.
2024,F2324_F1A,F_FA,F1E131,00062386,nces:F_FA:00062386:F1E131,F1E131,same_source_variable_identity,nces:F_FA:00062386:F1E131,float,Discounts and allowances from other federal grants applied to tuition and fees,Discounts and allowances from other federal grants applied to tuition and fees,Original IPEDS202425.accdb SHA256 98e9175e54ba719cf7f0bfcc8e043fac4d11babd1b73ba1701ebbdc23e5470f5; exact physical schema and varTable24; effective source_manifest.json records final fall revisions.
2024,F2324_F1A,F_FA,F1E132,00062388,nces:F_FA:00062388:F1E132,F1E132,same_source_variable_identity,nces:F_FA:00062388:F1E132,float,Discounts and allowances from other federal grants applied to auxiliary enterprises,Discounts and allowances from other federal grants applied to auxiliary enterprises,Original IPEDS202425.accdb SHA256 98e9175e54ba719cf7f0bfcc8e043fac4d11babd1b73ba1701ebbdc23e5470f5; exact physical schema and varTable24; effective source_manifest.json records final fall revisions.
2024,F2324_F1A,F_FA,F1E14,00062390,nces:F_FA:00062390:F1E14,F1E14,same_source_variable_identity,nces:F_FA:00062390:F1E14,float,Total discounts and allowances from state government grants,Total discounts and allowances from state government grants,Original IPEDS202425.accdb SHA256 98e9175e54ba719cf7f0bfcc8e043fac4d11babd1b73ba1701ebbdc23e5470f5; exact physical schema and varTable24; effective source_manifest.json records final fall revisions.
2024,F2324_F1A,F_FA,F1E141,00062392,nces:F_FA:00062392:F1E141,F1E141,same_source_variable_identity,nces:F_FA:00062392:F1E141,float,Discounts and allowances from state government grants applied to tuition and fees,Discounts and allowances from state government grants applied to tuition and fees,Original IPEDS202425.accdb SHA256 98e9175e54ba719cf7f0bfcc8e043fac4d11babd1b73ba1701ebbdc23e5470f5; exact physical schema and varTable24; effective source_manifest.json records final fall revisions.
2024,F2324_F1A,F_FA,F1E142,00062394,nces:F_FA:00062394:F1E142,F1E142,same_source_variable_identity,nces:F_FA:00062394:F1E142,float,Discounts and allowances from state government grants applied to auxiliary enterprises,Discounts and allowances from state government grants applied to auxiliary enterprises,Original IPEDS202425.accdb SHA256 98e9175e54ba719cf7f0bfcc8e043fac4d11babd1b73ba1701ebbdc23e5470f5; exact physical schema and varTable24; effective source_manifest.json records final fall revisions.
2024,F2324_F1A,F_FA,F1E15,00062396,nces:F_FA:00062396:F1E15,F1E15,same_source_variable_identity,nces:F_FA:00062396:F1E15,float,Discounts and allowances from local government grants,Discounts and allowances from local government grants,Original IPEDS202425.accdb SHA256 98e9175e54ba719cf7f0bfcc8e043fac4d11babd1b73ba1701ebbdc23e5470f5; exact physical schema and varTable24; effective source_manifest.json records final fall revisions.
2024,F2324_F1A,F_FA,F1E151,00062398,nces:F_FA:00062398:F1E151,F1E151,same_source_variable_identity,nces:F_FA:00062398:F1E151,float,Discounts and allowances from local government grants applied to tuition and fees,Discounts and allowances from local government grants applied to tuition and fees,Original IPEDS202425.accdb SHA256 98e9175e54ba719cf7f0bfcc8e043fac4d11babd1b73ba1701ebbdc23e5470f5; exact physical schema and varTable24; effective source_manifest.json records final fall revisions.
2024,F2324_F1A,F_FA,F1E152,00062400,nces:F_FA:00062400:F1E152,F1E152,same_source_variable_identity,nces:F_FA:00062400:F1E152,float,Discounts and allowances from local government grants applied to auxiliary   enterprises,Discounts and allowances from local government grants applied to auxiliary   enterprises,Original IPEDS202425.accdb SHA256 98e9175e54ba719cf7f0bfcc8e043fac4d11babd1b73ba1701ebbdc23e5470f5; exact physical schema and varTable24; effective source_manifest.json records final fall revisions.
2024,F2324_F1A,F_FA,F1E16,00062402,nces:F_FA:00062402:F1E16,F1E16,same_source_variable_identity,nces:F_FA:00062402:F1E16,float,Total discounts and allowances from endowments and gifts,Total discounts and allowances from endowments and gifts,Original IPEDS202425.accdb SHA256 98e9175e54ba719cf7f0bfcc8e043fac4d11babd1b73ba1701ebbdc23e5470f5; exact physical schema and varTable24; effective source_manifest.json records final fall revisions.
2024,F2324_F1A,F_FA,F1E161,00062404,nces:F_FA:00062404:F1E161,F1E161,same_source_variable_identity,nces:F_FA:00062404:F1E161,float,Discounts and allowances from endowments and gifts applied to tuition and fees,Discounts and allowances from endowments and gifts applied to tuition and fees,Original IPEDS202425.accdb SHA256 98e9175e54ba719cf7f0bfcc8e043fac4d11babd1b73ba1701ebbdc23e5470f5; exact physical schema and varTable24; effective source_manifest.json records final fall revisions.
2024,F2324_F1A,F_FA,F1E162,00062406,nces:F_FA:00062406:F1E162,F1E162,same_source_variable_identity,nces:F_FA:00062406:F1E162,float,Discounts and allowances from endowments and gifts applied to auxiliary enterprises,Discounts and allowances from endowments and gifts applied to auxiliary enterprises,Original IPEDS202425.accdb SHA256 98e9175e54ba719cf7f0bfcc8e043fac4d11babd1b73ba1701ebbdc23e5470f5; exact physical schema and varTable24; effective source_manifest.json records final fall revisions.
2024,F2324_F1A,F_FA,F1E17,00062408,nces:F_FA:00062408:F1E17,F1E17,same_source_variable_identity,nces:F_FA:00062408:F1E17,float,Total discounts and   allowances from other institutional sources,Total discounts and  allowances from other institutional sources,Original IPEDS202425.accdb SHA256 98e9175e54ba719cf7f0bfcc8e043fac4d11babd1b73ba1701ebbdc23e5470f5; exact physical schema and varTable24; effective source_manifest.json records final fall revisions.
2024,F2324_F1A,F_FA,F1E171,00062410,nces:F_FA:00062410:F1E171,F1E171,same_source_variable_identity,nces:F_FA:00062410:F1E171,float,Discounts and   allowances from other institutional sources applied to tuition and fees,Discounts and   allowances from other institutional sources applied to tuition and fees,Original IPEDS202425.accdb SHA256 98e9175e54ba719cf7f0bfcc8e043fac4d11babd1b73ba1701ebbdc23e5470f5; exact physical schema and varTable24; effective source_manifest.json records final fall revisions.
2024,F2324_F1A,F_FA,F1E172,00062412,nces:F_FA:00062412:F1E172,F1E172,same_source_variable_identity,nces:F_FA:00062412:F1E172,float,Discounts and allowances from other institutional sources applied to auxiliary enterprises,Discounts and allowances from other institutional sources applied to auxiliary enterprises,Original IPEDS202425.accdb SHA256 98e9175e54ba719cf7f0bfcc8e043fac4d11babd1b73ba1701ebbdc23e5470f5; exact physical schema and varTable24; effective source_manifest.json records final fall revisions.
2024,F2324_F1A,F_FA,F1FHA,00062376,nces:F_FA:00062376:F1FHA,F1FHA,same_source_variable_identity,nces:F_FA:00062376:F1FHA,categorical string,Does this institution or any of its foundations or other affiliated organizations own endowment assets ?,Does this institution or any of its foundations or other affiliated organizations own endowment assets ?,Original IPEDS202425.accdb SHA256 98e9175e54ba719cf7f0bfcc8e043fac4d11babd1b73ba1701ebbdc23e5470f5; exact physical schema and varTable24; effective source_manifest.json records final fall revisions.
2024,F2324_F1A,F_FA,F1H01,00062311,nces:F_FA:00062311:F1H01,F1H01,same_source_variable_identity,nces:F_FA:00062311:F1H01,float,Value of endowment assets at the beginning of the fiscal year  ,Value of endowment assets at the beginning of the fiscal year,Original IPEDS202425.accdb SHA256 98e9175e54ba719cf7f0bfcc8e043fac4d11babd1b73ba1701ebbdc23e5470f5; exact physical schema and varTable24; effective source_manifest.json records final fall revisions.
2024,F2324_F1A,F_FA,F1H02,00062316,nces:F_FA:00062316:F1H02,F1H02,same_source_variable_identity,nces:F_FA:00062316:F1H02,float,Value of endowment assets at the end of the fiscal year  ,Value of endowment assets at the end of the fiscal year,Original IPEDS202425.accdb SHA256 98e9175e54ba719cf7f0bfcc8e043fac4d11babd1b73ba1701ebbdc23e5470f5; exact physical schema and varTable24; effective source_manifest.json records final fall revisions.
2024,F2324_F1A,F_FA,F1H03,00062414,nces:F_FA:00062414:F1H03,F1H03,same_source_variable_identity,nces:F_FA:00062414:F1H03,float,Change in value of endowment net assets,Change in value of endowment net assets,Original IPEDS202425.accdb SHA256 98e9175e54ba719cf7f0bfcc8e043fac4d11babd1b73ba1701ebbdc23e5470f5; exact physical schema and varTable24; effective source_manifest.json records final fall revisions.
2024,F2324_F1A,F_FA,F1H03A,00062416,nces:F_FA:00062416:F1H03A,F1H03A,same_source_variable_identity,nces:F_FA:00062416:F1H03A,float,New gifts and additions,New gifts and additions,Original IPEDS202425.accdb SHA256 98e9175e54ba719cf7f0bfcc8e043fac4d11babd1b73ba1701ebbdc23e5470f5; exact physical schema and varTable24; effective source_manifest.json records final fall revisions.
2024,F2324_F1A,F_FA,F1H03B,00062418,nces:F_FA:00062418:F1H03B,F1H03B,same_source_variable_identity,nces:F_FA:00062418:F1H03B,float,Endowment net investment return,Endowment net investment return,Original IPEDS202425.accdb SHA256 98e9175e54ba719cf7f0bfcc8e043fac4d11babd1b73ba1701ebbdc23e5470f5; exact physical schema and varTable24; effective source_manifest.json records final fall revisions.
2024,F2324_F1A,F_FA,F1H03C,00062420,nces:F_FA:00062420:F1H03C,F1H03C,same_source_variable_identity,nces:F_FA:00062420:F1H03C,float,Spending distribution for current use,Spending distribution for current use,Original IPEDS202425.accdb SHA256 98e9175e54ba719cf7f0bfcc8e043fac4d11babd1b73ba1701ebbdc23e5470f5; exact physical schema and varTable24; effective source_manifest.json records final fall revisions.
2024,F2324_F1A,F_FA,F1H03D,00062422,nces:F_FA:00062422:F1H03D,F1H03D,same_source_variable_identity,nces:F_FA:00062422:F1H03D,float,Other changes in value of endowment net assets,Other changes in value of endowment net assets,Original IPEDS202425.accdb SHA256 98e9175e54ba719cf7f0bfcc8e043fac4d11babd1b73ba1701ebbdc23e5470f5; exact physical schema and varTable24; effective source_manifest.json records final fall revisions.
2024,F2324_F1A,F_FA,F1N01,00062426,nces:F_FA:00062426:F1N01,F1N01,same_source_variable_identity,nces:F_FA:00062426:F1N01,float,Operating income (Loss) + net nonoperating revenues (expenses),Operating income (Loss) + net nonoperating revenues (expenses),Original IPEDS202425.accdb SHA256 98e9175e54ba719cf7f0bfcc8e043fac4d11babd1b73ba1701ebbdc23e5470f5; exact physical schema and varTable24; effective source_manifest.json records final fall revisions.
2024,F2324_F1A,F_FA,F1N02,00062428,nces:F_FA:00062428:F1N02,F1N02,same_source_variable_identity,nces:F_FA:00062428:F1N02,float,Operating revenues + nonoperating revenues,Operating revenues + nonoperating revenues,Original IPEDS202425.accdb SHA256 98e9175e54ba719cf7f0bfcc8e043fac4d11babd1b73ba1701ebbdc23e5470f5; exact physical schema and varTable24; effective source_manifest.json records final fall revisions.
2024,F2324_F1A,F_FA,F1N03,00062430,nces:F_FA:00062430:F1N03,F1N03,same_source_variable_identity,nces:F_FA:00062430:F1N03,float,Change in net position,Change in net position,Original IPEDS202425.accdb SHA256 98e9175e54ba719cf7f0bfcc8e043fac4d11babd1b73ba1701ebbdc23e5470f5; exact physical schema and varTable24; effective source_manifest.json records final fall revisions.
2024,F2324_F1A,F_FA,F1N04,00062432,nces:F_FA:00062432:F1N04,F1N04,same_source_variable_identity,nces:F_FA:00062432:F1N04,float,Net position,Net position,Original IPEDS202425.accdb SHA256 98e9175e54ba719cf7f0bfcc8e043fac4d11babd1b73ba1701ebbdc23e5470f5; exact physical schema and varTable24; effective source_manifest.json records final fall revisions.
2024,F2324_F1A,F_FA,F1N05,00062434,nces:F_FA:00062434:F1N05,F1N05,same_source_variable_identity,nces:F_FA:00062434:F1N05,float,Expendable net assets,Expendable net assets,Original IPEDS202425.accdb SHA256 98e9175e54ba719cf7f0bfcc8e043fac4d11babd1b73ba1701ebbdc23e5470f5; exact physical schema and varTable24; effective source_manifest.json records final fall revisions.
2024,F2324_F1A,F_FA,F1N06,00062436,nces:F_FA:00062436:F1N06,F1N06,same_source_variable_identity,nces:F_FA:00062436:F1N06,float,Plant-related debt,Plant-related debt,Original IPEDS202425.accdb SHA256 98e9175e54ba719cf7f0bfcc8e043fac4d11babd1b73ba1701ebbdc23e5470f5; exact physical schema and varTable24; effective source_manifest.json records final fall revisions.
2024,F2324_F1A,F_FA,F1N07,00062438,nces:F_FA:00062438:F1N07,F1N07,same_source_variable_identity,nces:F_FA:00062438:F1N07,float,Total expenses,Total expenses,Original IPEDS202425.accdb SHA256 98e9175e54ba719cf7f0bfcc8e043fac4d11babd1b73ba1701ebbdc23e5470f5; exact physical schema and varTable24; effective source_manifest.json records final fall revisions.
2024,F2324_F2,F_F,F2A01,00060606,nces:F_F:00060606:F2A01,F2A01,same_source_variable_identity,nces:F_F:00060606:F2A01,float,Long-term investments,Long-term investments,Original IPEDS202425.accdb SHA256 98e9175e54ba719cf7f0bfcc8e043fac4d11babd1b73ba1701ebbdc23e5470f5; exact physical schema and varTable24; effective source_manifest.json records final fall revisions.
2024,F2324_F2,F_F,F2A19,00065121,nces:F_F:00065121:F2A19,F2A19,same_source_variable_identity,nces:F_F:00065121:F2A19,float,"Property, Plant, and Equipment, net of accumulated depreciation ","Property, Plant, and Equipment, net of accumulated depreciation",Original IPEDS202425.accdb SHA256 98e9175e54ba719cf7f0bfcc8e043fac4d11babd1b73ba1701ebbdc23e5470f5; exact physical schema and varTable24; effective source_manifest.json records final fall revisions.
2024,F2324_F2,F_F,F2A20,00065126,nces:F_F:00065126:F2A20,F2A20,same_source_variable_identity,nces:F_F:00065126:F2A20,float,"Intangible Assets, net of accumulated amortization","Intangible Assets, net of accumulated amortization",Original IPEDS202425.accdb SHA256 98e9175e54ba719cf7f0bfcc8e043fac4d11babd1b73ba1701ebbdc23e5470f5; exact physical schema and varTable24; effective source_manifest.json records final fall revisions.
2024,F2324_F2,F_F,F2A02,00060611,nces:F_F:00060611:F2A02,F2A02,same_source_variable_identity,nces:F_F:00060611:F2A02,float,Total assets,Total assets,Original IPEDS202425.accdb SHA256 98e9175e54ba719cf7f0bfcc8e043fac4d11babd1b73ba1701ebbdc23e5470f5; exact physical schema and varTable24; effective source_manifest.json records final fall revisions.
2024,F2324_F2,F_F,F2A03,00060616,nces:F_F:00060616:F2A03,F2A03,same_source_variable_identity,nces:F_F:00060616:F2A03,float,Total liabilities,Total liabilities,Original IPEDS202425.accdb SHA256 98e9175e54ba719cf7f0bfcc8e043fac4d11babd1b73ba1701ebbdc23e5470f5; exact physical schema and varTable24; effective source_manifest.json records final fall revisions.
2024,F2324_F2,F_F,F2A03A,00065091,nces:F_F:00065091:F2A03A,F2A03A,same_source_variable_identity,nces:F_F:00065091:F2A03A,float,"Debt related to Property, Plant, and Equipment","Debt related to Property, Plant, and Equipment",Original IPEDS202425.accdb SHA256 98e9175e54ba719cf7f0bfcc8e043fac4d11babd1b73ba1701ebbdc23e5470f5; exact physical schema and varTable24; effective source_manifest.json records final fall revisions.
2024,F2324_F2,F_F,F2A04,00060621,nces:F_F:00060621:F2A04,F2A04,same_source_variable_identity,nces:F_F:00060621:F2A04,float,Total unrestricted net assets,Total unrestricted net assets,Original IPEDS202425.accdb SHA256 98e9175e54ba719cf7f0bfcc8e043fac4d11babd1b73ba1701ebbdc23e5470f5; exact physical schema and varTable24; effective source_manifest.json records final fall revisions.
2024,F2324_F2,F_F,F2A05,00060626,nces:F_F:00060626:F2A05,F2A05,same_source_variable_identity,nces:F_F:00060626:F2A05,float,Total restricted net assets,Total restricted net assets,Original IPEDS202425.accdb SHA256 98e9175e54ba719cf7f0bfcc8e043fac4d11babd1b73ba1701ebbdc23e5470f5; exact physical schema and varTable24; effective source_manifest.json records final fall revisions.
2024,F2324_F2,F_F,F2A05A,00064825,nces:F_F:00064825:F2A05A,F2A05A,same_source_variable_identity,nces:F_F:00064825:F2A05A,float,Permanently restricted net assets included in total restricted net assets,Permanently restricted net assets included in total restricted net assets,Original IPEDS202425.accdb SHA256 98e9175e54ba719cf7f0bfcc8e043fac4d11babd1b73ba1701ebbdc23e5470f5; exact physical schema and varTable24; effective source_manifest.json records final fall revisions.
2024,F2324_F2,F_F,F2A05B,00065096,nces:F_F:00065096:F2A05B,F2A05B,same_source_variable_identity,nces:F_F:00065096:F2A05B,float,Temporarily restricted net assets,Temporarily restricted net assets,Original IPEDS202425.accdb SHA256 98e9175e54ba719cf7f0bfcc8e043fac4d11babd1b73ba1701ebbdc23e5470f5; exact physical schema and varTable24; effective source_manifest.json records final fall revisions.
2024,F2324_F2,F_F,F2A06,00060631,nces:F_F:00060631:F2A06,F2A06,same_source_variable_identity,nces:F_F:00060631:F2A06,float,Total net assets,Total net assets,Original IPEDS202425.accdb SHA256 98e9175e54ba719cf7f0bfcc8e043fac4d11babd1b73ba1701ebbdc23e5470f5; exact physical schema and varTable24; effective source_manifest.json records final fall revisions.
2024,F2324_F2,F_F,F2A11,00060636,nces:F_F:00060636:F2A11,F2A11,same_source_variable_identity,nces:F_F:00060636:F2A11,float,Land  improvements - End of year,Land  improvements - End of year,Original IPEDS202425.accdb SHA256 98e9175e54ba719cf7f0bfcc8e043fac4d11babd1b73ba1701ebbdc23e5470f5; exact physical schema and varTable24; effective source_manifest.json records final fall revisions.
2024,F2324_F2,F_F,F2A12,00060641,nces:F_F:00060641:F2A12,F2A12,same_source_variable_identity,nces:F_F:00060641:F2A12,float,Buildings - End of year,Buildings - End of year,Original IPEDS202425.accdb SHA256 98e9175e54ba719cf7f0bfcc8e043fac4d11babd1b73ba1701ebbdc23e5470f5; exact physical schema and varTable24; effective source_manifest.json records final fall revisions.
2024,F2324_F2,F_F,F2A13,00060646,nces:F_F:00060646:F2A13,F2A13,same_source_variable_identity,nces:F_F:00060646:F2A13,float,"Equipment, including art and library collections - End of year","Equipment, including art and library collections - End of year",Original IPEDS202425.accdb SHA256 98e9175e54ba719cf7f0bfcc8e043fac4d11babd1b73ba1701ebbdc23e5470f5; exact physical schema and varTable24; effective source_manifest.json records final fall revisions.
2024,F2324_F2,F_F,F2A15,00065101,nces:F_F:00065101:F2A15,F2A15,same_source_variable_identity,nces:F_F:00065101:F2A15,float,Construction in Progress,Construction in Progress,Original IPEDS202425.accdb SHA256 98e9175e54ba719cf7f0bfcc8e043fac4d11babd1b73ba1701ebbdc23e5470f5; exact physical schema and varTable24; effective source_manifest.json records final fall revisions.
2024,F2324_F2,F_F,F2A16,00065106,nces:F_F:00065106:F2A16,F2A16,same_source_variable_identity,nces:F_F:00065106:F2A16,float,"Other plant, property and equipment","Other plant, property and equipment",Original IPEDS202425.accdb SHA256 98e9175e54ba719cf7f0bfcc8e043fac4d11babd1b73ba1701ebbdc23e5470f5; exact physical schema and varTable24; effective source_manifest.json records final fall revisions.
2024,F2324_F2,F_F,F2A17,00065111,nces:F_F:00065111:F2A17,F2A17,same_source_variable_identity,nces:F_F:00065111:F2A17,float,"Total Plant, Property, and Equipment","Total Plant, Property, and Equipment",Original IPEDS202425.accdb SHA256 98e9175e54ba719cf7f0bfcc8e043fac4d11babd1b73ba1701ebbdc23e5470f5; exact physical schema and varTable24; effective source_manifest.json records final fall revisions.
2024,F2324_F2,F_F,F2A18,00065116,nces:F_F:00065116:F2A18,F2A18,same_source_variable_identity,nces:F_F:00065116:F2A18,float,Accumulated depreciation,Accumulated depreciation,Original IPEDS202425.accdb SHA256 98e9175e54ba719cf7f0bfcc8e043fac4d11babd1b73ba1701ebbdc23e5470f5; exact physical schema and varTable24; effective source_manifest.json records final fall revisions.
2024,F2324_F2,F_F,F2B01,00060656,nces:F_F:00060656:F2B01,F2B01,same_source_variable_identity,nces:F_F:00060656:F2B01,float,Total revenues and investment return ,Total revenues and investment return,Original IPEDS202425.accdb SHA256 98e9175e54ba719cf7f0bfcc8e043fac4d11babd1b73ba1701ebbdc23e5470f5; exact physical schema and varTable24; effective source_manifest.json records final fall revisions.
2024,F2324_F2,F_F,F2B02,00060661,nces:F_F:00060661:F2B02,F2B02,same_source_variable_identity,nces:F_F:00060661:F2B02,float,Total expenses ,Total expenses,Original IPEDS202425.accdb SHA256 98e9175e54ba719cf7f0bfcc8e043fac4d11babd1b73ba1701ebbdc23e5470f5; exact physical schema and varTable24; effective source_manifest.json records final fall revisions.
2024,F2324_F2,F_F,F2B03,00060666,nces:F_F:00060666:F2B03,F2B03,same_source_variable_identity,nces:F_F:00060666:F2B03,float,Other specific changes in net assets,Other specific changes in net assets,Original IPEDS202425.accdb SHA256 98e9175e54ba719cf7f0bfcc8e043fac4d11babd1b73ba1701ebbdc23e5470f5; exact physical schema and varTable24; effective source_manifest.json records final fall revisions.
2024,F2324_F2,F_F,F2B04,00060671,nces:F_F:00060671:F2B04,F2B04,same_source_variable_identity,nces:F_F:00060671:F2B04,float,Total change in net assets,Total change in net assets,Original IPEDS202425.accdb SHA256 98e9175e54ba719cf7f0bfcc8e043fac4d11babd1b73ba1701ebbdc23e5470f5; exact physical schema and varTable24; effective source_manifest.json records final fall revisions.
2024,F2324_F2,F_F,F2B05,00060676,nces:F_F:00060676:F2B05,F2B05,same_source_variable_identity,nces:F_F:00060676:F2B05,float,"Net assets, beginning of the year","Net assets, beginning of the year",Original IPEDS202425.accdb SHA256 98e9175e54ba719cf7f0bfcc8e043fac4d11babd1b73ba1701ebbdc23e5470f5; exact physical schema and varTable24; effective source_manifest.json records final fall revisions.
2024,F2324_F2,F_F,F2B06,00060681,nces:F_F:00060681:F2B06,F2B06,same_source_variable_identity,nces:F_F:00060681:F2B06,float,Adjustments to beginning of year net assets,Adjustments to beginning of year net assets,Original IPEDS202425.accdb SHA256 98e9175e54ba719cf7f0bfcc8e043fac4d11babd1b73ba1701ebbdc23e5470f5; exact physical schema and varTable24; effective source_manifest.json records final fall revisions.
2024,F2324_F2,F_F,F2B07,00060686,nces:F_F:00060686:F2B07,F2B07,same_source_variable_identity,nces:F_F:00060686:F2B07,float,"Net assets, end of the year","Net assets, end of the year",Original IPEDS202425.accdb SHA256 98e9175e54ba719cf7f0bfcc8e043fac4d11babd1b73ba1701ebbdc23e5470f5; exact physical schema and varTable24; effective source_manifest.json records final fall revisions.
2024,F2324_F2,F_F,F2C01,00060691,nces:F_F:00060691:F2C01,F2C01,same_source_variable_identity,nces:F_F:00060691:F2C01,float,Pell grants,Pell grants,Original IPEDS202425.accdb SHA256 98e9175e54ba719cf7f0bfcc8e043fac4d11babd1b73ba1701ebbdc23e5470f5; exact physical schema and varTable24; effective source_manifest.json records final fall revisions.
2024,F2324_F2,F_F,F2C02,00060696,nces:F_F:00060696:F2C02,F2C02,same_source_variable_identity,nces:F_F:00060696:F2C02,float,Other federal grants,Other federal grants,Original IPEDS202425.accdb SHA256 98e9175e54ba719cf7f0bfcc8e043fac4d11babd1b73ba1701ebbdc23e5470f5; exact physical schema and varTable24; effective source_manifest.json records final fall revisions.
2024,F2324_F2,F_F,F2C03,00060701,nces:F_F:00060701:F2C03,F2C03,same_source_variable_identity,nces:F_F:00060701:F2C03,float,State grants,State grants,Original IPEDS202425.accdb SHA256 98e9175e54ba719cf7f0bfcc8e043fac4d11babd1b73ba1701ebbdc23e5470f5; exact physical schema and varTable24; effective source_manifest.json records final fall revisions.
2024,F2324_F2,F_F,F2C04,00060706,nces:F_F:00060706:F2C04,F2C04,same_source_variable_identity,nces:F_F:00060706:F2C04,float,Local grants,Local grants,Original IPEDS202425.accdb SHA256 98e9175e54ba719cf7f0bfcc8e043fac4d11babd1b73ba1701ebbdc23e5470f5; exact physical schema and varTable24; effective source_manifest.json records final fall revisions.
2024,F2324_F2,F_F,F2C05,00060711,nces:F_F:00060711:F2C05,F2C05,same_source_variable_identity,nces:F_F:00060711:F2C05,float,Institutional grants (funded),Institutional grants (funded),Original IPEDS202425.accdb SHA256 98e9175e54ba719cf7f0bfcc8e043fac4d11babd1b73ba1701ebbdc23e5470f5; exact physical schema and varTable24; effective source_manifest.json records final fall revisions.
2024,F2324_F2,F_F,F2C06,00060716,nces:F_F:00060716:F2C06,F2C06,same_source_variable_identity,nces:F_F:00060716:F2C06,float,Institutional grants (unfunded),Institutional grants (unfunded),Original IPEDS202425.accdb SHA256 98e9175e54ba719cf7f0bfcc8e043fac4d11babd1b73ba1701ebbdc23e5470f5; exact physical schema and varTable24; effective source_manifest.json records final fall revisions.
2024,F2324_F2,F_F,F2C07,00060721,nces:F_F:00060721:F2C07,F2C07,same_source_variable_identity,nces:F_F:00060721:F2C07,float,Total student grants,Total student grants,Original IPEDS202425.accdb SHA256 98e9175e54ba719cf7f0bfcc8e043fac4d11babd1b73ba1701ebbdc23e5470f5; exact physical schema and varTable24; effective source_manifest.json records final fall revisions.
2024,F2324_F2,F_F,F2C08,00060726,nces:F_F:00060726:F2C08,F2C08,same_source_variable_identity,nces:F_F:00060726:F2C08,float,Allowances applied to tuition and fees,Allowances applied to tuition and fees,Original IPEDS202425.accdb SHA256 98e9175e54ba719cf7f0bfcc8e043fac4d11babd1b73ba1701ebbdc23e5470f5; exact physical schema and varTable24; effective source_manifest.json records final fall revisions.
2024,F2324_F2,F_F,F2C09,00060731,nces:F_F:00060731:F2C09,F2C09,same_source_variable_identity,nces:F_F:00060731:F2C09,float,Allowances applied to auxiliary enterprise revenues,Allowances applied to auxiliary enterprise revenues,Original IPEDS202425.accdb SHA256 98e9175e54ba719cf7f0bfcc8e043fac4d11babd1b73ba1701ebbdc23e5470f5; exact physical schema and varTable24; effective source_manifest.json records final fall revisions.
2024,F2324_F2,F_F,F2C10,00060733,nces:F_F:00060733:F2C10,F2C10,same_source_variable_identity,nces:F_F:00060733:F2C10,float,Total discounts and allowances,Total discounts and allowances,Original IPEDS202425.accdb SHA256 98e9175e54ba719cf7f0bfcc8e043fac4d11babd1b73ba1701ebbdc23e5470f5; exact physical schema and varTable24; effective source_manifest.json records final fall revisions.
2024,F2324_F2,F_F,F2C12,00061283,nces:F_F:00061283:F2C12,F2C12,same_source_variable_identity,nces:F_F:00061283:F2C12,float,Total discounts and   allowances from Pell grants,Total discounts and   allowances from Pell grants,Original IPEDS202425.accdb SHA256 98e9175e54ba719cf7f0bfcc8e043fac4d11babd1b73ba1701ebbdc23e5470f5; exact physical schema and varTable24; effective source_manifest.json records final fall revisions.
2024,F2324_F2,F_F,F2C121,00061285,nces:F_F:00061285:F2C121,F2C121,same_source_variable_identity,nces:F_F:00061285:F2C121,float,Discounts and   allowances from Pell grants applied to tuition and fees,Discounts and  allowances from Pell grants applied to tuition and fees,Original IPEDS202425.accdb SHA256 98e9175e54ba719cf7f0bfcc8e043fac4d11babd1b73ba1701ebbdc23e5470f5; exact physical schema and varTable24; effective source_manifest.json records final fall revisions.
2024,F2324_F2,F_F,F2C122,00061287,nces:F_F:00061287:F2C122,F2C122,same_source_variable_identity,nces:F_F:00061287:F2C122,float,Discounts and allowances from Pell grants applied to auxiliary enterprises,Discounts and allowances from Pell grants applied to auxiliary enterprises,Original IPEDS202425.accdb SHA256 98e9175e54ba719cf7f0bfcc8e043fac4d11babd1b73ba1701ebbdc23e5470f5; exact physical schema and varTable24; effective source_manifest.json records final fall revisions.
2024,F2324_F2,F_F,F2C13,00061289,nces:F_F:00061289:F2C13,F2C13,same_source_variable_identity,nces:F_F:00061289:F2C13,float,Total discounts and allowances from other federal grants,Total discounts and allowances from other federal grants,Original IPEDS202425.accdb SHA256 98e9175e54ba719cf7f0bfcc8e043fac4d11babd1b73ba1701ebbdc23e5470f5; exact physical schema and varTable24; effective source_manifest.json records final fall revisions.
2024,F2324_F2,F_F,F2C131,00061291,nces:F_F:00061291:F2C131,F2C131,same_source_variable_identity,nces:F_F:00061291:F2C131,float,Discounts and allowances from other federal grants applied to tuition and fees,Discounts and allowances from other federal grants applied to tuition and fees,Original IPEDS202425.accdb SHA256 98e9175e54ba719cf7f0bfcc8e043fac4d11babd1b73ba1701ebbdc23e5470f5; exact physical schema and varTable24; effective source_manifest.json records final fall revisions.
2024,F2324_F2,F_F,F2C132,00061293,nces:F_F:00061293:F2C132,F2C132,same_source_variable_identity,nces:F_F:00061293:F2C132,float,Discounts and allowances from other federal grants applied to auxiliary   enterprises,Discounts and allowances from other federal grants applied to auxiliary  enterprises,Original IPEDS202425.accdb SHA256 98e9175e54ba719cf7f0bfcc8e043fac4d11babd1b73ba1701ebbdc23e5470f5; exact physical schema and varTable24; effective source_manifest.json records final fall revisions.
2024,F2324_F2,F_F,F2C14,00061295,nces:F_F:00061295:F2C14,F2C14,same_source_variable_identity,nces:F_F:00061295:F2C14,float,Total discounts and   allowances from state government grants,Total discounts and  allowances from state government grants,Original IPEDS202425.accdb SHA256 98e9175e54ba719cf7f0bfcc8e043fac4d11babd1b73ba1701ebbdc23e5470f5; exact physical schema and varTable24; effective source_manifest.json records final fall revisions.
2024,F2324_F2,F_F,F2C141,00061297,nces:F_F:00061297:F2C141,F2C141,same_source_variable_identity,nces:F_F:00061297:F2C141,float,Discounts and   allowances from state government grants applied to tuition and fees,Discounts and  allowances from state government grants applied to tuition and fees,Original IPEDS202425.accdb SHA256 98e9175e54ba719cf7f0bfcc8e043fac4d11babd1b73ba1701ebbdc23e5470f5; exact physical schema and varTable24; effective source_manifest.json records final fall revisions.
2024,F2324_F2,F_F,F2C142,00061299,nces:F_F:00061299:F2C142,F2C142,same_source_variable_identity,nces:F_F:00061299:F2C142,float,Discounts and allowances from state government grants applied to auxiliary enterprises,Discounts and allowances from state government grants applied to auxiliary enterprises,Original IPEDS202425.accdb SHA256 98e9175e54ba719cf7f0bfcc8e043fac4d11babd1b73ba1701ebbdc23e5470f5; exact physical schema and varTable24; effective source_manifest.json records final fall revisions.
2024,F2324_F2,F_F,F2C15,00061301,nces:F_F:00061301:F2C15,F2C15,same_source_variable_identity,nces:F_F:00061301:F2C15,float,Discounts and allowances from local government grants,Discounts and allowances from local government grants,Original IPEDS202425.accdb SHA256 98e9175e54ba719cf7f0bfcc8e043fac4d11babd1b73ba1701ebbdc23e5470f5; exact physical schema and varTable24; effective source_manifest.json records final fall revisions.
2024,F2324_F2,F_F,F2C151,00061303,nces:F_F:00061303:F2C151,F2C151,same_source_variable_identity,nces:F_F:00061303:F2C151,float,Discounts and allowances from local government grants applied to tuition and fees,Discounts and allowances from local government grants applied to tuition and fees,Original IPEDS202425.accdb SHA256 98e9175e54ba719cf7f0bfcc8e043fac4d11babd1b73ba1701ebbdc23e5470f5; exact physical schema and varTable24; effective source_manifest.json records final fall revisions.
2024,F2324_F2,F_F,F2C152,00061305,nces:F_F:00061305:F2C152,F2C152,same_source_variable_identity,nces:F_F:00061305:F2C152,float,Discounts and allowances from local government grants applied to auxiliary enterprises,Discounts and allowances from local government grants applied to auxiliary enterprises,Original IPEDS202425.accdb SHA256 98e9175e54ba719cf7f0bfcc8e043fac4d11babd1b73ba1701ebbdc23e5470f5; exact physical schema and varTable24; effective source_manifest.json records final fall revisions.
2024,F2324_F2,F_F,F2C16,00061307,nces:F_F:00061307:F2C16,F2C16,same_source_variable_identity,nces:F_F:00061307:F2C16,float,Total discounts and allowances from endowments and gifts,Total discounts and allowances from endowments and gifts,Original IPEDS202425.accdb SHA256 98e9175e54ba719cf7f0bfcc8e043fac4d11babd1b73ba1701ebbdc23e5470f5; exact physical schema and varTable24; effective source_manifest.json records final fall revisions.
2024,F2324_F2,F_F,F2C161,00061309,nces:F_F:00061309:F2C161,F2C161,same_source_variable_identity,nces:F_F:00061309:F2C161,float,Discounts and allowances from endowments and gifts applied to tuition and fees,Discounts and allowances from endowments and gifts applied to tuition and fees,Original IPEDS202425.accdb SHA256 98e9175e54ba719cf7f0bfcc8e043fac4d11babd1b73ba1701ebbdc23e5470f5; exact physical schema and varTable24; effective source_manifest.json records final fall revisions.
2024,F2324_F2,F_F,F2C162,00061311,nces:F_F:00061311:F2C162,F2C162,same_source_variable_identity,nces:F_F:00061311:F2C162,float,Discounts and allowances from endowments and gifts applied to auxiliary enterprises,Discounts and allowances from endowments and gifts applied to auxiliary enterprises,Original IPEDS202425.accdb SHA256 98e9175e54ba719cf7f0bfcc8e043fac4d11babd1b73ba1701ebbdc23e5470f5; exact physical schema and varTable24; effective source_manifest.json records final fall revisions.
2024,F2324_F2,F_F,F2C17,00061313,nces:F_F:00061313:F2C17,F2C17,same_source_variable_identity,nces:F_F:00061313:F2C17,float,Total discounts and allowances from other institutional sources,Total discounts and allowances from other institutional sources,Original IPEDS202425.accdb SHA256 98e9175e54ba719cf7f0bfcc8e043fac4d11babd1b73ba1701ebbdc23e5470f5; exact physical schema and varTable24; effective source_manifest.json records final fall revisions.
2024,F2324_F2,F_F,F2C171,00061315,nces:F_F:00061315:F2C171,F2C171,same_source_variable_identity,nces:F_F:00061315:F2C171,float,Discounts and allowances from other institutional sources applied to tuition and fees,Discounts and allowances from other institutional sources applied to tuition and fees,Original IPEDS202425.accdb SHA256 98e9175e54ba719cf7f0bfcc8e043fac4d11babd1b73ba1701ebbdc23e5470f5; exact physical schema and varTable24; effective source_manifest.json records final fall revisions.
2024,F2324_F2,F_F,F2C172,00061317,nces:F_F:00061317:F2C172,F2C172,same_source_variable_identity,nces:F_F:00061317:F2C172,float,Discounts and allowances from other institutional sources applied to auxiliary enterprises,Discounts and allowances from other institutional sources applied to auxiliary enterprises,Original IPEDS202425.accdb SHA256 98e9175e54ba719cf7f0bfcc8e043fac4d11babd1b73ba1701ebbdc23e5470f5; exact physical schema and varTable24; effective source_manifest.json records final fall revisions.
2024,F2324_F2,F_F,F2D01,00060736,nces:F_F:00060736:F2D01,F2D01,same_source_variable_identity,nces:F_F:00060736:F2D01,float,Tuition and fees - Total,Tuition and fees - Total,Original IPEDS202425.accdb SHA256 98e9175e54ba719cf7f0bfcc8e043fac4d11babd1b73ba1701ebbdc23e5470f5; exact physical schema and varTable24; effective source_manifest.json records final fall revisions.
2024,F2324_F2,F_F,F2D012,00065131,nces:F_F:00065131:F2D012,F2D012,same_source_variable_identity,nces:F_F:00065131:F2D012,float,Tuition and fees - Unrestricted,Tuition and fees - Unrestricted,Original IPEDS202425.accdb SHA256 98e9175e54ba719cf7f0bfcc8e043fac4d11babd1b73ba1701ebbdc23e5470f5; exact physical schema and varTable24; effective source_manifest.json records final fall revisions.
2024,F2324_F2,F_F,F2D013,00065136,nces:F_F:00065136:F2D013,F2D013,same_source_variable_identity,nces:F_F:00065136:F2D013,float,Tuition and fees - Temporarily restricted,Tuition and fees - Temporarily restricted,Original IPEDS202425.accdb SHA256 98e9175e54ba719cf7f0bfcc8e043fac4d11babd1b73ba1701ebbdc23e5470f5; exact physical schema and varTable24; effective source_manifest.json records final fall revisions.
2024,F2324_F2,F_F,F2D014,00065141,nces:F_F:00065141:F2D014,F2D014,same_source_variable_identity,nces:F_F:00065141:F2D014,float,Tuition and fees - Permanently restricted,Tuition and fees - Permanently restricted,Original IPEDS202425.accdb SHA256 98e9175e54ba719cf7f0bfcc8e043fac4d11babd1b73ba1701ebbdc23e5470f5; exact physical schema and varTable24; effective source_manifest.json records final fall revisions.
2024,F2324_F2,F_F,F2D02,00060741,nces:F_F:00060741:F2D02,F2D02,same_source_variable_identity,nces:F_F:00060741:F2D02,float,Federal appropriations - Total,Federal appropriations - Total,Original IPEDS202425.accdb SHA256 98e9175e54ba719cf7f0bfcc8e043fac4d11babd1b73ba1701ebbdc23e5470f5; exact physical schema and varTable24; effective source_manifest.json records final fall revisions.
2024,F2324_F2,F_F,F2D022,00065146,nces:F_F:00065146:F2D022,F2D022,same_source_variable_identity,nces:F_F:00065146:F2D022,float,Federal appropriations - Unrestricted,Federal appropriations - Unrestricted,Original IPEDS202425.accdb SHA256 98e9175e54ba719cf7f0bfcc8e043fac4d11babd1b73ba1701ebbdc23e5470f5; exact physical schema and varTable24; effective source_manifest.json records final fall revisions.
2024,F2324_F2,F_F,F2D023,00065151,nces:F_F:00065151:F2D023,F2D023,same_source_variable_identity,nces:F_F:00065151:F2D023,float,Federal appropriations - Temporarily restricted,Federal appropriations - Temporarily restricted,Original IPEDS202425.accdb SHA256 98e9175e54ba719cf7f0bfcc8e043fac4d11babd1b73ba1701ebbdc23e5470f5; exact physical schema and varTable24; effective source_manifest.json records final fall revisions.
2024,F2324_F2,F_F,F2D024,00065156,nces:F_F:00065156:F2D024,F2D024,same_source_variable_identity,nces:F_F:00065156:F2D024,float,Federal appropriations - Permanently restricted,Federal appropriations - Permanently restricted,Original IPEDS202425.accdb SHA256 98e9175e54ba719cf7f0bfcc8e043fac4d11babd1b73ba1701ebbdc23e5470f5; exact physical schema and varTable24; effective source_manifest.json records final fall revisions.
2024,F2324_F2,F_F,F2D03,00060746,nces:F_F:00060746:F2D03,F2D03,same_source_variable_identity,nces:F_F:00060746:F2D03,float,State appropriations - Total,State appropriations - Total,Original IPEDS202425.accdb SHA256 98e9175e54ba719cf7f0bfcc8e043fac4d11babd1b73ba1701ebbdc23e5470f5; exact physical schema and varTable24; effective source_manifest.json records final fall revisions.
2024,F2324_F2,F_F,F2D032,00065161,nces:F_F:00065161:F2D032,F2D032,same_source_variable_identity,nces:F_F:00065161:F2D032,float,State appropriations - Unrestricted,State appropriations - Unrestricted,Original IPEDS202425.accdb SHA256 98e9175e54ba719cf7f0bfcc8e043fac4d11babd1b73ba1701ebbdc23e5470f5; exact physical schema and varTable24; effective source_manifest.json records final fall revisions.
2024,F2324_F2,F_F,F2D033,00065166,nces:F_F:00065166:F2D033,F2D033,same_source_variable_identity,nces:F_F:00065166:F2D033,float,State appropriations - Temporarily restricted,State appropriations - Temporarily restricted,Original IPEDS202425.accdb SHA256 98e9175e54ba719cf7f0bfcc8e043fac4d11babd1b73ba1701ebbdc23e5470f5; exact physical schema and varTable24; effective source_manifest.json records final fall revisions.
2024,F2324_F2,F_F,F2D034,00065171,nces:F_F:00065171:F2D034,F2D034,same_source_variable_identity,nces:F_F:00065171:F2D034,float,State appropriations - Permanently restricted,State appropriations - Permanently restricted,Original IPEDS202425.accdb SHA256 98e9175e54ba719cf7f0bfcc8e043fac4d11babd1b73ba1701ebbdc23e5470f5; exact physical schema and varTable24; effective source_manifest.json records final fall revisions.
2024,F2324_F2,F_F,F2D04,00060751,nces:F_F:00060751:F2D04,F2D04,same_source_variable_identity,nces:F_F:00060751:F2D04,float,Local appropriations - Total,Local appropriations - Total,Original IPEDS202425.accdb SHA256 98e9175e54ba719cf7f0bfcc8e043fac4d11babd1b73ba1701ebbdc23e5470f5; exact physical schema and varTable24; effective source_manifest.json records final fall revisions.
2024,F2324_F2,F_F,F2D042,00065176,nces:F_F:00065176:F2D042,F2D042,same_source_variable_identity,nces:F_F:00065176:F2D042,float,Local appropriations - Unrestricted,Local appropriations - Unrestricted,Original IPEDS202425.accdb SHA256 98e9175e54ba719cf7f0bfcc8e043fac4d11babd1b73ba1701ebbdc23e5470f5; exact physical schema and varTable24; effective source_manifest.json records final fall revisions.
2024,F2324_F2,F_F,F2D043,00065181,nces:F_F:00065181:F2D043,F2D043,same_source_variable_identity,nces:F_F:00065181:F2D043,float,Local appropriations -  Temporarily restricted,Local appropriations -  Temporarily restricted,Original IPEDS202425.accdb SHA256 98e9175e54ba719cf7f0bfcc8e043fac4d11babd1b73ba1701ebbdc23e5470f5; exact physical schema and varTable24; effective source_manifest.json records final fall revisions.
2024,F2324_F2,F_F,F2D044,00065186,nces:F_F:00065186:F2D044,F2D044,same_source_variable_identity,nces:F_F:00065186:F2D044,float,Local appropriations - Permanently restricted,Local appropriations - Permanently restricted,Original IPEDS202425.accdb SHA256 98e9175e54ba719cf7f0bfcc8e043fac4d11babd1b73ba1701ebbdc23e5470f5; exact physical schema and varTable24; effective source_manifest.json records final fall revisions.
2024,F2324_F2,F_F,F2D05,00060756,nces:F_F:00060756:F2D05,F2D05,same_source_variable_identity,nces:F_F:00060756:F2D05,float,Federal grants and contracts - Total,Federal grants and contracts - Total,Original IPEDS202425.accdb SHA256 98e9175e54ba719cf7f0bfcc8e043fac4d11babd1b73ba1701ebbdc23e5470f5; exact physical schema and varTable24; effective source_manifest.json records final fall revisions.
2024,F2324_F2,F_F,F2D052,00065191,nces:F_F:00065191:F2D052,F2D052,same_source_variable_identity,nces:F_F:00065191:F2D052,float,Federal grants and contracts - Unrestricted,Federal grants and contracts - Unrestricted,Original IPEDS202425.accdb SHA256 98e9175e54ba719cf7f0bfcc8e043fac4d11babd1b73ba1701ebbdc23e5470f5; exact physical schema and varTable24; effective source_manifest.json records final fall revisions.
2024,F2324_F2,F_F,F2D053,00065196,nces:F_F:00065196:F2D053,F2D053,same_source_variable_identity,nces:F_F:00065196:F2D053,float,Federal grants and contracts  - Temporarily restricted,Federal grants and contracts  - Temporarily restricted,Original IPEDS202425.accdb SHA256 98e9175e54ba719cf7f0bfcc8e043fac4d11babd1b73ba1701ebbdc23e5470f5; exact physical schema and varTable24; effective source_manifest.json records final fall revisions.
2024,F2324_F2,F_F,F2D054,00065201,nces:F_F:00065201:F2D054,F2D054,same_source_variable_identity,nces:F_F:00065201:F2D054,float,Federal grants and contracts - Pemanently restricted,Federal grants and contracts - Pemanently restricted,Original IPEDS202425.accdb SHA256 98e9175e54ba719cf7f0bfcc8e043fac4d11babd1b73ba1701ebbdc23e5470f5; exact physical schema and varTable24; effective source_manifest.json records final fall revisions.
2024,F2324_F2,F_F,F2D06,00060761,nces:F_F:00060761:F2D06,F2D06,same_source_variable_identity,nces:F_F:00060761:F2D06,float,State grants and contracts - Total,State grants and contracts - Total,Original IPEDS202425.accdb SHA256 98e9175e54ba719cf7f0bfcc8e043fac4d11babd1b73ba1701ebbdc23e5470f5; exact physical schema and varTable24; effective source_manifest.json records final fall revisions.
2024,F2324_F2,F_F,F2D062,00065206,nces:F_F:00065206:F2D062,F2D062,same_source_variable_identity,nces:F_F:00065206:F2D062,float,State grants and contracts - Unrestricted,State grants and contracts - Unrestricted,Original IPEDS202425.accdb SHA256 98e9175e54ba719cf7f0bfcc8e043fac4d11babd1b73ba1701ebbdc23e5470f5; exact physical schema and varTable24; effective source_manifest.json records final fall revisions.
2024,F2324_F2,F_F,F2D063,00065211,nces:F_F:00065211:F2D063,F2D063,same_source_variable_identity,nces:F_F:00065211:F2D063,float,State grants and contracts - Temporarily restricted,State grants and contracts - Temporarily restricted,Original IPEDS202425.accdb SHA256 98e9175e54ba719cf7f0bfcc8e043fac4d11babd1b73ba1701ebbdc23e5470f5; exact physical schema and varTable24; effective source_manifest.json records final fall revisions.
2024,F2324_F2,F_F,F2D064,00065216,nces:F_F:00065216:F2D064,F2D064,same_source_variable_identity,nces:F_F:00065216:F2D064,float,State grants and contracts - Permanently restricted,State grants and contracts - Permanently restricted,Original IPEDS202425.accdb SHA256 98e9175e54ba719cf7f0bfcc8e043fac4d11babd1b73ba1701ebbdc23e5470f5; exact physical schema and varTable24; effective source_manifest.json records final fall revisions.
2024,F2324_F2,F_F,F2D07,00060766,nces:F_F:00060766:F2D07,F2D07,same_source_variable_identity,nces:F_F:00060766:F2D07,float,Local grants and contracts - Total,Local grants and contracts - Total,Original IPEDS202425.accdb SHA256 98e9175e54ba719cf7f0bfcc8e043fac4d11babd1b73ba1701ebbdc23e5470f5; exact physical schema and varTable24; effective source_manifest.json records final fall revisions.
2024,F2324_F2,F_F,F2D072,00065221,nces:F_F:00065221:F2D072,F2D072,same_source_variable_identity,nces:F_F:00065221:F2D072,float,Local grants and contracts - Unrestricted,Local grants and contracts - Unrestricted,Original IPEDS202425.accdb SHA256 98e9175e54ba719cf7f0bfcc8e043fac4d11babd1b73ba1701ebbdc23e5470f5; exact physical schema and varTable24; effective source_manifest.json records final fall revisions.
2024,F2324_F2,F_F,F2D073,00065226,nces:F_F:00065226:F2D073,F2D073,same_source_variable_identity,nces:F_F:00065226:F2D073,float,Local grants and contracts - Temporarily restricted,Local grants and contracts - Temporarily restricted,Original IPEDS202425.accdb SHA256 98e9175e54ba719cf7f0bfcc8e043fac4d11babd1b73ba1701ebbdc23e5470f5; exact physical schema and varTable24; effective source_manifest.json records final fall revisions.
2024,F2324_F2,F_F,F2D074,00065231,nces:F_F:00065231:F2D074,F2D074,same_source_variable_identity,nces:F_F:00065231:F2D074,float,Local grants and contracts  - Permanently restricted,Local grants and contracts  - Permanently restricted,Original IPEDS202425.accdb SHA256 98e9175e54ba719cf7f0bfcc8e043fac4d11babd1b73ba1701ebbdc23e5470f5; exact physical schema and varTable24; effective source_manifest.json records final fall revisions.
2024,F2324_F2,F_F,F2D08,00060771,nces:F_F:00060771:F2D08,F2D08,same_source_variable_identity,nces:F_F:00060771:F2D08,float,"Private gifts, grants, and contracts - Total","Private gifts, grants, and contracts - Total",Original IPEDS202425.accdb SHA256 98e9175e54ba719cf7f0bfcc8e043fac4d11babd1b73ba1701ebbdc23e5470f5; exact physical schema and varTable24; effective source_manifest.json records final fall revisions.
2024,F2324_F2,F_F,F2D082,00065236,nces:F_F:00065236:F2D082,F2D082,same_source_variable_identity,nces:F_F:00065236:F2D082,float,"Private gifts, grants, and contracts - Unrestricted","Private gifts, grants, and contracts - Unrestricted",Original IPEDS202425.accdb SHA256 98e9175e54ba719cf7f0bfcc8e043fac4d11babd1b73ba1701ebbdc23e5470f5; exact physical schema and varTable24; effective source_manifest.json records final fall revisions.
2024,F2324_F2,F_F,F2D083,00065251,nces:F_F:00065251:F2D083,F2D083,same_source_variable_identity,nces:F_F:00065251:F2D083,float,"Private gifts, grants and contracts - Temporarily restricted","Private gifts, grants and contracts - Temporarily restricted",Original IPEDS202425.accdb SHA256 98e9175e54ba719cf7f0bfcc8e043fac4d11babd1b73ba1701ebbdc23e5470f5; exact physical schema and varTable24; effective source_manifest.json records final fall revisions.
2024,F2324_F2,F_F,F2D084,00065266,nces:F_F:00065266:F2D084,F2D084,same_source_variable_identity,nces:F_F:00065266:F2D084,float,"Private gifts, grants, and contracts - Permanently restricted","Private gifts, grants, and contracts - Permanently restricted",Original IPEDS202425.accdb SHA256 98e9175e54ba719cf7f0bfcc8e043fac4d11babd1b73ba1701ebbdc23e5470f5; exact physical schema and varTable24; effective source_manifest.json records final fall revisions.
2024,F2324_F2,F_F,F2D08A,00065281,nces:F_F:00065281:F2D08A,F2D08A,same_source_variable_identity,nces:F_F:00065281:F2D08A,float,Private gifts - Total,Private gifts - Total,Original IPEDS202425.accdb SHA256 98e9175e54ba719cf7f0bfcc8e043fac4d11babd1b73ba1701ebbdc23e5470f5; exact physical schema and varTable24; effective source_manifest.json records final fall revisions.
2024,F2324_F2,F_F,F2D082A,00065241,nces:F_F:00065241:F2D082A,F2D082A,same_source_variable_identity,nces:F_F:00065241:F2D082A,float,Private gifts - Unrestricted,Private gifts - Unrestricted,Original IPEDS202425.accdb SHA256 98e9175e54ba719cf7f0bfcc8e043fac4d11babd1b73ba1701ebbdc23e5470f5; exact physical schema and varTable24; effective source_manifest.json records final fall revisions.
2024,F2324_F2,F_F,F2D083A,00065256,nces:F_F:00065256:F2D083A,F2D083A,same_source_variable_identity,nces:F_F:00065256:F2D083A,float,Private gifts - Temporarily restricted,Private gifts - Temporarily restricted,Original IPEDS202425.accdb SHA256 98e9175e54ba719cf7f0bfcc8e043fac4d11babd1b73ba1701ebbdc23e5470f5; exact physical schema and varTable24; effective source_manifest.json records final fall revisions.
2024,F2324_F2,F_F,F2D084A,00065271,nces:F_F:00065271:F2D084A,F2D084A,same_source_variable_identity,nces:F_F:00065271:F2D084A,float,Private gifts - Permanentlly restricted,Private gifts - Permanentlly restricted,Original IPEDS202425.accdb SHA256 98e9175e54ba719cf7f0bfcc8e043fac4d11babd1b73ba1701ebbdc23e5470f5; exact physical schema and varTable24; effective source_manifest.json records final fall revisions.
2024,F2324_F2,F_F,F2D08B,00065286,nces:F_F:00065286:F2D08B,F2D08B,same_source_variable_identity,nces:F_F:00065286:F2D08B,float,Private grants and contracts - Total,Private grants and contracts - Total,Original IPEDS202425.accdb SHA256 98e9175e54ba719cf7f0bfcc8e043fac4d11babd1b73ba1701ebbdc23e5470f5; exact physical schema and varTable24; effective source_manifest.json records final fall revisions.
2024,F2324_F2,F_F,F2D082B,00065246,nces:F_F:00065246:F2D082B,F2D082B,same_source_variable_identity,nces:F_F:00065246:F2D082B,float,Private grants and contracts - Unrestricted,Private grants and contracts - Unrestricted,Original IPEDS202425.accdb SHA256 98e9175e54ba719cf7f0bfcc8e043fac4d11babd1b73ba1701ebbdc23e5470f5; exact physical schema and varTable24; effective source_manifest.json records final fall revisions.
2024,F2324_F2,F_F,F2D083B,00065261,nces:F_F:00065261:F2D083B,F2D083B,same_source_variable_identity,nces:F_F:00065261:F2D083B,float,Private grants and contracts - Temporarily restricted,Private grants and contracts - Temporarily restricted,Original IPEDS202425.accdb SHA256 98e9175e54ba719cf7f0bfcc8e043fac4d11babd1b73ba1701ebbdc23e5470f5; exact physical schema and varTable24; effective source_manifest.json records final fall revisions.
2024,F2324_F2,F_F,F2D084B,00065276,nces:F_F:00065276:F2D084B,F2D084B,same_source_variable_identity,nces:F_F:00065276:F2D084B,float,"Private grants, and contracts - Permanently restricted","Private grants, and contracts - Permanently restricted",Original IPEDS202425.accdb SHA256 98e9175e54ba719cf7f0bfcc8e043fac4d11babd1b73ba1701ebbdc23e5470f5; exact physical schema and varTable24; effective source_manifest.json records final fall revisions.
2024,F2324_F2,F_F,F2D09,00060776,nces:F_F:00060776:F2D09,F2D09,same_source_variable_identity,nces:F_F:00060776:F2D09,float,Contributions from affiliated entities - Total,Contributions from affiliated entities - Total,Original IPEDS202425.accdb SHA256 98e9175e54ba719cf7f0bfcc8e043fac4d11babd1b73ba1701ebbdc23e5470f5; exact physical schema and varTable24; effective source_manifest.json records final fall revisions.
2024,F2324_F2,F_F,F2D092,00065291,nces:F_F:00065291:F2D092,F2D092,same_source_variable_identity,nces:F_F:00065291:F2D092,float,Contributions from affiliated entities - Unrestricted,Contributions from affiliated entities - Unrestricted,Original IPEDS202425.accdb SHA256 98e9175e54ba719cf7f0bfcc8e043fac4d11babd1b73ba1701ebbdc23e5470f5; exact physical schema and varTable24; effective source_manifest.json records final fall revisions.
2024,F2324_F2,F_F,F2D093,00065296,nces:F_F:00065296:F2D093,F2D093,same_source_variable_identity,nces:F_F:00065296:F2D093,float,Contributions from affiliated entities - Temporarily restricted,Contributions from affiliated entities - Temporarily restricted,Original IPEDS202425.accdb SHA256 98e9175e54ba719cf7f0bfcc8e043fac4d11babd1b73ba1701ebbdc23e5470f5; exact physical schema and varTable24; effective source_manifest.json records final fall revisions.
2024,F2324_F2,F_F,F2D094,00065301,nces:F_F:00065301:F2D094,F2D094,same_source_variable_identity,nces:F_F:00065301:F2D094,float,Contributions from affiliated entities - Permanently restricted,Contributions from affiliated entities - Permanently restricted,Original IPEDS202425.accdb SHA256 98e9175e54ba719cf7f0bfcc8e043fac4d11babd1b73ba1701ebbdc23e5470f5; exact physical schema and varTable24; effective source_manifest.json records final fall revisions.
2024,F2324_F2,F_F,F2D10,00060781,nces:F_F:00060781:F2D10,F2D10,same_source_variable_identity,nces:F_F:00060781:F2D10,float,Investment return - Total,Investment return - Total,Original IPEDS202425.accdb SHA256 98e9175e54ba719cf7f0bfcc8e043fac4d11babd1b73ba1701ebbdc23e5470f5; exact physical schema and varTable24; effective source_manifest.json records final fall revisions.
2024,F2324_F2,F_F,F2D102,00065306,nces:F_F:00065306:F2D102,F2D102,same_source_variable_identity,nces:F_F:00065306:F2D102,float,Investment return - Unrestricted,Investment return - Unrestricted,Original IPEDS202425.accdb SHA256 98e9175e54ba719cf7f0bfcc8e043fac4d11babd1b73ba1701ebbdc23e5470f5; exact physical schema and varTable24; effective source_manifest.json records final fall revisions.
2024,F2324_F2,F_F,F2D103,00065311,nces:F_F:00065311:F2D103,F2D103,same_source_variable_identity,nces:F_F:00065311:F2D103,float,Investment return - Temporarily restricted ,Investment return - Temporarily restricted,Original IPEDS202425.accdb SHA256 98e9175e54ba719cf7f0bfcc8e043fac4d11babd1b73ba1701ebbdc23e5470f5; exact physical schema and varTable24; effective source_manifest.json records final fall revisions.
2024,F2324_F2,F_F,F2D104,00065316,nces:F_F:00065316:F2D104,F2D104,same_source_variable_identity,nces:F_F:00065316:F2D104,float,Investment return - Permanently restricted,Investment return - Permanently restricted,Original IPEDS202425.accdb SHA256 98e9175e54ba719cf7f0bfcc8e043fac4d11babd1b73ba1701ebbdc23e5470f5; exact physical schema and varTable24; effective source_manifest.json records final fall revisions.
2024,F2324_F2,F_F,F2D11,00060786,nces:F_F:00060786:F2D11,F2D11,same_source_variable_identity,nces:F_F:00060786:F2D11,float,Sales and services of educational activities - Total,Sales and services of educational activities - Total,Original IPEDS202425.accdb SHA256 98e9175e54ba719cf7f0bfcc8e043fac4d11babd1b73ba1701ebbdc23e5470f5; exact physical schema and varTable24; effective source_manifest.json records final fall revisions.
2024,F2324_F2,F_F,F2D112,00065321,nces:F_F:00065321:F2D112,F2D112,same_source_variable_identity,nces:F_F:00065321:F2D112,float,Sales and services of educational activities - Unrestricted,Sales and services of educational activities - Unrestricted,Original IPEDS202425.accdb SHA256 98e9175e54ba719cf7f0bfcc8e043fac4d11babd1b73ba1701ebbdc23e5470f5; exact physical schema and varTable24; effective source_manifest.json records final fall revisions.
2024,F2324_F2,F_F,F2D12,00060791,nces:F_F:00060791:F2D12,F2D12,same_source_variable_identity,nces:F_F:00060791:F2D12,float,Sales and services of auxiliary enterprises - Total,Sales and services of auxiliary enterprises - Total,Original IPEDS202425.accdb SHA256 98e9175e54ba719cf7f0bfcc8e043fac4d11babd1b73ba1701ebbdc23e5470f5; exact physical schema and varTable24; effective source_manifest.json records final fall revisions.
2024,F2324_F2,F_F,F2D122,00065326,nces:F_F:00065326:F2D122,F2D122,same_source_variable_identity,nces:F_F:00065326:F2D122,float,Sales and services of auxiliary enterprises - Unrestricted,Sales and services of auxiliary enterprises - Unrestricted,Original IPEDS202425.accdb SHA256 98e9175e54ba719cf7f0bfcc8e043fac4d11babd1b73ba1701ebbdc23e5470f5; exact physical schema and varTable24; effective source_manifest.json records final fall revisions.
2024,F2324_F2,F_F,F2D13,00060796,nces:F_F:00060796:F2D13,F2D13,same_source_variable_identity,nces:F_F:00060796:F2D13,float,Hospital revenue - Total,Hospital revenue - Total,Original IPEDS202425.accdb SHA256 98e9175e54ba719cf7f0bfcc8e043fac4d11babd1b73ba1701ebbdc23e5470f5; exact physical schema and varTable24; effective source_manifest.json records final fall revisions.
2024,F2324_F2,F_F,F2D132,00065331,nces:F_F:00065331:F2D132,F2D132,same_source_variable_identity,nces:F_F:00065331:F2D132,float,Hospital revenue - Unrestricted,Hospital revenue - Unrestricted,Original IPEDS202425.accdb SHA256 98e9175e54ba719cf7f0bfcc8e043fac4d11babd1b73ba1701ebbdc23e5470f5; exact physical schema and varTable24; effective source_manifest.json records final fall revisions.
2024,F2324_F2,F_F,F2D14,00060801,nces:F_F:00060801:F2D14,F2D14,same_source_variable_identity,nces:F_F:00060801:F2D14,float,Independent operations revenue - Total,Independent operations revenue - Total,Original IPEDS202425.accdb SHA256 98e9175e54ba719cf7f0bfcc8e043fac4d11babd1b73ba1701ebbdc23e5470f5; exact physical schema and varTable24; effective source_manifest.json records final fall revisions.
2024,F2324_F2,F_F,F2D142,00065336,nces:F_F:00065336:F2D142,F2D142,same_source_variable_identity,nces:F_F:00065336:F2D142,float,Independent operations revenue - Unrestricted,Independent operations revenue - Unrestricted,Original IPEDS202425.accdb SHA256 98e9175e54ba719cf7f0bfcc8e043fac4d11babd1b73ba1701ebbdc23e5470f5; exact physical schema and varTable24; effective source_manifest.json records final fall revisions.
2024,F2324_F2,F_F,F2D143,00065341,nces:F_F:00065341:F2D143,F2D143,same_source_variable_identity,nces:F_F:00065341:F2D143,float,Independent operations revenue - Temporarily restricted,Independent operations revenue - Temporarily restricted,Original IPEDS202425.accdb SHA256 98e9175e54ba719cf7f0bfcc8e043fac4d11babd1b73ba1701ebbdc23e5470f5; exact physical schema and varTable24; effective source_manifest.json records final fall revisions.
2024,F2324_F2,F_F,F2D144,00065346,nces:F_F:00065346:F2D144,F2D144,same_source_variable_identity,nces:F_F:00065346:F2D144,float,Independent operations revenue - Permanently restricted,Independent operations revenue - Permanently restricted,Original IPEDS202425.accdb SHA256 98e9175e54ba719cf7f0bfcc8e043fac4d11babd1b73ba1701ebbdc23e5470f5; exact physical schema and varTable24; effective source_manifest.json records final fall revisions.
2024,F2324_F2,F_F,F2D15,00060806,nces:F_F:00060806:F2D15,F2D15,same_source_variable_identity,nces:F_F:00060806:F2D15,float,Other revenue - Total,Other revenue - Total,Original IPEDS202425.accdb SHA256 98e9175e54ba719cf7f0bfcc8e043fac4d11babd1b73ba1701ebbdc23e5470f5; exact physical schema and varTable24; effective source_manifest.json records final fall revisions.
2024,F2324_F2,F_F,F2D152,00065351,nces:F_F:00065351:F2D152,F2D152,same_source_variable_identity,nces:F_F:00065351:F2D152,float,Other revenue - Unrestricted,Other revenue - Unrestricted,Original IPEDS202425.accdb SHA256 98e9175e54ba719cf7f0bfcc8e043fac4d11babd1b73ba1701ebbdc23e5470f5; exact physical schema and varTable24; effective source_manifest.json records final fall revisions.
2024,F2324_F2,F_F,F2D153,00065356,nces:F_F:00065356:F2D153,F2D153,same_source_variable_identity,nces:F_F:00065356:F2D153,float,Other revenue - Temporarily restricted,Other revenue - Temporarily restricted,Original IPEDS202425.accdb SHA256 98e9175e54ba719cf7f0bfcc8e043fac4d11babd1b73ba1701ebbdc23e5470f5; exact physical schema and varTable24; effective source_manifest.json records final fall revisions.
2024,F2324_F2,F_F,F2D154,00065361,nces:F_F:00065361:F2D154,F2D154,same_source_variable_identity,nces:F_F:00065361:F2D154,float,Other revenue - Permanently restricted,Other revenue - Permanently restricted,Original IPEDS202425.accdb SHA256 98e9175e54ba719cf7f0bfcc8e043fac4d11babd1b73ba1701ebbdc23e5470f5; exact physical schema and varTable24; effective source_manifest.json records final fall revisions.
2024,F2324_F2,F_F,F2D16,00060811,nces:F_F:00060811:F2D16,F2D16,same_source_variable_identity,nces:F_F:00060811:F2D16,float,Total revenues and investment return - Total,Total revenues and investment return - Total,Original IPEDS202425.accdb SHA256 98e9175e54ba719cf7f0bfcc8e043fac4d11babd1b73ba1701ebbdc23e5470f5; exact physical schema and varTable24; effective source_manifest.json records final fall revisions.
2024,F2324_F2,F_F,F2D162,00065366,nces:F_F:00065366:F2D162,F2D162,same_source_variable_identity,nces:F_F:00065366:F2D162,float,Total revenues and investment return - Unrestricted,Total revenues and investment return - Unrestricted,Original IPEDS202425.accdb SHA256 98e9175e54ba719cf7f0bfcc8e043fac4d11babd1b73ba1701ebbdc23e5470f5; exact physical schema and varTable24; effective source_manifest.json records final fall revisions.
2024,F2324_F2,F_F,F2D163,00065371,nces:F_F:00065371:F2D163,F2D163,same_source_variable_identity,nces:F_F:00065371:F2D163,float,Total revenues and investment return - Temporarily restricted,Total revenues and investment return - Temporarily restricted,Original IPEDS202425.accdb SHA256 98e9175e54ba719cf7f0bfcc8e043fac4d11babd1b73ba1701ebbdc23e5470f5; exact physical schema and varTable24; effective source_manifest.json records final fall revisions.
2024,F2324_F2,F_F,F2D164,00065376,nces:F_F:00065376:F2D164,F2D164,same_source_variable_identity,nces:F_F:00065376:F2D164,float,Total revenues and investment return - Permanently restricted,Total revenues and investment return - Permanently restricted,Original IPEDS202425.accdb SHA256 98e9175e54ba719cf7f0bfcc8e043fac4d11babd1b73ba1701ebbdc23e5470f5; exact physical schema and varTable24; effective source_manifest.json records final fall revisions.
2024,F2324_F2,F_F,F2D17,00065380,nces:F_F:00065380:F2D17,F2D17,same_source_variable_identity,nces:F_F:00065380:F2D17,float,Net assets released from restriction - Total,Net assets released from restriction - Total,Original IPEDS202425.accdb SHA256 98e9175e54ba719cf7f0bfcc8e043fac4d11babd1b73ba1701ebbdc23e5470f5; exact physical schema and varTable24; effective source_manifest.json records final fall revisions.
2024,F2324_F2,F_F,F2D172,00065381,nces:F_F:00065381:F2D172,F2D172,same_source_variable_identity,nces:F_F:00065381:F2D172,float,Net assets released from restriction - Unrestricted,Net assets released from restriction - Unrestricted,Original IPEDS202425.accdb SHA256 98e9175e54ba719cf7f0bfcc8e043fac4d11babd1b73ba1701ebbdc23e5470f5; exact physical schema and varTable24; effective source_manifest.json records final fall revisions.
2024,F2324_F2,F_F,F2D173,00065386,nces:F_F:00065386:F2D173,F2D173,same_source_variable_identity,nces:F_F:00065386:F2D173,float,Net assets released from restriction - Temporarily restricted,Net assets released from restriction - Temporarily restricted,Original IPEDS202425.accdb SHA256 98e9175e54ba719cf7f0bfcc8e043fac4d11babd1b73ba1701ebbdc23e5470f5; exact physical schema and varTable24; effective source_manifest.json records final fall revisions.
2024,F2324_F2,F_F,F2D174,00065387,nces:F_F:00065387:F2D174,F2D174,same_source_variable_identity,nces:F_F:00065387:F2D174,float,Net assets released from restriction - Permanently restricted,Net assets released from restriction - Permanently restricted,Original IPEDS202425.accdb SHA256 98e9175e54ba719cf7f0bfcc8e043fac4d11babd1b73ba1701ebbdc23e5470f5; exact physical schema and varTable24; effective source_manifest.json records final fall revisions.
2024,F2324_F2,F_F,F2D18,00065390,nces:F_F:00065390:F2D18,F2D18,same_source_variable_identity,nces:F_F:00065390:F2D18,float,"Net total revenues, after assets released from restriction - Total","Net total revenues, after assets released from restriction - Total",Original IPEDS202425.accdb SHA256 98e9175e54ba719cf7f0bfcc8e043fac4d11babd1b73ba1701ebbdc23e5470f5; exact physical schema and varTable24; effective source_manifest.json records final fall revisions.
2024,F2324_F2,F_F,F2D182,00065391,nces:F_F:00065391:F2D182,F2D182,same_source_variable_identity,nces:F_F:00065391:F2D182,float,"Net total revenues, after assets released from restriction - Unrestricted","Net total revenues, after assets released from restriction - Unrestricted",Original IPEDS202425.accdb SHA256 98e9175e54ba719cf7f0bfcc8e043fac4d11babd1b73ba1701ebbdc23e5470f5; exact physical schema and varTable24; effective source_manifest.json records final fall revisions.
2024,F2324_F2,F_F,F2D183,00065396,nces:F_F:00065396:F2D183,F2D183,same_source_variable_identity,nces:F_F:00065396:F2D183,float,"Net total revenues, after assets released from restriction - Temporarily restricted","Net total revenues, after assets released from restriction - Temporarily restricted",Original IPEDS202425.accdb SHA256 98e9175e54ba719cf7f0bfcc8e043fac4d11babd1b73ba1701ebbdc23e5470f5; exact physical schema and varTable24; effective source_manifest.json records final fall revisions.
2024,F2324_F2,F_F,F2D184,00065401,nces:F_F:00065401:F2D184,F2D184,same_source_variable_identity,nces:F_F:00065401:F2D184,float,"Net total revenues, after assets released from restriction - Permanently restricted","Net total revenues, after assets released from restriction - Permanently restricted",Original IPEDS202425.accdb SHA256 98e9175e54ba719cf7f0bfcc8e043fac4d11babd1b73ba1701ebbdc23e5470f5; exact physical schema and varTable24; effective source_manifest.json records final fall revisions.
2024,F2324_F2,F_F,F2E011,00060816,nces:F_F:00060816:F2E011,F2E011,same_source_variable_identity,nces:F_F:00060816:F2E011,float,Instruction-Total amount,Instruction-Total amount,Original IPEDS202425.accdb SHA256 98e9175e54ba719cf7f0bfcc8e043fac4d11babd1b73ba1701ebbdc23e5470f5; exact physical schema and varTable24; effective source_manifest.json records final fall revisions.
2024,F2324_F2,F_F,F2E012,00060821,nces:F_F:00060821:F2E012,F2E012,same_source_variable_identity,nces:F_F:00060821:F2E012,float,Instruction-Salaries and wages,Instruction-Salaries and wages,Original IPEDS202425.accdb SHA256 98e9175e54ba719cf7f0bfcc8e043fac4d11babd1b73ba1701ebbdc23e5470f5; exact physical schema and varTable24; effective source_manifest.json records final fall revisions.
2024,F2324_F2,F_F,F2E021,00060851,nces:F_F:00060851:F2E021,F2E021,same_source_variable_identity,nces:F_F:00060851:F2E021,float,Research-Total amount,Research-Total amount,Original IPEDS202425.accdb SHA256 98e9175e54ba719cf7f0bfcc8e043fac4d11babd1b73ba1701ebbdc23e5470f5; exact physical schema and varTable24; effective source_manifest.json records final fall revisions.
2024,F2324_F2,F_F,F2E022,00060856,nces:F_F:00060856:F2E022,F2E022,same_source_variable_identity,nces:F_F:00060856:F2E022,float,Research-Salaries and wages,Research-Salaries and wages,Original IPEDS202425.accdb SHA256 98e9175e54ba719cf7f0bfcc8e043fac4d11babd1b73ba1701ebbdc23e5470f5; exact physical schema and varTable24; effective source_manifest.json records final fall revisions.
2024,F2324_F2,F_F,F2E031,00060886,nces:F_F:00060886:F2E031,F2E031,same_source_variable_identity,nces:F_F:00060886:F2E031,float,Public service-Total amount,Public service-Total amount,Original IPEDS202425.accdb SHA256 98e9175e54ba719cf7f0bfcc8e043fac4d11babd1b73ba1701ebbdc23e5470f5; exact physical schema and varTable24; effective source_manifest.json records final fall revisions.
2024,F2324_F2,F_F,F2E032,00060891,nces:F_F:00060891:F2E032,F2E032,same_source_variable_identity,nces:F_F:00060891:F2E032,float,Public service-Salaries and wages,Public service-Salaries and wages,Original IPEDS202425.accdb SHA256 98e9175e54ba719cf7f0bfcc8e043fac4d11babd1b73ba1701ebbdc23e5470f5; exact physical schema and varTable24; effective source_manifest.json records final fall revisions.
2024,F2324_F2,F_F,F2E041,00060921,nces:F_F:00060921:F2E041,F2E041,same_source_variable_identity,nces:F_F:00060921:F2E041,float,Academic support-Total amount,Academic support-Total amount,Original IPEDS202425.accdb SHA256 98e9175e54ba719cf7f0bfcc8e043fac4d11babd1b73ba1701ebbdc23e5470f5; exact physical schema and varTable24; effective source_manifest.json records final fall revisions.
2024,F2324_F2,F_F,F2E042,00060926,nces:F_F:00060926:F2E042,F2E042,same_source_variable_identity,nces:F_F:00060926:F2E042,float,Academic support-Salaries and wages,Academic support-Salaries and wages,Original IPEDS202425.accdb SHA256 98e9175e54ba719cf7f0bfcc8e043fac4d11babd1b73ba1701ebbdc23e5470f5; exact physical schema and varTable24; effective source_manifest.json records final fall revisions.
2024,F2324_F2,F_F,F2E051,00060956,nces:F_F:00060956:F2E051,F2E051,same_source_variable_identity,nces:F_F:00060956:F2E051,float,Student service-Total amount,Student service-Total amount,Original IPEDS202425.accdb SHA256 98e9175e54ba719cf7f0bfcc8e043fac4d11babd1b73ba1701ebbdc23e5470f5; exact physical schema and varTable24; effective source_manifest.json records final fall revisions.
2024,F2324_F2,F_F,F2E052,00060961,nces:F_F:00060961:F2E052,F2E052,same_source_variable_identity,nces:F_F:00060961:F2E052,float,Student service-Salaries and wages,Student service-Salaries and wages,Original IPEDS202425.accdb SHA256 98e9175e54ba719cf7f0bfcc8e043fac4d11babd1b73ba1701ebbdc23e5470f5; exact physical schema and varTable24; effective source_manifest.json records final fall revisions.
2024,F2324_F2,F_F,F2E061,00060991,nces:F_F:00060991:F2E061,F2E061,same_source_variable_identity,nces:F_F:00060991:F2E061,float,Institutional support-Total amount,Institutional support-Total amount,Original IPEDS202425.accdb SHA256 98e9175e54ba719cf7f0bfcc8e043fac4d11babd1b73ba1701ebbdc23e5470f5; exact physical schema and varTable24; effective source_manifest.json records final fall revisions.
2024,F2324_F2,F_F,F2E062,00060996,nces:F_F:00060996:F2E062,F2E062,same_source_variable_identity,nces:F_F:00060996:F2E062,float,Institutional support-Salaries and wages,Institutional support-Salaries and wages,Original IPEDS202425.accdb SHA256 98e9175e54ba719cf7f0bfcc8e043fac4d11babd1b73ba1701ebbdc23e5470f5; exact physical schema and varTable24; effective source_manifest.json records final fall revisions.
2024,F2324_F2,F_F,F2E071,00061026,nces:F_F:00061026:F2E071,F2E071,same_source_variable_identity,nces:F_F:00061026:F2E071,float,Auxiliary enterprises-Total amount,Auxiliary enterprises-Total amount,Original IPEDS202425.accdb SHA256 98e9175e54ba719cf7f0bfcc8e043fac4d11babd1b73ba1701ebbdc23e5470f5; exact physical schema and varTable24; effective source_manifest.json records final fall revisions.
2024,F2324_F2,F_F,F2E072,00061031,nces:F_F:00061031:F2E072,F2E072,same_source_variable_identity,nces:F_F:00061031:F2E072,float,Auxiliary enterprises-Salaries and wages,Auxiliary enterprises-Salaries and wages,Original IPEDS202425.accdb SHA256 98e9175e54ba719cf7f0bfcc8e043fac4d11babd1b73ba1701ebbdc23e5470f5; exact physical schema and varTable24; effective source_manifest.json records final fall revisions.
2024,F2324_F2,F_F,F2E081,00061061,nces:F_F:00061061:F2E081,F2E081,same_source_variable_identity,nces:F_F:00061061:F2E081,float,Net grant aid to students-Total amount,Net grant aid to students-Total amount,Original IPEDS202425.accdb SHA256 98e9175e54ba719cf7f0bfcc8e043fac4d11babd1b73ba1701ebbdc23e5470f5; exact physical schema and varTable24; effective source_manifest.json records final fall revisions.
2024,F2324_F2,F_F,F2E091,00061096,nces:F_F:00061096:F2E091,F2E091,same_source_variable_identity,nces:F_F:00061096:F2E091,float,Hospital services-Total amount,Hospital services-Total amount,Original IPEDS202425.accdb SHA256 98e9175e54ba719cf7f0bfcc8e043fac4d11babd1b73ba1701ebbdc23e5470f5; exact physical schema and varTable24; effective source_manifest.json records final fall revisions.
2024,F2324_F2,F_F,F2E092,00061101,nces:F_F:00061101:F2E092,F2E092,same_source_variable_identity,nces:F_F:00061101:F2E092,float,Hospital services-Salaries and wages,Hospital services-Salaries and wages,Original IPEDS202425.accdb SHA256 98e9175e54ba719cf7f0bfcc8e043fac4d11babd1b73ba1701ebbdc23e5470f5; exact physical schema and varTable24; effective source_manifest.json records final fall revisions.
2024,F2324_F2,F_F,F2E101,00061131,nces:F_F:00061131:F2E101,F2E101,same_source_variable_identity,nces:F_F:00061131:F2E101,float,Independent operations-Total Amount,Independent operations-Total Amount,Original IPEDS202425.accdb SHA256 98e9175e54ba719cf7f0bfcc8e043fac4d11babd1b73ba1701ebbdc23e5470f5; exact physical schema and varTable24; effective source_manifest.json records final fall revisions.
2024,F2324_F2,F_F,F2E102,00061136,nces:F_F:00061136:F2E102,F2E102,same_source_variable_identity,nces:F_F:00061136:F2E102,float,Independent operations-Salaries and wages,Independent operations-Salaries and wages,Original IPEDS202425.accdb SHA256 98e9175e54ba719cf7f0bfcc8e043fac4d11babd1b73ba1701ebbdc23e5470f5; exact physical schema and varTable24; effective source_manifest.json records final fall revisions.
2024,F2324_F2,F_F,F2E121,00061201,nces:F_F:00061201:F2E121,F2E121,same_source_variable_identity,nces:F_F:00061201:F2E121,float,Other expenses-Total amount,Other expenses-Total amount,Original IPEDS202425.accdb SHA256 98e9175e54ba719cf7f0bfcc8e043fac4d11babd1b73ba1701ebbdc23e5470f5; exact physical schema and varTable24; effective source_manifest.json records final fall revisions.
2024,F2324_F2,F_F,F2E122,00061206,nces:F_F:00061206:F2E122,F2E122,same_source_variable_identity,nces:F_F:00061206:F2E122,float,Other expenses-Salaries and wages,Other expenses-Salaries and wages,Original IPEDS202425.accdb SHA256 98e9175e54ba719cf7f0bfcc8e043fac4d11babd1b73ba1701ebbdc23e5470f5; exact physical schema and varTable24; effective source_manifest.json records final fall revisions.
2024,F2324_F2,F_F,F2E131,00061236,nces:F_F:00061236:F2E131,F2E131,same_source_variable_identity,nces:F_F:00061236:F2E131,float,Total expenses-Total amount,Total expenses-Total amount,Original IPEDS202425.accdb SHA256 98e9175e54ba719cf7f0bfcc8e043fac4d11babd1b73ba1701ebbdc23e5470f5; exact physical schema and varTable24; effective source_manifest.json records final fall revisions.
2024,F2324_F2,F_F,F2E132,00061241,nces:F_F:00061241:F2E132,F2E132,same_source_variable_identity,nces:F_F:00061241:F2E132,float,Total expenses-Salaries and wages,Total expenses-Salaries and wages,Original IPEDS202425.accdb SHA256 98e9175e54ba719cf7f0bfcc8e043fac4d11babd1b73ba1701ebbdc23e5470f5; exact physical schema and varTable24; effective source_manifest.json records final fall revisions.
2024,F2324_F2,F_F,F2E133,00061246,nces:F_F:00061246:F2E133,F2E133,same_source_variable_identity,nces:F_F:00061246:F2E133,float,Total expenses-Benefits,Total expenses-Benefits,Original IPEDS202425.accdb SHA256 98e9175e54ba719cf7f0bfcc8e043fac4d11babd1b73ba1701ebbdc23e5470f5; exact physical schema and varTable24; effective source_manifest.json records final fall revisions.
2024,F2324_F2,F_F,F2E134,00061251,nces:F_F:00061251:F2E134,F2E134,same_source_variable_identity,nces:F_F:00061251:F2E134,float,Total expenses-Operation and maintenance of plant,Total expenses-Operation and maintenance of plant,Original IPEDS202425.accdb SHA256 98e9175e54ba719cf7f0bfcc8e043fac4d11babd1b73ba1701ebbdc23e5470f5; exact physical schema and varTable24; effective source_manifest.json records final fall revisions.
2024,F2324_F2,F_F,F2E135,00061256,nces:F_F:00061256:F2E135,F2E135,same_source_variable_identity,nces:F_F:00061256:F2E135,float,Total expenses-Depreciation,Total expenses-Depreciation,Original IPEDS202425.accdb SHA256 98e9175e54ba719cf7f0bfcc8e043fac4d11babd1b73ba1701ebbdc23e5470f5; exact physical schema and varTable24; effective source_manifest.json records final fall revisions.
2024,F2324_F2,F_F,F2E136,00061261,nces:F_F:00061261:F2E136,F2E136,same_source_variable_identity,nces:F_F:00061261:F2E136,float,Total expenses-Interest,Total expenses-Interest,Original IPEDS202425.accdb SHA256 98e9175e54ba719cf7f0bfcc8e043fac4d11babd1b73ba1701ebbdc23e5470f5; exact physical schema and varTable24; effective source_manifest.json records final fall revisions.
2024,F2324_F2,F_F,F2E137,00061266,nces:F_F:00061266:F2E137,F2E137,same_source_variable_identity,nces:F_F:00061266:F2E137,float,Total expenses-All other natural classification,Total expenses-All other natural classification,Original IPEDS202425.accdb SHA256 98e9175e54ba719cf7f0bfcc8e043fac4d11babd1b73ba1701ebbdc23e5470f5; exact physical schema and varTable24; effective source_manifest.json records final fall revisions.
2024,F2324_F2,F_F,F2FHA,00061281,nces:F_F:00061281:F2FHA,F2FHA,same_source_variable_identity,nces:F_F:00061281:F2FHA,categorical string,Does this institution or any of its foundations or other affiliated organizations own endowment assets ?,Does this institution or any of its foundations or other affiliated organizations own endowment assets ?,Original IPEDS202425.accdb SHA256 98e9175e54ba719cf7f0bfcc8e043fac4d11babd1b73ba1701ebbdc23e5470f5; exact physical schema and varTable24; effective source_manifest.json records final fall revisions.
2024,F2324_F2,F_F,F2H01,00061271,nces:F_F:00061271:F2H01,F2H01,same_source_variable_identity,nces:F_F:00061271:F2H01,float,Value of endowment assets at the beginning of the fiscal year  ,Value of endowment assets at the beginning of the fiscal year,Original IPEDS202425.accdb SHA256 98e9175e54ba719cf7f0bfcc8e043fac4d11babd1b73ba1701ebbdc23e5470f5; exact physical schema and varTable24; effective source_manifest.json records final fall revisions.
2024,F2324_F2,F_F,F2H02,00061276,nces:F_F:00061276:F2H02,F2H02,same_source_variable_identity,nces:F_F:00061276:F2H02,float,Value of endowment assets at the end of the fiscal year,Value of endowment assets at the end of the fiscal year,Original IPEDS202425.accdb SHA256 98e9175e54ba719cf7f0bfcc8e043fac4d11babd1b73ba1701ebbdc23e5470f5; exact physical schema and varTable24; effective source_manifest.json records final fall revisions.
2024,F2324_F2,F_F,F2H03,00061319,nces:F_F:00061319:F2H03,F2H03,same_source_variable_identity,nces:F_F:00061319:F2H03,float,Change in value of endowment net assets,Change in value of endowment net assets,Original IPEDS202425.accdb SHA256 98e9175e54ba719cf7f0bfcc8e043fac4d11babd1b73ba1701ebbdc23e5470f5; exact physical schema and varTable24; effective source_manifest.json records final fall revisions.
2024,F2324_F2,F_F,F2H03A,00061321,nces:F_F:00061321:F2H03A,F2H03A,same_source_variable_identity,nces:F_F:00061321:F2H03A,float,New gifts and additions,New gifts and additions,Original IPEDS202425.accdb SHA256 98e9175e54ba719cf7f0bfcc8e043fac4d11babd1b73ba1701ebbdc23e5470f5; exact physical schema and varTable24; effective source_manifest.json records final fall revisions.
2024,F2324_F2,F_F,F2H03B,00061323,nces:F_F:00061323:F2H03B,F2H03B,same_source_variable_identity,nces:F_F:00061323:F2H03B,float,Endowment net investment return,Endowment net investment return,Original IPEDS202425.accdb SHA256 98e9175e54ba719cf7f0bfcc8e043fac4d11babd1b73ba1701ebbdc23e5470f5; exact physical schema and varTable24; effective source_manifest.json records final fall revisions.
2024,F2324_F2,F_F,F2H03C,00061325,nces:F_F:00061325:F2H03C,F2H03C,same_source_variable_identity,nces:F_F:00061325:F2H03C,float,Spending distribution for current use,Spending distribution for current use,Original IPEDS202425.accdb SHA256 98e9175e54ba719cf7f0bfcc8e043fac4d11babd1b73ba1701ebbdc23e5470f5; exact physical schema and varTable24; effective source_manifest.json records final fall revisions.
2024,F2324_F2,F_F,F2H03D,00061327,nces:F_F:00061327:F2H03D,F2H03D,same_source_variable_identity,nces:F_F:00061327:F2H03D,float,Other changes in value of endowment net assets,Other changes in value of endowment net assets,Original IPEDS202425.accdb SHA256 98e9175e54ba719cf7f0bfcc8e043fac4d11babd1b73ba1701ebbdc23e5470f5; exact physical schema and varTable24; effective source_manifest.json records final fall revisions.
2024,F2324_F2,F_F,F2I01,00061329,nces:F_F:00061329:F2I01,F2I01,same_source_variable_identity,nces:F_F:00061329:F2I01,float,Change in unrestricted net assets,Change in unrestricted net assets,Original IPEDS202425.accdb SHA256 98e9175e54ba719cf7f0bfcc8e043fac4d11babd1b73ba1701ebbdc23e5470f5; exact physical schema and varTable24; effective source_manifest.json records final fall revisions.
2024,F2324_F2,F_F,F2I02,00061331,nces:F_F:00061331:F2I02,F2I02,same_source_variable_identity,nces:F_F:00061331:F2I02,float,Total unrestricted operating revenues,Total unrestricted operating revenues,Original IPEDS202425.accdb SHA256 98e9175e54ba719cf7f0bfcc8e043fac4d11babd1b73ba1701ebbdc23e5470f5; exact physical schema and varTable24; effective source_manifest.json records final fall revisions.
2024,F2324_F2,F_F,F2I03,00061333,nces:F_F:00061333:F2I03,F2I03,same_source_variable_identity,nces:F_F:00061333:F2I03,float,Change in net assets ,Change in net assets,Original IPEDS202425.accdb SHA256 98e9175e54ba719cf7f0bfcc8e043fac4d11babd1b73ba1701ebbdc23e5470f5; exact physical schema and varTable24; effective source_manifest.json records final fall revisions.
2024,F2324_F2,F_F,F2I04,00061335,nces:F_F:00061335:F2I04,F2I04,same_source_variable_identity,nces:F_F:00061335:F2I04,float,Total net assets,Total net assets,Original IPEDS202425.accdb SHA256 98e9175e54ba719cf7f0bfcc8e043fac4d11babd1b73ba1701ebbdc23e5470f5; exact physical schema and varTable24; effective source_manifest.json records final fall revisions.
2024,F2324_F2,F_F,F2I05,00061337,nces:F_F:00061337:F2I05,F2I05,same_source_variable_identity,nces:F_F:00061337:F2I05,float,Expendable net assets,Expendable net assets,Original IPEDS202425.accdb SHA256 98e9175e54ba719cf7f0bfcc8e043fac4d11babd1b73ba1701ebbdc23e5470f5; exact physical schema and varTable24; effective source_manifest.json records final fall revisions.
2024,F2324_F2,F_F,F2I06,00061339,nces:F_F:00061339:F2I06,F2I06,same_source_variable_identity,nces:F_F:00061339:F2I06,float,Plant-related debt,Plant-related debt,Original IPEDS202425.accdb SHA256 98e9175e54ba719cf7f0bfcc8e043fac4d11babd1b73ba1701ebbdc23e5470f5; exact physical schema and varTable24; effective source_manifest.json records final fall revisions.
2024,F2324_F2,F_F,F2I07,00061341,nces:F_F:00061341:F2I07,F2I07,same_source_variable_identity,nces:F_F:00061341:F2I07,float,Total expenses,Total expenses,Original IPEDS202425.accdb SHA256 98e9175e54ba719cf7f0bfcc8e043fac4d11babd1b73ba1701ebbdc23e5470f5; exact physical schema and varTable24; effective source_manifest.json records final fall revisions.
2024,F2324_F3,F_F,F3A01,00062821,nces:F_F:00062821:F3A01,F3A01,same_source_variable_identity,nces:F_F:00062821:F3A01,float,Total assets,Total assets,Original IPEDS202425.accdb SHA256 98e9175e54ba719cf7f0bfcc8e043fac4d11babd1b73ba1701ebbdc23e5470f5; exact physical schema and varTable24; effective source_manifest.json records final fall revisions.
2024,F2324_F3,F_F,F3A01A,00066405,nces:F_F:00066405:F3A01A,F3A01A,same_source_variable_identity,nces:F_F:00066405:F3A01A,float,Long-term investments,Long-term investments,Original IPEDS202425.accdb SHA256 98e9175e54ba719cf7f0bfcc8e043fac4d11babd1b73ba1701ebbdc23e5470f5; exact physical schema and varTable24; effective source_manifest.json records final fall revisions.
2024,F2324_F3,F_F,F3A01B,00066410,nces:F_F:00066410:F3A01B,F3A01B,same_source_variable_identity,nces:F_F:00066410:F3A01B,float,"Property, plant, and equipment, net of accumulated depreciation","Property, plant, and equipment, net of accumulated depreciation",Original IPEDS202425.accdb SHA256 98e9175e54ba719cf7f0bfcc8e043fac4d11babd1b73ba1701ebbdc23e5470f5; exact physical schema and varTable24; effective source_manifest.json records final fall revisions.
2024,F2324_F3,F_F,F3A01C,00066415,nces:F_F:00066415:F3A01C,F3A01C,same_source_variable_identity,nces:F_F:00066415:F3A01C,float,"Intangible assets, net of accumulated amortization","Intangible assets, net of accumulated amortization",Original IPEDS202425.accdb SHA256 98e9175e54ba719cf7f0bfcc8e043fac4d11babd1b73ba1701ebbdc23e5470f5; exact physical schema and varTable24; effective source_manifest.json records final fall revisions.
2024,F2324_F3,F_F,F3A02,00062826,nces:F_F:00062826:F3A02,F3A02,same_source_variable_identity,nces:F_F:00062826:F3A02,float,Total liabilities,Total liabilities,Original IPEDS202425.accdb SHA256 98e9175e54ba719cf7f0bfcc8e043fac4d11babd1b73ba1701ebbdc23e5470f5; exact physical schema and varTable24; effective source_manifest.json records final fall revisions.
2024,F2324_F3,F_F,F3A02A,00066420,nces:F_F:00066420:F3A02A,F3A02A,same_source_variable_identity,nces:F_F:00066420:F3A02A,float,"Debt related to property, plant, and equipment","Debt related to property, plant, and equipment",Original IPEDS202425.accdb SHA256 98e9175e54ba719cf7f0bfcc8e043fac4d11babd1b73ba1701ebbdc23e5470f5; exact physical schema and varTable24; effective source_manifest.json records final fall revisions.
2024,F2324_F3,F_F,F3A03,00062831,nces:F_F:00062831:F3A03,F3A03,same_source_variable_identity,nces:F_F:00062831:F3A03,float,Total equity,Total equity,Original IPEDS202425.accdb SHA256 98e9175e54ba719cf7f0bfcc8e043fac4d11babd1b73ba1701ebbdc23e5470f5; exact physical schema and varTable24; effective source_manifest.json records final fall revisions.
2024,F2324_F3,F_F,F3A04,00062836,nces:F_F:00062836:F3A04,F3A04,same_source_variable_identity,nces:F_F:00062836:F3A04,float,Total liabilities and equity,Total liabilities and equity,Original IPEDS202425.accdb SHA256 98e9175e54ba719cf7f0bfcc8e043fac4d11babd1b73ba1701ebbdc23e5470f5; exact physical schema and varTable24; effective source_manifest.json records final fall revisions.
2024,F2324_F3,F_F,F3A05,00066425,nces:F_F:00066425:F3A05,F3A05,same_source_variable_identity,nces:F_F:00066425:F3A05,float,Land and land improvements,Land and land improvements,Original IPEDS202425.accdb SHA256 98e9175e54ba719cf7f0bfcc8e043fac4d11babd1b73ba1701ebbdc23e5470f5; exact physical schema and varTable24; effective source_manifest.json records final fall revisions.
2024,F2324_F3,F_F,F3A06,00066430,nces:F_F:00066430:F3A06,F3A06,same_source_variable_identity,nces:F_F:00066430:F3A06,float,Buildings,Buildings,Original IPEDS202425.accdb SHA256 98e9175e54ba719cf7f0bfcc8e043fac4d11babd1b73ba1701ebbdc23e5470f5; exact physical schema and varTable24; effective source_manifest.json records final fall revisions.
2024,F2324_F3,F_F,F3A07,00066435,nces:F_F:00066435:F3A07,F3A07,same_source_variable_identity,nces:F_F:00066435:F3A07,float,"Equipment, including art and library collections","Equipment, including art and library collections",Original IPEDS202425.accdb SHA256 98e9175e54ba719cf7f0bfcc8e043fac4d11babd1b73ba1701ebbdc23e5470f5; exact physical schema and varTable24; effective source_manifest.json records final fall revisions.
2024,F2324_F3,F_F,F3A08,00066440,nces:F_F:00066440:F3A08,F3A08,same_source_variable_identity,nces:F_F:00066440:F3A08,float,Construction in Progress,Construction in Progress,Original IPEDS202425.accdb SHA256 98e9175e54ba719cf7f0bfcc8e043fac4d11babd1b73ba1701ebbdc23e5470f5; exact physical schema and varTable24; effective source_manifest.json records final fall revisions.
2024,F2324_F3,F_F,F3A09,00066445,nces:F_F:00066445:F3A09,F3A09,same_source_variable_identity,nces:F_F:00066445:F3A09,float,"Other plant, property and equipment","Other plant, property and equipment",Original IPEDS202425.accdb SHA256 98e9175e54ba719cf7f0bfcc8e043fac4d11babd1b73ba1701ebbdc23e5470f5; exact physical schema and varTable24; effective source_manifest.json records final fall revisions.
2024,F2324_F3,F_F,F3A10,00066450,nces:F_F:00066450:F3A10,F3A10,same_source_variable_identity,nces:F_F:00066450:F3A10,float,"Total Plant, Property, and Equipment","Total Plant, Property, and Equipment",Original IPEDS202425.accdb SHA256 98e9175e54ba719cf7f0bfcc8e043fac4d11babd1b73ba1701ebbdc23e5470f5; exact physical schema and varTable24; effective source_manifest.json records final fall revisions.
2024,F2324_F3,F_F,F3A11,00066455,nces:F_F:00066455:F3A11,F3A11,same_source_variable_identity,nces:F_F:00066455:F3A11,float,Accumulated depreciation,Accumulated depreciation,Original IPEDS202425.accdb SHA256 98e9175e54ba719cf7f0bfcc8e043fac4d11babd1b73ba1701ebbdc23e5470f5; exact physical schema and varTable24; effective source_manifest.json records final fall revisions.
2024,F2324_F3,F_F,F3A12,00066460,nces:F_F:00066460:F3A12,F3A12,same_source_variable_identity,nces:F_F:00066460:F3A12,float,"Property, Plant, and Equipment, net of accumulated depreciation (from A1b)","Property, Plant, and Equipment, net of accumulated depreciation (from A1b)",Original IPEDS202425.accdb SHA256 98e9175e54ba719cf7f0bfcc8e043fac4d11babd1b73ba1701ebbdc23e5470f5; exact physical schema and varTable24; effective source_manifest.json records final fall revisions.
2024,F2324_F3,F_F,F3B01,00062841,nces:F_F:00062841:F3B01,F3B01,same_source_variable_identity,nces:F_F:00062841:F3B01,float,Total revenues and investment return,Total revenues and investment return,Original IPEDS202425.accdb SHA256 98e9175e54ba719cf7f0bfcc8e043fac4d11babd1b73ba1701ebbdc23e5470f5; exact physical schema and varTable24; effective source_manifest.json records final fall revisions.
2024,F2324_F3,F_F,F3B02,00062846,nces:F_F:00062846:F3B02,F3B02,same_source_variable_identity,nces:F_F:00062846:F3B02,float,Total expenses,Total expenses,Original IPEDS202425.accdb SHA256 98e9175e54ba719cf7f0bfcc8e043fac4d11babd1b73ba1701ebbdc23e5470f5; exact physical schema and varTable24; effective source_manifest.json records final fall revisions.
2024,F2324_F3,F_F,F3B03,00062851,nces:F_F:00062851:F3B03,F3B03,same_source_variable_identity,nces:F_F:00062851:F3B03,float,Sum of specific changes in equity,Sum of specific changes in equity,Original IPEDS202425.accdb SHA256 98e9175e54ba719cf7f0bfcc8e043fac4d11babd1b73ba1701ebbdc23e5470f5; exact physical schema and varTable24; effective source_manifest.json records final fall revisions.
2024,F2324_F3,F_F,F3B04,00062856,nces:F_F:00062856:F3B04,F3B04,same_source_variable_identity,nces:F_F:00062856:F3B04,float,Net income,Net income,Original IPEDS202425.accdb SHA256 98e9175e54ba719cf7f0bfcc8e043fac4d11babd1b73ba1701ebbdc23e5470f5; exact physical schema and varTable24; effective source_manifest.json records final fall revisions.
2024,F2324_F3,F_F,F3B05,00062861,nces:F_F:00062861:F3B05,F3B05,same_source_variable_identity,nces:F_F:00062861:F3B05,float,Other changes in equity,Other changes in equity,Original IPEDS202425.accdb SHA256 98e9175e54ba719cf7f0bfcc8e043fac4d11babd1b73ba1701ebbdc23e5470f5; exact physical schema and varTable24; effective source_manifest.json records final fall revisions.
2024,F2324_F3,F_F,F3B06,00062866,nces:F_F:00062866:F3B06,F3B06,same_source_variable_identity,nces:F_F:00062866:F3B06,float,"Equity, beginning of year","Equity, beginning of year",Original IPEDS202425.accdb SHA256 98e9175e54ba719cf7f0bfcc8e043fac4d11babd1b73ba1701ebbdc23e5470f5; exact physical schema and varTable24; effective source_manifest.json records final fall revisions.
2024,F2324_F3,F_F,F3B07,00062871,nces:F_F:00062871:F3B07,F3B07,same_source_variable_identity,nces:F_F:00062871:F3B07,float,Adjustments to beginning net equity,Adjustments to beginning net equity,Original IPEDS202425.accdb SHA256 98e9175e54ba719cf7f0bfcc8e043fac4d11babd1b73ba1701ebbdc23e5470f5; exact physical schema and varTable24; effective source_manifest.json records final fall revisions.
2024,F2324_F3,F_F,F3B08,00062876,nces:F_F:00062876:F3B08,F3B08,same_source_variable_identity,nces:F_F:00062876:F3B08,float,"Equity, end of year","Equity, end of year",Original IPEDS202425.accdb SHA256 98e9175e54ba719cf7f0bfcc8e043fac4d11babd1b73ba1701ebbdc23e5470f5; exact physical schema and varTable24; effective source_manifest.json records final fall revisions.
2024,F2324_F3,F_F,F3C01,00062881,nces:F_F:00062881:F3C01,F3C01,same_source_variable_identity,nces:F_F:00062881:F3C01,float,Pell grants,Pell grants,Original IPEDS202425.accdb SHA256 98e9175e54ba719cf7f0bfcc8e043fac4d11babd1b73ba1701ebbdc23e5470f5; exact physical schema and varTable24; effective source_manifest.json records final fall revisions.
2024,F2324_F3,F_F,F3C02,00062886,nces:F_F:00062886:F3C02,F3C02,same_source_variable_identity,nces:F_F:00062886:F3C02,float,Other federal grants,Other federal grants,Original IPEDS202425.accdb SHA256 98e9175e54ba719cf7f0bfcc8e043fac4d11babd1b73ba1701ebbdc23e5470f5; exact physical schema and varTable24; effective source_manifest.json records final fall revisions.
2024,F2324_F3,F_F,F3C03,00062891,nces:F_F:00062891:F3C03,F3C03,same_source_variable_identity,nces:F_F:00062891:F3C03,float,State and local grants,State and local grants,Original IPEDS202425.accdb SHA256 98e9175e54ba719cf7f0bfcc8e043fac4d11babd1b73ba1701ebbdc23e5470f5; exact physical schema and varTable24; effective source_manifest.json records final fall revisions.
2024,F2324_F3,F_F,F3C03A,00066465,nces:F_F:00066465:F3C03A,F3C03A,same_source_variable_identity,nces:F_F:00066465:F3C03A,float,State grants,State grants,Original IPEDS202425.accdb SHA256 98e9175e54ba719cf7f0bfcc8e043fac4d11babd1b73ba1701ebbdc23e5470f5; exact physical schema and varTable24; effective source_manifest.json records final fall revisions.
2024,F2324_F3,F_F,F3C03B,00066470,nces:F_F:00066470:F3C03B,F3C03B,same_source_variable_identity,nces:F_F:00066470:F3C03B,float,Local government grants,Local government grants,Original IPEDS202425.accdb SHA256 98e9175e54ba719cf7f0bfcc8e043fac4d11babd1b73ba1701ebbdc23e5470f5; exact physical schema and varTable24; effective source_manifest.json records final fall revisions.
2024,F2324_F3,F_F,F3C04,00062896,nces:F_F:00062896:F3C04,F3C04,same_source_variable_identity,nces:F_F:00062896:F3C04,float,Institutional grants,Institutional grants,Original IPEDS202425.accdb SHA256 98e9175e54ba719cf7f0bfcc8e043fac4d11babd1b73ba1701ebbdc23e5470f5; exact physical schema and varTable24; effective source_manifest.json records final fall revisions.
2024,F2324_F3,F_F,F3C05,00062901,nces:F_F:00062901:F3C05,F3C05,same_source_variable_identity,nces:F_F:00062901:F3C05,float,Total student grants,Total student grants,Original IPEDS202425.accdb SHA256 98e9175e54ba719cf7f0bfcc8e043fac4d11babd1b73ba1701ebbdc23e5470f5; exact physical schema and varTable24; effective source_manifest.json records final fall revisions.
2024,F2324_F3,F_F,F3C06,00062906,nces:F_F:00062906:F3C06,F3C06,same_source_variable_identity,nces:F_F:00062906:F3C06,float,Discounts and allowances applied to tuition and fees,Discounts and allowances applied to tuition and fees,Original IPEDS202425.accdb SHA256 98e9175e54ba719cf7f0bfcc8e043fac4d11babd1b73ba1701ebbdc23e5470f5; exact physical schema and varTable24; effective source_manifest.json records final fall revisions.
2024,F2324_F3,F_F,F3C07,00062911,nces:F_F:00062911:F3C07,F3C07,same_source_variable_identity,nces:F_F:00062911:F3C07,float,Discounts and allowances applied to auxiliary enterprise revenues,Discounts and allowances applied to auxiliary enterprise revenues,Original IPEDS202425.accdb SHA256 98e9175e54ba719cf7f0bfcc8e043fac4d11babd1b73ba1701ebbdc23e5470f5; exact physical schema and varTable24; effective source_manifest.json records final fall revisions.
2024,F2324_F3,F_F,F3C08,00062913,nces:F_F:00062913:F3C08,F3C08,same_source_variable_identity,nces:F_F:00062913:F3C08,float,Total discounts and allowances,Total discounts and allowances,Original IPEDS202425.accdb SHA256 98e9175e54ba719cf7f0bfcc8e043fac4d11babd1b73ba1701ebbdc23e5470f5; exact physical schema and varTable24; effective source_manifest.json records final fall revisions.
2024,F2324_F3,F_F,F3C12,00068283,nces:F_F:00068283:F3C12,F3C12,same_source_variable_identity,nces:F_F:00068283:F3C12,float,Total   discounts and   allowances from Pell grants,Total  discounts and  allowances from Pell grants,Original IPEDS202425.accdb SHA256 98e9175e54ba719cf7f0bfcc8e043fac4d11babd1b73ba1701ebbdc23e5470f5; exact physical schema and varTable24; effective source_manifest.json records final fall revisions.
2024,F2324_F3,F_F,F3C121,00068285,nces:F_F:00068285:F3C121,F3C121,same_source_variable_identity,nces:F_F:00068285:F3C121,float,Discounts and allowances from Pell grants applied to tuition and fees,Discounts and allowances from Pell grants applied to tuition and fees,Original IPEDS202425.accdb SHA256 98e9175e54ba719cf7f0bfcc8e043fac4d11babd1b73ba1701ebbdc23e5470f5; exact physical schema and varTable24; effective source_manifest.json records final fall revisions.
2024,F2324_F3,F_F,F3C122,00068287,nces:F_F:00068287:F3C122,F3C122,same_source_variable_identity,nces:F_F:00068287:F3C122,float,Discounts and allowances from Pell grants applied to auxiliary enterprises,Discounts and allowances from Pell grants applied to auxiliary enterprises,Original IPEDS202425.accdb SHA256 98e9175e54ba719cf7f0bfcc8e043fac4d11babd1b73ba1701ebbdc23e5470f5; exact physical schema and varTable24; effective source_manifest.json records final fall revisions.
2024,F2324_F3,F_F,F3C13,00068289,nces:F_F:00068289:F3C13,F3C13,same_source_variable_identity,nces:F_F:00068289:F3C13,float,Total discounts and allowances from other federal grants,Total discounts and allowances from other federal grants,Original IPEDS202425.accdb SHA256 98e9175e54ba719cf7f0bfcc8e043fac4d11babd1b73ba1701ebbdc23e5470f5; exact physical schema and varTable24; effective source_manifest.json records final fall revisions.
2024,F2324_F3,F_F,F3C131,00068291,nces:F_F:00068291:F3C131,F3C131,same_source_variable_identity,nces:F_F:00068291:F3C131,float,Discounts and allowances from other federal grants applied to tuition and fees,Discounts and allowances from other federal grants applied to tuition and fees,Original IPEDS202425.accdb SHA256 98e9175e54ba719cf7f0bfcc8e043fac4d11babd1b73ba1701ebbdc23e5470f5; exact physical schema and varTable24; effective source_manifest.json records final fall revisions.
2024,F2324_F3,F_F,F3C132,00068293,nces:F_F:00068293:F3C132,F3C132,same_source_variable_identity,nces:F_F:00068293:F3C132,float,Discounts and allowances from other federal grants applied to auxiliary enterprises,Discounts and allowances from other federal grants applied to auxiliary enterprises,Original IPEDS202425.accdb SHA256 98e9175e54ba719cf7f0bfcc8e043fac4d11babd1b73ba1701ebbdc23e5470f5; exact physical schema and varTable24; effective source_manifest.json records final fall revisions.
2024,F2324_F3,F_F,F3C14,00068295,nces:F_F:00068295:F3C14,F3C14,same_source_variable_identity,nces:F_F:00068295:F3C14,float,Total discounts and allowances from state government grants,Total discounts and allowances from state government grants,Original IPEDS202425.accdb SHA256 98e9175e54ba719cf7f0bfcc8e043fac4d11babd1b73ba1701ebbdc23e5470f5; exact physical schema and varTable24; effective source_manifest.json records final fall revisions.
2024,F2324_F3,F_F,F3C141,00068297,nces:F_F:00068297:F3C141,F3C141,same_source_variable_identity,nces:F_F:00068297:F3C141,float,Discounts and allowances from state government grants applied to tuition and fees,Discounts and allowances from state government grants applied to tuition and fees,Original IPEDS202425.accdb SHA256 98e9175e54ba719cf7f0bfcc8e043fac4d11babd1b73ba1701ebbdc23e5470f5; exact physical schema and varTable24; effective source_manifest.json records final fall revisions.
2024,F2324_F3,F_F,F3C142,00068299,nces:F_F:00068299:F3C142,F3C142,same_source_variable_identity,nces:F_F:00068299:F3C142,float,Discounts and allowances from state government grants applied to auxiliary enterprises,Discounts and allowances from state government grants applied to auxiliary enterprises,Original IPEDS202425.accdb SHA256 98e9175e54ba719cf7f0bfcc8e043fac4d11babd1b73ba1701ebbdc23e5470f5; exact physical schema and varTable24; effective source_manifest.json records final fall revisions.
2024,F2324_F3,F_F,F3C15,00068301,nces:F_F:00068301:F3C15,F3C15,same_source_variable_identity,nces:F_F:00068301:F3C15,float,Total discounts and allowances from local government grants,Total discounts and allowances from local government grants,Original IPEDS202425.accdb SHA256 98e9175e54ba719cf7f0bfcc8e043fac4d11babd1b73ba1701ebbdc23e5470f5; exact physical schema and varTable24; effective source_manifest.json records final fall revisions.
2024,F2324_F3,F_F,F3C151,00068303,nces:F_F:00068303:F3C151,F3C151,same_source_variable_identity,nces:F_F:00068303:F3C151,float,Discounts and   allowances from local government grants applied to tuition and fees,Discounts and  allowances from local government grants applied to tuition and fees,Original IPEDS202425.accdb SHA256 98e9175e54ba719cf7f0bfcc8e043fac4d11babd1b73ba1701ebbdc23e5470f5; exact physical schema and varTable24; effective source_manifest.json records final fall revisions.
2024,F2324_F3,F_F,F3C152,00068305,nces:F_F:00068305:F3C152,F3C152,same_source_variable_identity,nces:F_F:00068305:F3C152,float,Discounts and allowances from local government grants applied to auxiliary enterprises,Discounts and allowances from local government grants applied to auxiliary enterprises,Original IPEDS202425.accdb SHA256 98e9175e54ba719cf7f0bfcc8e043fac4d11babd1b73ba1701ebbdc23e5470f5; exact physical schema and varTable24; effective source_manifest.json records final fall revisions.
2024,F2324_F3,F_F,F3C16,00068307,nces:F_F:00068307:F3C16,F3C16,same_source_variable_identity,nces:F_F:00068307:F3C16,float,Total discounts and   allowances from endowments and gifts,Total discounts and  allowances from endowments and gifts,Original IPEDS202425.accdb SHA256 98e9175e54ba719cf7f0bfcc8e043fac4d11babd1b73ba1701ebbdc23e5470f5; exact physical schema and varTable24; effective source_manifest.json records final fall revisions.
2024,F2324_F3,F_F,F3C161,00068309,nces:F_F:00068309:F3C161,F3C161,same_source_variable_identity,nces:F_F:00068309:F3C161,float,Discounts and   allowances from endowments and gifts applied to tuition and fees,Discounts and  allowances from endowments and gifts applied to tuition and fees,Original IPEDS202425.accdb SHA256 98e9175e54ba719cf7f0bfcc8e043fac4d11babd1b73ba1701ebbdc23e5470f5; exact physical schema and varTable24; effective source_manifest.json records final fall revisions.
2024,F2324_F3,F_F,F3C162,00068311,nces:F_F:00068311:F3C162,F3C162,same_source_variable_identity,nces:F_F:00068311:F3C162,float,Discounts and allowances from endowments and gifts applied to auxiliary enterprises,Discounts and allowances from endowments and gifts applied to auxiliary enterprises,Original IPEDS202425.accdb SHA256 98e9175e54ba719cf7f0bfcc8e043fac4d11babd1b73ba1701ebbdc23e5470f5; exact physical schema and varTable24; effective source_manifest.json records final fall revisions.
2024,F2324_F3,F_F,F3C17,00068313,nces:F_F:00068313:F3C17,F3C17,same_source_variable_identity,nces:F_F:00068313:F3C17,float,Total discounts and allowances from other institutional sources,Total discounts and allowances from other institutional sources,Original IPEDS202425.accdb SHA256 98e9175e54ba719cf7f0bfcc8e043fac4d11babd1b73ba1701ebbdc23e5470f5; exact physical schema and varTable24; effective source_manifest.json records final fall revisions.
2024,F2324_F3,F_F,F3C171,00068315,nces:F_F:00068315:F3C171,F3C171,same_source_variable_identity,nces:F_F:00068315:F3C171,float,Discounts and   allowances from other institutional sources applied to tuition and fees,Discounts and  allowances from other institutional sources applied to tuition and fees,Original IPEDS202425.accdb SHA256 98e9175e54ba719cf7f0bfcc8e043fac4d11babd1b73ba1701ebbdc23e5470f5; exact physical schema and varTable24; effective source_manifest.json records final fall revisions.
2024,F2324_F3,F_F,F3C172,00068317,nces:F_F:00068317:F3C172,F3C172,same_source_variable_identity,nces:F_F:00068317:F3C172,float,Discounts and allowances from other institutional sources applied to auxiliary enterprises,Discounts and allowances from other institutional sources applied to auxiliary enterprises,Original IPEDS202425.accdb SHA256 98e9175e54ba719cf7f0bfcc8e043fac4d11babd1b73ba1701ebbdc23e5470f5; exact physical schema and varTable24; effective source_manifest.json records final fall revisions.
2024,F2324_F3,F_F,F3D01,00062916,nces:F_F:00062916:F3D01,F3D01,same_source_variable_identity,nces:F_F:00062916:F3D01,float,Tuition and fees,Tuition and fees,Original IPEDS202425.accdb SHA256 98e9175e54ba719cf7f0bfcc8e043fac4d11babd1b73ba1701ebbdc23e5470f5; exact physical schema and varTable24; effective source_manifest.json records final fall revisions.
2024,F2324_F3,F_F,F3D02,00062921,nces:F_F:00062921:F3D02,F3D02,same_source_variable_identity,nces:F_F:00062921:F3D02,float,"Federal appropriations, grants and contracts","Federal appropriations, grants and contracts",Original IPEDS202425.accdb SHA256 98e9175e54ba719cf7f0bfcc8e043fac4d11babd1b73ba1701ebbdc23e5470f5; exact physical schema and varTable24; effective source_manifest.json records final fall revisions.
2024,F2324_F3,F_F,F3D02A,00066475,nces:F_F:00066475:F3D02A,F3D02A,same_source_variable_identity,nces:F_F:00066475:F3D02A,float,Federal appropriations,Federal appropriations,Original IPEDS202425.accdb SHA256 98e9175e54ba719cf7f0bfcc8e043fac4d11babd1b73ba1701ebbdc23e5470f5; exact physical schema and varTable24; effective source_manifest.json records final fall revisions.
2024,F2324_F3,F_F,F3D02B,00066480,nces:F_F:00066480:F3D02B,F3D02B,same_source_variable_identity,nces:F_F:00066480:F3D02B,float,Federal grants and contracts,Federal grants and contracts,Original IPEDS202425.accdb SHA256 98e9175e54ba719cf7f0bfcc8e043fac4d11babd1b73ba1701ebbdc23e5470f5; exact physical schema and varTable24; effective source_manifest.json records final fall revisions.
2024,F2324_F3,F_F,F3D03,00062926,nces:F_F:00062926:F3D03,F3D03,same_source_variable_identity,nces:F_F:00062926:F3D03,float,"State and local appropriations, grants and contracts","State and local appropriations, grants and contracts",Original IPEDS202425.accdb SHA256 98e9175e54ba719cf7f0bfcc8e043fac4d11babd1b73ba1701ebbdc23e5470f5; exact physical schema and varTable24; effective source_manifest.json records final fall revisions.
2024,F2324_F3,F_F,F3D03A,00066485,nces:F_F:00066485:F3D03A,F3D03A,same_source_variable_identity,nces:F_F:00066485:F3D03A,float,State appropriations,State appropriations,Original IPEDS202425.accdb SHA256 98e9175e54ba719cf7f0bfcc8e043fac4d11babd1b73ba1701ebbdc23e5470f5; exact physical schema and varTable24; effective source_manifest.json records final fall revisions.
2024,F2324_F3,F_F,F3D03B,00066490,nces:F_F:00066490:F3D03B,F3D03B,same_source_variable_identity,nces:F_F:00066490:F3D03B,float,State grants and contracts,State grants and contracts,Original IPEDS202425.accdb SHA256 98e9175e54ba719cf7f0bfcc8e043fac4d11babd1b73ba1701ebbdc23e5470f5; exact physical schema and varTable24; effective source_manifest.json records final fall revisions.
2024,F2324_F3,F_F,F3D03C,00066495,nces:F_F:00066495:F3D03C,F3D03C,same_source_variable_identity,nces:F_F:00066495:F3D03C,float,Local government appropriations,Local government appropriations,Original IPEDS202425.accdb SHA256 98e9175e54ba719cf7f0bfcc8e043fac4d11babd1b73ba1701ebbdc23e5470f5; exact physical schema and varTable24; effective source_manifest.json records final fall revisions.
2024,F2324_F3,F_F,F3D03D,00066500,nces:F_F:00066500:F3D03D,F3D03D,same_source_variable_identity,nces:F_F:00066500:F3D03D,float,Local government and contracts,Local government and contracts,Original IPEDS202425.accdb SHA256 98e9175e54ba719cf7f0bfcc8e043fac4d11babd1b73ba1701ebbdc23e5470f5; exact physical schema and varTable24; effective source_manifest.json records final fall revisions.
2024,F2324_F3,F_F,F3D04,00062931,nces:F_F:00062931:F3D04,F3D04,same_source_variable_identity,nces:F_F:00062931:F3D04,float,"Private gifts, grants, and contracts","Private gifts, grants, and contracts",Original IPEDS202425.accdb SHA256 98e9175e54ba719cf7f0bfcc8e043fac4d11babd1b73ba1701ebbdc23e5470f5; exact physical schema and varTable24; effective source_manifest.json records final fall revisions.
2024,F2324_F3,F_F,F3D05,00062936,nces:F_F:00062936:F3D05,F3D05,same_source_variable_identity,nces:F_F:00062936:F3D05,float,Investment income and investment gains (losses) included in net income,Investment income and investment gains (losses) included in net income,Original IPEDS202425.accdb SHA256 98e9175e54ba719cf7f0bfcc8e043fac4d11babd1b73ba1701ebbdc23e5470f5; exact physical schema and varTable24; effective source_manifest.json records final fall revisions.
2024,F2324_F3,F_F,F3D06,00062941,nces:F_F:00062941:F3D06,F3D06,same_source_variable_identity,nces:F_F:00062941:F3D06,float,Sales and services of educational activities,Sales and services of educational activities,Original IPEDS202425.accdb SHA256 98e9175e54ba719cf7f0bfcc8e043fac4d11babd1b73ba1701ebbdc23e5470f5; exact physical schema and varTable24; effective source_manifest.json records final fall revisions.
2024,F2324_F3,F_F,F3D07,00062946,nces:F_F:00062946:F3D07,F3D07,same_source_variable_identity,nces:F_F:00062946:F3D07,float,Sales and services of auxiliary enterprises,Sales and services of auxiliary enterprises,Original IPEDS202425.accdb SHA256 98e9175e54ba719cf7f0bfcc8e043fac4d11babd1b73ba1701ebbdc23e5470f5; exact physical schema and varTable24; effective source_manifest.json records final fall revisions.
2024,F2324_F3,F_F,F3D12,00066505,nces:F_F:00066505:F3D12,F3D12,same_source_variable_identity,nces:F_F:00066505:F3D12,float,Hospital revenue,Hospital revenue,Original IPEDS202425.accdb SHA256 98e9175e54ba719cf7f0bfcc8e043fac4d11babd1b73ba1701ebbdc23e5470f5; exact physical schema and varTable24; effective source_manifest.json records final fall revisions.
2024,F2324_F3,F_F,F3D08,00062951,nces:F_F:00062951:F3D08,F3D08,same_source_variable_identity,nces:F_F:00062951:F3D08,float,Other revenue,Other revenue,Original IPEDS202425.accdb SHA256 98e9175e54ba719cf7f0bfcc8e043fac4d11babd1b73ba1701ebbdc23e5470f5; exact physical schema and varTable24; effective source_manifest.json records final fall revisions.
2024,F2324_F3,F_F,F3D09,00062956,nces:F_F:00062956:F3D09,F3D09,same_source_variable_identity,nces:F_F:00062956:F3D09,float,Total revenues and investment return,Total revenues and investment return,Original IPEDS202425.accdb SHA256 98e9175e54ba719cf7f0bfcc8e043fac4d11babd1b73ba1701ebbdc23e5470f5; exact physical schema and varTable24; effective source_manifest.json records final fall revisions.
2024,F2324_F3,F_F,F3E011,00062961,nces:F_F:00062961:F3E011,F3E011,same_source_variable_identity,nces:F_F:00062961:F3E011,float,Instruction-Total amount,Instruction-Total amount,Original IPEDS202425.accdb SHA256 98e9175e54ba719cf7f0bfcc8e043fac4d11babd1b73ba1701ebbdc23e5470f5; exact physical schema and varTable24; effective source_manifest.json records final fall revisions.
2024,F2324_F3,F_F,F3E012,00066515,nces:F_F:00066515:F3E012,F3E012,same_source_variable_identity,nces:F_F:00066515:F3E012,float,Instruction-Salaries and wages,Instruction-Salaries and wages,Original IPEDS202425.accdb SHA256 98e9175e54ba719cf7f0bfcc8e043fac4d11babd1b73ba1701ebbdc23e5470f5; exact physical schema and varTable24; effective source_manifest.json records final fall revisions.
2024,F2324_F3,F_F,F3E02A1,00066545,nces:F_F:00066545:F3E02A1,F3E02A1,same_source_variable_identity,nces:F_F:00066545:F3E02A1,float,Research-Total amount,Research-Total amount,Original IPEDS202425.accdb SHA256 98e9175e54ba719cf7f0bfcc8e043fac4d11babd1b73ba1701ebbdc23e5470f5; exact physical schema and varTable24; effective source_manifest.json records final fall revisions.
2024,F2324_F3,F_F,F3E02A2,00066550,nces:F_F:00066550:F3E02A2,F3E02A2,same_source_variable_identity,nces:F_F:00066550:F3E02A2,float,Research-Salaries and wages,Research-Salaries and wages,Original IPEDS202425.accdb SHA256 98e9175e54ba719cf7f0bfcc8e043fac4d11babd1b73ba1701ebbdc23e5470f5; exact physical schema and varTable24; effective source_manifest.json records final fall revisions.
2024,F2324_F3,F_F,F3E02B1,00066580,nces:F_F:00066580:F3E02B1,F3E02B1,same_source_variable_identity,nces:F_F:00066580:F3E02B1,float,Public service-Total amount,Public service-Total amount,Original IPEDS202425.accdb SHA256 98e9175e54ba719cf7f0bfcc8e043fac4d11babd1b73ba1701ebbdc23e5470f5; exact physical schema and varTable24; effective source_manifest.json records final fall revisions.
2024,F2324_F3,F_F,F3E02B2,00066585,nces:F_F:00066585:F3E02B2,F3E02B2,same_source_variable_identity,nces:F_F:00066585:F3E02B2,float,Public service-Salaries and wages,Public service-Salaries and wages,Original IPEDS202425.accdb SHA256 98e9175e54ba719cf7f0bfcc8e043fac4d11babd1b73ba1701ebbdc23e5470f5; exact physical schema and varTable24; effective source_manifest.json records final fall revisions.
2024,F2324_F3,F_F,F3E03A1,00066615,nces:F_F:00066615:F3E03A1,F3E03A1,same_source_variable_identity,nces:F_F:00066615:F3E03A1,float,Academic support-Total amount,Academic support-Total amount,Original IPEDS202425.accdb SHA256 98e9175e54ba719cf7f0bfcc8e043fac4d11babd1b73ba1701ebbdc23e5470f5; exact physical schema and varTable24; effective source_manifest.json records final fall revisions.
2024,F2324_F3,F_F,F3E03A2,00066620,nces:F_F:00066620:F3E03A2,F3E03A2,same_source_variable_identity,nces:F_F:00066620:F3E03A2,float,Academic support-Salaries and wages,Academic support-Salaries and wages,Original IPEDS202425.accdb SHA256 98e9175e54ba719cf7f0bfcc8e043fac4d11babd1b73ba1701ebbdc23e5470f5; exact physical schema and varTable24; effective source_manifest.json records final fall revisions.
2024,F2324_F3,F_F,F3E03B1,00066650,nces:F_F:00066650:F3E03B1,F3E03B1,same_source_variable_identity,nces:F_F:00066650:F3E03B1,float,Student service-Total amount,Student service-Total amount,Original IPEDS202425.accdb SHA256 98e9175e54ba719cf7f0bfcc8e043fac4d11babd1b73ba1701ebbdc23e5470f5; exact physical schema and varTable24; effective source_manifest.json records final fall revisions.
2024,F2324_F3,F_F,F3E03B2,00066655,nces:F_F:00066655:F3E03B2,F3E03B2,same_source_variable_identity,nces:F_F:00066655:F3E03B2,float,Student service-Salaries and wages,Student service-Salaries and wages,Original IPEDS202425.accdb SHA256 98e9175e54ba719cf7f0bfcc8e043fac4d11babd1b73ba1701ebbdc23e5470f5; exact physical schema and varTable24; effective source_manifest.json records final fall revisions.
2024,F2324_F3,F_F,F3E03C1,00066685,nces:F_F:00066685:F3E03C1,F3E03C1,same_source_variable_identity,nces:F_F:00066685:F3E03C1,float,Institutional support-Total amount,Institutional support-Total amount,Original IPEDS202425.accdb SHA256 98e9175e54ba719cf7f0bfcc8e043fac4d11babd1b73ba1701ebbdc23e5470f5; exact physical schema and varTable24; effective source_manifest.json records final fall revisions.
2024,F2324_F3,F_F,F3E03C2,00066690,nces:F_F:00066690:F3E03C2,F3E03C2,same_source_variable_identity,nces:F_F:00066690:F3E03C2,float,Institutional support-Salaries and wages,Institutional support-Salaries and wages,Original IPEDS202425.accdb SHA256 98e9175e54ba719cf7f0bfcc8e043fac4d11babd1b73ba1701ebbdc23e5470f5; exact physical schema and varTable24; effective source_manifest.json records final fall revisions.
2024,F2324_F3,F_F,F3E041,00062976,nces:F_F:00062976:F3E041,F3E041,same_source_variable_identity,nces:F_F:00062976:F3E041,float,Auxiliary enterprises-Total amount,Auxiliary enterprises-Total amount,Original IPEDS202425.accdb SHA256 98e9175e54ba719cf7f0bfcc8e043fac4d11babd1b73ba1701ebbdc23e5470f5; exact physical schema and varTable24; effective source_manifest.json records final fall revisions.
2024,F2324_F3,F_F,F3E042,00066725,nces:F_F:00066725:F3E042,F3E042,same_source_variable_identity,nces:F_F:00066725:F3E042,float,Auxiliary enterprises-Salaries and wages,Auxiliary enterprises-Salaries and wages,Original IPEDS202425.accdb SHA256 98e9175e54ba719cf7f0bfcc8e043fac4d11babd1b73ba1701ebbdc23e5470f5; exact physical schema and varTable24; effective source_manifest.json records final fall revisions.
2024,F2324_F3,F_F,F3E051,00062981,nces:F_F:00062981:F3E051,F3E051,same_source_variable_identity,nces:F_F:00062981:F3E051,float,Net grant aid to students-Total amount,Net grant aid to students-Total amount,Original IPEDS202425.accdb SHA256 98e9175e54ba719cf7f0bfcc8e043fac4d11babd1b73ba1701ebbdc23e5470f5; exact physical schema and varTable24; effective source_manifest.json records final fall revisions.
2024,F2324_F3,F_F,F3E101,00066830,nces:F_F:00066830:F3E101,F3E101,same_source_variable_identity,nces:F_F:00066830:F3E101,float,Hospital services-Total amount,Hospital services-Total amount,Original IPEDS202425.accdb SHA256 98e9175e54ba719cf7f0bfcc8e043fac4d11babd1b73ba1701ebbdc23e5470f5; exact physical schema and varTable24; effective source_manifest.json records final fall revisions.
2024,F2324_F3,F_F,F3E102,00066835,nces:F_F:00066835:F3E102,F3E102,same_source_variable_identity,nces:F_F:00066835:F3E102,float,Hospital services-Salaries and wages,Hospital services-Salaries and wages,Original IPEDS202425.accdb SHA256 98e9175e54ba719cf7f0bfcc8e043fac4d11babd1b73ba1701ebbdc23e5470f5; exact physical schema and varTable24; effective source_manifest.json records final fall revisions.
2024,F2324_F3,F_F,F3E061,00062986,nces:F_F:00062986:F3E061,F3E061,same_source_variable_identity,nces:F_F:00062986:F3E061,float,Other expenses-Total amount,Other expenses-Total amount,Original IPEDS202425.accdb SHA256 98e9175e54ba719cf7f0bfcc8e043fac4d11babd1b73ba1701ebbdc23e5470f5; exact physical schema and varTable24; effective source_manifest.json records final fall revisions.
2024,F2324_F3,F_F,F3E062,00066770,nces:F_F:00066770:F3E062,F3E062,same_source_variable_identity,nces:F_F:00066770:F3E062,float,Other expenses-Salaries and wages,Other expenses-Salaries and wages,Original IPEDS202425.accdb SHA256 98e9175e54ba719cf7f0bfcc8e043fac4d11babd1b73ba1701ebbdc23e5470f5; exact physical schema and varTable24; effective source_manifest.json records final fall revisions.
2024,F2324_F3,F_F,F3E071,00062991,nces:F_F:00062991:F3E071,F3E071,same_source_variable_identity,nces:F_F:00062991:F3E071,float,Total expenses-Total amount,Total expenses-Total amount,Original IPEDS202425.accdb SHA256 98e9175e54ba719cf7f0bfcc8e043fac4d11babd1b73ba1701ebbdc23e5470f5; exact physical schema and varTable24; effective source_manifest.json records final fall revisions.
2024,F2324_F3,F_F,F3E072,00066805,nces:F_F:00066805:F3E072,F3E072,same_source_variable_identity,nces:F_F:00066805:F3E072,float,Total expenses-Salaries and wages,Total expenses-Salaries and wages,Original IPEDS202425.accdb SHA256 98e9175e54ba719cf7f0bfcc8e043fac4d11babd1b73ba1701ebbdc23e5470f5; exact physical schema and varTable24; effective source_manifest.json records final fall revisions.
2024,F2324_F3,F_F,F3E073,00066810,nces:F_F:00066810:F3E073,F3E073,same_source_variable_identity,nces:F_F:00066810:F3E073,float,Total expenses-Benefits,Total expenses-Benefits,Original IPEDS202425.accdb SHA256 98e9175e54ba719cf7f0bfcc8e043fac4d11babd1b73ba1701ebbdc23e5470f5; exact physical schema and varTable24; effective source_manifest.json records final fall revisions.
2024,F2324_F3,F_F,F3E074,00066812,nces:F_F:00066812:F3E074,F3E074,same_source_variable_identity,nces:F_F:00066812:F3E074,float,Total expenses-Operations and maintenance ,Total expenses-Operations and maintenance,Original IPEDS202425.accdb SHA256 98e9175e54ba719cf7f0bfcc8e043fac4d11babd1b73ba1701ebbdc23e5470f5; exact physical schema and varTable24; effective source_manifest.json records final fall revisions.
2024,F2324_F3,F_F,F3E075,00066815,nces:F_F:00066815:F3E075,F3E075,same_source_variable_identity,nces:F_F:00066815:F3E075,float,Total expenses-Depreciation,Total expenses-Depreciation,Original IPEDS202425.accdb SHA256 98e9175e54ba719cf7f0bfcc8e043fac4d11babd1b73ba1701ebbdc23e5470f5; exact physical schema and varTable24; effective source_manifest.json records final fall revisions.
2024,F2324_F3,F_F,F3E076,00066820,nces:F_F:00066820:F3E076,F3E076,same_source_variable_identity,nces:F_F:00066820:F3E076,float,Total expenses-Interest,Total expenses-Interest,Original IPEDS202425.accdb SHA256 98e9175e54ba719cf7f0bfcc8e043fac4d11babd1b73ba1701ebbdc23e5470f5; exact physical schema and varTable24; effective source_manifest.json records final fall revisions.
2024,F2324_F3,F_F,F3E077,00066825,nces:F_F:00066825:F3E077,F3E077,same_source_variable_identity,nces:F_F:00066825:F3E077,float,Total expenses-All other,Total expenses-All other,Original IPEDS202425.accdb SHA256 98e9175e54ba719cf7f0bfcc8e043fac4d11babd1b73ba1701ebbdc23e5470f5; exact physical schema and varTable24; effective source_manifest.json records final fall revisions.
2024,F2324_F3,F_F,F3F01,00066900,nces:F_F:00066900:F3F01,F3F01,same_source_variable_identity,nces:F_F:00066900:F3F01,float,Federal income tax expenses,Federal income tax expenses,Original IPEDS202425.accdb SHA256 98e9175e54ba719cf7f0bfcc8e043fac4d11babd1b73ba1701ebbdc23e5470f5; exact physical schema and varTable24; effective source_manifest.json records final fall revisions.
2024,F2324_F3,F_F,F3F02,00066905,nces:F_F:00066905:F3F02,F3F02,same_source_variable_identity,nces:F_F:00066905:F3F02,float,State and local income tax expenses,State and local income tax expenses,Original IPEDS202425.accdb SHA256 98e9175e54ba719cf7f0bfcc8e043fac4d11babd1b73ba1701ebbdc23e5470f5; exact physical schema and varTable24; effective source_manifest.json records final fall revisions.
2024,F2324_F3,F_F,F3F03,00066910,nces:F_F:00066910:F3F03,F3F03,same_source_variable_identity,nces:F_F:00066910:F3F03,categorical string,Designee who paid the reported tax expenses for the institution,Designee who paid the reported tax expenses for the institution,Original IPEDS202425.accdb SHA256 98e9175e54ba719cf7f0bfcc8e043fac4d11babd1b73ba1701ebbdc23e5470f5; exact physical schema and varTable24; effective source_manifest.json records final fall revisions.
2024,F2324_F3,F_F,F3G01,00068319,nces:F_F:00068319:F3G01,F3G01,same_source_variable_identity,nces:F_F:00068319:F3G01,float,Pretax income,Pretax income,Original IPEDS202425.accdb SHA256 98e9175e54ba719cf7f0bfcc8e043fac4d11babd1b73ba1701ebbdc23e5470f5; exact physical schema and varTable24; effective source_manifest.json records final fall revisions.
2024,F2324_F3,F_F,F3G02,00068321,nces:F_F:00068321:F3G02,F3G02,same_source_variable_identity,nces:F_F:00068321:F3G02,float,Total revenues,Total revenues,Original IPEDS202425.accdb SHA256 98e9175e54ba719cf7f0bfcc8e043fac4d11babd1b73ba1701ebbdc23e5470f5; exact physical schema and varTable24; effective source_manifest.json records final fall revisions.
2024,F2324_F3,F_F,F3G03,00068323,nces:F_F:00068323:F3G03,F3G03,same_source_variable_identity,nces:F_F:00068323:F3G03,float,Total equity,Total equity,Original IPEDS202425.accdb SHA256 98e9175e54ba719cf7f0bfcc8e043fac4d11babd1b73ba1701ebbdc23e5470f5; exact physical schema and varTable24; effective source_manifest.json records final fall revisions.
2024,F2324_F3,F_F,F3G04,00068325,nces:F_F:00068325:F3G04,F3G04,same_source_variable_identity,nces:F_F:00068325:F3G04,float,Total assets,Total assets,Original IPEDS202425.accdb SHA256 98e9175e54ba719cf7f0bfcc8e043fac4d11babd1b73ba1701ebbdc23e5470f5; exact physical schema and varTable24; effective source_manifest.json records final fall revisions.
2024,F2324_F3,F_F,F3G05,00068327,nces:F_F:00068327:F3G05,F3G05,same_source_variable_identity,nces:F_F:00068327:F3G05,float,Adjusted equity,Adjusted equity,Original IPEDS202425.accdb SHA256 98e9175e54ba719cf7f0bfcc8e043fac4d11babd1b73ba1701ebbdc23e5470f5; exact physical schema and varTable24; effective source_manifest.json records final fall revisions.
2024,F2324_F3,F_F,F3G06,00068329,nces:F_F:00068329:F3G06,F3G06,same_source_variable_identity,nces:F_F:00068329:F3G06,float,Plant-related debt ,Plant-related debt,Original IPEDS202425.accdb SHA256 98e9175e54ba719cf7f0bfcc8e043fac4d11babd1b73ba1701ebbdc23e5470f5; exact physical schema and varTable24; effective source_manifest.json records final fall revisions.
2024,F2324_F3,F_F,F3G07,00068331,nces:F_F:00068331:F3G07,F3G07,same_source_variable_identity,nces:F_F:00068331:F3G07,float,Total expenses,Total expenses,Original IPEDS202425.accdb SHA256 98e9175e54ba719cf7f0bfcc8e043fac4d11babd1b73ba1701ebbdc23e5470f5; exact physical schema and varTable24; effective source_manifest.json records final fall revisions.
2024,FLAGS2024,FLAGS,STAT_IC,00010231,nces:FLAGS:00010231:STAT_IC,STAT_IC,same_source_variable_identity,nces:FLAGS:00010231:STAT_IC,categorical string,Response status -  Institutional characteristics component,Response status -  Institutional characteristics component,Original IPEDS202425.accdb SHA256 98e9175e54ba719cf7f0bfcc8e043fac4d11babd1b73ba1701ebbdc23e5470f5; exact physical schema and varTable24; effective source_manifest.json records final fall revisions.
2024,FLAGS2024,FLAGS,LOCK_IC,00010236,nces:FLAGS:00010236:LOCK_IC,LOCK_IC,same_source_variable_identity,nces:FLAGS:00010236:LOCK_IC,categorical string,Status of IC component when institution was migrated,Status of IC component when institution was migrated,Original IPEDS202425.accdb SHA256 98e9175e54ba719cf7f0bfcc8e043fac4d11babd1b73ba1701ebbdc23e5470f5; exact physical schema and varTable24; effective source_manifest.json records final fall revisions.
2024,FLAGS2024,FLAGS,IMP_IC,00015050,nces:FLAGS:00015050:IMP_IC,IMP_IC,same_source_variable_identity,nces:FLAGS:00015050:IMP_IC,categorical string,Type of imputation method Institutional Characteristics,Type of imputation method Institutional Characteristics,Original IPEDS202425.accdb SHA256 98e9175e54ba719cf7f0bfcc8e043fac4d11babd1b73ba1701ebbdc23e5470f5; exact physical schema and varTable24; effective source_manifest.json records final fall revisions.
2024,FLAGS2024,FLAGS,STAT_C,00030001,nces:FLAGS:00030001:STAT_C,STAT_C,same_source_variable_identity,nces:FLAGS:00030001:STAT_C,categorical string,Response status -  Completions component,Response status -  Completions component,Original IPEDS202425.accdb SHA256 98e9175e54ba719cf7f0bfcc8e043fac4d11babd1b73ba1701ebbdc23e5470f5; exact physical schema and varTable24; effective source_manifest.json records final fall revisions.
2024,FLAGS2024,FLAGS,LOCK_C,00030006,nces:FLAGS:00030006:LOCK_C,LOCK_C,same_source_variable_identity,nces:FLAGS:00030006:LOCK_C,categorical string,Status of completions component when institution was migrated,Status of completions component when institution was migrated,Original IPEDS202425.accdb SHA256 98e9175e54ba719cf7f0bfcc8e043fac4d11babd1b73ba1701ebbdc23e5470f5; exact physical schema and varTable24; effective source_manifest.json records final fall revisions.
2024,FLAGS2024,FLAGS,PRCH_C,00030011,nces:FLAGS:00030011:PRCH_C,PRCH_C,same_source_variable_identity,nces:FLAGS:00030011:PRCH_C,categorical string,Parent/child indicator for completions,Parent/child indicator for completions,Original IPEDS202425.accdb SHA256 98e9175e54ba719cf7f0bfcc8e043fac4d11babd1b73ba1701ebbdc23e5470f5; exact physical schema and varTable24; effective source_manifest.json records final fall revisions.
2024,FLAGS2024,FLAGS,IDX_C,00030016,nces:FLAGS:00030016:IDX_C,IDX_C,same_source_variable_identity,nces:FLAGS:00030016:IDX_C,float,UnitID of Parent institution,UnitID of Parent institution,Original IPEDS202425.accdb SHA256 98e9175e54ba719cf7f0bfcc8e043fac4d11babd1b73ba1701ebbdc23e5470f5; exact physical schema and varTable24; effective source_manifest.json records final fall revisions.
2024,FLAGS2024,FLAGS,PCC_F,00030018,nces:FLAGS:00030018:PCC_F,PCC_F,same_source_variable_identity,nces:FLAGS:00030018:PCC_F,float,Parent/child allocation factor - Completions ,Parent/child allocation factor - Completions,Original IPEDS202425.accdb SHA256 98e9175e54ba719cf7f0bfcc8e043fac4d11babd1b73ba1701ebbdc23e5470f5; exact physical schema and varTable24; effective source_manifest.json records final fall revisions.
2024,FLAGS2024,FLAGS,IMP_C,00030021,nces:FLAGS:00030021:IMP_C,IMP_C,same_source_variable_identity,nces:FLAGS:00030021:IMP_C,categorical string,Type of imputation method Completions,Type of imputation method Completions,Original IPEDS202425.accdb SHA256 98e9175e54ba719cf7f0bfcc8e043fac4d11babd1b73ba1701ebbdc23e5470f5; exact physical schema and varTable24; effective source_manifest.json records final fall revisions.
2024,FLAGS2024,FLAGS,STAT_E12,00024001,nces:FLAGS:00024001:STAT_E12,STAT_E12,same_source_variable_identity,nces:FLAGS:00024001:STAT_E12,categorical string,Response status of institution - 12-month enrollment,Response status of institution - 12-month enrollment,Original IPEDS202425.accdb SHA256 98e9175e54ba719cf7f0bfcc8e043fac4d11babd1b73ba1701ebbdc23e5470f5; exact physical schema and varTable24; effective source_manifest.json records final fall revisions.
2024,FLAGS2024,FLAGS,LOCK_E12,00024006,nces:FLAGS:00024006:LOCK_E12,LOCK_E12,same_source_variable_identity,nces:FLAGS:00024006:LOCK_E12,categorical string,Status of 12-month enrollment component whe data collection closed,Status of 12-month enrollment component whe data collection closed,Original IPEDS202425.accdb SHA256 98e9175e54ba719cf7f0bfcc8e043fac4d11babd1b73ba1701ebbdc23e5470f5; exact physical schema and varTable24; effective source_manifest.json records final fall revisions.
2024,FLAGS2024,FLAGS,PRCH_E12,00024011,nces:FLAGS:00024011:PRCH_E12,PRCH_E12,same_source_variable_identity,nces:FLAGS:00024011:PRCH_E12,categorical string,Parent/child indicator for 12-month enrollment,Parent/child indicator for 12-month enrollment,Original IPEDS202425.accdb SHA256 98e9175e54ba719cf7f0bfcc8e043fac4d11babd1b73ba1701ebbdc23e5470f5; exact physical schema and varTable24; effective source_manifest.json records final fall revisions.
2024,FLAGS2024,FLAGS,IDX_E12,00024016,nces:FLAGS:00024016:IDX_E12,IDX_E12,same_source_variable_identity,nces:FLAGS:00024016:IDX_E12,float,ID number of parent institution - 12-month enrollment,ID number of parent institution - 12-month enrollment,Original IPEDS202425.accdb SHA256 98e9175e54ba719cf7f0bfcc8e043fac4d11babd1b73ba1701ebbdc23e5470f5; exact physical schema and varTable24; effective source_manifest.json records final fall revisions.
2024,FLAGS2024,FLAGS,PCE12_F,00024018,nces:FLAGS:00024018:PCE12_F,PCE12_F,same_source_variable_identity,nces:FLAGS:00024018:PCE12_F,float,Parent/child allocation factor - 12-month enrollment,Parent/child allocation factor - 12-month enrollment,Original IPEDS202425.accdb SHA256 98e9175e54ba719cf7f0bfcc8e043fac4d11babd1b73ba1701ebbdc23e5470f5; exact physical schema and varTable24; effective source_manifest.json records final fall revisions.
2024,FLAGS2024,FLAGS,IMP_E12,00024021,nces:FLAGS:00024021:IMP_E12,IMP_E12,same_source_variable_identity,nces:FLAGS:00024021:IMP_E12,categorical string,Type of imputation method - 12 month enrollment,Type of imputation method - 12 month enrollment,Original IPEDS202425.accdb SHA256 98e9175e54ba719cf7f0bfcc8e043fac4d11babd1b73ba1701ebbdc23e5470f5; exact physical schema and varTable24; effective source_manifest.json records final fall revisions.
2024,FLAGS2024,FLAGS,ENRHSST,00017031,nces:FLAGS:00017031:ENRHSST,ENRHSST,exact_2023_number_name_relocated,nces:IC:00017031:ENRHSST,categorical string,Enolls high school students in college courses for credit,Enolls high school students in college courses for credit,Original IPEDS202425.accdb SHA256 98e9175e54ba719cf7f0bfcc8e043fac4d11babd1b73ba1701ebbdc23e5470f5; exact physical schema and varTable24; effective source_manifest.json records final fall revisions.
2024,FLAGS2024,FLAGS,ENRHSST1,00017032,nces:FLAGS:00017032:ENRHSST1,ENRHSST1,exact_2023_number_name_relocated,nces:IC:00017032:ENRHSST1,categorical string,Enolls high school students in college courses for credit within a dual enrollment program,Enolls high school students in college courses for credit within a dual enrollment program,Original IPEDS202425.accdb SHA256 98e9175e54ba719cf7f0bfcc8e043fac4d11babd1b73ba1701ebbdc23e5470f5; exact physical schema and varTable24; effective source_manifest.json records final fall revisions.
2024,FLAGS2024,FLAGS,ENRHSST2,00017033,nces:FLAGS:00017033:ENRHSST2,ENRHSST2,exact_2023_number_name_relocated,nces:IC:00017033:ENRHSST2,categorical string,Enolls high school students in college courses for credit outside a dual enrollment program,Enolls high school students in college courses for credit outside a dual enrollment program,Original IPEDS202425.accdb SHA256 98e9175e54ba719cf7f0bfcc8e043fac4d11babd1b73ba1701ebbdc23e5470f5; exact physical schema and varTable24; effective source_manifest.json records final fall revisions.
2024,FLAGS2024,FLAGS,STAT_COS,00016276,nces:FLAGS:00016276:STAT_COS,STAT_COS,new_2024_identity,,categorical string,Response status - Cost component,,Original IPEDS202425.accdb SHA256 98e9175e54ba719cf7f0bfcc8e043fac4d11babd1b73ba1701ebbdc23e5470f5; exact physical schema and varTable24; effective source_manifest.json records final fall revisions.
2024,FLAGS2024,FLAGS,STAT_COS1,00016280,nces:FLAGS:00016280:STAT_COS1,STAT_COS1,new_2024_identity,,categorical string,Response status - Cost component (fall),,Original IPEDS202425.accdb SHA256 98e9175e54ba719cf7f0bfcc8e043fac4d11babd1b73ba1701ebbdc23e5470f5; exact physical schema and varTable24; effective source_manifest.json records final fall revisions.
2024,FLAGS2024,FLAGS,LOCK_COS1,00016281,nces:FLAGS:00016281:LOCK_COS1,LOCK_COS1,new_2024_identity,,categorical string,Status of cost component (fall) when institution was migrated,,Original IPEDS202425.accdb SHA256 98e9175e54ba719cf7f0bfcc8e043fac4d11babd1b73ba1701ebbdc23e5470f5; exact physical schema and varTable24; effective source_manifest.json records final fall revisions.
2024,FLAGS2024,FLAGS,PRCH_COS,00016286,nces:FLAGS:00016286:PRCH_COS,PRCH_COS,new_2024_identity,,categorical string,Parent/child indicator - Cost component,,Original IPEDS202425.accdb SHA256 98e9175e54ba719cf7f0bfcc8e043fac4d11babd1b73ba1701ebbdc23e5470f5; exact physical schema and varTable24; effective source_manifest.json records final fall revisions.
2024,FLAGS2024,FLAGS,IDX_COS,00016291,nces:FLAGS:00016291:IDX_COS,IDX_COS,new_2024_identity,,float,ID number of parent institution - Cost component,,Original IPEDS202425.accdb SHA256 98e9175e54ba719cf7f0bfcc8e043fac4d11babd1b73ba1701ebbdc23e5470f5; exact physical schema and varTable24; effective source_manifest.json records final fall revisions.
2024,FLAGS2024,FLAGS,PCCOS_F,00016296,nces:FLAGS:00016296:PCCOS_F,PCCOS_F,new_2024_identity,,float,Parent/child allocation factor - Cost component,,Original IPEDS202425.accdb SHA256 98e9175e54ba719cf7f0bfcc8e043fac4d11babd1b73ba1701ebbdc23e5470f5; exact physical schema and varTable24; effective source_manifest.json records final fall revisions.
2024,FLAGS2024,FLAGS,IMP_COS1,00016301,nces:FLAGS:00016301:IMP_COS1,IMP_COS1,new_2024_identity,,categorical string,Type of imputation method - Cost component (fall),,Original IPEDS202425.accdb SHA256 98e9175e54ba719cf7f0bfcc8e043fac4d11babd1b73ba1701ebbdc23e5470f5; exact physical schema and varTable24; effective source_manifest.json records final fall revisions.
2024,FLAGS2024,FLAGS,STAT_COS2,00016277,nces:FLAGS:00016277:STAT_COS2,STAT_COS2,new_2024_identity,,categorical string,Response status - Cost component (Winter),,Original IPEDS202425.accdb SHA256 98e9175e54ba719cf7f0bfcc8e043fac4d11babd1b73ba1701ebbdc23e5470f5; exact physical schema and varTable24; effective source_manifest.json records final fall revisions.
2024,FLAGS2024,FLAGS,LOCK_COS2,00016285,nces:FLAGS:00016285:LOCK_COS2,LOCK_COS2,new_2024_identity,,categorical string,Status of cost component (winter) when institution was migrated,,Original IPEDS202425.accdb SHA256 98e9175e54ba719cf7f0bfcc8e043fac4d11babd1b73ba1701ebbdc23e5470f5; exact physical schema and varTable24; effective source_manifest.json records final fall revisions.
2024,FLAGS2024,FLAGS,IMP_COS2,00016305,nces:FLAGS:00016305:IMP_COS2,IMP_COS2,new_2024_identity,,categorical string,Type of imputation method - Cost component (winter),,Original IPEDS202425.accdb SHA256 98e9175e54ba719cf7f0bfcc8e043fac4d11babd1b73ba1701ebbdc23e5470f5; exact physical schema and varTable24; effective source_manifest.json records final fall revisions.
2024,FLAGS2024,FLAGS,STAT_SFA,00070001,nces:FLAGS:00070001:STAT_SFA,STAT_SFA,same_source_variable_identity,nces:FLAGS:00070001:STAT_SFA,categorical string,Response status for Student Financial Aid survey,Response status for Student Financial Aid survey,Original IPEDS202425.accdb SHA256 98e9175e54ba719cf7f0bfcc8e043fac4d11babd1b73ba1701ebbdc23e5470f5; exact physical schema and varTable24; effective source_manifest.json records final fall revisions.
2024,FLAGS2024,FLAGS,LOCK_SFA,00070006,nces:FLAGS:00070006:LOCK_SFA,LOCK_SFA,same_source_variable_identity,nces:FLAGS:00070006:LOCK_SFA,categorical string,Status of Student Financial Aid Survey when data collection closed,Status of Student Financial Aid Survey when data collection closed,Original IPEDS202425.accdb SHA256 98e9175e54ba719cf7f0bfcc8e043fac4d11babd1b73ba1701ebbdc23e5470f5; exact physical schema and varTable24; effective source_manifest.json records final fall revisions.
2024,FLAGS2024,FLAGS,PRCH_SFA,00070011,nces:FLAGS:00070011:PRCH_SFA,PRCH_SFA,same_source_variable_identity,nces:FLAGS:00070011:PRCH_SFA,categorical string,Parent/child indicator Student Financial Aid survey,Parent/child indicator Student Financial Aid survey,Original IPEDS202425.accdb SHA256 98e9175e54ba719cf7f0bfcc8e043fac4d11babd1b73ba1701ebbdc23e5470f5; exact physical schema and varTable24; effective source_manifest.json records final fall revisions.
2024,FLAGS2024,FLAGS,IDX_SFA,00070016,nces:FLAGS:00070016:IDX_SFA,IDX_SFA,same_source_variable_identity,nces:FLAGS:00070016:IDX_SFA,float,ID number of parent institution Student Financial Aid,ID number of parent institution Student Financial Aid,Original IPEDS202425.accdb SHA256 98e9175e54ba719cf7f0bfcc8e043fac4d11babd1b73ba1701ebbdc23e5470f5; exact physical schema and varTable24; effective source_manifest.json records final fall revisions.
2024,FLAGS2024,FLAGS,PCSFA_F,00070018,nces:FLAGS:00070018:PCSFA_F,PCSFA_F,same_source_variable_identity,nces:FLAGS:00070018:PCSFA_F,float,Parent/child allocation factor - Student Financial Aid,Parent/child allocation factor - Student Financial Aid,Original IPEDS202425.accdb SHA256 98e9175e54ba719cf7f0bfcc8e043fac4d11babd1b73ba1701ebbdc23e5470f5; exact physical schema and varTable24; effective source_manifest.json records final fall revisions.
2024,FLAGS2024,FLAGS,IMP_SFA,00070021,nces:FLAGS:00070021:IMP_SFA,IMP_SFA,same_source_variable_identity,nces:FLAGS:00070021:IMP_SFA,categorical string,Type of imputation method Student Financial Aid,Type of imputation method Student Financial Aid,Original IPEDS202425.accdb SHA256 98e9175e54ba719cf7f0bfcc8e043fac4d11babd1b73ba1701ebbdc23e5470f5; exact physical schema and varTable24; effective source_manifest.json records final fall revisions.
2024,FLAGS2024,FLAGS,SFAFORM,00071981,nces:FLAGS:00071981:SFAFORM,SFAFORM,same_source_variable_identity,nces:FLAGS:00071981:SFAFORM,categorical string,SFA collection form type,SFA collection form type,Original IPEDS202425.accdb SHA256 98e9175e54ba719cf7f0bfcc8e043fac4d11babd1b73ba1701ebbdc23e5470f5; exact physical schema and varTable24; effective source_manifest.json records final fall revisions.
2024,FLAGS2024,FLAGS,STAT_GR,00080001,nces:FLAGS:00080001:STAT_GR,STAT_GR,same_source_variable_identity,nces:FLAGS:00080001:STAT_GR,categorical string,Response status - Graduation Rates,Response status - Graduation Rates,Original IPEDS202425.accdb SHA256 98e9175e54ba719cf7f0bfcc8e043fac4d11babd1b73ba1701ebbdc23e5470f5; exact physical schema and varTable24; effective source_manifest.json records final fall revisions.
2024,FLAGS2024,FLAGS,LOCK_GR,00080006,nces:FLAGS:00080006:LOCK_GR,LOCK_GR,same_source_variable_identity,nces:FLAGS:00080006:LOCK_GR,categorical string,Status of Graduation rate survey when data collection closed,Status of Graduation rate survey when data collection closed,Original IPEDS202425.accdb SHA256 98e9175e54ba719cf7f0bfcc8e043fac4d11babd1b73ba1701ebbdc23e5470f5; exact physical schema and varTable24; effective source_manifest.json records final fall revisions.
2024,FLAGS2024,FLAGS,PRCH_GR,00080011,nces:FLAGS:00080011:PRCH_GR,PRCH_GR,same_source_variable_identity,nces:FLAGS:00080011:PRCH_GR,categorical string,Parent/child indicator - Graduation Rates,Parent/child indicator - Graduation Rates,Original IPEDS202425.accdb SHA256 98e9175e54ba719cf7f0bfcc8e043fac4d11babd1b73ba1701ebbdc23e5470f5; exact physical schema and varTable24; effective source_manifest.json records final fall revisions.
2024,FLAGS2024,FLAGS,IDX_GR,00080016,nces:FLAGS:00080016:IDX_GR,IDX_GR,same_source_variable_identity,nces:FLAGS:00080016:IDX_GR,float,UNITID of parent institution reporting Graduation Rates,UNITID of parent institution reporting Graduation Rates,Original IPEDS202425.accdb SHA256 98e9175e54ba719cf7f0bfcc8e043fac4d11babd1b73ba1701ebbdc23e5470f5; exact physical schema and varTable24; effective source_manifest.json records final fall revisions.
2024,FLAGS2024,FLAGS,PCGR_F,00080018,nces:FLAGS:00080018:PCGR_F,PCGR_F,same_source_variable_identity,nces:FLAGS:00080018:PCGR_F,float,Parent/child allocation factor - Graduation Rates,Parent/child allocation factor - Graduation Rates,Original IPEDS202425.accdb SHA256 98e9175e54ba719cf7f0bfcc8e043fac4d11babd1b73ba1701ebbdc23e5470f5; exact physical schema and varTable24; effective source_manifest.json records final fall revisions.
2024,FLAGS2024,FLAGS,IMP_GR,00080021,nces:FLAGS:00080021:IMP_GR,IMP_GR,same_source_variable_identity,nces:FLAGS:00080021:IMP_GR,categorical string,Imputation method - Graduation Rates,Imputation method - Graduation Rates,Original IPEDS202425.accdb SHA256 98e9175e54ba719cf7f0bfcc8e043fac4d11babd1b73ba1701ebbdc23e5470f5; exact physical schema and varTable24; effective source_manifest.json records final fall revisions.
2024,FLAGS2024,FLAGS,COHRTSTU,00080026,nces:FLAGS:00080026:COHRTSTU,COHRTSTU,same_source_variable_identity,nces:FLAGS:00080026:COHRTSTU,categorical string,Enrolled any full-time first-time students,Enrolled any full-time first-time students,Original IPEDS202425.accdb SHA256 98e9175e54ba719cf7f0bfcc8e043fac4d11babd1b73ba1701ebbdc23e5470f5; exact physical schema and varTable24; effective source_manifest.json records final fall revisions.
2024,FLAGS2024,FLAGS,STAT_GR2,00080101,nces:FLAGS:00080101:STAT_GR2,STAT_GR2,same_source_variable_identity,nces:FLAGS:00080101:STAT_GR2,categorical string,Response status - Graduation Rates 200,Response status - Graduation Rates 200,Original IPEDS202425.accdb SHA256 98e9175e54ba719cf7f0bfcc8e043fac4d11babd1b73ba1701ebbdc23e5470f5; exact physical schema and varTable24; effective source_manifest.json records final fall revisions.
2024,FLAGS2024,FLAGS,LOCK_GR2,00080106,nces:FLAGS:00080106:LOCK_GR2,LOCK_GR2,same_source_variable_identity,nces:FLAGS:00080106:LOCK_GR2,categorical string,Status of Graduation rate 200 survey when data collection closed,Status of Graduation rate 200 survey when data collection closed,Original IPEDS202425.accdb SHA256 98e9175e54ba719cf7f0bfcc8e043fac4d11babd1b73ba1701ebbdc23e5470f5; exact physical schema and varTable24; effective source_manifest.json records final fall revisions.
2024,FLAGS2024,FLAGS,PRCH_GR2,00080111,nces:FLAGS:00080111:PRCH_GR2,PRCH_GR2,same_source_variable_identity,nces:FLAGS:00080111:PRCH_GR2,categorical string,Parent/child indicator - Graduation Rates 200,Parent/child indicator - Graduation Rates 200,Original IPEDS202425.accdb SHA256 98e9175e54ba719cf7f0bfcc8e043fac4d11babd1b73ba1701ebbdc23e5470f5; exact physical schema and varTable24; effective source_manifest.json records final fall revisions.
2024,FLAGS2024,FLAGS,IDX_GR2,00080116,nces:FLAGS:00080116:IDX_GR2,IDX_GR2,same_source_variable_identity,nces:FLAGS:00080116:IDX_GR2,float,UNITID of parent institution reporting Graduation Rates 200,UNITID of parent institution reporting Graduation Rates 200,Original IPEDS202425.accdb SHA256 98e9175e54ba719cf7f0bfcc8e043fac4d11babd1b73ba1701ebbdc23e5470f5; exact physical schema and varTable24; effective source_manifest.json records final fall revisions.
2024,FLAGS2024,FLAGS,PCGR2_F,00080117,nces:FLAGS:00080117:PCGR2_F,PCGR2_F,same_source_variable_identity,nces:FLAGS:00080117:PCGR2_F,float,Parent/child allocation factor - Graduation Rates 200,Parent/child allocation factor - Graduation Rates 200,Original IPEDS202425.accdb SHA256 98e9175e54ba719cf7f0bfcc8e043fac4d11babd1b73ba1701ebbdc23e5470f5; exact physical schema and varTable24; effective source_manifest.json records final fall revisions.
2024,FLAGS2024,FLAGS,IMP_GR2,00080121,nces:FLAGS:00080121:IMP_GR2,IMP_GR2,same_source_variable_identity,nces:FLAGS:00080121:IMP_GR2,categorical string,Imputation method - Graduation Rates 200,Imputation method - Graduation Rates 200,Original IPEDS202425.accdb SHA256 98e9175e54ba719cf7f0bfcc8e043fac4d11babd1b73ba1701ebbdc23e5470f5; exact physical schema and varTable24; effective source_manifest.json records final fall revisions.
2024,FLAGS2024,FLAGS,STAT_OM,00082101,nces:FLAGS:00082101:STAT_OM,STAT_OM,same_source_variable_identity,nces:FLAGS:00082101:STAT_OM,categorical string,Response status - Outcome Measures,Response status - Outcome Measures,Original IPEDS202425.accdb SHA256 98e9175e54ba719cf7f0bfcc8e043fac4d11babd1b73ba1701ebbdc23e5470f5; exact physical schema and varTable24; effective source_manifest.json records final fall revisions.
2024,FLAGS2024,FLAGS,LOCK_OM,00082106,nces:FLAGS:00082106:LOCK_OM,LOCK_OM,same_source_variable_identity,nces:FLAGS:00082106:LOCK_OM,categorical string,Status of Outcome Measures component when data collection closed,Status of Outcome Measures component when data collection closed,Original IPEDS202425.accdb SHA256 98e9175e54ba719cf7f0bfcc8e043fac4d11babd1b73ba1701ebbdc23e5470f5; exact physical schema and varTable24; effective source_manifest.json records final fall revisions.
2024,FLAGS2024,FLAGS,PRCH_OM,00082111,nces:FLAGS:00082111:PRCH_OM,PRCH_OM,same_source_variable_identity,nces:FLAGS:00082111:PRCH_OM,categorical string,Parent/child indicator - Outcome Measures,Parent/child indicator - Outcome Measures,Original IPEDS202425.accdb SHA256 98e9175e54ba719cf7f0bfcc8e043fac4d11babd1b73ba1701ebbdc23e5470f5; exact physical schema and varTable24; effective source_manifest.json records final fall revisions.
2024,FLAGS2024,FLAGS,IDX_OM,00082116,nces:FLAGS:00082116:IDX_OM,IDX_OM,same_source_variable_identity,nces:FLAGS:00082116:IDX_OM,float,UNITID of parent institution reporting Outcome Measures,UNITID of parent institution reporting Outcome Measures,Original IPEDS202425.accdb SHA256 98e9175e54ba719cf7f0bfcc8e043fac4d11babd1b73ba1701ebbdc23e5470f5; exact physical schema and varTable24; effective source_manifest.json records final fall revisions.
2024,FLAGS2024,FLAGS,PCOM_F,00082121,nces:FLAGS:00082121:PCOM_F,PCOM_F,same_source_variable_identity,nces:FLAGS:00082121:PCOM_F,float,Parent/child allocation factor - Outcome Measures,Parent/child allocation factor - Outcome Measures,Original IPEDS202425.accdb SHA256 98e9175e54ba719cf7f0bfcc8e043fac4d11babd1b73ba1701ebbdc23e5470f5; exact physical schema and varTable24; effective source_manifest.json records final fall revisions.
2024,FLAGS2024,FLAGS,IMP_OM,00082126,nces:FLAGS:00082126:IMP_OM,IMP_OM,same_source_variable_identity,nces:FLAGS:00082126:IMP_OM,categorical string,Imputations method - Outcome Measures,Imputations method - Outcome Measures,Original IPEDS202425.accdb SHA256 98e9175e54ba719cf7f0bfcc8e043fac4d11babd1b73ba1701ebbdc23e5470f5; exact physical schema and varTable24; effective source_manifest.json records final fall revisions.
2024,FLAGS2024,FLAGS,STAT_ADM,00010517,nces:FLAGS:00010517:STAT_ADM,STAT_ADM,same_source_variable_identity,nces:FLAGS:00010517:STAT_ADM,categorical string,Response status - Admissions component,Response status - Admissions component,Original IPEDS202425.accdb SHA256 98e9175e54ba719cf7f0bfcc8e043fac4d11babd1b73ba1701ebbdc23e5470f5; exact physical schema and varTable24; effective source_manifest.json records final fall revisions.
2024,FLAGS2024,FLAGS,LOCK_ADM,00010518,nces:FLAGS:00010518:LOCK_ADM,LOCK_ADM,same_source_variable_identity,nces:FLAGS:00010518:LOCK_ADM,categorical string,Status of admissions component when institution was migrated,Status of admissions component when institution was migrated,Original IPEDS202425.accdb SHA256 98e9175e54ba719cf7f0bfcc8e043fac4d11babd1b73ba1701ebbdc23e5470f5; exact physical schema and varTable24; effective source_manifest.json records final fall revisions.
2024,FLAGS2024,FLAGS,PRCH_ADM,00017001,nces:FLAGS:00017001:PRCH_ADM,PRCH_ADM,same_source_variable_identity,nces:FLAGS:00017001:PRCH_ADM,categorical string,Parent/child indicator for Admissions,Parent/child indicator for Admissions,Original IPEDS202425.accdb SHA256 98e9175e54ba719cf7f0bfcc8e043fac4d11babd1b73ba1701ebbdc23e5470f5; exact physical schema and varTable24; effective source_manifest.json records final fall revisions.
2024,FLAGS2024,FLAGS,IDX_ADM,00017002,nces:FLAGS:00017002:IDX_ADM,IDX_ADM,same_source_variable_identity,nces:FLAGS:00017002:IDX_ADM,float,ID number of parent institution - Admissions,ID number of parent institution - Admissions,Original IPEDS202425.accdb SHA256 98e9175e54ba719cf7f0bfcc8e043fac4d11babd1b73ba1701ebbdc23e5470f5; exact physical schema and varTable24; effective source_manifest.json records final fall revisions.
2024,FLAGS2024,FLAGS,PCADM_F,00017003,nces:FLAGS:00017003:PCADM_F,PCADM_F,same_source_variable_identity,nces:FLAGS:00017003:PCADM_F,float,Parent/child allocation factor - Admissions,Parent/child allocation factor - Admissions,Original IPEDS202425.accdb SHA256 98e9175e54ba719cf7f0bfcc8e043fac4d11babd1b73ba1701ebbdc23e5470f5; exact physical schema and varTable24; effective source_manifest.json records final fall revisions.
2024,FLAGS2024,FLAGS,IMP_ADM,00010519,nces:FLAGS:00010519:IMP_ADM,IMP_ADM,same_source_variable_identity,nces:FLAGS:00010519:IMP_ADM,categorical string,Type of imputation method - Admissions component,Type of imputation method - Admissions component,Original IPEDS202425.accdb SHA256 98e9175e54ba719cf7f0bfcc8e043fac4d11babd1b73ba1701ebbdc23e5470f5; exact physical schema and varTable24; effective source_manifest.json records final fall revisions.
2024,FLAGS2024,FLAGS,STAT_HR,00090003,nces:FLAGS:00090003:STAT_HR,STAT_HR,same_source_variable_identity,nces:FLAGS:00090003:STAT_HR,categorical string,Response status of institution for Human Resources (HR) component,Response status of institution for Human Resources (HR) component,Original IPEDS202425.accdb SHA256 98e9175e54ba719cf7f0bfcc8e043fac4d11babd1b73ba1701ebbdc23e5470f5; exact physical schema and varTable24; effective source_manifest.json records final fall revisions.
2024,FLAGS2024,FLAGS,LOCK_HR,00090007,nces:FLAGS:00090007:LOCK_HR,LOCK_HR,same_source_variable_identity,nces:FLAGS:00090007:LOCK_HR,categorical string,Status of Human Resources (HR) component when data collection closed,Status of Human Resources (HR) component when data collection closed,Original IPEDS202425.accdb SHA256 98e9175e54ba719cf7f0bfcc8e043fac4d11babd1b73ba1701ebbdc23e5470f5; exact physical schema and varTable24; effective source_manifest.json records final fall revisions.
2024,FLAGS2024,FLAGS,PRCH_HR,00090009,nces:FLAGS:00090009:PRCH_HR,PRCH_HR,same_source_variable_identity,nces:FLAGS:00090009:PRCH_HR,categorical string,Parent/child  indicator - Human Resources (HR) component ,Parent/child  indicator - Human Resources (HR) component,Original IPEDS202425.accdb SHA256 98e9175e54ba719cf7f0bfcc8e043fac4d11babd1b73ba1701ebbdc23e5470f5; exact physical schema and varTable24; effective source_manifest.json records final fall revisions.
2024,FLAGS2024,FLAGS,IDX_HR,00090013,nces:FLAGS:00090013:IDX_HR,IDX_HR,same_source_variable_identity,nces:FLAGS:00090013:IDX_HR,float,ID of institution where data are reported for the Human Resources (HR) component ,ID of institution where data are reported for the Human Resources (HR) component,Original IPEDS202425.accdb SHA256 98e9175e54ba719cf7f0bfcc8e043fac4d11babd1b73ba1701ebbdc23e5470f5; exact physical schema and varTable24; effective source_manifest.json records final fall revisions.
2024,FLAGS2024,FLAGS,PCHR_F,00090019,nces:FLAGS:00090019:PCHR_F,PCHR_F,same_source_variable_identity,nces:FLAGS:00090019:PCHR_F,float,Parent/child allocation factor - HR,Parent/child allocation factor - HR,Original IPEDS202425.accdb SHA256 98e9175e54ba719cf7f0bfcc8e043fac4d11babd1b73ba1701ebbdc23e5470f5; exact physical schema and varTable24; effective source_manifest.json records final fall revisions.
2024,FLAGS2024,FLAGS,IMP_HR,00090005,nces:FLAGS:00090005:IMP_HR,IMP_HR,same_source_variable_identity,nces:FLAGS:00090005:IMP_HR,categorical string,Type of Imputation method - Human Resources (HR) component,Type of Imputation method - Human Resources (HR) component,Original IPEDS202425.accdb SHA256 98e9175e54ba719cf7f0bfcc8e043fac4d11babd1b73ba1701ebbdc23e5470f5; exact physical schema and varTable24; effective source_manifest.json records final fall revisions.
2024,FLAGS2024,FLAGS,FTEMP15,00050026,nces:FLAGS:00050026:FTEMP15,FTEMP15,same_source_variable_identity,nces:FLAGS:00050026:FTEMP15,categorical string,Does institution have 15 or more full-time employees,Does institution have 15 or more full-time employees,Original IPEDS202425.accdb SHA256 98e9175e54ba719cf7f0bfcc8e043fac4d11babd1b73ba1701ebbdc23e5470f5; exact physical schema and varTable24; effective source_manifest.json records final fall revisions.
2024,FLAGS2024,FLAGS,TENURSYS,00090200,nces:FLAGS:00090200:TENURSYS,TENURSYS,same_source_variable_identity,nces:FLAGS:00090200:TENURSYS,categorical string,Does institution have a tenure system,Does institution have a tenure system,Original IPEDS202425.accdb SHA256 98e9175e54ba719cf7f0bfcc8e043fac4d11babd1b73ba1701ebbdc23e5470f5; exact physical schema and varTable24; effective source_manifest.json records final fall revisions.
2024,FLAGS2024,FLAGS,SA_EXCL,00040002,nces:FLAGS:00040002:SA_EXCL,SA_EXCL,same_source_variable_identity,nces:FLAGS:00040002:SA_EXCL,categorical string,Salary exclusion,Salary exclusion,Original IPEDS202425.accdb SHA256 98e9175e54ba719cf7f0bfcc8e043fac4d11babd1b73ba1701ebbdc23e5470f5; exact physical schema and varTable24; effective source_manifest.json records final fall revisions.
2024,FLAGS2024,FLAGS,STAT_EAP,00090001,nces:FLAGS:00090001:STAT_EAP,STAT_EAP,same_source_variable_identity,nces:FLAGS:00090001:STAT_EAP,categorical string,Response status for EAP ,Response status for EAP,Original IPEDS202425.accdb SHA256 98e9175e54ba719cf7f0bfcc8e043fac4d11babd1b73ba1701ebbdc23e5470f5; exact physical schema and varTable24; effective source_manifest.json records final fall revisions.
2024,FLAGS2024,FLAGS,STAT_SA,00040224,nces:FLAGS:00040224:STAT_SA,STAT_SA,same_source_variable_identity,nces:FLAGS:00040224:STAT_SA,categorical string,Response status to SA survey,Response status to SA survey,Original IPEDS202425.accdb SHA256 98e9175e54ba719cf7f0bfcc8e043fac4d11babd1b73ba1701ebbdc23e5470f5; exact physical schema and varTable24; effective source_manifest.json records final fall revisions.
2024,FLAGS2024,FLAGS,STAT_S,00050001,nces:FLAGS:00050001:STAT_S,STAT_S,same_source_variable_identity,nces:FLAGS:00050001:STAT_S,categorical string,Response status for Fall Staff ,Response status for Fall Staff,Original IPEDS202425.accdb SHA256 98e9175e54ba719cf7f0bfcc8e043fac4d11babd1b73ba1701ebbdc23e5470f5; exact physical schema and varTable24; effective source_manifest.json records final fall revisions.
2024,FLAGS2024,FLAGS,STAT_EF,00020001,nces:FLAGS:00020001:STAT_EF,STAT_EF,same_source_variable_identity,nces:FLAGS:00020001:STAT_EF,categorical string,Response status of institution -  Fall enrollment,Response status of institution -  Fall enrollment,Original IPEDS202425.accdb SHA256 98e9175e54ba719cf7f0bfcc8e043fac4d11babd1b73ba1701ebbdc23e5470f5; exact physical schema and varTable24; effective source_manifest.json records final fall revisions.
2024,FLAGS2024,FLAGS,LOCK_EF,00020006,nces:FLAGS:00020006:LOCK_EF,LOCK_EF,same_source_variable_identity,nces:FLAGS:00020006:LOCK_EF,categorical string,Status of Fall Enrollment survey when data collection closed,Status of Fall Enrollment survey when data collection closed,Original IPEDS202425.accdb SHA256 98e9175e54ba719cf7f0bfcc8e043fac4d11babd1b73ba1701ebbdc23e5470f5; exact physical schema and varTable24; effective source_manifest.json records final fall revisions.
2024,FLAGS2024,FLAGS,PRCH_EF,00020011,nces:FLAGS:00020011:PRCH_EF,PRCH_EF,same_source_variable_identity,nces:FLAGS:00020011:PRCH_EF,categorical string,Parent/child indicator f- Fall enrollment,Parent/child indicator f- Fall enrollment,Original IPEDS202425.accdb SHA256 98e9175e54ba719cf7f0bfcc8e043fac4d11babd1b73ba1701ebbdc23e5470f5; exact physical schema and varTable24; effective source_manifest.json records final fall revisions.
2024,FLAGS2024,FLAGS,IDX_EF,00020016,nces:FLAGS:00020016:IDX_EF,IDX_EF,same_source_variable_identity,nces:FLAGS:00020016:IDX_EF,float,ID number of parent institution - Fall enrollment,ID number of parent institution - Fall enrollment,Original IPEDS202425.accdb SHA256 98e9175e54ba719cf7f0bfcc8e043fac4d11babd1b73ba1701ebbdc23e5470f5; exact physical schema and varTable24; effective source_manifest.json records final fall revisions.
2024,FLAGS2024,FLAGS,PCEF_F,00020018,nces:FLAGS:00020018:PCEF_F,PCEF_F,same_source_variable_identity,nces:FLAGS:00020018:PCEF_F,float,Parent/child allocation factor - Fall enrollment ,Parent/child allocation factor - Fall enrollment,Original IPEDS202425.accdb SHA256 98e9175e54ba719cf7f0bfcc8e043fac4d11babd1b73ba1701ebbdc23e5470f5; exact physical schema and varTable24; effective source_manifest.json records final fall revisions.
2024,FLAGS2024,FLAGS,IMP_EF,00020021,nces:FLAGS:00020021:IMP_EF,IMP_EF,same_source_variable_identity,nces:FLAGS:00020021:IMP_EF,categorical string,Type of imputation method - Fall enrollment,Type of imputation method - Fall enrollment,Original IPEDS202425.accdb SHA256 98e9175e54ba719cf7f0bfcc8e043fac4d11babd1b73ba1701ebbdc23e5470f5; exact physical schema and varTable24; effective source_manifest.json records final fall revisions.
2024,FLAGS2024,FLAGS,PTA99_EF,00020026,nces:FLAGS:00020026:PTA99_EF,PTA99_EF,same_source_variable_identity,nces:FLAGS:00020026:PTA99_EF,categorical string,Status enrollment by race/ethnicity (99.0000 CIP),Status enrollment by race/ethnicity (99.0000 CIP),Original IPEDS202425.accdb SHA256 98e9175e54ba719cf7f0bfcc8e043fac4d11babd1b73ba1701ebbdc23e5470f5; exact physical schema and varTable24; effective source_manifest.json records final fall revisions.
2024,FLAGS2024,FLAGS,PTACIPEF,00023367,nces:FLAGS:00023367:PTACIPEF,PTACIPEF,same_source_variable_identity,nces:FLAGS:00023367:PTACIPEF,categorical string,Status enrollment by major,Status enrollment by major,Original IPEDS202425.accdb SHA256 98e9175e54ba719cf7f0bfcc8e043fac4d11babd1b73ba1701ebbdc23e5470f5; exact physical schema and varTable24; effective source_manifest.json records final fall revisions.
2024,FLAGS2024,FLAGS,PTB_EF,00020031,nces:FLAGS:00020031:PTB_EF,PTB_EF,same_source_variable_identity,nces:FLAGS:00020031:PTB_EF,categorical string,Status enrollment summary by age,Status enrollment summary by age,Original IPEDS202425.accdb SHA256 98e9175e54ba719cf7f0bfcc8e043fac4d11babd1b73ba1701ebbdc23e5470f5; exact physical schema and varTable24; effective source_manifest.json records final fall revisions.
2024,FLAGS2024,FLAGS,PTC_EF,00020036,nces:FLAGS:00020036:PTC_EF,PTC_EF,same_source_variable_identity,nces:FLAGS:00020036:PTC_EF,categorical string,Status residence of first-time first-year students,Status residence of first-time first-year students,Original IPEDS202425.accdb SHA256 98e9175e54ba719cf7f0bfcc8e043fac4d11babd1b73ba1701ebbdc23e5470f5; exact physical schema and varTable24; effective source_manifest.json records final fall revisions.
2024,FLAGS2024,FLAGS,PTD_EF,00020041,nces:FLAGS:00020041:PTD_EF,PTD_EF,same_source_variable_identity,nces:FLAGS:00020041:PTD_EF,categorical string,Status total entering class and retention rates,Status total entering class and retention rates,Original IPEDS202425.accdb SHA256 98e9175e54ba719cf7f0bfcc8e043fac4d11babd1b73ba1701ebbdc23e5470f5; exact physical schema and varTable24; effective source_manifest.json records final fall revisions.
2024,FLAGS2024,FLAGS,STAT_F,00060006,nces:FLAGS:00060006:STAT_F,STAT_F,same_source_variable_identity,nces:FLAGS:00060006:STAT_F,categorical string,Response status for Finance survey,Response status for Finance survey,Original IPEDS202425.accdb SHA256 98e9175e54ba719cf7f0bfcc8e043fac4d11babd1b73ba1701ebbdc23e5470f5; exact physical schema and varTable24; effective source_manifest.json records final fall revisions.
2024,FLAGS2024,FLAGS,LOCK_F,00060011,nces:FLAGS:00060011:LOCK_F,LOCK_F,same_source_variable_identity,nces:FLAGS:00060011:LOCK_F,categorical string,Status of Finance survey when data collection closed,Status of Finance survey when data collection closed,Original IPEDS202425.accdb SHA256 98e9175e54ba719cf7f0bfcc8e043fac4d11babd1b73ba1701ebbdc23e5470f5; exact physical schema and varTable24; effective source_manifest.json records final fall revisions.
2024,FLAGS2024,FLAGS,PRCH_F,00060016,nces:FLAGS:00060016:PRCH_F,PRCH_F,same_source_variable_identity,nces:FLAGS:00060016:PRCH_F,categorical string,Parent/child indicator - Finance ,Parent/child indicator - Finance,Original IPEDS202425.accdb SHA256 98e9175e54ba719cf7f0bfcc8e043fac4d11babd1b73ba1701ebbdc23e5470f5; exact physical schema and varTable24; effective source_manifest.json records final fall revisions.
2024,FLAGS2024,FLAGS,IDX_F,00060021,nces:FLAGS:00060021:IDX_F,IDX_F,same_source_variable_identity,nces:FLAGS:00060021:IDX_F,float,ID number of parent institution - Finance ,ID number of parent institution - Finance,Original IPEDS202425.accdb SHA256 98e9175e54ba719cf7f0bfcc8e043fac4d11babd1b73ba1701ebbdc23e5470f5; exact physical schema and varTable24; effective source_manifest.json records final fall revisions.
2024,FLAGS2024,FLAGS,PCF_F,00060023,nces:FLAGS:00060023:PCF_F,PCF_F,same_source_variable_identity,nces:FLAGS:00060023:PCF_F,float,Parent/child allocation factor - Finance,Parent/child allocation factor - Finance,Original IPEDS202425.accdb SHA256 98e9175e54ba719cf7f0bfcc8e043fac4d11babd1b73ba1701ebbdc23e5470f5; exact physical schema and varTable24; effective source_manifest.json records final fall revisions.
2024,FLAGS2024,FLAGS,PRCHTP_F,00060015,nces:FLAGS:00060015:PRCHTP_F,PRCHTP_F,same_source_variable_identity,nces:FLAGS:00060015:PRCHTP_F,categorical string,Parent/child system indicator - Finance ,Parent/child system indicator - Finance,Original IPEDS202425.accdb SHA256 98e9175e54ba719cf7f0bfcc8e043fac4d11babd1b73ba1701ebbdc23e5470f5; exact physical schema and varTable24; effective source_manifest.json records final fall revisions.
2024,FLAGS2024,FLAGS,IMP_F,00060026,nces:FLAGS:00060026:IMP_F,IMP_F,same_source_variable_identity,nces:FLAGS:00060026:IMP_F,categorical string,Type of imputation method  Finance ,Type of imputation method  Finance,Original IPEDS202425.accdb SHA256 98e9175e54ba719cf7f0bfcc8e043fac4d11babd1b73ba1701ebbdc23e5470f5; exact physical schema and varTable24; effective source_manifest.json records final fall revisions.
2024,FLAGS2024,FLAGS,FORM_F,00060001,nces:FLAGS:00060001:FORM_F,FORM_F,same_source_variable_identity,nces:FLAGS:00060001:FORM_F,categorical string,"Identifies reporting standards GASB, FASB, or modified FASB(for-profit institutions) used to report finance data","Identifies reporting standards GASB, FASB, or modified FASB(for-profit institutions) used to report finance data",Original IPEDS202425.accdb SHA256 98e9175e54ba719cf7f0bfcc8e043fac4d11babd1b73ba1701ebbdc23e5470f5; exact physical schema and varTable24; effective source_manifest.json records final fall revisions.
2024,FLAGS2024,FLAGS,FYBEG,00060031,nces:FLAGS:00060031:FYBEG,FYBEG,same_source_variable_identity,nces:FLAGS:00060031:FYBEG,categorical string,Beginning date of fiscal year covered (all finance),Beginning date of fiscal year covered (all finance),Original IPEDS202425.accdb SHA256 98e9175e54ba719cf7f0bfcc8e043fac4d11babd1b73ba1701ebbdc23e5470f5; exact physical schema and varTable24; effective source_manifest.json records final fall revisions.
2024,FLAGS2024,FLAGS,FYEND,00060036,nces:FLAGS:00060036:FYEND,FYEND,same_source_variable_identity,nces:FLAGS:00060036:FYEND,categorical string,End date of fiscal year covered  (all finance),End date of fiscal year covered  (all finance),Original IPEDS202425.accdb SHA256 98e9175e54ba719cf7f0bfcc8e043fac4d11babd1b73ba1701ebbdc23e5470f5; exact physical schema and varTable24; effective source_manifest.json records final fall revisions.
2024,FLAGS2024,FLAGS,GPFS,00060041,nces:FLAGS:00060041:GPFS,GPFS,same_source_variable_identity,nces:FLAGS:00060041:GPFS,categorical string,Audit Opinion GPFS from auditor (all finance),Audit Opinion GPFS from auditor (all finance),Original IPEDS202425.accdb SHA256 98e9175e54ba719cf7f0bfcc8e043fac4d11babd1b73ba1701ebbdc23e5470f5; exact physical schema and varTable24; effective source_manifest.json records final fall revisions.
2024,FLAGS2024,FLAGS,F1GASBAL,00060051,nces:FLAGS:00060051:F1GASBAL,F1GASBAL,same_source_variable_identity,nces:FLAGS:00060051:F1GASBAL,categorical string,GASB alternative accounting model,GASB alternative accounting model,Original IPEDS202425.accdb SHA256 98e9175e54ba719cf7f0bfcc8e043fac4d11babd1b73ba1701ebbdc23e5470f5; exact physical schema and varTable24; effective source_manifest.json records final fall revisions.
2024,FLAGS2024,FLAGS,F2PELL,00060081,nces:FLAGS:00060081:F2PELL,F2PELL,same_source_variable_identity,nces:FLAGS:00060081:F2PELL,categorical string,Account for Pell grants as pass through transactions or as federal grant revenues to the institution (FASB  institutions)?,Account for Pell grants as pass through transactions or as federal grant revenues to the institution (FASB  institutions)?,Original IPEDS202425.accdb SHA256 98e9175e54ba719cf7f0bfcc8e043fac4d11babd1b73ba1701ebbdc23e5470f5; exact physical schema and varTable24; effective source_manifest.json records final fall revisions.
2024,FLAGS2024,FLAGS,F3PELL,00060082,nces:FLAGS:00060082:F3PELL,F3PELL,same_source_variable_identity,nces:FLAGS:00060082:F3PELL,categorical string,Account for Pell grants as pass through transactions or as federal grant revenues to the institution (private-for-profit institutions)?,Account for Pell grants as pass through transactions or as federal grant revenues to the institution (private-for-profit institutions)?,Original IPEDS202425.accdb SHA256 98e9175e54ba719cf7f0bfcc8e043fac4d11babd1b73ba1701ebbdc23e5470f5; exact physical schema and varTable24; effective source_manifest.json records final fall revisions.
2024,FLAGS2024,FLAGS,FCOLATHL,00060100,nces:FLAGS:00060100:FCOLATHL,FCOLATHL,same_source_variable_identity,nces:FLAGS:00060100:FCOLATHL,categorical string,Participates in intercollegiate athletics,Participates in intercollegiate athletics,Original IPEDS202425.accdb SHA256 98e9175e54ba719cf7f0bfcc8e043fac4d11babd1b73ba1701ebbdc23e5470f5; exact physical schema and varTable24; effective source_manifest.json records final fall revisions.
2024,FLAGS2024,FLAGS,F_ATHEX1,00060102,nces:FLAGS:00060102:F_ATHEX1,F_ATHEX1,same_source_variable_identity,nces:FLAGS:00060102:F_ATHEX1,categorical string,Intercollegiate athletic expenses accounted for as auxiliary enterprises,Intercollegiate athletic expenses accounted for as auxiliary enterprises,Original IPEDS202425.accdb SHA256 98e9175e54ba719cf7f0bfcc8e043fac4d11babd1b73ba1701ebbdc23e5470f5; exact physical schema and varTable24; effective source_manifest.json records final fall revisions.
2024,FLAGS2024,FLAGS,F_ATHEX2,00060104,nces:FLAGS:00060104:F_ATHEX2,F_ATHEX2,same_source_variable_identity,nces:FLAGS:00060104:F_ATHEX2,categorical string,Intercollegiate athletic expenses accounted for as student services,Intercollegiate athletic expenses accounted for as student services,Original IPEDS202425.accdb SHA256 98e9175e54ba719cf7f0bfcc8e043fac4d11babd1b73ba1701ebbdc23e5470f5; exact physical schema and varTable24; effective source_manifest.json records final fall revisions.
2024,FLAGS2024,FLAGS,F_ATHEX9,00060106,nces:FLAGS:00060106:F_ATHEX9,F_ATHEX9,same_source_variable_identity,nces:FLAGS:00060106:F_ATHEX9,categorical string,Intercollegiate athletic expenses accounted for as other expense functional classification,Intercollegiate athletic expenses accounted for as other expense functional classification,Original IPEDS202425.accdb SHA256 98e9175e54ba719cf7f0bfcc8e043fac4d11babd1b73ba1701ebbdc23e5470f5; exact physical schema and varTable24; effective source_manifest.json records final fall revisions.
2024,FLAGS2024,FLAGS,F_ATHRV,00060110,nces:FLAGS:00060110:F_ATHRV,F_ATHRV,same_source_variable_identity,nces:FLAGS:00060110:F_ATHRV,categorical string,Intercollegiate athletic revenues,Intercollegiate athletic revenues,Original IPEDS202425.accdb SHA256 98e9175e54ba719cf7f0bfcc8e043fac4d11babd1b73ba1701ebbdc23e5470f5; exact physical schema and varTable24; effective source_manifest.json records final fall revisions.
2024,FLAGS2024,FLAGS,F_ATHRV1,00060091,nces:FLAGS:00060091:F_ATHRV1,F_ATHRV1,same_source_variable_identity,nces:FLAGS:00060091:F_ATHRV1,categorical string,Are intercollegiate athletic revenues included with sales and services of educational activities ,Are intercollegiate athletic revenues included with sales and services of educational activities,Original IPEDS202425.accdb SHA256 98e9175e54ba719cf7f0bfcc8e043fac4d11babd1b73ba1701ebbdc23e5470f5; exact physical schema and varTable24; effective source_manifest.json records final fall revisions.
2024,FLAGS2024,FLAGS,F_ATHRV2,00060092,nces:FLAGS:00060092:F_ATHRV2,F_ATHRV2,same_source_variable_identity,nces:FLAGS:00060092:F_ATHRV2,categorical string,Are intercollegiate athletic revenues included with sales and services of auxiliary enterprises,Are intercollegiate athletic revenues included with sales and services of auxiliary enterprises,Original IPEDS202425.accdb SHA256 98e9175e54ba719cf7f0bfcc8e043fac4d11babd1b73ba1701ebbdc23e5470f5; exact physical schema and varTable24; effective source_manifest.json records final fall revisions.
2024,FLAGS2024,FLAGS,F_ATHRV9,00060094,nces:FLAGS:00060094:F_ATHRV9,F_ATHRV9,same_source_variable_identity,nces:FLAGS:00060094:F_ATHRV9,categorical string,Are intercollegiate athletic revenues included with a source other than educational activities or auxiliary enterprises,Are intercollegiate athletic revenues included with a source other than educational activities or auxiliary enterprises,Original IPEDS202425.accdb SHA256 98e9175e54ba719cf7f0bfcc8e043fac4d11babd1b73ba1701ebbdc23e5470f5; exact physical schema and varTable24; effective source_manifest.json records final fall revisions.
2024,FLAGS2024,FLAGS,F3BIST,00066915,nces:FLAGS:00066915:F3BIST,F3BIST,same_source_variable_identity,nces:FLAGS:00066915:F3BIST,categorical string,"Type of business structure for tax purposes (private-for-profit, degree-granting institutions)","Type of business structure for tax purposes (private-for-profit, degree-granting institutions)",Original IPEDS202425.accdb SHA256 98e9175e54ba719cf7f0bfcc8e043fac4d11babd1b73ba1701ebbdc23e5470f5; exact physical schema and varTable24; effective source_manifest.json records final fall revisions.
2024,FLAGS2024,FLAGS,STAT_AL,00160001,nces:FLAGS:00160001:STAT_AL,STAT_AL,same_source_variable_identity,nces:FLAGS:00160001:STAT_AL,categorical string,Response status -  Academic Libraries component,Response status -  Academic Libraries component,Original IPEDS202425.accdb SHA256 98e9175e54ba719cf7f0bfcc8e043fac4d11babd1b73ba1701ebbdc23e5470f5; exact physical schema and varTable24; effective source_manifest.json records final fall revisions.
2024,FLAGS2024,FLAGS,LOCK_AL,00160006,nces:FLAGS:00160006:LOCK_AL,LOCK_AL,same_source_variable_identity,nces:FLAGS:00160006:LOCK_AL,categorical string,Status of Academic Library component when institution was migrated,Status of Academic Library component when institution was migrated,Original IPEDS202425.accdb SHA256 98e9175e54ba719cf7f0bfcc8e043fac4d11babd1b73ba1701ebbdc23e5470f5; exact physical schema and varTable24; effective source_manifest.json records final fall revisions.
2024,FLAGS2024,FLAGS,PRCH_AL,00160011,nces:FLAGS:00160011:PRCH_AL,PRCH_AL,same_source_variable_identity,nces:FLAGS:00160011:PRCH_AL,categorical string,Parent/child indicator for Academic Libraries,Parent/child indicator for Academic Libraries,Original IPEDS202425.accdb SHA256 98e9175e54ba719cf7f0bfcc8e043fac4d11babd1b73ba1701ebbdc23e5470f5; exact physical schema and varTable24; effective source_manifest.json records final fall revisions.
2024,FLAGS2024,FLAGS,IDX_AL,00160016,nces:FLAGS:00160016:IDX_AL,IDX_AL,same_source_variable_identity,nces:FLAGS:00160016:IDX_AL,float,UnitID of Parent institution - Academic Libraries,UnitID of Parent institution - Academic Libraries,Original IPEDS202425.accdb SHA256 98e9175e54ba719cf7f0bfcc8e043fac4d11babd1b73ba1701ebbdc23e5470f5; exact physical schema and varTable24; effective source_manifest.json records final fall revisions.
2024,FLAGS2024,FLAGS,PCAL_F,00160018,nces:FLAGS:00160018:PCAL_F,PCAL_F,same_source_variable_identity,nces:FLAGS:00160018:PCAL_F,float,Parent/child allocation factor - Academic Libraries ,Parent/child allocation factor - Academic Libraries,Original IPEDS202425.accdb SHA256 98e9175e54ba719cf7f0bfcc8e043fac4d11babd1b73ba1701ebbdc23e5470f5; exact physical schema and varTable24; effective source_manifest.json records final fall revisions.
2024,FLAGS2024,FLAGS,IMP_AL,00160021,nces:FLAGS:00160021:IMP_AL,IMP_AL,same_source_variable_identity,nces:FLAGS:00160021:IMP_AL,categorical string,Type of imputation method - Academic Libraries,Type of imputation method - Academic Libraries,Original IPEDS202425.accdb SHA256 98e9175e54ba719cf7f0bfcc8e043fac4d11babd1b73ba1701ebbdc23e5470f5; exact physical schema and varTable24; effective source_manifest.json records final fall revisions.
2024,FLAGS2024,FLAGS,HASAL,00160026,nces:FLAGS:00160026:HASAL,HASAL,same_source_variable_identity,nces:FLAGS:00160026:HASAL,categorical string,Has an academic library,Has an academic library,Original IPEDS202425.accdb SHA256 98e9175e54ba719cf7f0bfcc8e043fac4d11babd1b73ba1701ebbdc23e5470f5; exact physical schema and varTable24; effective source_manifest.json records final fall revisions.
2024,FLAGS2024,FLAGS,NTRLDSTR,00016076,nces:FLAGS:00016076:NTRLDSTR,NTRLDSTR,same_source_variable_identity,nces:FLAGS:00016076:NTRLDSTR,categorical string,Natural Disaster identification,Natural Disaster identification,Original IPEDS202425.accdb SHA256 98e9175e54ba719cf7f0bfcc8e043fac4d11babd1b73ba1701ebbdc23e5470f5; exact physical schema and varTable24; effective source_manifest.json records final fall revisions.
2024,GR200_24,GR200,BAREVCT,00081281,nces:GR200:00081281:BAREVCT,BAREVCT,same_source_variable_identity,nces:GR200:00081281:BAREVCT,float,"Revised bachelor's degree-seeking cohort, (cohort year 2016)","Revised bachelor's degree-seeking cohort, (cohort year 2015)",Original IPEDS202425.accdb SHA256 98e9175e54ba719cf7f0bfcc8e043fac4d11babd1b73ba1701ebbdc23e5470f5; exact physical schema and varTable24; effective source_manifest.json records final fall revisions.
2024,GR200_24,GR200,BAEXCLU,00081286,nces:GR200:00081286:BAEXCLU,BAEXCLU,same_source_variable_identity,nces:GR200:00081286:BAEXCLU,float,Exclusions from bachelor's degree-seeking cohort within 150% percent of normal time,Exclusions from bachelor's degree-seeking cohort within 150% percent of normal time,Original IPEDS202425.accdb SHA256 98e9175e54ba719cf7f0bfcc8e043fac4d11babd1b73ba1701ebbdc23e5470f5; exact physical schema and varTable24; effective source_manifest.json records final fall revisions.
2024,GR200_24,GR200,BAAC150,00081291,nces:GR200:00081291:BAAC150,BAAC150,same_source_variable_identity,nces:GR200:00081291:BAAC150,float,Adjusted bachelor's degree-seeking cohort within 150% of normal time,Adjusted bachelor's degree-seeking cohort within 150% of normal time,Original IPEDS202425.accdb SHA256 98e9175e54ba719cf7f0bfcc8e043fac4d11babd1b73ba1701ebbdc23e5470f5; exact physical schema and varTable24; effective source_manifest.json records final fall revisions.
2024,GR200_24,GR200,BANC100,00081296,nces:GR200:00081296:BANC100,BANC100,same_source_variable_identity,nces:GR200:00081296:BANC100,float,Number completed a bachelor's degree within 100% of normal time (4-years),Number completed a bachelor's degree within 100% of normal time (4-years),Original IPEDS202425.accdb SHA256 98e9175e54ba719cf7f0bfcc8e043fac4d11babd1b73ba1701ebbdc23e5470f5; exact physical schema and varTable24; effective source_manifest.json records final fall revisions.
2024,GR200_24,GR200,BAGR100,00081301,nces:GR200:00081301:BAGR100,BAGR100,same_source_variable_identity,nces:GR200:00081301:BAGR100,float,4-year Graduation rate - bachelor's degree within 100% of normal time ,4-year Graduation rate - bachelor's degree within 100% of normal time,Original IPEDS202425.accdb SHA256 98e9175e54ba719cf7f0bfcc8e043fac4d11babd1b73ba1701ebbdc23e5470f5; exact physical schema and varTable24; effective source_manifest.json records final fall revisions.
2024,GR200_24,GR200,BANC150,00081306,nces:GR200:00081306:BANC150,BANC150,same_source_variable_identity,nces:GR200:00081306:BANC150,float,Number completed a bachelor's degree within 150% of normal time (6-years),Number completed a bachelor's degree within 150% of normal time (6-years),Original IPEDS202425.accdb SHA256 98e9175e54ba719cf7f0bfcc8e043fac4d11babd1b73ba1701ebbdc23e5470f5; exact physical schema and varTable24; effective source_manifest.json records final fall revisions.
2024,GR200_24,GR200,BAGR150,00081311,nces:GR200:00081311:BAGR150,BAGR150,same_source_variable_identity,nces:GR200:00081311:BAGR150,float,6-year Graduation rate - bachelor's degree within 150% of normal time ,6-year Graduation rate - bachelor's degree within 150% of normal time,Original IPEDS202425.accdb SHA256 98e9175e54ba719cf7f0bfcc8e043fac4d11babd1b73ba1701ebbdc23e5470f5; exact physical schema and varTable24; effective source_manifest.json records final fall revisions.
2024,GR200_24,GR200,BAAEXCL,00081316,nces:GR200:00081316:BAAEXCL,BAAEXCL,same_source_variable_identity,nces:GR200:00081316:BAAEXCL,float,Additional exclusions from bachelor's degree-seeking cohort,Additional exclusions from bachelor's degree-seeking cohort,Original IPEDS202425.accdb SHA256 98e9175e54ba719cf7f0bfcc8e043fac4d11babd1b73ba1701ebbdc23e5470f5; exact physical schema and varTable24; effective source_manifest.json records final fall revisions.
2024,GR200_24,GR200,BAAC200,00081321,nces:GR200:00081321:BAAC200,BAAC200,same_source_variable_identity,nces:GR200:00081321:BAAC200,float,Adjusted bachelor's degree-seeking cohort within 200% of normal time,Adjusted bachelor's degree-seeking cohort within 200% of normal time,Original IPEDS202425.accdb SHA256 98e9175e54ba719cf7f0bfcc8e043fac4d11babd1b73ba1701ebbdc23e5470f5; exact physical schema and varTable24; effective source_manifest.json records final fall revisions.
2024,GR200_24,GR200,BANC200A,00081326,nces:GR200:00081326:BANC200A,BANC200A,same_source_variable_identity,nces:GR200:00081326:BANC200A,float,Number completed a bachelor's degree between 150% and 200% of normal time,Number completed a bachelor's degree between 150% and 200% of normal time,Original IPEDS202425.accdb SHA256 98e9175e54ba719cf7f0bfcc8e043fac4d11babd1b73ba1701ebbdc23e5470f5; exact physical schema and varTable24; effective source_manifest.json records final fall revisions.
2024,GR200_24,GR200,BASTEND,00081338,nces:GR200:00081338:BASTEND,BASTEND,same_source_variable_identity,nces:GR200:00081338:BASTEND,float,Still enrolled,Still enrolled,Original IPEDS202425.accdb SHA256 98e9175e54ba719cf7f0bfcc8e043fac4d11babd1b73ba1701ebbdc23e5470f5; exact physical schema and varTable24; effective source_manifest.json records final fall revisions.
2024,GR200_24,GR200,BANC200,00081331,nces:GR200:00081331:BANC200,BANC200,same_source_variable_identity,nces:GR200:00081331:BANC200,float,Number completed a bachelor's degree within 200% of normal time (8-years),Number completed a bachelor's degree within 200% of normal time (8-years),Original IPEDS202425.accdb SHA256 98e9175e54ba719cf7f0bfcc8e043fac4d11babd1b73ba1701ebbdc23e5470f5; exact physical schema and varTable24; effective source_manifest.json records final fall revisions.
2024,GR200_24,GR200,BAGR200,00081336,nces:GR200:00081336:BAGR200,BAGR200,same_source_variable_identity,nces:GR200:00081336:BAGR200,float,8-year Graduation rate - bachelor's degree within 200% of normal time ,8-year Graduation rate - bachelor's degree within 200% of normal time,Original IPEDS202425.accdb SHA256 98e9175e54ba719cf7f0bfcc8e043fac4d11babd1b73ba1701ebbdc23e5470f5; exact physical schema and varTable24; effective source_manifest.json records final fall revisions.
2024,GR200_24,GR200,L4REVCT,00081341,nces:GR200:00081341:L4REVCT,L4REVCT,same_source_variable_identity,nces:GR200:00081341:L4REVCT,float,"Revised degree/certificate-seeking cohort, (cohort year 2020)","Revised degree/certificate-seeking cohort, (cohort year 2019)",Original IPEDS202425.accdb SHA256 98e9175e54ba719cf7f0bfcc8e043fac4d11babd1b73ba1701ebbdc23e5470f5; exact physical schema and varTable24; effective source_manifest.json records final fall revisions.
2024,GR200_24,GR200,L4EXCLU,00081346,nces:GR200:00081346:L4EXCLU,L4EXCLU,same_source_variable_identity,nces:GR200:00081346:L4EXCLU,float,Exclusions from degree/certificate-seeking cohort within 150% percent of normal time,Exclusions from degree/certificate-seeking cohort within 150% percent of normal time,Original IPEDS202425.accdb SHA256 98e9175e54ba719cf7f0bfcc8e043fac4d11babd1b73ba1701ebbdc23e5470f5; exact physical schema and varTable24; effective source_manifest.json records final fall revisions.
2024,GR200_24,GR200,L4AC150,00081351,nces:GR200:00081351:L4AC150,L4AC150,same_source_variable_identity,nces:GR200:00081351:L4AC150,float,Adjusted degree/certificate-seeking cohort within 150% of normal time,Adjusted degree/certificate-seeking cohort within 150% of normal time,Original IPEDS202425.accdb SHA256 98e9175e54ba719cf7f0bfcc8e043fac4d11babd1b73ba1701ebbdc23e5470f5; exact physical schema and varTable24; effective source_manifest.json records final fall revisions.
2024,GR200_24,GR200,L4NC100,00081356,nces:GR200:00081356:L4NC100,L4NC100,same_source_variable_identity,nces:GR200:00081356:L4NC100,float,Number completed a degree/certificate within 100% of normal time,Number completed a degree/certificate within 100% of normal time,Original IPEDS202425.accdb SHA256 98e9175e54ba719cf7f0bfcc8e043fac4d11babd1b73ba1701ebbdc23e5470f5; exact physical schema and varTable24; effective source_manifest.json records final fall revisions.
2024,GR200_24,GR200,L4GR100,00081361,nces:GR200:00081361:L4GR100,L4GR100,same_source_variable_identity,nces:GR200:00081361:L4GR100,float,Graduation rate - degree/certificate within 100% of normal time,Graduation rate - degree/certificate within 100% of normal time,Original IPEDS202425.accdb SHA256 98e9175e54ba719cf7f0bfcc8e043fac4d11babd1b73ba1701ebbdc23e5470f5; exact physical schema and varTable24; effective source_manifest.json records final fall revisions.
2024,GR200_24,GR200,L4NC150,00081366,nces:GR200:00081366:L4NC150,L4NC150,same_source_variable_identity,nces:GR200:00081366:L4NC150,float,Number completed a degree/certificate  within 150% of normal time ,Number completed a degree/certificate  within 150% of normal time,Original IPEDS202425.accdb SHA256 98e9175e54ba719cf7f0bfcc8e043fac4d11babd1b73ba1701ebbdc23e5470f5; exact physical schema and varTable24; effective source_manifest.json records final fall revisions.
2024,GR200_24,GR200,L4GR150,00081371,nces:GR200:00081371:L4GR150,L4GR150,same_source_variable_identity,nces:GR200:00081371:L4GR150,float,Graduation rate - degree/certificate within 150% of normal time,Graduation rate - degree/certificate within 150% of normal time,Original IPEDS202425.accdb SHA256 98e9175e54ba719cf7f0bfcc8e043fac4d11babd1b73ba1701ebbdc23e5470f5; exact physical schema and varTable24; effective source_manifest.json records final fall revisions.
2024,GR200_24,GR200,L4AEXCL,00081376,nces:GR200:00081376:L4AEXCL,L4AEXCL,same_source_variable_identity,nces:GR200:00081376:L4AEXCL,float,Additional exclusions from degree/certificate-seeking cohort,Additional exclusions from degree/certificate-seeking cohort,Original IPEDS202425.accdb SHA256 98e9175e54ba719cf7f0bfcc8e043fac4d11babd1b73ba1701ebbdc23e5470f5; exact physical schema and varTable24; effective source_manifest.json records final fall revisions.
2024,GR200_24,GR200,L4AC200,00081381,nces:GR200:00081381:L4AC200,L4AC200,same_source_variable_identity,nces:GR200:00081381:L4AC200,float,Adjusted degree/certificate-seeking cohort within 200% of normal time,Adjusted degree/certificate-seeking cohort within 200% of normal time,Original IPEDS202425.accdb SHA256 98e9175e54ba719cf7f0bfcc8e043fac4d11babd1b73ba1701ebbdc23e5470f5; exact physical schema and varTable24; effective source_manifest.json records final fall revisions.
2024,GR200_24,GR200,L4NC200A,00081386,nces:GR200:00081386:L4NC200A,L4NC200A,same_source_variable_identity,nces:GR200:00081386:L4NC200A,float,Number completed a  degree/certificate between 150% and 200% of normal time,Number completed a  degree/certificate between 150% and 200% of normal time,Original IPEDS202425.accdb SHA256 98e9175e54ba719cf7f0bfcc8e043fac4d11babd1b73ba1701ebbdc23e5470f5; exact physical schema and varTable24; effective source_manifest.json records final fall revisions.
2024,GR200_24,GR200,L4STEND,00081398,nces:GR200:00081398:L4STEND,L4STEND,same_source_variable_identity,nces:GR200:00081398:L4STEND,float,Still enrolled,Still enrolled,Original IPEDS202425.accdb SHA256 98e9175e54ba719cf7f0bfcc8e043fac4d11babd1b73ba1701ebbdc23e5470f5; exact physical schema and varTable24; effective source_manifest.json records final fall revisions.
2024,GR200_24,GR200,L4NC200,00081391,nces:GR200:00081391:L4NC200,L4NC200,same_source_variable_identity,nces:GR200:00081391:L4NC200,float,Number completed a degree/certificate within 200% of normal time,Number completed a degree/certificate within 200% of normal time,Original IPEDS202425.accdb SHA256 98e9175e54ba719cf7f0bfcc8e043fac4d11babd1b73ba1701ebbdc23e5470f5; exact physical schema and varTable24; effective source_manifest.json records final fall revisions.
2024,GR200_24,GR200,L4GR200,00081396,nces:GR200:00081396:L4GR200,L4GR200,same_source_variable_identity,nces:GR200:00081396:L4GR200,float,Graduation rate - degree/certificate within 200% of normal time,Graduation rate - degree/certificate within 200% of normal time,Original IPEDS202425.accdb SHA256 98e9175e54ba719cf7f0bfcc8e043fac4d11babd1b73ba1701ebbdc23e5470f5; exact physical schema and varTable24; effective source_manifest.json records final fall revisions.
2024,GR2024_L2,GR_L,LINE_10,00080906,nces:GR_L:00080906:LINE_10,LINE_10,same_source_variable_identity,nces:GR_L:00080906:LINE_10,float,Revised Cohort,Revised Cohort,Original IPEDS202425.accdb SHA256 98e9175e54ba719cf7f0bfcc8e043fac4d11babd1b73ba1701ebbdc23e5470f5; exact physical schema and varTable24; effective source_manifest.json records final fall revisions.
2024,GR2024_L2,GR_L,LINE_45,00080907,nces:GR_L:00080907:LINE_45,LINE_45,same_source_variable_identity,nces:GR_L:00080907:LINE_45,float,Exclusions,Exclusions,Original IPEDS202425.accdb SHA256 98e9175e54ba719cf7f0bfcc8e043fac4d11babd1b73ba1701ebbdc23e5470f5; exact physical schema and varTable24; effective source_manifest.json records final fall revisions.
2024,GR2024_L2,GR_L,LINE_50,00080915,nces:GR_L:00080915:LINE_50,LINE_50,same_source_variable_identity,nces:GR_L:00080915:LINE_50,float,Adjusted cohort (revised cohort minus exclusions),Adjusted cohort (revised cohort minus exclusions),Original IPEDS202425.accdb SHA256 98e9175e54ba719cf7f0bfcc8e043fac4d11babd1b73ba1701ebbdc23e5470f5; exact physical schema and varTable24; effective source_manifest.json records final fall revisions.
2024,GR2024_L2,GR_L,LINE_55,00081401,nces:GR_L:00081401:LINE_55,LINE_55,same_source_variable_identity,nces:GR_L:00081401:LINE_55,float,Completers within 100% of normal time,Completers within 100% of normal time,Original IPEDS202425.accdb SHA256 98e9175e54ba719cf7f0bfcc8e043fac4d11babd1b73ba1701ebbdc23e5470f5; exact physical schema and varTable24; effective source_manifest.json records final fall revisions.
2024,GR2024_L2,GR_L,LINE_11,00080916,nces:GR_L:00080916:LINE_11,LINE_11,same_source_variable_identity,nces:GR_L:00080916:LINE_11,float,Completers within 150% of normal time,Completers within 150% of normal time,Original IPEDS202425.accdb SHA256 98e9175e54ba719cf7f0bfcc8e043fac4d11babd1b73ba1701ebbdc23e5470f5; exact physical schema and varTable24; effective source_manifest.json records final fall revisions.
2024,GR2024_L2,GR_L,LINE_30,00080917,nces:GR_L:00080917:LINE_30,LINE_30,same_source_variable_identity,nces:GR_L:00080917:LINE_30,float,Transfer-out students,Transfer-out students,Original IPEDS202425.accdb SHA256 98e9175e54ba719cf7f0bfcc8e043fac4d11babd1b73ba1701ebbdc23e5470f5; exact physical schema and varTable24; effective source_manifest.json records final fall revisions.
2024,GR2024_L2,GR_L,LINE_51,00080908,nces:GR_L:00080908:LINE_51,LINE_51,same_source_variable_identity,nces:GR_L:00080908:LINE_51,float,Still enrolled,Still enrolled,Original IPEDS202425.accdb SHA256 98e9175e54ba719cf7f0bfcc8e043fac4d11babd1b73ba1701ebbdc23e5470f5; exact physical schema and varTable24; effective source_manifest.json records final fall revisions.
2024,GR2024_L2,GR_L,LINE_52,00080909,nces:GR_L:00080909:LINE_52,LINE_52,same_source_variable_identity,nces:GR_L:00080909:LINE_52,float,No longer enrolled,No longer enrolled,Original IPEDS202425.accdb SHA256 98e9175e54ba719cf7f0bfcc8e043fac4d11babd1b73ba1701ebbdc23e5470f5; exact physical schema and varTable24; effective source_manifest.json records final fall revisions.
2024,GR2024_L2,GR_L,PGLIN10,00081626,nces:GR_L:00081626:PGLIN10,PGLIN10,same_source_variable_identity,nces:GR_L:00081626:PGLIN10,float,Pell Grant recipients - revised cohort ,Pell Grant recipients - revised cohort,Original IPEDS202425.accdb SHA256 98e9175e54ba719cf7f0bfcc8e043fac4d11babd1b73ba1701ebbdc23e5470f5; exact physical schema and varTable24; effective source_manifest.json records final fall revisions.
2024,GR2024_L2,GR_L,PGLIN45,00081631,nces:GR_L:00081631:PGLIN45,PGLIN45,same_source_variable_identity,nces:GR_L:00081631:PGLIN45,float,Pell Grant recipients - exclusions,Pell Grant recipients - exclusions,Original IPEDS202425.accdb SHA256 98e9175e54ba719cf7f0bfcc8e043fac4d11babd1b73ba1701ebbdc23e5470f5; exact physical schema and varTable24; effective source_manifest.json records final fall revisions.
2024,GR2024_L2,GR_L,PGLIN50,00081636,nces:GR_L:00081636:PGLIN50,PGLIN50,same_source_variable_identity,nces:GR_L:00081636:PGLIN50,float,Pell Grant recipients - adjusted  cohort (revised minus exclusions),Pell Grant recipients - adjusted  cohort (revised minus exclusions),Original IPEDS202425.accdb SHA256 98e9175e54ba719cf7f0bfcc8e043fac4d11babd1b73ba1701ebbdc23e5470f5; exact physical schema and varTable24; effective source_manifest.json records final fall revisions.
2024,GR2024_L2,GR_L,PGLIN11,00081641,nces:GR_L:00081641:PGLIN11,PGLIN11,same_source_variable_identity,nces:GR_L:00081641:PGLIN11,float,Pell Grant  recipients - total number that completed an award  within 150% of normal time to completion,Pell Grant  recipients - total number that completed an award  within 150% of normal time to completion,Original IPEDS202425.accdb SHA256 98e9175e54ba719cf7f0bfcc8e043fac4d11babd1b73ba1701ebbdc23e5470f5; exact physical schema and varTable24; effective source_manifest.json records final fall revisions.
2024,GR2024_L2,GR_L,SSLIN10,00081646,nces:GR_L:00081646:SSLIN10,SSLIN10,same_source_variable_identity,nces:GR_L:00081646:SSLIN10,float,Direct Subsidized Loan recipients not receiving Pell Grants - revised cohort,Direct Subsidized Loan recipients not receiving Pell Grants - revised cohort,Original IPEDS202425.accdb SHA256 98e9175e54ba719cf7f0bfcc8e043fac4d11babd1b73ba1701ebbdc23e5470f5; exact physical schema and varTable24; effective source_manifest.json records final fall revisions.
2024,GR2024_L2,GR_L,SSLIN45,00081651,nces:GR_L:00081651:SSLIN45,SSLIN45,same_source_variable_identity,nces:GR_L:00081651:SSLIN45,float,Direct Subsidized Loan recipients not receiving Pell Grants - exclusions,Direct Subsidized Loan recipients not receiving Pell Grants - exclusions,Original IPEDS202425.accdb SHA256 98e9175e54ba719cf7f0bfcc8e043fac4d11babd1b73ba1701ebbdc23e5470f5; exact physical schema and varTable24; effective source_manifest.json records final fall revisions.
2024,GR2024_L2,GR_L,SSLIN50,00081656,nces:GR_L:00081656:SSLIN50,SSLIN50,same_source_variable_identity,nces:GR_L:00081656:SSLIN50,float,Direct Subsidized  Loan recipients not receiving Pell Grants - adjusted cohort (revised minus exclusions),Direct Subsidized  Loan recipients not receiving Pell Grants - adjusted cohort (revised minus exclusions),Original IPEDS202425.accdb SHA256 98e9175e54ba719cf7f0bfcc8e043fac4d11babd1b73ba1701ebbdc23e5470f5; exact physical schema and varTable24; effective source_manifest.json records final fall revisions.
2024,GR2024_L2,GR_L,SSLIN11,00081661,nces:GR_L:00081661:SSLIN11,SSLIN11,same_source_variable_identity,nces:GR_L:00081661:SSLIN11,float,Direct Subsidized  Loan recipients not receiving Pell Grants - total number completed an award within 150% of normal time to completion,Direct Subsidized  Loan recipients not receiving Pell Grants - total number completed an award within 150% of normal time to completion,Original IPEDS202425.accdb SHA256 98e9175e54ba719cf7f0bfcc8e043fac4d11babd1b73ba1701ebbdc23e5470f5; exact physical schema and varTable24; effective source_manifest.json records final fall revisions.
2024,GR2024_L2,GR_L,NRLIN10,00081666,nces:GR_L:00081666:NRLIN10,NRLIN10,same_source_variable_identity,nces:GR_L:00081666:NRLIN10,float,Did not receive Pell grant or Direct Subsidized  loan - revised cohort,Did not receive Pell grant or Direct Subsidized  loan - revised cohort,Original IPEDS202425.accdb SHA256 98e9175e54ba719cf7f0bfcc8e043fac4d11babd1b73ba1701ebbdc23e5470f5; exact physical schema and varTable24; effective source_manifest.json records final fall revisions.
2024,GR2024_L2,GR_L,NRLIN45,00081671,nces:GR_L:00081671:NRLIN45,NRLIN45,same_source_variable_identity,nces:GR_L:00081671:NRLIN45,float,Did not receive Pell grant or Direct Subsidized loan - exclusions,Did not receive Pell grant or Direct Subsidized loan - exclusions,Original IPEDS202425.accdb SHA256 98e9175e54ba719cf7f0bfcc8e043fac4d11babd1b73ba1701ebbdc23e5470f5; exact physical schema and varTable24; effective source_manifest.json records final fall revisions.
2024,GR2024_L2,GR_L,NRLIN50,00081676,nces:GR_L:00081676:NRLIN50,NRLIN50,same_source_variable_identity,nces:GR_L:00081676:NRLIN50,float,Did not receive Pell grant or Direct Subsidized  loan - adjusted cohort,Did not receive Pell grant or Direct Subsidized  loan - adjusted cohort,Original IPEDS202425.accdb SHA256 98e9175e54ba719cf7f0bfcc8e043fac4d11babd1b73ba1701ebbdc23e5470f5; exact physical schema and varTable24; effective source_manifest.json records final fall revisions.
2024,GR2024_L2,GR_L,NRLIN11,00081681,nces:GR_L:00081681:NRLIN11,NRLIN11,same_source_variable_identity,nces:GR_L:00081681:NRLIN11,float,Did not receive Pell grant or Direct Subsidized  loan -  total number completed an award within 150% of normal time to completion,Did not receive Pell grant or Direct Subsidized  loan -  total number completed an award within 150% of normal time to completion,Original IPEDS202425.accdb SHA256 98e9175e54ba719cf7f0bfcc8e043fac4d11babd1b73ba1701ebbdc23e5470f5; exact physical schema and varTable24; effective source_manifest.json records final fall revisions.
2024,HD2024,HD,INSTNM,00010001,nces:HD:00010001:INSTNM,INSTNM,same_source_variable_identity,nces:HD:00010001:INSTNM,free text,Institution (entity) name,Institution (entity) name,Original IPEDS202425.accdb SHA256 98e9175e54ba719cf7f0bfcc8e043fac4d11babd1b73ba1701ebbdc23e5470f5; exact physical schema and varTable24; effective source_manifest.json records final fall revisions.
2024,HD2024,HD,IALIAS,00016081,nces:HD:00016081:IALIAS,IALIAS,same_source_variable_identity,nces:HD:00016081:IALIAS,free text,Institution name alias,Institution name alias,Original IPEDS202425.accdb SHA256 98e9175e54ba719cf7f0bfcc8e043fac4d11babd1b73ba1701ebbdc23e5470f5; exact physical schema and varTable24; effective source_manifest.json records final fall revisions.
2024,HD2024,HD,ADDR,00010006,nces:HD:00010006:ADDR,ADDR,same_source_variable_identity,nces:HD:00010006:ADDR,free text,Street address or post office box,Street address or post office box,Original IPEDS202425.accdb SHA256 98e9175e54ba719cf7f0bfcc8e043fac4d11babd1b73ba1701ebbdc23e5470f5; exact physical schema and varTable24; effective source_manifest.json records final fall revisions.
2024,HD2024,HD,CITY,00010011,nces:HD:00010011:CITY,CITY,same_source_variable_identity,nces:HD:00010011:CITY,free text,City location of institution,City location of institution,Original IPEDS202425.accdb SHA256 98e9175e54ba719cf7f0bfcc8e043fac4d11babd1b73ba1701ebbdc23e5470f5; exact physical schema and varTable24; effective source_manifest.json records final fall revisions.
2024,HD2024,HD,STABBR,00010016,nces:HD:00010016:STABBR,STABBR,same_source_variable_identity,nces:HD:00010016:STABBR,categorical string,State abbreviation,State abbreviation,Original IPEDS202425.accdb SHA256 98e9175e54ba719cf7f0bfcc8e043fac4d11babd1b73ba1701ebbdc23e5470f5; exact physical schema and varTable24; effective source_manifest.json records final fall revisions.
2024,HD2024,HD,ZIP,00010021,nces:HD:00010021:ZIP,ZIP,same_source_variable_identity,nces:HD:00010021:ZIP,free text,ZIP code,ZIP code,Original IPEDS202425.accdb SHA256 98e9175e54ba719cf7f0bfcc8e043fac4d11babd1b73ba1701ebbdc23e5470f5; exact physical schema and varTable24; effective source_manifest.json records final fall revisions.
2024,HD2024,HD,FIPS,00010026,nces:HD:00010026:FIPS,FIPS,same_source_variable_identity,nces:HD:00010026:FIPS,categorical string,FIPS state code,FIPS state code,Original IPEDS202425.accdb SHA256 98e9175e54ba719cf7f0bfcc8e043fac4d11babd1b73ba1701ebbdc23e5470f5; exact physical schema and varTable24; effective source_manifest.json records final fall revisions.
2024,HD2024,HD,OBEREG,00010031,nces:HD:00010031:OBEREG,OBEREG,same_source_variable_identity,nces:HD:00010031:OBEREG,categorical string,Bureau of Economic Analysis (BEA) regions,Bureau of Economic Analysis (BEA) regions,Original IPEDS202425.accdb SHA256 98e9175e54ba719cf7f0bfcc8e043fac4d11babd1b73ba1701ebbdc23e5470f5; exact physical schema and varTable24; effective source_manifest.json records final fall revisions.
2024,HD2024,HD,CHFNM,00010036,nces:HD:00010036:CHFNM,CHFNM,same_source_variable_identity,nces:HD:00010036:CHFNM,free text,Name of chief administrator,Name of chief administrator,Original IPEDS202425.accdb SHA256 98e9175e54ba719cf7f0bfcc8e043fac4d11babd1b73ba1701ebbdc23e5470f5; exact physical schema and varTable24; effective source_manifest.json records final fall revisions.
2024,HD2024,HD,CHFTITLE,00010041,nces:HD:00010041:CHFTITLE,CHFTITLE,same_source_variable_identity,nces:HD:00010041:CHFTITLE,free text,Title of chief administrator,Title of chief administrator,Original IPEDS202425.accdb SHA256 98e9175e54ba719cf7f0bfcc8e043fac4d11babd1b73ba1701ebbdc23e5470f5; exact physical schema and varTable24; effective source_manifest.json records final fall revisions.
2024,HD2024,HD,GENTELE,00010046,nces:HD:00010046:GENTELE,GENTELE,same_source_variable_identity,nces:HD:00010046:GENTELE,free text,General information telephone number,General information telephone number,Original IPEDS202425.accdb SHA256 98e9175e54ba719cf7f0bfcc8e043fac4d11babd1b73ba1701ebbdc23e5470f5; exact physical schema and varTable24; effective source_manifest.json records final fall revisions.
2024,HD2024,HD,EIN,00010061,nces:HD:00010061:EIN,EIN,same_source_variable_identity,nces:HD:00010061:EIN,free text,Employer Identification Number,Employer Identification Number,Original IPEDS202425.accdb SHA256 98e9175e54ba719cf7f0bfcc8e043fac4d11babd1b73ba1701ebbdc23e5470f5; exact physical schema and varTable24; effective source_manifest.json records final fall revisions.
2024,HD2024,HD,UEIS,00010069,nces:HD:00010069:UEIS,UEIS,same_source_variable_identity,nces:HD:00010069:UEIS,free text,Unique Entity Identifier (UEI) Numbers,Unique Entity Identifier (UEI) Numbers,Original IPEDS202425.accdb SHA256 98e9175e54ba719cf7f0bfcc8e043fac4d11babd1b73ba1701ebbdc23e5470f5; exact physical schema and varTable24; effective source_manifest.json records final fall revisions.
2024,HD2024,HD,OPEID,00010071,nces:HD:00010071:OPEID,OPEID,same_source_variable_identity,nces:HD:00010071:OPEID,free text,Office of Postsecondary Education (OPE) ID Number,Office of Postsecondary Education (OPE) ID Number,Original IPEDS202425.accdb SHA256 98e9175e54ba719cf7f0bfcc8e043fac4d11babd1b73ba1701ebbdc23e5470f5; exact physical schema and varTable24; effective source_manifest.json records final fall revisions.
2024,HD2024,HD,OPEFLAG,00010076,nces:HD:00010076:OPEFLAG,OPEFLAG,same_source_variable_identity,nces:HD:00010076:OPEFLAG,categorical string,OPE Title IV eligibility indicator code,OPE Title IV eligibility indicator code,Original IPEDS202425.accdb SHA256 98e9175e54ba719cf7f0bfcc8e043fac4d11babd1b73ba1701ebbdc23e5470f5; exact physical schema and varTable24; effective source_manifest.json records final fall revisions.
2024,HD2024,HD,WEBADDR,00010081,nces:HD:00010081:WEBADDR,WEBADDR,same_source_variable_identity,nces:HD:00010081:WEBADDR,free text,Institution's internet website address,Institution's internet website address,Original IPEDS202425.accdb SHA256 98e9175e54ba719cf7f0bfcc8e043fac4d11babd1b73ba1701ebbdc23e5470f5; exact physical schema and varTable24; effective source_manifest.json records final fall revisions.
2024,HD2024,HD,ADMINURL,00010058,nces:HD:00010058:ADMINURL,ADMINURL,same_source_variable_identity,nces:HD:00010058:ADMINURL,free text,Admissions office web address,Admissions office web address,Original IPEDS202425.accdb SHA256 98e9175e54ba719cf7f0bfcc8e043fac4d11babd1b73ba1701ebbdc23e5470f5; exact physical schema and varTable24; effective source_manifest.json records final fall revisions.
2024,HD2024,HD,FAIDURL,00010053,nces:HD:00010053:FAIDURL,FAIDURL,same_source_variable_identity,nces:HD:00010053:FAIDURL,free text,Financial aid office web address,Financial aid office web address,Original IPEDS202425.accdb SHA256 98e9175e54ba719cf7f0bfcc8e043fac4d11babd1b73ba1701ebbdc23e5470f5; exact physical schema and varTable24; effective source_manifest.json records final fall revisions.
2024,HD2024,HD,APPLURL,00010059,nces:HD:00010059:APPLURL,APPLURL,same_source_variable_identity,nces:HD:00010059:APPLURL,free text,Online application web address,Online application web address,Original IPEDS202425.accdb SHA256 98e9175e54ba719cf7f0bfcc8e043fac4d11babd1b73ba1701ebbdc23e5470f5; exact physical schema and varTable24; effective source_manifest.json records final fall revisions.
2024,HD2024,HD,NPRICURL,00010083,nces:HD:00010083:NPRICURL,NPRICURL,same_source_variable_identity,nces:HD:00010083:NPRICURL,free text,Net price calculator web address,Net price calculator web address,Original IPEDS202425.accdb SHA256 98e9175e54ba719cf7f0bfcc8e043fac4d11babd1b73ba1701ebbdc23e5470f5; exact physical schema and varTable24; effective source_manifest.json records final fall revisions.
2024,HD2024,HD,VETURL,00016131,nces:HD:00016131:VETURL,VETURL,same_source_variable_identity,nces:HD:00016131:VETURL,free text,Veterans and Military Servicemembers tuition policies web address,Veterans and Military Servicemembers tuition policies web address,Original IPEDS202425.accdb SHA256 98e9175e54ba719cf7f0bfcc8e043fac4d11babd1b73ba1701ebbdc23e5470f5; exact physical schema and varTable24; effective source_manifest.json records final fall revisions.
2024,HD2024,HD,ATHURL,00080081,nces:HD:00080081:ATHURL,ATHURL,same_source_variable_identity,nces:HD:00080081:ATHURL,free text,Student-Right-to-Know student athlete graduation rate web address,Student-Right-to-Know student athlete graduation rate web address,Original IPEDS202425.accdb SHA256 98e9175e54ba719cf7f0bfcc8e043fac4d11babd1b73ba1701ebbdc23e5470f5; exact physical schema and varTable24; effective source_manifest.json records final fall revisions.
2024,HD2024,HD,DISAURL,00010060,nces:HD:00010060:DISAURL,DISAURL,same_source_variable_identity,nces:HD:00010060:DISAURL,free text,Disability Services Web Address,Disability Services Web Address,Original IPEDS202425.accdb SHA256 98e9175e54ba719cf7f0bfcc8e043fac4d11babd1b73ba1701ebbdc23e5470f5; exact physical schema and varTable24; effective source_manifest.json records final fall revisions.
2024,HD2024,HD,SECTOR,00010086,nces:HD:00010086:SECTOR,SECTOR,same_source_variable_identity,nces:HD:00010086:SECTOR,categorical string,Sector of institution,Sector of institution,Original IPEDS202425.accdb SHA256 98e9175e54ba719cf7f0bfcc8e043fac4d11babd1b73ba1701ebbdc23e5470f5; exact physical schema and varTable24; effective source_manifest.json records final fall revisions.
2024,HD2024,HD,ICLEVEL,00010091,nces:HD:00010091:ICLEVEL,ICLEVEL,same_source_variable_identity,nces:HD:00010091:ICLEVEL,categorical string,Level of institution,Level of institution,Original IPEDS202425.accdb SHA256 98e9175e54ba719cf7f0bfcc8e043fac4d11babd1b73ba1701ebbdc23e5470f5; exact physical schema and varTable24; effective source_manifest.json records final fall revisions.
2024,HD2024,HD,CONTROL,00010096,nces:HD:00010096:CONTROL,CONTROL,same_source_variable_identity,nces:HD:00010096:CONTROL,categorical string,Control of institution,Control of institution,Original IPEDS202425.accdb SHA256 98e9175e54ba719cf7f0bfcc8e043fac4d11babd1b73ba1701ebbdc23e5470f5; exact physical schema and varTable24; effective source_manifest.json records final fall revisions.
2024,HD2024,HD,HLOFFER,00010101,nces:HD:00010101:HLOFFER,HLOFFER,same_source_variable_identity,nces:HD:00010101:HLOFFER,categorical string,Highest level of offering,Highest level of offering,Original IPEDS202425.accdb SHA256 98e9175e54ba719cf7f0bfcc8e043fac4d11babd1b73ba1701ebbdc23e5470f5; exact physical schema and varTable24; effective source_manifest.json records final fall revisions.
2024,HD2024,HD,UGOFFER,00010106,nces:HD:00010106:UGOFFER,UGOFFER,same_source_variable_identity,nces:HD:00010106:UGOFFER,categorical string,Undergraduate offering,Undergraduate offering,Original IPEDS202425.accdb SHA256 98e9175e54ba719cf7f0bfcc8e043fac4d11babd1b73ba1701ebbdc23e5470f5; exact physical schema and varTable24; effective source_manifest.json records final fall revisions.
2024,HD2024,HD,GROFFER,00010111,nces:HD:00010111:GROFFER,GROFFER,same_source_variable_identity,nces:HD:00010111:GROFFER,categorical string,Graduate offering,Graduate offering,Original IPEDS202425.accdb SHA256 98e9175e54ba719cf7f0bfcc8e043fac4d11babd1b73ba1701ebbdc23e5470f5; exact physical schema and varTable24; effective source_manifest.json records final fall revisions.
2024,HD2024,HD,HDEGOFR1,00010122,nces:HD:00010122:HDEGOFR1,HDEGOFR1,same_source_variable_identity,nces:HD:00010122:HDEGOFR1,categorical string,Highest degree offered,Highest degree offered,Original IPEDS202425.accdb SHA256 98e9175e54ba719cf7f0bfcc8e043fac4d11babd1b73ba1701ebbdc23e5470f5; exact physical schema and varTable24; effective source_manifest.json records final fall revisions.
2024,HD2024,HD,DEGGRANT,00010126,nces:HD:00010126:DEGGRANT,DEGGRANT,same_source_variable_identity,nces:HD:00010126:DEGGRANT,categorical string,Degree-granting status,Degree-granting status,Original IPEDS202425.accdb SHA256 98e9175e54ba719cf7f0bfcc8e043fac4d11babd1b73ba1701ebbdc23e5470f5; exact physical schema and varTable24; effective source_manifest.json records final fall revisions.
2024,HD2024,HD,HBCU,00010151,nces:HD:00010151:HBCU,HBCU,same_source_variable_identity,nces:HD:00010151:HBCU,categorical string,Historically Black College or University,Historically Black College or University,Original IPEDS202425.accdb SHA256 98e9175e54ba719cf7f0bfcc8e043fac4d11babd1b73ba1701ebbdc23e5470f5; exact physical schema and varTable24; effective source_manifest.json records final fall revisions.
2024,HD2024,HD,HOSPITAL,00010156,nces:HD:00010156:HOSPITAL,HOSPITAL,same_source_variable_identity,nces:HD:00010156:HOSPITAL,categorical string,Institution has hospital,Institution has hospital,Original IPEDS202425.accdb SHA256 98e9175e54ba719cf7f0bfcc8e043fac4d11babd1b73ba1701ebbdc23e5470f5; exact physical schema and varTable24; effective source_manifest.json records final fall revisions.
2024,HD2024,HD,MEDICAL,00010161,nces:HD:00010161:MEDICAL,MEDICAL,same_source_variable_identity,nces:HD:00010161:MEDICAL,categorical string,Institution grants a medical degree,Institution grants a medical degree,Original IPEDS202425.accdb SHA256 98e9175e54ba719cf7f0bfcc8e043fac4d11babd1b73ba1701ebbdc23e5470f5; exact physical schema and varTable24; effective source_manifest.json records final fall revisions.
2024,HD2024,HD,TRIBAL,00010166,nces:HD:00010166:TRIBAL,TRIBAL,same_source_variable_identity,nces:HD:00010166:TRIBAL,categorical string,Tribal college,Tribal college,Original IPEDS202425.accdb SHA256 98e9175e54ba719cf7f0bfcc8e043fac4d11babd1b73ba1701ebbdc23e5470f5; exact physical schema and varTable24; effective source_manifest.json records final fall revisions.
2024,HD2024,HD,LOCALE,00010176,nces:HD:00010176:LOCALE,LOCALE,same_source_variable_identity,nces:HD:00010176:LOCALE,categorical string,Degree of urbanization (Urban-centric locale),Degree of urbanization (Urban-centric locale),Original IPEDS202425.accdb SHA256 98e9175e54ba719cf7f0bfcc8e043fac4d11babd1b73ba1701ebbdc23e5470f5; exact physical schema and varTable24; effective source_manifest.json records final fall revisions.
2024,HD2024,HD,OPENPUBL,00010181,nces:HD:00010181:OPENPUBL,OPENPUBL,same_source_variable_identity,nces:HD:00010181:OPENPUBL,categorical string,Institution open to the general public,Institution open to the general public,Original IPEDS202425.accdb SHA256 98e9175e54ba719cf7f0bfcc8e043fac4d11babd1b73ba1701ebbdc23e5470f5; exact physical schema and varTable24; effective source_manifest.json records final fall revisions.
2024,HD2024,HD,ACT,00010186,nces:HD:00010186:ACT,ACT,same_source_variable_identity,nces:HD:00010186:ACT,categorical string,Status of institution,Status of institution,Original IPEDS202425.accdb SHA256 98e9175e54ba719cf7f0bfcc8e043fac4d11babd1b73ba1701ebbdc23e5470f5; exact physical schema and varTable24; effective source_manifest.json records final fall revisions.
2024,HD2024,HD,NEWID,00010191,nces:HD:00010191:NEWID,NEWID,same_source_variable_identity,nces:HD:00010191:NEWID,float,UNITID for merged schools,UNITID for merged schools,Original IPEDS202425.accdb SHA256 98e9175e54ba719cf7f0bfcc8e043fac4d11babd1b73ba1701ebbdc23e5470f5; exact physical schema and varTable24; effective source_manifest.json records final fall revisions.
2024,HD2024,HD,DEATHYR,00010196,nces:HD:00010196:DEATHYR,DEATHYR,same_source_variable_identity,nces:HD:00010196:DEATHYR,categorical string,Year institution was deleted from IPEDS,Year institution was deleted from IPEDS,Original IPEDS202425.accdb SHA256 98e9175e54ba719cf7f0bfcc8e043fac4d11babd1b73ba1701ebbdc23e5470f5; exact physical schema and varTable24; effective source_manifest.json records final fall revisions.
2024,HD2024,HD,CLOSEDAT,00010201,nces:HD:00010201:CLOSEDAT,CLOSEDAT,same_source_variable_identity,nces:HD:00010201:CLOSEDAT,free text,Date institution closed,Date institution closed,Original IPEDS202425.accdb SHA256 98e9175e54ba719cf7f0bfcc8e043fac4d11babd1b73ba1701ebbdc23e5470f5; exact physical schema and varTable24; effective source_manifest.json records final fall revisions.
2024,HD2024,HD,CYACTIVE,00010206,nces:HD:00010206:CYACTIVE,CYACTIVE,same_source_variable_identity,nces:HD:00010206:CYACTIVE,categorical string,Institution is active in current year,Institution is active in current year,Original IPEDS202425.accdb SHA256 98e9175e54ba719cf7f0bfcc8e043fac4d11babd1b73ba1701ebbdc23e5470f5; exact physical schema and varTable24; effective source_manifest.json records final fall revisions.
2024,HD2024,HD,POSTSEC,00010211,nces:HD:00010211:POSTSEC,POSTSEC,same_source_variable_identity,nces:HD:00010211:POSTSEC,categorical string,Primarily postsecondary indicator,Primarily postsecondary indicator,Original IPEDS202425.accdb SHA256 98e9175e54ba719cf7f0bfcc8e043fac4d11babd1b73ba1701ebbdc23e5470f5; exact physical schema and varTable24; effective source_manifest.json records final fall revisions.
2024,HD2024,HD,PSEFLAG,00010216,nces:HD:00010216:PSEFLAG,PSEFLAG,same_source_variable_identity,nces:HD:00010216:PSEFLAG,categorical string,Postsecondary institution indicator,Postsecondary institution indicator,Original IPEDS202425.accdb SHA256 98e9175e54ba719cf7f0bfcc8e043fac4d11babd1b73ba1701ebbdc23e5470f5; exact physical schema and varTable24; effective source_manifest.json records final fall revisions.
2024,HD2024,HD,PSET4FLG,00010221,nces:HD:00010221:PSET4FLG,PSET4FLG,same_source_variable_identity,nces:HD:00010221:PSET4FLG,categorical string,Postsecondary and Title IV institution indicator,Postsecondary and Title IV institution indicator,Original IPEDS202425.accdb SHA256 98e9175e54ba719cf7f0bfcc8e043fac4d11babd1b73ba1701ebbdc23e5470f5; exact physical schema and varTable24; effective source_manifest.json records final fall revisions.
2024,HD2024,HD,RPTMTH,00015055,nces:HD:00015055:RPTMTH,RPTMTH,same_source_variable_identity,nces:HD:00015055:RPTMTH,categorical string,"Reporting method for student charges, graduation rates, retention rates and student financial aid","Reporting method for student charges, graduation rates, retention rates and student financial aid",Original IPEDS202425.accdb SHA256 98e9175e54ba719cf7f0bfcc8e043fac4d11babd1b73ba1701ebbdc23e5470f5; exact physical schema and varTable24; effective source_manifest.json records final fall revisions.
2024,HD2024,HD,INSTCAT,00015210,nces:HD:00015210:INSTCAT,INSTCAT,same_source_variable_identity,nces:HD:00015210:INSTCAT,categorical string,Institutional category,Institutional category,Original IPEDS202425.accdb SHA256 98e9175e54ba719cf7f0bfcc8e043fac4d11babd1b73ba1701ebbdc23e5470f5; exact physical schema and varTable24; effective source_manifest.json records final fall revisions.
2024,HD2024,HD,C00CARNEGIE,00010300,nces:HD:00010300:C00CARNEGIE,C00CARNEGIE,new_2024_identity,,categorical string,2000 Carnegie Classification (historical - not updated),,Original IPEDS202425.accdb SHA256 98e9175e54ba719cf7f0bfcc8e043fac4d11babd1b73ba1701ebbdc23e5470f5; exact physical schema and varTable24; effective source_manifest.json records final fall revisions.
2024,HD2024,HD,C21BASIC,00015620,nces:HD:00015620:C21BASIC,C21BASIC,same_source_variable_identity,nces:HD:00015620:C21BASIC,categorical string,Carnegie Classification 2021: Basic,Carnegie Classification 2021: Basic,Original IPEDS202425.accdb SHA256 98e9175e54ba719cf7f0bfcc8e043fac4d11babd1b73ba1701ebbdc23e5470f5; exact physical schema and varTable24; effective source_manifest.json records final fall revisions.
2024,HD2024,HD,CARNEGIEIC,00010305,nces:HD:00010305:CARNEGIEIC,CARNEGIEIC,new_2024_identity,,categorical string,Carnegie Classification 2025: Institutional Classification,,Original IPEDS202425.accdb SHA256 98e9175e54ba719cf7f0bfcc8e043fac4d11babd1b73ba1701ebbdc23e5470f5; exact physical schema and varTable24; effective source_manifest.json records final fall revisions.
2024,HD2024,HD,CARNEGIESAEC,00010310,nces:HD:00010310:CARNEGIESAEC,CARNEGIESAEC,new_2024_identity,,categorical string,Carnegie Classification 2025: Student Access and Earnings,,Original IPEDS202425.accdb SHA256 98e9175e54ba719cf7f0bfcc8e043fac4d11babd1b73ba1701ebbdc23e5470f5; exact physical schema and varTable24; effective source_manifest.json records final fall revisions.
2024,HD2024,HD,CARNEGIERSCH,00010331,nces:HD:00010331:CARNEGIERSCH,CARNEGIERSCH,new_2024_identity,,categorical string,Carnegie Classification 2025: Research Activity Designation,,Original IPEDS202425.accdb SHA256 98e9175e54ba719cf7f0bfcc8e043fac4d11babd1b73ba1701ebbdc23e5470f5; exact physical schema and varTable24; effective source_manifest.json records final fall revisions.
2024,HD2024,HD,CARNEGIESIZE,00010315,nces:HD:00010315:CARNEGIESIZE,CARNEGIESIZE,new_2024_identity,,categorical string,Carnegie Classification 2025: Institutional Size,,Original IPEDS202425.accdb SHA256 98e9175e54ba719cf7f0bfcc8e043fac4d11babd1b73ba1701ebbdc23e5470f5; exact physical schema and varTable24; effective source_manifest.json records final fall revisions.
2024,HD2024,HD,CARNEGIEALF,00010320,nces:HD:00010320:CARNEGIEALF,CARNEGIEALF,new_2024_identity,,categorical string,Carnegie Classification 2025: Award Level Focus,,Original IPEDS202425.accdb SHA256 98e9175e54ba719cf7f0bfcc8e043fac4d11babd1b73ba1701ebbdc23e5470f5; exact physical schema and varTable24; effective source_manifest.json records final fall revisions.
2024,HD2024,HD,CARNEGIEAPM,00010325,nces:HD:00010325:CARNEGIEAPM,CARNEGIEAPM,new_2024_identity,,categorical string,Carnegie Classification 2025: Undergraduate Academic Program Mix,,Original IPEDS202425.accdb SHA256 98e9175e54ba719cf7f0bfcc8e043fac4d11babd1b73ba1701ebbdc23e5470f5; exact physical schema and varTable24; effective source_manifest.json records final fall revisions.
2024,HD2024,HD,CARNEGIEGPM,00010330,nces:HD:00010330:CARNEGIEGPM,CARNEGIEGPM,new_2024_identity,,categorical string,Carnegie Classification 2025: Graduate Academic Program Mix,,Original IPEDS202425.accdb SHA256 98e9175e54ba719cf7f0bfcc8e043fac4d11babd1b73ba1701ebbdc23e5470f5; exact physical schema and varTable24; effective source_manifest.json records final fall revisions.
2024,HD2024,HD,LANDGRNT,00015225,nces:HD:00015225:LANDGRNT,LANDGRNT,same_source_variable_identity,nces:HD:00015225:LANDGRNT,categorical string,Land Grant Institution,Land Grant Institution,Original IPEDS202425.accdb SHA256 98e9175e54ba719cf7f0bfcc8e043fac4d11babd1b73ba1701ebbdc23e5470f5; exact physical schema and varTable24; effective source_manifest.json records final fall revisions.
2024,HD2024,HD,INSTSIZE,00023357,nces:HD:00023357:INSTSIZE,INSTSIZE,same_source_variable_identity,nces:HD:00023357:INSTSIZE,categorical string,Institution size category,Institution size category,Original IPEDS202425.accdb SHA256 98e9175e54ba719cf7f0bfcc8e043fac4d11babd1b73ba1701ebbdc23e5470f5; exact physical schema and varTable24; effective source_manifest.json records final fall revisions.
2024,HD2024,HD,F1SYSTYP,00016066,nces:HD:00016066:F1SYSTYP,F1SYSTYP__HD__00016066__7C2F4E76311D,same_source_variable_identity,nces:HD:00016066:F1SYSTYP,categorical string,Multi-institution or multi-campus organization,Multi-institution or multi-campus organization,Original IPEDS202425.accdb SHA256 98e9175e54ba719cf7f0bfcc8e043fac4d11babd1b73ba1701ebbdc23e5470f5; exact physical schema and varTable24; effective source_manifest.json records final fall revisions.
2024,HD2024,HD,F1SYSNAM,00016071,nces:HD:00016071:F1SYSNAM,F1SYSNAM__HD__00016071__CDF351E00584,same_source_variable_identity,nces:HD:00016071:F1SYSNAM,free text,Name of multi-institution or multi-campus organization,Name of multi-institution or multi-campus organization,Original IPEDS202425.accdb SHA256 98e9175e54ba719cf7f0bfcc8e043fac4d11babd1b73ba1701ebbdc23e5470f5; exact physical schema and varTable24; effective source_manifest.json records final fall revisions.
2024,HD2024,HD,F1SYSCOD,00016070,nces:HD:00016070:F1SYSCOD,F1SYSCOD,same_source_variable_identity,nces:HD:00016070:F1SYSCOD,categorical string,Identification number of multi-institution or multi-campus organization,Identification number of multi-institution or multi-campus organization,Original IPEDS202425.accdb SHA256 98e9175e54ba719cf7f0bfcc8e043fac4d11babd1b73ba1701ebbdc23e5470f5; exact physical schema and varTable24; effective source_manifest.json records final fall revisions.
2024,HD2024,HD,CBSA,00016086,nces:HD:00016086:CBSA,CBSA,same_source_variable_identity,nces:HD:00016086:CBSA,categorical string,Core Based Statistical Area (CBSA),Core Based Statistical Area (CBSA),Original IPEDS202425.accdb SHA256 98e9175e54ba719cf7f0bfcc8e043fac4d11babd1b73ba1701ebbdc23e5470f5; exact physical schema and varTable24; effective source_manifest.json records final fall revisions.
2024,HD2024,HD,CBSATYPE,00016091,nces:HD:00016091:CBSATYPE,CBSATYPE,same_source_variable_identity,nces:HD:00016091:CBSATYPE,categorical string,CBSA Type Metropolitan or Micropolitan,CBSA Type Metropolitan or Micropolitan,Original IPEDS202425.accdb SHA256 98e9175e54ba719cf7f0bfcc8e043fac4d11babd1b73ba1701ebbdc23e5470f5; exact physical schema and varTable24; effective source_manifest.json records final fall revisions.
2024,HD2024,HD,CSA,00016096,nces:HD:00016096:CSA,CSA,same_source_variable_identity,nces:HD:00016096:CSA,categorical string,Combined Statistical Area (CSA),Combined Statistical Area (CSA),Original IPEDS202425.accdb SHA256 98e9175e54ba719cf7f0bfcc8e043fac4d11babd1b73ba1701ebbdc23e5470f5; exact physical schema and varTable24; effective source_manifest.json records final fall revisions.
2024,HD2024,HD,COUNTYCD,00016116,nces:HD:00016116:COUNTYCD,COUNTYCD,same_source_variable_identity,nces:HD:00016116:COUNTYCD,categorical string,Fips County code,Fips County code,Original IPEDS202425.accdb SHA256 98e9175e54ba719cf7f0bfcc8e043fac4d11babd1b73ba1701ebbdc23e5470f5; exact physical schema and varTable24; effective source_manifest.json records final fall revisions.
2024,HD2024,HD,COUNTYNM,00016121,nces:HD:00016121:COUNTYNM,COUNTYNM,same_source_variable_identity,nces:HD:00016121:COUNTYNM,free text,County name,County name,Original IPEDS202425.accdb SHA256 98e9175e54ba719cf7f0bfcc8e043fac4d11babd1b73ba1701ebbdc23e5470f5; exact physical schema and varTable24; effective source_manifest.json records final fall revisions.
2024,HD2024,HD,CNGDSTCD,00016126,nces:HD:00016126:CNGDSTCD,CNGDSTCD,same_source_variable_identity,nces:HD:00016126:CNGDSTCD,categorical string,State and 118TH Congressional District ID,State and 118TH Congressional District ID,Original IPEDS202425.accdb SHA256 98e9175e54ba719cf7f0bfcc8e043fac4d11babd1b73ba1701ebbdc23e5470f5; exact physical schema and varTable24; effective source_manifest.json records final fall revisions.
2024,HD2024,HD,LONGITUD,00016106,nces:HD:00016106:LONGITUD,LONGITUD,same_source_variable_identity,nces:HD:00016106:LONGITUD,float,Longitude location of institution,Longitude location of institution,Original IPEDS202425.accdb SHA256 98e9175e54ba719cf7f0bfcc8e043fac4d11babd1b73ba1701ebbdc23e5470f5; exact physical schema and varTable24; effective source_manifest.json records final fall revisions.
2024,HD2024,HD,LATITUDE,00016111,nces:HD:00016111:LATITUDE,LATITUDE,same_source_variable_identity,nces:HD:00016111:LATITUDE,float,Latitude location of institution,Latitude location of institution,Original IPEDS202425.accdb SHA256 98e9175e54ba719cf7f0bfcc8e043fac4d11babd1b73ba1701ebbdc23e5470f5; exact physical schema and varTable24; effective source_manifest.json records final fall revisions.
2024,HD2024,HD,DFRCGID,00015230,nces:HD:00015230:DFRCGID,DFRCGID__HD__00015230__4C2F698A0FD3,same_source_variable_identity,nces:HD:00015230:DFRCGID,categorical string,Data Feedback Report comparison group created by NCES,Data Feedback Report comparison group created by NCES,Original IPEDS202425.accdb SHA256 98e9175e54ba719cf7f0bfcc8e043fac4d11babd1b73ba1701ebbdc23e5470f5; exact physical schema and varTable24; effective source_manifest.json records final fall revisions.
2024,HD2024,HD,DFRCUSCG,00016000,nces:HD:00016000:DFRCUSCG,DFRCUSCG__HD__00016000__95607880F445,same_source_variable_identity,nces:HD:00016000:DFRCUSCG,categorical string,Data Feedback Report - Institution submitted a custom comparison group,Data Feedback Report - Institution submitted a custom comparison group,Original IPEDS202425.accdb SHA256 98e9175e54ba719cf7f0bfcc8e043fac4d11babd1b73ba1701ebbdc23e5470f5; exact physical schema and varTable24; effective source_manifest.json records final fall revisions.
2024,IC2024,IC,PEO1ISTR,00010361,nces:IC:00010361:PEO1ISTR,PEO1ISTR,same_source_variable_identity,nces:IC:00010361:PEO1ISTR,categorical string,Occupational,Occupational,Original IPEDS202425.accdb SHA256 98e9175e54ba719cf7f0bfcc8e043fac4d11babd1b73ba1701ebbdc23e5470f5; exact physical schema and varTable24; effective source_manifest.json records final fall revisions.
2024,IC2024,IC,PEO2ISTR,00010366,nces:IC:00010366:PEO2ISTR,PEO2ISTR,same_source_variable_identity,nces:IC:00010366:PEO2ISTR,categorical string,Academic,Academic,Original IPEDS202425.accdb SHA256 98e9175e54ba719cf7f0bfcc8e043fac4d11babd1b73ba1701ebbdc23e5470f5; exact physical schema and varTable24; effective source_manifest.json records final fall revisions.
2024,IC2024,IC,PEO3ISTR,00010371,nces:IC:00010371:PEO3ISTR,PEO3ISTR,same_source_variable_identity,nces:IC:00010371:PEO3ISTR,categorical string,Continuing professional,Continuing professional,Original IPEDS202425.accdb SHA256 98e9175e54ba719cf7f0bfcc8e043fac4d11babd1b73ba1701ebbdc23e5470f5; exact physical schema and varTable24; effective source_manifest.json records final fall revisions.
2024,IC2024,IC,PEO4ISTR,00010376,nces:IC:00010376:PEO4ISTR,PEO4ISTR,same_source_variable_identity,nces:IC:00010376:PEO4ISTR,categorical string,Recreational or avocational,Recreational or avocational,Original IPEDS202425.accdb SHA256 98e9175e54ba719cf7f0bfcc8e043fac4d11babd1b73ba1701ebbdc23e5470f5; exact physical schema and varTable24; effective source_manifest.json records final fall revisions.
2024,IC2024,IC,PEO5ISTR,00010381,nces:IC:00010381:PEO5ISTR,PEO5ISTR,same_source_variable_identity,nces:IC:00010381:PEO5ISTR,categorical string,	Adult basic or high school equivalency,Adult basic or high school equivalency,Original IPEDS202425.accdb SHA256 98e9175e54ba719cf7f0bfcc8e043fac4d11babd1b73ba1701ebbdc23e5470f5; exact physical schema and varTable24; effective source_manifest.json records final fall revisions.
2024,IC2024,IC,PEO6ISTR,00010386,nces:IC:00010386:PEO6ISTR,PEO6ISTR,same_source_variable_identity,nces:IC:00010386:PEO6ISTR,categorical string,Secondary (high school),Secondary (high school),Original IPEDS202425.accdb SHA256 98e9175e54ba719cf7f0bfcc8e043fac4d11babd1b73ba1701ebbdc23e5470f5; exact physical schema and varTable24; effective source_manifest.json records final fall revisions.
2024,IC2024,IC,PEO7ISTR,00010388,nces:IC:00010388:PEO7ISTR,PEO7ISTR,same_source_variable_identity,nces:IC:00010388:PEO7ISTR,categorical string,Developmental,Developmental,Original IPEDS202425.accdb SHA256 98e9175e54ba719cf7f0bfcc8e043fac4d11babd1b73ba1701ebbdc23e5470f5; exact physical schema and varTable24; effective source_manifest.json records final fall revisions.
2024,IC2024,IC,CNTLAFFI,00010391,nces:IC:00010391:CNTLAFFI,CNTLAFFI,same_source_variable_identity,nces:IC:00010391:CNTLAFFI,categorical string,Institutional control or affiliation,Institutional control or affiliation,Original IPEDS202425.accdb SHA256 98e9175e54ba719cf7f0bfcc8e043fac4d11babd1b73ba1701ebbdc23e5470f5; exact physical schema and varTable24; effective source_manifest.json records final fall revisions.
2024,IC2024,IC,PUBPRIME,00010396,nces:IC:00010396:PUBPRIME,PUBPRIME,same_source_variable_identity,nces:IC:00010396:PUBPRIME,categorical string,Primary public control,Primary public control,Original IPEDS202425.accdb SHA256 98e9175e54ba719cf7f0bfcc8e043fac4d11babd1b73ba1701ebbdc23e5470f5; exact physical schema and varTable24; effective source_manifest.json records final fall revisions.
2024,IC2024,IC,PUBSECON,00010401,nces:IC:00010401:PUBSECON,PUBSECON,same_source_variable_identity,nces:IC:00010401:PUBSECON,categorical string,Secondary public control,Secondary public control,Original IPEDS202425.accdb SHA256 98e9175e54ba719cf7f0bfcc8e043fac4d11babd1b73ba1701ebbdc23e5470f5; exact physical schema and varTable24; effective source_manifest.json records final fall revisions.
2024,IC2024,IC,RELAFFIL,00010406,nces:IC:00010406:RELAFFIL,RELAFFIL,same_source_variable_identity,nces:IC:00010406:RELAFFIL,categorical string,Religious affiliation,Religious affiliation,Original IPEDS202425.accdb SHA256 98e9175e54ba719cf7f0bfcc8e043fac4d11babd1b73ba1701ebbdc23e5470f5; exact physical schema and varTable24; effective source_manifest.json records final fall revisions.
2024,IC2024,IC,LEVEL1,00010411,nces:IC:00010411:LEVEL1,LEVEL1,same_source_variable_identity,nces:IC:00010411:LEVEL1,categorical string,Certificate of less than 1 year,Certificate of less than 1 year,Original IPEDS202425.accdb SHA256 98e9175e54ba719cf7f0bfcc8e043fac4d11babd1b73ba1701ebbdc23e5470f5; exact physical schema and varTable24; effective source_manifest.json records final fall revisions.
2024,IC2024,IC,LEVEL1A,00010412,nces:IC:00010412:LEVEL1A,LEVEL1A,same_source_variable_identity,nces:IC:00010412:LEVEL1A,categorical string,Certificate of less than 12 weeks,Certificate of less than 12 weeks,Original IPEDS202425.accdb SHA256 98e9175e54ba719cf7f0bfcc8e043fac4d11babd1b73ba1701ebbdc23e5470f5; exact physical schema and varTable24; effective source_manifest.json records final fall revisions.
2024,IC2024,IC,LEVEL1B,00010413,nces:IC:00010413:LEVEL1B,LEVEL1B,same_source_variable_identity,nces:IC:00010413:LEVEL1B,categorical string,"Certificate of at least 12 weeks, but less than 1 year","Certificate of at least 12 weeks, but less than 1 year",Original IPEDS202425.accdb SHA256 98e9175e54ba719cf7f0bfcc8e043fac4d11babd1b73ba1701ebbdc23e5470f5; exact physical schema and varTable24; effective source_manifest.json records final fall revisions.
2024,IC2024,IC,LEVEL2,00010416,nces:IC:00010416:LEVEL2,LEVEL2,same_source_variable_identity,nces:IC:00010416:LEVEL2,categorical string,"Certifiicate of at least 1 year, but less than 2 years","Certifiicate of at least 1 year, but less than 2 years",Original IPEDS202425.accdb SHA256 98e9175e54ba719cf7f0bfcc8e043fac4d11babd1b73ba1701ebbdc23e5470f5; exact physical schema and varTable24; effective source_manifest.json records final fall revisions.
2024,IC2024,IC,LEVEL3,00010421,nces:IC:00010421:LEVEL3,LEVEL3,same_source_variable_identity,nces:IC:00010421:LEVEL3,categorical string,Associate's degree,Associate's degree,Original IPEDS202425.accdb SHA256 98e9175e54ba719cf7f0bfcc8e043fac4d11babd1b73ba1701ebbdc23e5470f5; exact physical schema and varTable24; effective source_manifest.json records final fall revisions.
2024,IC2024,IC,LEVEL4,00010426,nces:IC:00010426:LEVEL4,LEVEL4,same_source_variable_identity,nces:IC:00010426:LEVEL4,categorical string,"Certificate of at least 2 years, but less than 4 years","Certificate of at least 2 years, but less than 4 years",Original IPEDS202425.accdb SHA256 98e9175e54ba719cf7f0bfcc8e043fac4d11babd1b73ba1701ebbdc23e5470f5; exact physical schema and varTable24; effective source_manifest.json records final fall revisions.
2024,IC2024,IC,LEVEL5,00010431,nces:IC:00010431:LEVEL5,LEVEL5,same_source_variable_identity,nces:IC:00010431:LEVEL5,categorical string,Bachelor's degree,Bachelor's degree,Original IPEDS202425.accdb SHA256 98e9175e54ba719cf7f0bfcc8e043fac4d11babd1b73ba1701ebbdc23e5470f5; exact physical schema and varTable24; effective source_manifest.json records final fall revisions.
2024,IC2024,IC,LEVEL6,00010436,nces:IC:00010436:LEVEL6,LEVEL6,same_source_variable_identity,nces:IC:00010436:LEVEL6,categorical string,Postbaccalaureate certificate,Postbaccalaureate certificate,Original IPEDS202425.accdb SHA256 98e9175e54ba719cf7f0bfcc8e043fac4d11babd1b73ba1701ebbdc23e5470f5; exact physical schema and varTable24; effective source_manifest.json records final fall revisions.
2024,IC2024,IC,LEVEL7,00010441,nces:IC:00010441:LEVEL7,LEVEL7,same_source_variable_identity,nces:IC:00010441:LEVEL7,categorical string,Master's degree,Master's degree,Original IPEDS202425.accdb SHA256 98e9175e54ba719cf7f0bfcc8e043fac4d11babd1b73ba1701ebbdc23e5470f5; exact physical schema and varTable24; effective source_manifest.json records final fall revisions.
2024,IC2024,IC,LEVEL8,00010446,nces:IC:00010446:LEVEL8,LEVEL8,same_source_variable_identity,nces:IC:00010446:LEVEL8,categorical string,Post-master's certificate,Post-master's certificate,Original IPEDS202425.accdb SHA256 98e9175e54ba719cf7f0bfcc8e043fac4d11babd1b73ba1701ebbdc23e5470f5; exact physical schema and varTable24; effective source_manifest.json records final fall revisions.
2024,IC2024,IC,LEVEL12,00010466,nces:IC:00010466:LEVEL12,LEVEL12,same_source_variable_identity,nces:IC:00010466:LEVEL12,categorical string,Other degree,Other degree,Original IPEDS202425.accdb SHA256 98e9175e54ba719cf7f0bfcc8e043fac4d11babd1b73ba1701ebbdc23e5470f5; exact physical schema and varTable24; effective source_manifest.json records final fall revisions.
2024,IC2024,IC,LEVEL17,00010452,nces:IC:00010452:LEVEL17,LEVEL17,same_source_variable_identity,nces:IC:00010452:LEVEL17,categorical string,Doctor's degree - research/scholarship,Doctor's degree - research/scholarship,Original IPEDS202425.accdb SHA256 98e9175e54ba719cf7f0bfcc8e043fac4d11babd1b73ba1701ebbdc23e5470f5; exact physical schema and varTable24; effective source_manifest.json records final fall revisions.
2024,IC2024,IC,LEVEL18,00010453,nces:IC:00010453:LEVEL18,LEVEL18,same_source_variable_identity,nces:IC:00010453:LEVEL18,categorical string,Doctor's degree - professional practice ,Doctor's degree - professional practice,Original IPEDS202425.accdb SHA256 98e9175e54ba719cf7f0bfcc8e043fac4d11babd1b73ba1701ebbdc23e5470f5; exact physical schema and varTable24; effective source_manifest.json records final fall revisions.
2024,IC2024,IC,LEVEL19,00010454,nces:IC:00010454:LEVEL19,LEVEL19,same_source_variable_identity,nces:IC:00010454:LEVEL19,categorical string,Doctor's degree - other,Doctor's degree - other,Original IPEDS202425.accdb SHA256 98e9175e54ba719cf7f0bfcc8e043fac4d11babd1b73ba1701ebbdc23e5470f5; exact physical schema and varTable24; effective source_manifest.json records final fall revisions.
2024,IC2024,IC,CALSYS,00010901,nces:IC:00010901:CALSYS,CALSYS,same_source_variable_identity,nces:IC:00010901:CALSYS,categorical string,Calendar system,Calendar system,Original IPEDS202425.accdb SHA256 98e9175e54ba719cf7f0bfcc8e043fac4d11babd1b73ba1701ebbdc23e5470f5; exact physical schema and varTable24; effective source_manifest.json records final fall revisions.
2024,IC2024,IC,FT_UG,00010926,nces:IC:00010926:FT_UG,FT_UG,same_source_variable_identity,nces:IC:00010926:FT_UG,categorical string,Full-time undergraduate students are enrolled,Full-time undergraduate students are enrolled,Original IPEDS202425.accdb SHA256 98e9175e54ba719cf7f0bfcc8e043fac4d11babd1b73ba1701ebbdc23e5470f5; exact physical schema and varTable24; effective source_manifest.json records final fall revisions.
2024,IC2024,IC,FT_FTUG,00010931,nces:IC:00010931:FT_FTUG,FT_FTUG,same_source_variable_identity,nces:IC:00010931:FT_FTUG,categorical string,Full time first-time degree/certificate-seeking undergraduate students enrolled,Full time first-time degree/certificate-seeking undergraduate students enrolled,Original IPEDS202425.accdb SHA256 98e9175e54ba719cf7f0bfcc8e043fac4d11babd1b73ba1701ebbdc23e5470f5; exact physical schema and varTable24; effective source_manifest.json records final fall revisions.
2024,IC2024,IC,FTGDNIDP,00015301,nces:IC:00015301:FTGDNIDP,FTGDNIDP,same_source_variable_identity,nces:IC:00015301:FTGDNIDP,categorical string,Full-time graduate (not including doctor's professional practice) students are enrolled,Full-time graduate (not including doctor's professional practice) students are enrolled,Original IPEDS202425.accdb SHA256 98e9175e54ba719cf7f0bfcc8e043fac4d11babd1b73ba1701ebbdc23e5470f5; exact physical schema and varTable24; effective source_manifest.json records final fall revisions.
2024,IC2024,IC,PT_UG,00010946,nces:IC:00010946:PT_UG,PT_UG,same_source_variable_identity,nces:IC:00010946:PT_UG,categorical string,Part-time undergraduate students are enrolled,Part-time undergraduate students are enrolled,Original IPEDS202425.accdb SHA256 98e9175e54ba719cf7f0bfcc8e043fac4d11babd1b73ba1701ebbdc23e5470f5; exact physical schema and varTable24; effective source_manifest.json records final fall revisions.
2024,IC2024,IC,PT_FTUG,00010951,nces:IC:00010951:PT_FTUG,PT_FTUG,same_source_variable_identity,nces:IC:00010951:PT_FTUG,categorical string,Part time first-time degree/certificate-seeking undergraduate students enrolled,Part time first-time degree/certificate-seeking undergraduate students enrolled,Original IPEDS202425.accdb SHA256 98e9175e54ba719cf7f0bfcc8e043fac4d11babd1b73ba1701ebbdc23e5470f5; exact physical schema and varTable24; effective source_manifest.json records final fall revisions.
2024,IC2024,IC,PTGDNIDP,00015306,nces:IC:00015306:PTGDNIDP,PTGDNIDP,same_source_variable_identity,nces:IC:00015306:PTGDNIDP,categorical string,Part-time graduate (not including doctor's professional practice) students are enrolled,Part-time graduate (not including doctor's professional practice) students are enrolled,Original IPEDS202425.accdb SHA256 98e9175e54ba719cf7f0bfcc8e043fac4d11babd1b73ba1701ebbdc23e5470f5; exact physical schema and varTable24; effective source_manifest.json records final fall revisions.
2024,IC2024,IC,DOCPP,00015311,nces:IC:00015311:DOCPP,DOCPP,same_source_variable_identity,nces:IC:00015311:DOCPP,categorical string,Doctor's professional practice students are enrolled,Doctor's professional practice students are enrolled,Original IPEDS202425.accdb SHA256 98e9175e54ba719cf7f0bfcc8e043fac4d11babd1b73ba1701ebbdc23e5470f5; exact physical schema and varTable24; effective source_manifest.json records final fall revisions.
2024,IC2024,IC,DOCPPSP,00015316,nces:IC:00015316:DOCPPSP,DOCPPSP,same_source_variable_identity,nces:IC:00015316:DOCPPSP,categorical string,Doctor's professional practice students are enrolled in programs formerly designated as first-professional,Doctor's professional practice students are enrolled in programs formerly designated as first-professional,Original IPEDS202425.accdb SHA256 98e9175e54ba719cf7f0bfcc8e043fac4d11babd1b73ba1701ebbdc23e5470f5; exact physical schema and varTable24; effective source_manifest.json records final fall revisions.
2024,IC2024,IC,OPENADMP,00010516,nces:IC:00010516:OPENADMP,OPENADMP,same_source_variable_identity,nces:IC:00010516:OPENADMP,categorical string,Open admission policy,Open admission policy,Original IPEDS202425.accdb SHA256 98e9175e54ba719cf7f0bfcc8e043fac4d11babd1b73ba1701ebbdc23e5470f5; exact physical schema and varTable24; effective source_manifest.json records final fall revisions.
2024,IC2024,IC,NONCRDT1,00017011,nces:IC:00017011:NONCRDT1,NONCRDT1,same_source_variable_identity,nces:IC:00017011:NONCRDT1,categorical string,Workforce Education  ,Workforce Education,Original IPEDS202425.accdb SHA256 98e9175e54ba719cf7f0bfcc8e043fac4d11babd1b73ba1701ebbdc23e5470f5; exact physical schema and varTable24; effective source_manifest.json records final fall revisions.
2024,IC2024,IC,NONCRDT2,00017012,nces:IC:00017012:NONCRDT2,NONCRDT2,same_source_variable_identity,nces:IC:00017012:NONCRDT2,categorical string,Contract Training/Customized Training  ,Contract Training/Customized Training,Original IPEDS202425.accdb SHA256 98e9175e54ba719cf7f0bfcc8e043fac4d11babd1b73ba1701ebbdc23e5470f5; exact physical schema and varTable24; effective source_manifest.json records final fall revisions.
2024,IC2024,IC,NONCRDT3,00017013,nces:IC:00017013:NONCRDT3,NONCRDT3,same_source_variable_identity,nces:IC:00017013:NONCRDT3,categorical string,Developmental Education  ,Developmental Education,Original IPEDS202425.accdb SHA256 98e9175e54ba719cf7f0bfcc8e043fac4d11babd1b73ba1701ebbdc23e5470f5; exact physical schema and varTable24; effective source_manifest.json records final fall revisions.
2024,IC2024,IC,NONCRDT4,00017014,nces:IC:00017014:NONCRDT4,NONCRDT4,same_source_variable_identity,nces:IC:00017014:NONCRDT4,categorical string,Recreational/Avocational/Leisure/Personal Enrichment   ,Recreational/Avocational/Leisure/Personal Enrichment,Original IPEDS202425.accdb SHA256 98e9175e54ba719cf7f0bfcc8e043fac4d11babd1b73ba1701ebbdc23e5470f5; exact physical schema and varTable24; effective source_manifest.json records final fall revisions.
2024,IC2024,IC,NONCRDT5,00017015,nces:IC:00017015:NONCRDT5,NONCRDT5,same_source_variable_identity,nces:IC:00017015:NONCRDT5,categorical string,Adult Basic Education  ,Adult Basic Education,Original IPEDS202425.accdb SHA256 98e9175e54ba719cf7f0bfcc8e043fac4d11babd1b73ba1701ebbdc23e5470f5; exact physical schema and varTable24; effective source_manifest.json records final fall revisions.
2024,IC2024,IC,NONCRDT6,00017016,nces:IC:00017016:NONCRDT6,NONCRDT6,same_source_variable_identity,nces:IC:00017016:NONCRDT6,categorical string,Adult High School Diploma or Equivalent   ,Adult High School Diploma or Equivalent,Original IPEDS202425.accdb SHA256 98e9175e54ba719cf7f0bfcc8e043fac4d11babd1b73ba1701ebbdc23e5470f5; exact physical schema and varTable24; effective source_manifest.json records final fall revisions.
2024,IC2024,IC,NONCRDT7,00017017,nces:IC:00017017:NONCRDT7,NONCRDT7,same_source_variable_identity,nces:IC:00017017:NONCRDT7,categorical string,English as a Second Language   ,English as a Second Language,Original IPEDS202425.accdb SHA256 98e9175e54ba719cf7f0bfcc8e043fac4d11babd1b73ba1701ebbdc23e5470f5; exact physical schema and varTable24; effective source_manifest.json records final fall revisions.
2024,IC2024,IC,NONCRDT8,00017018,nces:IC:00017018:NONCRDT8,NONCRDT8,same_source_variable_identity,nces:IC:00017018:NONCRDT8,categorical string,Continuing Professional Education  ,Continuing Professional Education,Original IPEDS202425.accdb SHA256 98e9175e54ba719cf7f0bfcc8e043fac4d11babd1b73ba1701ebbdc23e5470f5; exact physical schema and varTable24; effective source_manifest.json records final fall revisions.
2024,IC2024,IC,NONCRDT9,00017019,nces:IC:00017019:NONCRDT9,NONCRDT9,same_source_variable_identity,nces:IC:00017019:NONCRDT9,categorical string,Institution does not offer noncredit education  ,Institution does not offer noncredit education,Original IPEDS202425.accdb SHA256 98e9175e54ba719cf7f0bfcc8e043fac4d11babd1b73ba1701ebbdc23e5470f5; exact physical schema and varTable24; effective source_manifest.json records final fall revisions.
2024,IC2024,IC,VET1,00016141,nces:IC:00016141:VET1,VET1,same_source_variable_identity,nces:IC:00016141:VET1,categorical string,"Yellow Ribbon Program (officially known as Post-9/11 GI Bill, Yellow Ribbon Program)     ","Yellow Ribbon Program (officially known as Post-9/11 GI Bill, Yellow Ribbon Program)",Original IPEDS202425.accdb SHA256 98e9175e54ba719cf7f0bfcc8e043fac4d11babd1b73ba1701ebbdc23e5470f5; exact physical schema and varTable24; effective source_manifest.json records final fall revisions.
2024,IC2024,IC,VET2,00016142,nces:IC:00016142:VET2,VET2,same_source_variable_identity,nces:IC:00016142:VET2,categorical string,Credit for military training,Credit for military training,Original IPEDS202425.accdb SHA256 98e9175e54ba719cf7f0bfcc8e043fac4d11babd1b73ba1701ebbdc23e5470f5; exact physical schema and varTable24; effective source_manifest.json records final fall revisions.
2024,IC2024,IC,VET3,00016143,nces:IC:00016143:VET3,VET3,same_source_variable_identity,nces:IC:00016143:VET3,categorical string,"Dedicated point of contact for support services for veterans, military servicemembers, and their families","Dedicated point of contact for support services for veterans, military servicemembers, and their families",Original IPEDS202425.accdb SHA256 98e9175e54ba719cf7f0bfcc8e043fac4d11babd1b73ba1701ebbdc23e5470f5; exact physical schema and varTable24; effective source_manifest.json records final fall revisions.
2024,IC2024,IC,VET4,00016144,nces:IC:00016144:VET4,VET4,same_source_variable_identity,nces:IC:00016144:VET4,categorical string,Recognized student veteran organization,Recognized student veteran organization,Original IPEDS202425.accdb SHA256 98e9175e54ba719cf7f0bfcc8e043fac4d11babd1b73ba1701ebbdc23e5470f5; exact physical schema and varTable24; effective source_manifest.json records final fall revisions.
2024,IC2024,IC,VET5,00016145,nces:IC:00016145:VET5,VET5,same_source_variable_identity,nces:IC:00016145:VET5,categorical string,Member of Department of Defense Voluntary Educational Partnership Memorandum of Understanding,Member of Department of Defense Voluntary Educational Partnership Memorandum of Understanding,Original IPEDS202425.accdb SHA256 98e9175e54ba719cf7f0bfcc8e043fac4d11babd1b73ba1701ebbdc23e5470f5; exact physical schema and varTable24; effective source_manifest.json records final fall revisions.
2024,IC2024,IC,VET9,00016149,nces:IC:00016149:VET9,VET9,same_source_variable_identity,nces:IC:00016149:VET9,categorical string,"Services  and programs are not available to veterans, military servicemembers, or their families?","Services  and programs are not available to veterans, military servicemembers, or their families?",Original IPEDS202425.accdb SHA256 98e9175e54ba719cf7f0bfcc8e043fac4d11babd1b73ba1701ebbdc23e5470f5; exact physical schema and varTable24; effective source_manifest.json records final fall revisions.
2024,IC2024,IC,CREDITS2,00010686,nces:IC:00010686:CREDITS2,CREDITS2,same_source_variable_identity,nces:IC:00010686:CREDITS2,categorical string,Credit for life experiences,Credit for life experiences,Original IPEDS202425.accdb SHA256 98e9175e54ba719cf7f0bfcc8e043fac4d11babd1b73ba1701ebbdc23e5470f5; exact physical schema and varTable24; effective source_manifest.json records final fall revisions.
2024,IC2024,IC,CREDITS3,00010691,nces:IC:00010691:CREDITS3,CREDITS3,same_source_variable_identity,nces:IC:00010691:CREDITS3,categorical string,Advanced placement (AP) credits,Advanced placement (AP) credits,Original IPEDS202425.accdb SHA256 98e9175e54ba719cf7f0bfcc8e043fac4d11babd1b73ba1701ebbdc23e5470f5; exact physical schema and varTable24; effective source_manifest.json records final fall revisions.
2024,IC2024,IC,CREDITS4,00010696,nces:IC:00010696:CREDITS4,CREDITS4,same_source_variable_identity,nces:IC:00010696:CREDITS4,categorical string,"Institution does not accept dual, credit for life, or AP credits","Institution does not accept dual, credit for life, or AP credits",Original IPEDS202425.accdb SHA256 98e9175e54ba719cf7f0bfcc8e043fac4d11babd1b73ba1701ebbdc23e5470f5; exact physical schema and varTable24; effective source_manifest.json records final fall revisions.
2024,IC2024,IC,SLO5,00010721,nces:IC:00010721:SLO5,SLO5,same_source_variable_identity,nces:IC:00010721:SLO5,categorical string,ROTC,ROTC,Original IPEDS202425.accdb SHA256 98e9175e54ba719cf7f0bfcc8e043fac4d11babd1b73ba1701ebbdc23e5470f5; exact physical schema and varTable24; effective source_manifest.json records final fall revisions.
2024,IC2024,IC,SLO51,00010726,nces:IC:00010726:SLO51,SLO51,same_source_variable_identity,nces:IC:00010726:SLO51,categorical string,ROTC - Army,ROTC - Army,Original IPEDS202425.accdb SHA256 98e9175e54ba719cf7f0bfcc8e043fac4d11babd1b73ba1701ebbdc23e5470f5; exact physical schema and varTable24; effective source_manifest.json records final fall revisions.
2024,IC2024,IC,SLO52,00010731,nces:IC:00010731:SLO52,SLO52,same_source_variable_identity,nces:IC:00010731:SLO52,categorical string,ROTC - Navy,ROTC - Navy,Original IPEDS202425.accdb SHA256 98e9175e54ba719cf7f0bfcc8e043fac4d11babd1b73ba1701ebbdc23e5470f5; exact physical schema and varTable24; effective source_manifest.json records final fall revisions.
2024,IC2024,IC,SLO521,00010733,nces:IC:00010733:SLO521,SLO521,same_source_variable_identity,nces:IC:00010733:SLO521,categorical string,ROTC - Navy Marine Corps option  ,ROTC - Navy Marine Corps option,Original IPEDS202425.accdb SHA256 98e9175e54ba719cf7f0bfcc8e043fac4d11babd1b73ba1701ebbdc23e5470f5; exact physical schema and varTable24; effective source_manifest.json records final fall revisions.
2024,IC2024,IC,SLO53,00010736,nces:IC:00010736:SLO53,SLO53,same_source_variable_identity,nces:IC:00010736:SLO53,categorical string,ROTC - Air Force,ROTC - Air Force,Original IPEDS202425.accdb SHA256 98e9175e54ba719cf7f0bfcc8e043fac4d11babd1b73ba1701ebbdc23e5470f5; exact physical schema and varTable24; effective source_manifest.json records final fall revisions.
2024,IC2024,IC,SLO6,00010741,nces:IC:00010741:SLO6,SLO6,same_source_variable_identity,nces:IC:00010741:SLO6,categorical string,Study abroad,Study abroad,Original IPEDS202425.accdb SHA256 98e9175e54ba719cf7f0bfcc8e043fac4d11babd1b73ba1701ebbdc23e5470f5; exact physical schema and varTable24; effective source_manifest.json records final fall revisions.
2024,IC2024,IC,SLO7,00010746,nces:IC:00010746:SLO7,SLO7,same_source_variable_identity,nces:IC:00010746:SLO7,categorical string,Weekend/evening  college,Weekend/evening  college,Original IPEDS202425.accdb SHA256 98e9175e54ba719cf7f0bfcc8e043fac4d11babd1b73ba1701ebbdc23e5470f5; exact physical schema and varTable24; effective source_manifest.json records final fall revisions.
2024,IC2024,IC,SLOA,00010749,nces:IC:00010749:SLOA,SLOA,same_source_variable_identity,nces:IC:00010749:SLOA,categorical string,Undergraduate research (co-curricula)  ,Undergraduate research (co-curricula),Original IPEDS202425.accdb SHA256 98e9175e54ba719cf7f0bfcc8e043fac4d11babd1b73ba1701ebbdc23e5470f5; exact physical schema and varTable24; effective source_manifest.json records final fall revisions.
2024,IC2024,IC,SLO8,00010751,nces:IC:00010751:SLO8,SLO8,same_source_variable_identity,nces:IC:00010751:SLO8,categorical string,Teacher certification (below the postsecondary level),Teacher certification (below the postsecondary level),Original IPEDS202425.accdb SHA256 98e9175e54ba719cf7f0bfcc8e043fac4d11babd1b73ba1701ebbdc23e5470f5; exact physical schema and varTable24; effective source_manifest.json records final fall revisions.
2024,IC2024,IC,SLO81,00010756,nces:IC:00010756:SLO81,SLO81,same_source_variable_identity,nces:IC:00010756:SLO81,categorical string,Teacher certification: Students can complete their preparation in certain areas of specialization,Teacher certification: Students can complete their preparation in certain areas of specialization,Original IPEDS202425.accdb SHA256 98e9175e54ba719cf7f0bfcc8e043fac4d11babd1b73ba1701ebbdc23e5470f5; exact physical schema and varTable24; effective source_manifest.json records final fall revisions.
2024,IC2024,IC,SLO82,00010761,nces:IC:00010761:SLO82,SLO82,same_source_variable_identity,nces:IC:00010761:SLO82,categorical string,Teacher certification: Students must complete their preparation at another institution for certain areas of specialization,Teacher certification: Students must complete their preparation at another institution for certain areas of specialization,Original IPEDS202425.accdb SHA256 98e9175e54ba719cf7f0bfcc8e043fac4d11babd1b73ba1701ebbdc23e5470f5; exact physical schema and varTable24; effective source_manifest.json records final fall revisions.
2024,IC2024,IC,SLO83,00010766,nces:IC:00010766:SLO83,SLO83,same_source_variable_identity,nces:IC:00010766:SLO83,categorical string,Teacher certification: Approved by the state for initial certifcation or licensure of teachers.,Teacher certification: Approved by the state for initial certifcation or licensure of teachers.,Original IPEDS202425.accdb SHA256 98e9175e54ba719cf7f0bfcc8e043fac4d11babd1b73ba1701ebbdc23e5470f5; exact physical schema and varTable24; effective source_manifest.json records final fall revisions.
2024,IC2024,IC,SLOB,00010769,nces:IC:00010769:SLOB,SLOB,same_source_variable_identity,nces:IC:00010769:SLOB,categorical string,Comprehensive transition and postsecondary program for students with intellectual disabilities  ,Comprehensive transition and postsecondary program for students with intellectual disabilities,Original IPEDS202425.accdb SHA256 98e9175e54ba719cf7f0bfcc8e043fac4d11babd1b73ba1701ebbdc23e5470f5; exact physical schema and varTable24; effective source_manifest.json records final fall revisions.
2024,IC2024,IC,SLO9,00010771,nces:IC:00010771:SLO9,SLO9,same_source_variable_identity,nces:IC:00010771:SLO9,categorical string,None of the above special learning opportunities are offered,None of the above special learning opportunities are offered,Original IPEDS202425.accdb SHA256 98e9175e54ba719cf7f0bfcc8e043fac4d11babd1b73ba1701ebbdc23e5470f5; exact physical schema and varTable24; effective source_manifest.json records final fall revisions.
2024,IC2024,IC,YRSCOLL,00010776,nces:IC:00010776:YRSCOLL,YRSCOLL,same_source_variable_identity,nces:IC:00010776:YRSCOLL,categorical string,Years of college-level work required,Years of college-level work required,Original IPEDS202425.accdb SHA256 98e9175e54ba719cf7f0bfcc8e043fac4d11babd1b73ba1701ebbdc23e5470f5; exact physical schema and varTable24; effective source_manifest.json records final fall revisions.
2024,IC2024,IC,STUSRV2,00010786,nces:IC:00010786:STUSRV2,STUSRV2,same_source_variable_identity,nces:IC:00010786:STUSRV2,categorical string,Academic/career counseling service,Academic/career counseling service,Original IPEDS202425.accdb SHA256 98e9175e54ba719cf7f0bfcc8e043fac4d11babd1b73ba1701ebbdc23e5470f5; exact physical schema and varTable24; effective source_manifest.json records final fall revisions.
2024,IC2024,IC,STUSRV3,00010791,nces:IC:00010791:STUSRV3,STUSRV3,same_source_variable_identity,nces:IC:00010791:STUSRV3,categorical string,Employment services for students,Employment services for students,Original IPEDS202425.accdb SHA256 98e9175e54ba719cf7f0bfcc8e043fac4d11babd1b73ba1701ebbdc23e5470f5; exact physical schema and varTable24; effective source_manifest.json records final fall revisions.
2024,IC2024,IC,STUSRV4,00010796,nces:IC:00010796:STUSRV4,STUSRV4,same_source_variable_identity,nces:IC:00010796:STUSRV4,categorical string,Placement services for completers,Placement services for completers,Original IPEDS202425.accdb SHA256 98e9175e54ba719cf7f0bfcc8e043fac4d11babd1b73ba1701ebbdc23e5470f5; exact physical schema and varTable24; effective source_manifest.json records final fall revisions.
2024,IC2024,IC,STUSRV8,00010801,nces:IC:00010801:STUSRV8,STUSRV8,same_source_variable_identity,nces:IC:00010801:STUSRV8,categorical string,On-campus day care for students' children,On-campus day care for students' children,Original IPEDS202425.accdb SHA256 98e9175e54ba719cf7f0bfcc8e043fac4d11babd1b73ba1701ebbdc23e5470f5; exact physical schema and varTable24; effective source_manifest.json records final fall revisions.
2024,IC2024,IC,STUSRV9,00010806,nces:IC:00010806:STUSRV9,STUSRV9,same_source_variable_identity,nces:IC:00010806:STUSRV9,categorical string,None of the above selected services are offered,None of the above selected services are offered,Original IPEDS202425.accdb SHA256 98e9175e54ba719cf7f0bfcc8e043fac4d11babd1b73ba1701ebbdc23e5470f5; exact physical schema and varTable24; effective source_manifest.json records final fall revisions.
2024,IC2024,IC,LIBRES1,00016151,nces:IC:00016151:LIBRES1,LIBRES1,same_source_variable_identity,nces:IC:00016151:LIBRES1,categorical string,Library resources/services: Physical facilities,Library resources/services: Physical facilities,Original IPEDS202425.accdb SHA256 98e9175e54ba719cf7f0bfcc8e043fac4d11babd1b73ba1701ebbdc23e5470f5; exact physical schema and varTable24; effective source_manifest.json records final fall revisions.
2024,IC2024,IC,LIBRES2,00016153,nces:IC:00016153:LIBRES2,LIBRES2,same_source_variable_identity,nces:IC:00016153:LIBRES2,categorical string,Library resources/services: Organized collection of printed materials,Library resources/services: Organized collection of printed materials,Original IPEDS202425.accdb SHA256 98e9175e54ba719cf7f0bfcc8e043fac4d11babd1b73ba1701ebbdc23e5470f5; exact physical schema and varTable24; effective source_manifest.json records final fall revisions.
2024,IC2024,IC,LIBRES3,00016155,nces:IC:00016155:LIBRES3,LIBRES3,same_source_variable_identity,nces:IC:00016155:LIBRES3,categorical string,Library resources/services: Access to digital/electronic resources,Library resources/services: Access to digital/electronic resources,Original IPEDS202425.accdb SHA256 98e9175e54ba719cf7f0bfcc8e043fac4d11babd1b73ba1701ebbdc23e5470f5; exact physical schema and varTable24; effective source_manifest.json records final fall revisions.
2024,IC2024,IC,LIBRES4,00016157,nces:IC:00016157:LIBRES4,LIBRES4,same_source_variable_identity,nces:IC:00016157:LIBRES4,categorical string,Library resources/services: Staff trained to provide and interpret library materials,Library resources/services: Staff trained to provide and interpret library materials,Original IPEDS202425.accdb SHA256 98e9175e54ba719cf7f0bfcc8e043fac4d11babd1b73ba1701ebbdc23e5470f5; exact physical schema and varTable24; effective source_manifest.json records final fall revisions.
2024,IC2024,IC,LIBRES5,00016159,nces:IC:00016159:LIBRES5,LIBRES5,same_source_variable_identity,nces:IC:00016159:LIBRES5,categorical string,Library resources/services: Established library hours,Library resources/services: Established library hours,Original IPEDS202425.accdb SHA256 98e9175e54ba719cf7f0bfcc8e043fac4d11babd1b73ba1701ebbdc23e5470f5; exact physical schema and varTable24; effective source_manifest.json records final fall revisions.
2024,IC2024,IC,LIBRES6,00016161,nces:IC:00016161:LIBRES6,LIBRES6,same_source_variable_identity,nces:IC:00016161:LIBRES6,categorical string,Library resources/services: Access to library collections that are shared with other institutions,Library resources/services: Access to library collections that are shared with other institutions,Original IPEDS202425.accdb SHA256 98e9175e54ba719cf7f0bfcc8e043fac4d11babd1b73ba1701ebbdc23e5470f5; exact physical schema and varTable24; effective source_manifest.json records final fall revisions.
2024,IC2024,IC,LIBRES9,00016163,nces:IC:00016163:LIBRES9,LIBRES9,same_source_variable_identity,nces:IC:00016163:LIBRES9,categorical string,Library resources/services not provided,Library resources/services not provided,Original IPEDS202425.accdb SHA256 98e9175e54ba719cf7f0bfcc8e043fac4d11babd1b73ba1701ebbdc23e5470f5; exact physical schema and varTable24; effective source_manifest.json records final fall revisions.
2024,IC2024,IC,DSTNUGC,00015421,nces:IC:00015421:DSTNUGC,DSTNUGC,same_source_variable_identity,nces:IC:00015421:DSTNUGC,categorical string,Undergraduate level distance education courses offered,Undergraduate level distance education courses offered,Original IPEDS202425.accdb SHA256 98e9175e54ba719cf7f0bfcc8e043fac4d11babd1b73ba1701ebbdc23e5470f5; exact physical schema and varTable24; effective source_manifest.json records final fall revisions.
2024,IC2024,IC,DSTNUGP,00015426,nces:IC:00015426:DSTNUGP,DSTNUGP,same_source_variable_identity,nces:IC:00015426:DSTNUGP,categorical string,Undergraduate level distance education programs offered,Undergraduate level distance education programs offered,Original IPEDS202425.accdb SHA256 98e9175e54ba719cf7f0bfcc8e043fac4d11babd1b73ba1701ebbdc23e5470f5; exact physical schema and varTable24; effective source_manifest.json records final fall revisions.
2024,IC2024,IC,DSTNUGN,00015431,nces:IC:00015431:DSTNUGN,DSTNUGN,same_source_variable_identity,nces:IC:00015431:DSTNUGN,categorical string,Undergraduate level distance education not offered,Undergraduate level distance education not offered,Original IPEDS202425.accdb SHA256 98e9175e54ba719cf7f0bfcc8e043fac4d11babd1b73ba1701ebbdc23e5470f5; exact physical schema and varTable24; effective source_manifest.json records final fall revisions.
2024,IC2024,IC,DSTNGC,00015436,nces:IC:00015436:DSTNGC,DSTNGC,same_source_variable_identity,nces:IC:00015436:DSTNGC,categorical string,Graduate level distance education courses offered,Graduate level distance education courses offered,Original IPEDS202425.accdb SHA256 98e9175e54ba719cf7f0bfcc8e043fac4d11babd1b73ba1701ebbdc23e5470f5; exact physical schema and varTable24; effective source_manifest.json records final fall revisions.
2024,IC2024,IC,DSTNGP,00015441,nces:IC:00015441:DSTNGP,DSTNGP,same_source_variable_identity,nces:IC:00015441:DSTNGP,categorical string,Graduate level distance education programs offered,Graduate level distance education programs offered,Original IPEDS202425.accdb SHA256 98e9175e54ba719cf7f0bfcc8e043fac4d11babd1b73ba1701ebbdc23e5470f5; exact physical schema and varTable24; effective source_manifest.json records final fall revisions.
2024,IC2024,IC,DSTNGN,00015446,nces:IC:00015446:DSTNGN,DSTNGN,same_source_variable_identity,nces:IC:00015446:DSTNGN,categorical string,Graduate level distance education not offered,Graduate level distance education not offered,Original IPEDS202425.accdb SHA256 98e9175e54ba719cf7f0bfcc8e043fac4d11babd1b73ba1701ebbdc23e5470f5; exact physical schema and varTable24; effective source_manifest.json records final fall revisions.
2024,IC2024,IC,DISTCRS,00015400,nces:IC:00015400:DISTCRS,DISTCRS,same_source_variable_identity,nces:IC:00015400:DISTCRS,categorical string,Distance education courses offered,Distance education courses offered,Original IPEDS202425.accdb SHA256 98e9175e54ba719cf7f0bfcc8e043fac4d11babd1b73ba1701ebbdc23e5470f5; exact physical schema and varTable24; effective source_manifest.json records final fall revisions.
2024,IC2024,IC,DISTPGS,00015451,nces:IC:00015451:DISTPGS,DISTPGS,same_source_variable_identity,nces:IC:00015451:DISTPGS,categorical string,Distance education programs offered,Distance education programs offered,Original IPEDS202425.accdb SHA256 98e9175e54ba719cf7f0bfcc8e043fac4d11babd1b73ba1701ebbdc23e5470f5; exact physical schema and varTable24; effective source_manifest.json records final fall revisions.
2024,IC2024,IC,DSTNCED1,00015406,nces:IC:00015406:DSTNCED1,DSTNCED1,same_source_variable_identity,nces:IC:00015406:DSTNCED1,categorical string,Undergraduate level programs or courses are offered via distance education,Undergraduate level programs or courses are offered via distance education,Original IPEDS202425.accdb SHA256 98e9175e54ba719cf7f0bfcc8e043fac4d11babd1b73ba1701ebbdc23e5470f5; exact physical schema and varTable24; effective source_manifest.json records final fall revisions.
2024,IC2024,IC,DSTNCED2,00015411,nces:IC:00015411:DSTNCED2,DSTNCED2,same_source_variable_identity,nces:IC:00015411:DSTNCED2,categorical string,Graduate level programs or courses are offered via distance education,Graduate level programs or courses are offered via distance education,Original IPEDS202425.accdb SHA256 98e9175e54ba719cf7f0bfcc8e043fac4d11babd1b73ba1701ebbdc23e5470f5; exact physical schema and varTable24; effective source_manifest.json records final fall revisions.
2024,IC2024,IC,DSTNCED3,00015416,nces:IC:00015416:DSTNCED3,DSTNCED3,same_source_variable_identity,nces:IC:00015416:DSTNCED3,categorical string,Does not offer distance education opportunities,Does not offer distance education opportunities,Original IPEDS202425.accdb SHA256 98e9175e54ba719cf7f0bfcc8e043fac4d11babd1b73ba1701ebbdc23e5470f5; exact physical schema and varTable24; effective source_manifest.json records final fall revisions.
2024,IC2024,IC,DISTNCED,00015401,nces:IC:00015401:DISTNCED,DISTNCED,same_source_variable_identity,nces:IC:00015401:DISTNCED,categorical string,All programs offered completely via distance education,All programs offered completely via distance education,Original IPEDS202425.accdb SHA256 98e9175e54ba719cf7f0bfcc8e043fac4d11babd1b73ba1701ebbdc23e5470f5; exact physical schema and varTable24; effective source_manifest.json records final fall revisions.
2024,IC2024,IC,DISAB,00024566,nces:IC:00024566:DISAB,DISAB,same_source_variable_identity,nces:IC:00024566:DISAB,categorical string,Percent indicator of undergraduates formally registered as students with disabilities,Percent indicator of undergraduates formally registered as students with disabilities,Original IPEDS202425.accdb SHA256 98e9175e54ba719cf7f0bfcc8e043fac4d11babd1b73ba1701ebbdc23e5470f5; exact physical schema and varTable24; effective source_manifest.json records final fall revisions.
2024,IC2024,IC,DISABPCT,00024571,nces:IC:00024571:DISABPCT,DISABPCT,same_source_variable_identity,nces:IC:00024571:DISABPCT,float,"Percent of undergraduates, who are formally registered as students with disabilities, when percentage is more than 3 percent","Percent of undergraduates, who are formally registered as students with disabilities, when percentage is more than 3 percent",Original IPEDS202425.accdb SHA256 98e9175e54ba719cf7f0bfcc8e043fac4d11babd1b73ba1701ebbdc23e5470f5; exact physical schema and varTable24; effective source_manifest.json records final fall revisions.
2024,IC2024,IC,ATHASSOC,00010816,nces:IC:00010816:ATHASSOC,ATHASSOC,same_source_variable_identity,nces:IC:00010816:ATHASSOC,categorical string,Member of National Athletic Association,Member of National Athletic Association,Original IPEDS202425.accdb SHA256 98e9175e54ba719cf7f0bfcc8e043fac4d11babd1b73ba1701ebbdc23e5470f5; exact physical schema and varTable24; effective source_manifest.json records final fall revisions.
2024,IC2024,IC,ASSOC1,00010821,nces:IC:00010821:ASSOC1,ASSOC1,same_source_variable_identity,nces:IC:00010821:ASSOC1,categorical string,Member of National Collegiate Athletic Association (NCAA),Member of National Collegiate Athletic Association (NCAA),Original IPEDS202425.accdb SHA256 98e9175e54ba719cf7f0bfcc8e043fac4d11babd1b73ba1701ebbdc23e5470f5; exact physical schema and varTable24; effective source_manifest.json records final fall revisions.
2024,IC2024,IC,ASSOC2,00010826,nces:IC:00010826:ASSOC2,ASSOC2,same_source_variable_identity,nces:IC:00010826:ASSOC2,categorical string,Member of National Association of Intercollegiate Athletics (NAIA),Member of National Association of Intercollegiate Athletics (NAIA),Original IPEDS202425.accdb SHA256 98e9175e54ba719cf7f0bfcc8e043fac4d11babd1b73ba1701ebbdc23e5470f5; exact physical schema and varTable24; effective source_manifest.json records final fall revisions.
2024,IC2024,IC,ASSOC3,00010831,nces:IC:00010831:ASSOC3,ASSOC3,same_source_variable_identity,nces:IC:00010831:ASSOC3,categorical string,Member of National Junior College Athletic  Association (NJCAA),Member of National Junior College Athletic  Association (NJCAA),Original IPEDS202425.accdb SHA256 98e9175e54ba719cf7f0bfcc8e043fac4d11babd1b73ba1701ebbdc23e5470f5; exact physical schema and varTable24; effective source_manifest.json records final fall revisions.
2024,IC2024,IC,ASSOC4,00010836,nces:IC:00010836:ASSOC4,ASSOC4,same_source_variable_identity,nces:IC:00010836:ASSOC4,categorical string,Member of National Small College Athletic Association (NSCAA),Member of National Small College Athletic Association (NSCAA),Original IPEDS202425.accdb SHA256 98e9175e54ba719cf7f0bfcc8e043fac4d11babd1b73ba1701ebbdc23e5470f5; exact physical schema and varTable24; effective source_manifest.json records final fall revisions.
2024,IC2024,IC,ASSOC5,00010841,nces:IC:00010841:ASSOC5,ASSOC5,same_source_variable_identity,nces:IC:00010841:ASSOC5,categorical string,Member of National Christian College Athletic Association (NCCAA),Member of National Christian College Athletic Association (NCCAA),Original IPEDS202425.accdb SHA256 98e9175e54ba719cf7f0bfcc8e043fac4d11babd1b73ba1701ebbdc23e5470f5; exact physical schema and varTable24; effective source_manifest.json records final fall revisions.
2024,IC2024,IC,ASSOC6,00010846,nces:IC:00010846:ASSOC6,ASSOC6,same_source_variable_identity,nces:IC:00010846:ASSOC6,categorical string,Member of other national athletic association not listed above,Member of other national athletic association not listed above,Original IPEDS202425.accdb SHA256 98e9175e54ba719cf7f0bfcc8e043fac4d11babd1b73ba1701ebbdc23e5470f5; exact physical schema and varTable24; effective source_manifest.json records final fall revisions.
2024,IC2024,IC,SPORT1,00010851,nces:IC:00010851:SPORT1,SPORT1__IC__00010851__7D55EB351C4C,same_source_variable_identity,nces:IC:00010851:SPORT1,categorical string,NCAA/NAIA member for football,NCAA/NAIA member for football,Original IPEDS202425.accdb SHA256 98e9175e54ba719cf7f0bfcc8e043fac4d11babd1b73ba1701ebbdc23e5470f5; exact physical schema and varTable24; effective source_manifest.json records final fall revisions.
2024,IC2024,IC,CONFNO1,00010856,nces:IC:00010856:CONFNO1,CONFNO1,same_source_variable_identity,nces:IC:00010856:CONFNO1,categorical string,NCAA/NAIA conference number football,NCAA/NAIA conference number football,Original IPEDS202425.accdb SHA256 98e9175e54ba719cf7f0bfcc8e043fac4d11babd1b73ba1701ebbdc23e5470f5; exact physical schema and varTable24; effective source_manifest.json records final fall revisions.
2024,IC2024,IC,SPORT2,00010861,nces:IC:00010861:SPORT2,SPORT2__IC__00010861__97A96A9B544F,same_source_variable_identity,nces:IC:00010861:SPORT2,categorical string,NCAA/NAIA member for basketball,NCAA/NAIA member for basketball,Original IPEDS202425.accdb SHA256 98e9175e54ba719cf7f0bfcc8e043fac4d11babd1b73ba1701ebbdc23e5470f5; exact physical schema and varTable24; effective source_manifest.json records final fall revisions.
2024,IC2024,IC,CONFNO2,00010866,nces:IC:00010866:CONFNO2,CONFNO2,same_source_variable_identity,nces:IC:00010866:CONFNO2,categorical string,NCAA/NAIA conference number basketball,NCAA/NAIA conference number basketball,Original IPEDS202425.accdb SHA256 98e9175e54ba719cf7f0bfcc8e043fac4d11babd1b73ba1701ebbdc23e5470f5; exact physical schema and varTable24; effective source_manifest.json records final fall revisions.
2024,IC2024,IC,SPORT3,00010871,nces:IC:00010871:SPORT3,SPORT3__IC__00010871__2875849DDEB0,same_source_variable_identity,nces:IC:00010871:SPORT3,categorical string,NCAA/NAIA member for baseball,NCAA/NAIA member for baseball,Original IPEDS202425.accdb SHA256 98e9175e54ba719cf7f0bfcc8e043fac4d11babd1b73ba1701ebbdc23e5470f5; exact physical schema and varTable24; effective source_manifest.json records final fall revisions.
2024,IC2024,IC,CONFNO3,00010876,nces:IC:00010876:CONFNO3,CONFNO3,same_source_variable_identity,nces:IC:00010876:CONFNO3,categorical string,NCAA/NAIA conference number baseball,NCAA/NAIA conference number baseball,Original IPEDS202425.accdb SHA256 98e9175e54ba719cf7f0bfcc8e043fac4d11babd1b73ba1701ebbdc23e5470f5; exact physical schema and varTable24; effective source_manifest.json records final fall revisions.
2024,IC2024,IC,SPORT4,00010881,nces:IC:00010881:SPORT4,SPORT4__IC__00010881__0C986EED4E7E,same_source_variable_identity,nces:IC:00010881:SPORT4,categorical string,NCAA/NAIA member for cross country/track,NCAA/NAIA member for cross country/track,Original IPEDS202425.accdb SHA256 98e9175e54ba719cf7f0bfcc8e043fac4d11babd1b73ba1701ebbdc23e5470f5; exact physical schema and varTable24; effective source_manifest.json records final fall revisions.
2024,IC2024,IC,CONFNO4,00010886,nces:IC:00010886:CONFNO4,CONFNO4,same_source_variable_identity,nces:IC:00010886:CONFNO4,categorical string,NCAA/NAIA conference number cross country/track,NCAA/NAIA conference number cross country/track,Original IPEDS202425.accdb SHA256 98e9175e54ba719cf7f0bfcc8e043fac4d11babd1b73ba1701ebbdc23e5470f5; exact physical schema and varTable24; effective source_manifest.json records final fall revisions.
2024,IC2024MISSION,ICMISSION,MISSIONURL,00011136,nces:ICMISSION:00011136:MISSIONURL,MISSIONURL,same_source_variable_identity,nces:ICMISSION:00011136:MISSIONURL,free text,Mission statement URL (if mission statement not provided),Mission statement URL (if mission statement not provided),Original IPEDS202425.accdb SHA256 98e9175e54ba719cf7f0bfcc8e043fac4d11babd1b73ba1701ebbdc23e5470f5; exact physical schema and varTable24; effective source_manifest.json records final fall revisions.
2024,IC2024MISSION,ICMISSION,MISSION,00011141,nces:ICMISSION:00011141:MISSION,MISSION,same_source_variable_identity,nces:ICMISSION:00011141:MISSION,free text,Mission statement,Mission statement,Original IPEDS202425.accdb SHA256 98e9175e54ba719cf7f0bfcc8e043fac4d11babd1b73ba1701ebbdc23e5470f5; exact physical schema and varTable24; effective source_manifest.json records final fall revisions.
2024,SAL2024_NIS,SAL_NIS,SANIN01,00040606,nces:SAL_NIS:00040606:SANIN01,SANIN01,same_source_variable_identity,nces:SAL_NIS:00040606:SANIN01,float,Full-time non-instructional staff - number,Full-time non-instructional staff - number,Original IPEDS202425.accdb SHA256 98e9175e54ba719cf7f0bfcc8e043fac4d11babd1b73ba1701ebbdc23e5470f5; exact physical schema and varTable24; effective source_manifest.json records final fall revisions.
2024,SAL2024_NIS,SAL_NIS,SANIT01,00040611,nces:SAL_NIS:00040611:SANIT01,SANIT01,same_source_variable_identity,nces:SAL_NIS:00040611:SANIT01,float,Full-time non-instructional staff - outlays,Full-time non-instructional staff - outlays,Original IPEDS202425.accdb SHA256 98e9175e54ba719cf7f0bfcc8e043fac4d11babd1b73ba1701ebbdc23e5470f5; exact physical schema and varTable24; effective source_manifest.json records final fall revisions.
2024,SAL2024_NIS,SAL_NIS,SANIN02,00040616,nces:SAL_NIS:00040616:SANIN02,SANIN02,same_source_variable_identity,nces:SAL_NIS:00040616:SANIN02,float,Research - number,Research - number,Original IPEDS202425.accdb SHA256 98e9175e54ba719cf7f0bfcc8e043fac4d11babd1b73ba1701ebbdc23e5470f5; exact physical schema and varTable24; effective source_manifest.json records final fall revisions.
2024,SAL2024_NIS,SAL_NIS,SANIT02,00040621,nces:SAL_NIS:00040621:SANIT02,SANIT02,same_source_variable_identity,nces:SAL_NIS:00040621:SANIT02,float,Research - outlays,Research - outlays,Original IPEDS202425.accdb SHA256 98e9175e54ba719cf7f0bfcc8e043fac4d11babd1b73ba1701ebbdc23e5470f5; exact physical schema and varTable24; effective source_manifest.json records final fall revisions.
2024,SAL2024_NIS,SAL_NIS,SANIN03,00040626,nces:SAL_NIS:00040626:SANIN03,SANIN03,same_source_variable_identity,nces:SAL_NIS:00040626:SANIN03,float,Public service - number,Public service - number,Original IPEDS202425.accdb SHA256 98e9175e54ba719cf7f0bfcc8e043fac4d11babd1b73ba1701ebbdc23e5470f5; exact physical schema and varTable24; effective source_manifest.json records final fall revisions.
2024,SAL2024_NIS,SAL_NIS,SANIT03,00040631,nces:SAL_NIS:00040631:SANIT03,SANIT03,same_source_variable_identity,nces:SAL_NIS:00040631:SANIT03,float,Public service - Outlays,Public service - Outlays,Original IPEDS202425.accdb SHA256 98e9175e54ba719cf7f0bfcc8e043fac4d11babd1b73ba1701ebbdc23e5470f5; exact physical schema and varTable24; effective source_manifest.json records final fall revisions.
2024,SAL2024_NIS,SAL_NIS,SANIN04,00040636,nces:SAL_NIS:00040636:SANIN04,SANIN04,same_source_variable_identity,nces:SAL_NIS:00040636:SANIN04,float,"Librarians, Curators, Archivists, and Academic Affairs and Other Education Services  - number","Librarians, Curators, Archivists, and Academic Affairs and Other Education Services  - number",Original IPEDS202425.accdb SHA256 98e9175e54ba719cf7f0bfcc8e043fac4d11babd1b73ba1701ebbdc23e5470f5; exact physical schema and varTable24; effective source_manifest.json records final fall revisions.
2024,SAL2024_NIS,SAL_NIS,SANIT04,00040641,nces:SAL_NIS:00040641:SANIT04,SANIT04,same_source_variable_identity,nces:SAL_NIS:00040641:SANIT04,float,"Librarians, Curators, Archivists and Academic Affairs and Other Education Services - outlays","Librarians, Curators, Archivists and Academic Affairs and Other Education Services - outlays",Original IPEDS202425.accdb SHA256 98e9175e54ba719cf7f0bfcc8e043fac4d11babd1b73ba1701ebbdc23e5470f5; exact physical schema and varTable24; effective source_manifest.json records final fall revisions.
2024,SAL2024_NIS,SAL_NIS,SANIN05,00040646,nces:SAL_NIS:00040646:SANIN05,SANIN05,same_source_variable_identity,nces:SAL_NIS:00040646:SANIN05,float,Management - number,Management - number,Original IPEDS202425.accdb SHA256 98e9175e54ba719cf7f0bfcc8e043fac4d11babd1b73ba1701ebbdc23e5470f5; exact physical schema and varTable24; effective source_manifest.json records final fall revisions.
2024,SAL2024_NIS,SAL_NIS,SANIT05,00040651,nces:SAL_NIS:00040651:SANIT05,SANIT05,same_source_variable_identity,nces:SAL_NIS:00040651:SANIT05,float,Management - outlays,Management - outlays,Original IPEDS202425.accdb SHA256 98e9175e54ba719cf7f0bfcc8e043fac4d11babd1b73ba1701ebbdc23e5470f5; exact physical schema and varTable24; effective source_manifest.json records final fall revisions.
2024,SAL2024_NIS,SAL_NIS,SANIN06,00040656,nces:SAL_NIS:00040656:SANIN06,SANIN06,same_source_variable_identity,nces:SAL_NIS:00040656:SANIN06,float,Business and Financial Operations - number,Business and Financial Operations - number,Original IPEDS202425.accdb SHA256 98e9175e54ba719cf7f0bfcc8e043fac4d11babd1b73ba1701ebbdc23e5470f5; exact physical schema and varTable24; effective source_manifest.json records final fall revisions.
2024,SAL2024_NIS,SAL_NIS,SANIT06,00040661,nces:SAL_NIS:00040661:SANIT06,SANIT06,same_source_variable_identity,nces:SAL_NIS:00040661:SANIT06,float,Business and Financial Operations - outlays,Business and Financial Operations - outlays,Original IPEDS202425.accdb SHA256 98e9175e54ba719cf7f0bfcc8e043fac4d11babd1b73ba1701ebbdc23e5470f5; exact physical schema and varTable24; effective source_manifest.json records final fall revisions.
2024,SAL2024_NIS,SAL_NIS,SANIN07,00040666,nces:SAL_NIS:00040666:SANIN07,SANIN07,same_source_variable_identity,nces:SAL_NIS:00040666:SANIN07,float,"Computer, Engineering, and Science - number","Computer, Engineering, and Science - number",Original IPEDS202425.accdb SHA256 98e9175e54ba719cf7f0bfcc8e043fac4d11babd1b73ba1701ebbdc23e5470f5; exact physical schema and varTable24; effective source_manifest.json records final fall revisions.
2024,SAL2024_NIS,SAL_NIS,SANIT07,00040671,nces:SAL_NIS:00040671:SANIT07,SANIT07,same_source_variable_identity,nces:SAL_NIS:00040671:SANIT07,float,"Computer, Engineering, and Science - outlays","Computer, Engineering, and Science - outlays",Original IPEDS202425.accdb SHA256 98e9175e54ba719cf7f0bfcc8e043fac4d11babd1b73ba1701ebbdc23e5470f5; exact physical schema and varTable24; effective source_manifest.json records final fall revisions.
2024,SAL2024_NIS,SAL_NIS,SANIN08,00040676,nces:SAL_NIS:00040676:SANIN08,SANIN08,same_source_variable_identity,nces:SAL_NIS:00040676:SANIN08,float,"Community, Social  Service, Legal, Arts, Design, Entertainment, Sports and Media - number","Community, Social  Service, Legal, Arts, Design, Entertainment, Sports and Media - number",Original IPEDS202425.accdb SHA256 98e9175e54ba719cf7f0bfcc8e043fac4d11babd1b73ba1701ebbdc23e5470f5; exact physical schema and varTable24; effective source_manifest.json records final fall revisions.
2024,SAL2024_NIS,SAL_NIS,SANIT08,00040681,nces:SAL_NIS:00040681:SANIT08,SANIT08,same_source_variable_identity,nces:SAL_NIS:00040681:SANIT08,float,"Community, Social  Service, Legal, Arts, Design, Entertainment, Sports and Media - outlays","Community, Social  Service, Legal, Arts, Design, Entertainment, Sports and Media - outlays",Original IPEDS202425.accdb SHA256 98e9175e54ba719cf7f0bfcc8e043fac4d11babd1b73ba1701ebbdc23e5470f5; exact physical schema and varTable24; effective source_manifest.json records final fall revisions.
2024,SAL2024_NIS,SAL_NIS,SANIN09,00040686,nces:SAL_NIS:00040686:SANIN09,SANIN09,same_source_variable_identity,nces:SAL_NIS:00040686:SANIN09,float,Healthcare Practioners and Technical -number,Healthcare Practioners and Technical -number,Original IPEDS202425.accdb SHA256 98e9175e54ba719cf7f0bfcc8e043fac4d11babd1b73ba1701ebbdc23e5470f5; exact physical schema and varTable24; effective source_manifest.json records final fall revisions.
2024,SAL2024_NIS,SAL_NIS,SANIT09,00040691,nces:SAL_NIS:00040691:SANIT09,SANIT09,same_source_variable_identity,nces:SAL_NIS:00040691:SANIT09,float,Healthcare Practioners and Technical - outlays,Healthcare Practioners and Technical - outlays,Original IPEDS202425.accdb SHA256 98e9175e54ba719cf7f0bfcc8e043fac4d11babd1b73ba1701ebbdc23e5470f5; exact physical schema and varTable24; effective source_manifest.json records final fall revisions.
2024,SAL2024_NIS,SAL_NIS,SANIN10,00040696,nces:SAL_NIS:00040696:SANIN10,SANIN10,same_source_variable_identity,nces:SAL_NIS:00040696:SANIN10,float,Service - number,Service - number,Original IPEDS202425.accdb SHA256 98e9175e54ba719cf7f0bfcc8e043fac4d11babd1b73ba1701ebbdc23e5470f5; exact physical schema and varTable24; effective source_manifest.json records final fall revisions.
2024,SAL2024_NIS,SAL_NIS,SANIT10,00040701,nces:SAL_NIS:00040701:SANIT10,SANIT10,same_source_variable_identity,nces:SAL_NIS:00040701:SANIT10,float,Service - outlays,Service - outlays,Original IPEDS202425.accdb SHA256 98e9175e54ba719cf7f0bfcc8e043fac4d11babd1b73ba1701ebbdc23e5470f5; exact physical schema and varTable24; effective source_manifest.json records final fall revisions.
2024,SAL2024_NIS,SAL_NIS,SANIN11,00040706,nces:SAL_NIS:00040706:SANIN11,SANIN11,same_source_variable_identity,nces:SAL_NIS:00040706:SANIN11,float,Sales and related - number,Sales and related - number,Original IPEDS202425.accdb SHA256 98e9175e54ba719cf7f0bfcc8e043fac4d11babd1b73ba1701ebbdc23e5470f5; exact physical schema and varTable24; effective source_manifest.json records final fall revisions.
2024,SAL2024_NIS,SAL_NIS,SANIT11,00040711,nces:SAL_NIS:00040711:SANIT11,SANIT11,same_source_variable_identity,nces:SAL_NIS:00040711:SANIT11,float,Sales and related - outlays,Sales and related - outlays,Original IPEDS202425.accdb SHA256 98e9175e54ba719cf7f0bfcc8e043fac4d11babd1b73ba1701ebbdc23e5470f5; exact physical schema and varTable24; effective source_manifest.json records final fall revisions.
2024,SAL2024_NIS,SAL_NIS,SANIN12,00040716,nces:SAL_NIS:00040716:SANIN12,SANIN12,same_source_variable_identity,nces:SAL_NIS:00040716:SANIN12,float,Office and Administrative Support - number,Office and Administrative Support - number,Original IPEDS202425.accdb SHA256 98e9175e54ba719cf7f0bfcc8e043fac4d11babd1b73ba1701ebbdc23e5470f5; exact physical schema and varTable24; effective source_manifest.json records final fall revisions.
2024,SAL2024_NIS,SAL_NIS,SANIT12,00040721,nces:SAL_NIS:00040721:SANIT12,SANIT12,same_source_variable_identity,nces:SAL_NIS:00040721:SANIT12,float,Office and Administrative Support - outlays,Office and Administrative Support - outlays,Original IPEDS202425.accdb SHA256 98e9175e54ba719cf7f0bfcc8e043fac4d11babd1b73ba1701ebbdc23e5470f5; exact physical schema and varTable24; effective source_manifest.json records final fall revisions.
2024,SAL2024_NIS,SAL_NIS,SANIN13,00040726,nces:SAL_NIS:00040726:SANIN13,SANIN13,same_source_variable_identity,nces:SAL_NIS:00040726:SANIN13,float,"Natural Resources, Construction, and Maintenance - number","Natural Resources, Construction, and Maintenance - number",Original IPEDS202425.accdb SHA256 98e9175e54ba719cf7f0bfcc8e043fac4d11babd1b73ba1701ebbdc23e5470f5; exact physical schema and varTable24; effective source_manifest.json records final fall revisions.
2024,SAL2024_NIS,SAL_NIS,SANIT13,00040731,nces:SAL_NIS:00040731:SANIT13,SANIT13,same_source_variable_identity,nces:SAL_NIS:00040731:SANIT13,float,"Natural Resources, Construction, and Maintenance - outlays","Natural Resources, Construction, and Maintenance - outlays",Original IPEDS202425.accdb SHA256 98e9175e54ba719cf7f0bfcc8e043fac4d11babd1b73ba1701ebbdc23e5470f5; exact physical schema and varTable24; effective source_manifest.json records final fall revisions.
2024,SAL2024_NIS,SAL_NIS,SANIN14,00040736,nces:SAL_NIS:00040736:SANIN14,SANIN14,same_source_variable_identity,nces:SAL_NIS:00040736:SANIN14,float,"Production, Transportation, and Material Moving - number","Production, Transportation, and Material Moving - number",Original IPEDS202425.accdb SHA256 98e9175e54ba719cf7f0bfcc8e043fac4d11babd1b73ba1701ebbdc23e5470f5; exact physical schema and varTable24; effective source_manifest.json records final fall revisions.
2024,SAL2024_NIS,SAL_NIS,SANIT14,00040741,nces:SAL_NIS:00040741:SANIT14,SANIT14,same_source_variable_identity,nces:SAL_NIS:00040741:SANIT14,float,"Production, Transportation, and Material Moving - outlays","Production, Transportation, and Material Moving - outlays",Original IPEDS202425.accdb SHA256 98e9175e54ba719cf7f0bfcc8e043fac4d11babd1b73ba1701ebbdc23e5470f5; exact physical schema and varTable24; effective source_manifest.json records final fall revisions.
2024,SFA2324,SFA,SCUGRAD,00070291,nces:SFA:00070291:SCUGRAD,SCUGRAD,same_source_variable_identity,nces:SFA:00070291:SCUGRAD,float,Total number of undergraduates - financial aid cohort,,Original IPEDS202425.accdb SHA256 98e9175e54ba719cf7f0bfcc8e043fac4d11babd1b73ba1701ebbdc23e5470f5; exact physical schema and varTable24; effective source_manifest.json records final fall revisions.
2024,SFA2324,SFA,SCUGDGSK,00073004,nces:SFA:00073004:SCUGDGSK,SCUGDGSK,exact_2023_number_name_relocated,nces:SFA_P:00073004:SCUGDGSK,float,Total number of degree/certificate-seeking undergraduate students,Total number of degree/certificate-seeking undergraduate students,Original IPEDS202425.accdb SHA256 98e9175e54ba719cf7f0bfcc8e043fac4d11babd1b73ba1701ebbdc23e5470f5; exact physical schema and varTable24; effective source_manifest.json records final fall revisions.
2024,SFA2324,SFA,SCUGNDGS,00073006,nces:SFA:00073006:SCUGNDGS,SCUGNDGS,exact_2023_number_name_relocated,nces:SFA_P:00073006:SCUGNDGS,float,Total number of non-degee/non-certificate seeking undergraduate students,Total number of non-degee/non-certificate seeking undergraduate students,Original IPEDS202425.accdb SHA256 98e9175e54ba719cf7f0bfcc8e043fac4d11babd1b73ba1701ebbdc23e5470f5; exact physical schema and varTable24; effective source_manifest.json records final fall revisions.
2024,SFA2324,SFA,SCUGFFN,00070286,nces:SFA:00070286:SCUGFFN,SCUGFFN,same_source_variable_identity,nces:SFA:00070286:SCUGFFN,float,Total number of full-time first-time degree/certificate seeking undergraduates - financial aid cohort,,Original IPEDS202425.accdb SHA256 98e9175e54ba719cf7f0bfcc8e043fac4d11babd1b73ba1701ebbdc23e5470f5; exact physical schema and varTable24; effective source_manifest.json records final fall revisions.
2024,SFA2324,SFA,SCUGFFP,00070296,nces:SFA:00070296:SCUGFFP,SCUGFFP,same_source_variable_identity,nces:SFA:00070296:SCUGFFP,float,Full-time first-time degree/certificate seeking undergraduates as a percent of all undergraduates - financial aid cohort,,Original IPEDS202425.accdb SHA256 98e9175e54ba719cf7f0bfcc8e043fac4d11babd1b73ba1701ebbdc23e5470f5; exact physical schema and varTable24; effective source_manifest.json records final fall revisions.
2024,SFA2324,SFA,SCFA2,00070176,nces:SFA:00070176:SCFA2,SCFA2__SFA_P__00070176__A64DAD4D82AB,exact_2023_number_name_relocated,nces:SFA_P:00070176:SCFA2,float,Total number of undergraduates - fall cohort,Total number of undergraduates - fall cohort,Original IPEDS202425.accdb SHA256 98e9175e54ba719cf7f0bfcc8e043fac4d11babd1b73ba1701ebbdc23e5470f5; exact physical schema and varTable24; effective source_manifest.json records final fall revisions.
2024,SFA2324,SFA,SCFA2DG,00073014,nces:SFA:00073014:SCFA2DG,SCFA2DG,exact_2023_number_name_relocated,nces:SFA_P:00073014:SCFA2DG,float,Total number of degree/certificate-seeking undergraduates - fall cohort,Total number of degree/certificate-seeking undergraduates - fall cohort,Original IPEDS202425.accdb SHA256 98e9175e54ba719cf7f0bfcc8e043fac4d11babd1b73ba1701ebbdc23e5470f5; exact physical schema and varTable24; effective source_manifest.json records final fall revisions.
2024,SFA2324,SFA,SCFA2ND,00073016,nces:SFA:00073016:SCFA2ND,SCFA2ND,new_2024_identity,,float,Total number of non-degee/non-certificate seeking undergraduates - fall cohort,,Original IPEDS202425.accdb SHA256 98e9175e54ba719cf7f0bfcc8e043fac4d11babd1b73ba1701ebbdc23e5470f5; exact physical schema and varTable24; effective source_manifest.json records final fall revisions.
2024,SFA2324,SFA,SCFA1N,00070126,nces:SFA:00070126:SCFA1N,SCFA1N__SFA_P__00070126__333E45B5BCDA,exact_2023_number_name_relocated,nces:SFA_P:00070126:SCFA1N,float,Number of students in fall cohort,Number of students in fall cohort,Original IPEDS202425.accdb SHA256 98e9175e54ba719cf7f0bfcc8e043fac4d11babd1b73ba1701ebbdc23e5470f5; exact physical schema and varTable24; effective source_manifest.json records final fall revisions.
2024,SFA2324,SFA,SCFA1P,00070131,nces:SFA:00070131:SCFA1P,SCFA1P__SFA_P__00070131__A90DF6170E34,exact_2023_number_name_relocated,nces:SFA_P:00070131:SCFA1P,float,Students in fall cohort as a percentage of all undergraduates,Students in fall cohort as a percentage of all undergraduates,Original IPEDS202425.accdb SHA256 98e9175e54ba719cf7f0bfcc8e043fac4d11babd1b73ba1701ebbdc23e5470f5; exact physical schema and varTable24; effective source_manifest.json records final fall revisions.
2024,SFA2324,SFA,SCFY2,00070191,nces:SFA:00070191:SCFY2,SCFY2__SFA_P__00070191__3ECFEDF8E81F,exact_2023_number_name_relocated,nces:SFA_P:00070191:SCFY2,float,Total number of undergraduates - full-year cohort,Total number of undergraduates - full-year cohort,Original IPEDS202425.accdb SHA256 98e9175e54ba719cf7f0bfcc8e043fac4d11babd1b73ba1701ebbdc23e5470f5; exact physical schema and varTable24; effective source_manifest.json records final fall revisions.
2024,SFA2324,SFA,SCFY2DG,00073040,nces:SFA:00073040:SCFY2DG,SCFY2DG,exact_2023_number_name_relocated,nces:SFA_P:00073040:SCFY2DG,float,Total number of degree/certificate-seeking undergraduates - full-year cohort,Total number of degree/certificate-seeking undergraduates - full-year cohort,Original IPEDS202425.accdb SHA256 98e9175e54ba719cf7f0bfcc8e043fac4d11babd1b73ba1701ebbdc23e5470f5; exact physical schema and varTable24; effective source_manifest.json records final fall revisions.
2024,SFA2324,SFA,SCFY2ND,00073042,nces:SFA:00073042:SCFY2ND,SCFY2ND,exact_2023_number_name_relocated,nces:SFA_P:00073042:SCFY2ND,float,Total number of non-degee/non-certificate seeking undergraduates - full-year cohort,Total number of non-degee/non-certificate seeking undergraduates - full-year cohort,Original IPEDS202425.accdb SHA256 98e9175e54ba719cf7f0bfcc8e043fac4d11babd1b73ba1701ebbdc23e5470f5; exact physical schema and varTable24; effective source_manifest.json records final fall revisions.
2024,SFA2324,SFA,SCFY1N,00070181,nces:SFA:00070181:SCFY1N,SCFY1N__SFA_P__00070181__87199A4B1142,exact_2023_number_name_relocated,nces:SFA_P:00070181:SCFY1N,float,Number of students in full-year cohort ,Number of students in full-year cohort,Original IPEDS202425.accdb SHA256 98e9175e54ba719cf7f0bfcc8e043fac4d11babd1b73ba1701ebbdc23e5470f5; exact physical schema and varTable24; effective source_manifest.json records final fall revisions.
2024,SFA2324,SFA,SCFY1P,00070186,nces:SFA:00070186:SCFY1P,SCFY1P__SFA_P__00070186__21363DA29931,exact_2023_number_name_relocated,nces:SFA_P:00070186:SCFY1P,float,Students in full-year cohort as a percentage of all  undergraduates,Students in full-year cohort as a percentage of all  undergraduates,Original IPEDS202425.accdb SHA256 98e9175e54ba719cf7f0bfcc8e043fac4d11babd1b73ba1701ebbdc23e5470f5; exact physical schema and varTable24; effective source_manifest.json records final fall revisions.
2024,SFA2324,SFA,UAGRNTN,00070401,nces:SFA:00070401:UAGRNTN,UAGRNTN,exact_2023_number_name_relocated,nces:SFA_P:00070401:UAGRNTN,float,"Number of undergraduate students awarded federal, state, local, institutional or other sources of grant aid","Number of undergraduate students awarded federal, state, local, institutional or other sources of grant aid",Original IPEDS202425.accdb SHA256 98e9175e54ba719cf7f0bfcc8e043fac4d11babd1b73ba1701ebbdc23e5470f5; exact physical schema and varTable24; effective source_manifest.json records final fall revisions.
2024,SFA2324,SFA,UAGRNTP,00070406,nces:SFA:00070406:UAGRNTP,UAGRNTP,exact_2023_number_name_relocated,nces:SFA_P:00070406:UAGRNTP,float,"Percent of undergraduate students awarded federal, state, local, institutional or other sources of grant aid","Percent of undergraduate students awarded federal, state, local, institutional or other sources of grant aid",Original IPEDS202425.accdb SHA256 98e9175e54ba719cf7f0bfcc8e043fac4d11babd1b73ba1701ebbdc23e5470f5; exact physical schema and varTable24; effective source_manifest.json records final fall revisions.
2024,SFA2324,SFA,UAGRNTT,00070301,nces:SFA:00070301:UAGRNTT,UAGRNTT,exact_2023_number_name_relocated,nces:SFA_P:00070301:UAGRNTT,float,"Total amount of federal, state, local, institutional or other sources of grant aid awarded to undergraduate students","Total amount of federal, state, local, institutional or other sources of grant aid awarded to undergraduate students",Original IPEDS202425.accdb SHA256 98e9175e54ba719cf7f0bfcc8e043fac4d11babd1b73ba1701ebbdc23e5470f5; exact physical schema and varTable24; effective source_manifest.json records final fall revisions.
2024,SFA2324,SFA,UAGRNTA,00070411,nces:SFA:00070411:UAGRNTA,UAGRNTA,exact_2023_number_name_relocated,nces:SFA_P:00070411:UAGRNTA,float,"Average amount of federal, state, local, institutional or other sources of grant aid awarded to undergraduate students","Average amount of federal, state, local, institutional or other sources of grant aid awarded to undergraduate students",Original IPEDS202425.accdb SHA256 98e9175e54ba719cf7f0bfcc8e043fac4d11babd1b73ba1701ebbdc23e5470f5; exact physical schema and varTable24; effective source_manifest.json records final fall revisions.
2024,SFA2324,SFA,UDGAGRNTN,00073056,nces:SFA:00073056:UDGAGRNTN,UDGAGRNTN,exact_2023_number_name_relocated,nces:SFA_P:00073056:UDGAGRNTN,float,"Number of degree/certificate-seeking undergraduate students awarded federal, state, local, institutional or other sources of grant aid","Number of degree/certificate-seeking undergraduate students awarded federal, state, local, institutional or other sources of grant aid",Original IPEDS202425.accdb SHA256 98e9175e54ba719cf7f0bfcc8e043fac4d11babd1b73ba1701ebbdc23e5470f5; exact physical schema and varTable24; effective source_manifest.json records final fall revisions.
2024,SFA2324,SFA,UDGAGRNTP,00073058,nces:SFA:00073058:UDGAGRNTP,UDGAGRNTP,exact_2023_number_name_relocated,nces:SFA_P:00073058:UDGAGRNTP,float,"Percent of degree/certificate-seeking undergraduate students awarded federal, state, local, institutional or other sources of grant aid","Percent of degree/certificate-seeking undergraduate students awarded federal, state, local, institutional or other sources of grant aid",Original IPEDS202425.accdb SHA256 98e9175e54ba719cf7f0bfcc8e043fac4d11babd1b73ba1701ebbdc23e5470f5; exact physical schema and varTable24; effective source_manifest.json records final fall revisions.
2024,SFA2324,SFA,UDGAGRNTT,00073060,nces:SFA:00073060:UDGAGRNTT,UDGAGRNTT,exact_2023_number_name_relocated,nces:SFA_P:00073060:UDGAGRNTT,float,"Total amount of federal, state, local, institutional or other sources of grant aid awarded to degree/certificate-seeking undergraduate students","Total amount of federal, state, local, institutional or other sources of grant aid awarded to degree/certificate-seeking undergraduate students",Original IPEDS202425.accdb SHA256 98e9175e54ba719cf7f0bfcc8e043fac4d11babd1b73ba1701ebbdc23e5470f5; exact physical schema and varTable24; effective source_manifest.json records final fall revisions.
2024,SFA2324,SFA,UDGAGRNTA,00073062,nces:SFA:00073062:UDGAGRNTA,UDGAGRNTA,exact_2023_number_name_relocated,nces:SFA_P:00073062:UDGAGRNTA,float,"Average amount of federal, state, local, institutional or other sources of grant aid awarded to degree/certificate-seeking undergraduate students","Average amount of federal, state, local, institutional or other sources of grant aid awarded to degree/certificate-seeking undergraduate students",Original IPEDS202425.accdb SHA256 98e9175e54ba719cf7f0bfcc8e043fac4d11babd1b73ba1701ebbdc23e5470f5; exact physical schema and varTable24; effective source_manifest.json records final fall revisions.
2024,SFA2324,SFA,UNDAGRNTN,00073064,nces:SFA:00073064:UNDAGRNTN,UNDAGRNTN,exact_2023_number_name_relocated,nces:SFA_P:00073064:UNDAGRNTN,float,"Number of non-degree/non-certificate-seeking undergraduate students awarded federal, state, local, institutional or other sources of grant aid","Number of non-degree/non-certificate-seeking undergraduate students awarded federal, state, local, institutional or other sources of grant aid",Original IPEDS202425.accdb SHA256 98e9175e54ba719cf7f0bfcc8e043fac4d11babd1b73ba1701ebbdc23e5470f5; exact physical schema and varTable24; effective source_manifest.json records final fall revisions.
2024,SFA2324,SFA,UNDAGRNTP,00073066,nces:SFA:00073066:UNDAGRNTP,UNDAGRNTP,exact_2023_number_name_relocated,nces:SFA_P:00073066:UNDAGRNTP,float,"Percent of non-degree/non-certificate-seeking undergraduate students awarded federal, state, local, institutional or other sources of grant aid","Percent of non-degree/non-certificate-seeking undergraduate students awarded federal, state, local, institutional or other sources of grant aid",Original IPEDS202425.accdb SHA256 98e9175e54ba719cf7f0bfcc8e043fac4d11babd1b73ba1701ebbdc23e5470f5; exact physical schema and varTable24; effective source_manifest.json records final fall revisions.
2024,SFA2324,SFA,UNDAGRNTT,00073068,nces:SFA:00073068:UNDAGRNTT,UNDAGRNTT,exact_2023_number_name_relocated,nces:SFA_P:00073068:UNDAGRNTT,float,"Total amount of federal, state, local, institutional or other sources of grant aid awarded to non-degree/non-certificate-seeking undergraduates","Total amount of federal, state, local, institutional or other sources of grant aid awarded to non-degree/non-certificate-seeking undergraduates",Original IPEDS202425.accdb SHA256 98e9175e54ba719cf7f0bfcc8e043fac4d11babd1b73ba1701ebbdc23e5470f5; exact physical schema and varTable24; effective source_manifest.json records final fall revisions.
2024,SFA2324,SFA,UNDAGRNTA,00073070,nces:SFA:00073070:UNDAGRNTA,UNDAGRNTA,exact_2023_number_name_relocated,nces:SFA_P:00073070:UNDAGRNTA,float,"Average amount of federal, state, local, institutional or other sources of grant aid awarded to non-degree/non-certificate-seeking undergraduates","Average amount of federal, state, local, institutional or other sources of grant aid awarded to non-degree/non-certificate-seeking undergraduates",Original IPEDS202425.accdb SHA256 98e9175e54ba719cf7f0bfcc8e043fac4d11babd1b73ba1701ebbdc23e5470f5; exact physical schema and varTable24; effective source_manifest.json records final fall revisions.
2024,SFA2324,SFA,UPGRNTN,00070306,nces:SFA:00070306:UPGRNTN,UPGRNTN,exact_2023_number_name_relocated,nces:SFA_P:00070306:UPGRNTN,float,Number of undergraduate students awarded Federal Pell grants,Number of undergraduate students awarded Federal Pell grants,Original IPEDS202425.accdb SHA256 98e9175e54ba719cf7f0bfcc8e043fac4d11babd1b73ba1701ebbdc23e5470f5; exact physical schema and varTable24; effective source_manifest.json records final fall revisions.
2024,SFA2324,SFA,UPGRNTP,00070416,nces:SFA:00070416:UPGRNTP,UPGRNTP,exact_2023_number_name_relocated,nces:SFA_P:00070416:UPGRNTP,float,Percent of undergraduate students awarded Federal Pell grants,Percent of undergraduate students awarded Federal Pell grants,Original IPEDS202425.accdb SHA256 98e9175e54ba719cf7f0bfcc8e043fac4d11babd1b73ba1701ebbdc23e5470f5; exact physical schema and varTable24; effective source_manifest.json records final fall revisions.
2024,SFA2324,SFA,UPGRNTT,00070421,nces:SFA:00070421:UPGRNTT,UPGRNTT,exact_2023_number_name_relocated,nces:SFA_P:00070421:UPGRNTT,float,Total amount of Federal Pell grant aid awarded to undergraduate students,Total amount of Federal Pell grant aid awarded to undergraduate students,Original IPEDS202425.accdb SHA256 98e9175e54ba719cf7f0bfcc8e043fac4d11babd1b73ba1701ebbdc23e5470f5; exact physical schema and varTable24; effective source_manifest.json records final fall revisions.
2024,SFA2324,SFA,UPGRNTA,00070426,nces:SFA:00070426:UPGRNTA,UPGRNTA,exact_2023_number_name_relocated,nces:SFA_P:00070426:UPGRNTA,float,Average amount Federal Pell grant aid awarded to undergraduate students,Average amount Federal Pell grant aid awarded to undergraduate students,Original IPEDS202425.accdb SHA256 98e9175e54ba719cf7f0bfcc8e043fac4d11babd1b73ba1701ebbdc23e5470f5; exact physical schema and varTable24; effective source_manifest.json records final fall revisions.
2024,SFA2324,SFA,UDGPGRNTN,00073079,nces:SFA:00073079:UDGPGRNTN,UDGPGRNTN,exact_2023_number_name_relocated,nces:SFA_P:00073079:UDGPGRNTN,float,Number of degree/certificate-seeking undergraduate students awarded Federal Pell Grants,Number of degree/certificate-seeking undergraduate students awarded Federal Pell Grants,Original IPEDS202425.accdb SHA256 98e9175e54ba719cf7f0bfcc8e043fac4d11babd1b73ba1701ebbdc23e5470f5; exact physical schema and varTable24; effective source_manifest.json records final fall revisions.
2024,SFA2324,SFA,UDGPGRNTP,00073080,nces:SFA:00073080:UDGPGRNTP,UDGPGRNTP,exact_2023_number_name_relocated,nces:SFA_P:00073080:UDGPGRNTP,float,Percent of degree/certificate-seeking undergraduate students awarded Federal Pell Grants,Percent of degree/certificate-seeking undergraduate students awarded Federal Pell Grants,Original IPEDS202425.accdb SHA256 98e9175e54ba719cf7f0bfcc8e043fac4d11babd1b73ba1701ebbdc23e5470f5; exact physical schema and varTable24; effective source_manifest.json records final fall revisions.
2024,SFA2324,SFA,UDGPGRNTT,00073081,nces:SFA:00073081:UDGPGRNTT,UDGPGRNTT,exact_2023_number_name_relocated,nces:SFA_P:00073081:UDGPGRNTT,float,Total amount of Federal Pell Grant aid awarded to degree/certificate-seeking undergraduate students,Total amount of Federal Pell Grant aid awarded to degree/certificate-seeking undergraduate students,Original IPEDS202425.accdb SHA256 98e9175e54ba719cf7f0bfcc8e043fac4d11babd1b73ba1701ebbdc23e5470f5; exact physical schema and varTable24; effective source_manifest.json records final fall revisions.
2024,SFA2324,SFA,UDGPGRNTA,00073082,nces:SFA:00073082:UDGPGRNTA,UDGPGRNTA,exact_2023_number_name_relocated,nces:SFA_P:00073082:UDGPGRNTA,float,Average amount of Federal Pell Grant aid awarded to degree/certificate-seeking undergraduate students,Average amount of Federal Pell Grant aid awarded to degree/certificate-seeking undergraduate students,Original IPEDS202425.accdb SHA256 98e9175e54ba719cf7f0bfcc8e043fac4d11babd1b73ba1701ebbdc23e5470f5; exact physical schema and varTable24; effective source_manifest.json records final fall revisions.
2024,SFA2324,SFA,UNDPGRNTN,00073084,nces:SFA:00073084:UNDPGRNTN,UNDPGRNTN,exact_2023_number_name_relocated,nces:SFA_P:00073084:UNDPGRNTN,float,Number of non-degree/non-certificate-seeking undergraduate students awarded Federal Pell Grants,Number of non-degree/non-certificate-seeking undergraduate students awarded Federal Pell Grants,Original IPEDS202425.accdb SHA256 98e9175e54ba719cf7f0bfcc8e043fac4d11babd1b73ba1701ebbdc23e5470f5; exact physical schema and varTable24; effective source_manifest.json records final fall revisions.
2024,SFA2324,SFA,UNDPGRNTP,00073085,nces:SFA:00073085:UNDPGRNTP,UNDPGRNTP,exact_2023_number_name_relocated,nces:SFA_P:00073085:UNDPGRNTP,float,Percent of non-degree/non-certificate-seeking undergraduate students awarded Federal Pell Grants,Percent of non-degree/non-certificate-seeking undergraduate students awarded Federal Pell Grants,Original IPEDS202425.accdb SHA256 98e9175e54ba719cf7f0bfcc8e043fac4d11babd1b73ba1701ebbdc23e5470f5; exact physical schema and varTable24; effective source_manifest.json records final fall revisions.
2024,SFA2324,SFA,UNDPGRNTT,00073086,nces:SFA:00073086:UNDPGRNTT,UNDPGRNTT,exact_2023_number_name_relocated,nces:SFA_P:00073086:UNDPGRNTT,float,Total amount of Federal Pell Grant aid awarded to non-degree/non-certificate-seeking undergraduate students,Total amount of Federal Pell Grant aid awarded to non-degree/non-certificate-seeking undergraduate students,Original IPEDS202425.accdb SHA256 98e9175e54ba719cf7f0bfcc8e043fac4d11babd1b73ba1701ebbdc23e5470f5; exact physical schema and varTable24; effective source_manifest.json records final fall revisions.
2024,SFA2324,SFA,UNDPGRNTA,00073087,nces:SFA:00073087:UNDPGRNTA,UNDPGRNTA,exact_2023_number_name_relocated,nces:SFA_P:00073087:UNDPGRNTA,float,Average amount of Federal Pell Grant aid awarded to non-degree/non-certificate-seeking undergraduate students,Average amount of Federal Pell Grant aid awarded to non-degree/non-certificate-seeking undergraduate students,Original IPEDS202425.accdb SHA256 98e9175e54ba719cf7f0bfcc8e043fac4d11babd1b73ba1701ebbdc23e5470f5; exact physical schema and varTable24; effective source_manifest.json records final fall revisions.
2024,SFA2324,SFA,UFLOANN,00070431,nces:SFA:00070431:UFLOANN,UFLOANN,exact_2023_number_name_relocated,nces:SFA_P:00070431:UFLOANN,float,Number of undergraduate students awarded federal student loans,Number of undergraduate students awarded federal student loans,Original IPEDS202425.accdb SHA256 98e9175e54ba719cf7f0bfcc8e043fac4d11babd1b73ba1701ebbdc23e5470f5; exact physical schema and varTable24; effective source_manifest.json records final fall revisions.
2024,SFA2324,SFA,UFLOANP,00070436,nces:SFA:00070436:UFLOANP,UFLOANP,exact_2023_number_name_relocated,nces:SFA_P:00070436:UFLOANP,float,Percent of undergraduate students awarded federal student loans,Percent of undergraduate students awarded federal student loans,Original IPEDS202425.accdb SHA256 98e9175e54ba719cf7f0bfcc8e043fac4d11babd1b73ba1701ebbdc23e5470f5; exact physical schema and varTable24; effective source_manifest.json records final fall revisions.
2024,SFA2324,SFA,UFLOANT,00070441,nces:SFA:00070441:UFLOANT,UFLOANT,exact_2023_number_name_relocated,nces:SFA_P:00070441:UFLOANT,float,Total amount of federal student loans awarded to undergraduate students,Total amount of federal student loans awarded to undergraduate students,Original IPEDS202425.accdb SHA256 98e9175e54ba719cf7f0bfcc8e043fac4d11babd1b73ba1701ebbdc23e5470f5; exact physical schema and varTable24; effective source_manifest.json records final fall revisions.
2024,SFA2324,SFA,UFLOANA,00070446,nces:SFA:00070446:UFLOANA,UFLOANA,exact_2023_number_name_relocated,nces:SFA_P:00070446:UFLOANA,float,Average amount of federal student loans awarded to undergraduate students,Average amount of federal student loans awarded to undergraduate students,Original IPEDS202425.accdb SHA256 98e9175e54ba719cf7f0bfcc8e043fac4d11babd1b73ba1701ebbdc23e5470f5; exact physical schema and varTable24; effective source_manifest.json records final fall revisions.
2024,SFA2324,SFA,UDGFLOANN,00073089,nces:SFA:00073089:UDGFLOANN,UDGFLOANN,exact_2023_number_name_relocated,nces:SFA_P:00073089:UDGFLOANN,float,Number of degree/certificate-seeking undergraduate students awarded federal student loans,Number of degree/certificate-seeking undergraduate students awarded federal student loans,Original IPEDS202425.accdb SHA256 98e9175e54ba719cf7f0bfcc8e043fac4d11babd1b73ba1701ebbdc23e5470f5; exact physical schema and varTable24; effective source_manifest.json records final fall revisions.
2024,SFA2324,SFA,UDGFLOANP,00073090,nces:SFA:00073090:UDGFLOANP,UDGFLOANP,exact_2023_number_name_relocated,nces:SFA_P:00073090:UDGFLOANP,float,Percent of degree/certificate-seeking undergraduate students awarded federal student loans,Percent of degree/certificate-seeking undergraduate students awarded federal student loans,Original IPEDS202425.accdb SHA256 98e9175e54ba719cf7f0bfcc8e043fac4d11babd1b73ba1701ebbdc23e5470f5; exact physical schema and varTable24; effective source_manifest.json records final fall revisions.
2024,SFA2324,SFA,UDGFLOANT,00073091,nces:SFA:00073091:UDGFLOANT,UDGFLOANT,exact_2023_number_name_relocated,nces:SFA_P:00073091:UDGFLOANT,float,Total amount of federal student loans awarded to degree/certificate-seeking undergraduate students,Total amount of federal student loans awarded to degree/certificate-seeking undergraduate students,Original IPEDS202425.accdb SHA256 98e9175e54ba719cf7f0bfcc8e043fac4d11babd1b73ba1701ebbdc23e5470f5; exact physical schema and varTable24; effective source_manifest.json records final fall revisions.
2024,SFA2324,SFA,UDGFLOANA,00073092,nces:SFA:00073092:UDGFLOANA,UDGFLOANA,exact_2023_number_name_relocated,nces:SFA_P:00073092:UDGFLOANA,float,Average amount of federal student loans awarded to degree/certificate-seeking undergraduate students,Average amount of federal student loans awarded to degree/certificate-seeking undergraduate students,Original IPEDS202425.accdb SHA256 98e9175e54ba719cf7f0bfcc8e043fac4d11babd1b73ba1701ebbdc23e5470f5; exact physical schema and varTable24; effective source_manifest.json records final fall revisions.
2024,SFA2324,SFA,UNDFLOANN,00073094,nces:SFA:00073094:UNDFLOANN,UNDFLOANN,exact_2023_number_name_relocated,nces:SFA_P:00073094:UNDFLOANN,float,Number of non-degree/non-certificate-seeking undergraduate students awarded federal student loans,Number of non-degree/non-certificate-seeking undergraduate students awarded federal student loans,Original IPEDS202425.accdb SHA256 98e9175e54ba719cf7f0bfcc8e043fac4d11babd1b73ba1701ebbdc23e5470f5; exact physical schema and varTable24; effective source_manifest.json records final fall revisions.
2024,SFA2324,SFA,UNDFLOANP,00073095,nces:SFA:00073095:UNDFLOANP,UNDFLOANP,exact_2023_number_name_relocated,nces:SFA_P:00073095:UNDFLOANP,float,Percent of non-degree/non-certificate-seeking undergraduate students awarded federal student loans,Percent of non-degree/non-certificate-seeking undergraduate students awarded federal student loans,Original IPEDS202425.accdb SHA256 98e9175e54ba719cf7f0bfcc8e043fac4d11babd1b73ba1701ebbdc23e5470f5; exact physical schema and varTable24; effective source_manifest.json records final fall revisions.
2024,SFA2324,SFA,UNDFLOANT,00073096,nces:SFA:00073096:UNDFLOANT,UNDFLOANT,exact_2023_number_name_relocated,nces:SFA_P:00073096:UNDFLOANT,float,Total amount of federal student loans awarded to non-degree/non-certificate-seeking undergraduate students,Total amount of federal student loans awarded to non-degree/non-certificate-seeking undergraduate students,Original IPEDS202425.accdb SHA256 98e9175e54ba719cf7f0bfcc8e043fac4d11babd1b73ba1701ebbdc23e5470f5; exact physical schema and varTable24; effective source_manifest.json records final fall revisions.
2024,SFA2324,SFA,UNDFLOANA,00073097,nces:SFA:00073097:UNDFLOANA,UNDFLOANA,exact_2023_number_name_relocated,nces:SFA_P:00073097:UNDFLOANA,float,Average amount of federal student loans awarded to non-degree/non-certificate-seeking undergraduate students,Average amount of federal student loans awarded to non-degree/non-certificate-seeking undergraduate students,Original IPEDS202425.accdb SHA256 98e9175e54ba719cf7f0bfcc8e043fac4d11babd1b73ba1701ebbdc23e5470f5; exact physical schema and varTable24; effective source_manifest.json records final fall revisions.
2024,SFA2324,SFA,ANYAIDN,00070196,nces:SFA:00070196:ANYAIDN,ANYAIDN__SFA_P__00070196__9C746E21D858,exact_2023_number_name_relocated,nces:SFA_P:00070196:ANYAIDN,float,Number of full-time first-time undergraduates awarded any financial aid,Number of full-time first-time undergraduates awarded any financial aid,Original IPEDS202425.accdb SHA256 98e9175e54ba719cf7f0bfcc8e043fac4d11babd1b73ba1701ebbdc23e5470f5; exact physical schema and varTable24; effective source_manifest.json records final fall revisions.
2024,SFA2324,SFA,ANYAIDP,00070201,nces:SFA:00070201:ANYAIDP,ANYAIDP__SFA_P__00070201__3029359FB165,exact_2023_number_name_relocated,nces:SFA_P:00070201:ANYAIDP,float,Percent of full-time first-time undergraduates awarded any financial aid,Percent of full-time first-time undergraduates awarded any financial aid,Original IPEDS202425.accdb SHA256 98e9175e54ba719cf7f0bfcc8e043fac4d11babd1b73ba1701ebbdc23e5470f5; exact physical schema and varTable24; effective source_manifest.json records final fall revisions.
2024,SFA2324,SFA,AIDFSIN,00071099,nces:SFA:00071099:AIDFSIN,AIDFSIN,exact_2023_number_name_relocated,nces:SFA_P:00071099:AIDFSIN,float,Number of full-time first-time undergraduates awarded any loans to students or grant aid  from federal state/local government or the institution,Number of full-time first-time undergraduates awarded any loans to students or grant aid  from federal state/local government or the institution,Original IPEDS202425.accdb SHA256 98e9175e54ba719cf7f0bfcc8e043fac4d11babd1b73ba1701ebbdc23e5470f5; exact physical schema and varTable24; effective source_manifest.json records final fall revisions.
2024,SFA2324,SFA,AIDFSIP,00071100,nces:SFA:00071100:AIDFSIP,AIDFSIP,exact_2023_number_name_relocated,nces:SFA_P:00071100:AIDFSIP,float,Percent of full-time first-time undergraduates awarded any loans to students or grant aid  from federal state/local government or the institution,Percent of full-time first-time undergraduates awarded any loans to students or grant aid  from federal state/local government or the institution,Original IPEDS202425.accdb SHA256 98e9175e54ba719cf7f0bfcc8e043fac4d11babd1b73ba1701ebbdc23e5470f5; exact physical schema and varTable24; effective source_manifest.json records final fall revisions.
2024,SFA2324,SFA,AGRNT_N,00070311,nces:SFA:00070311:AGRNT_N,AGRNT_N__SFA_P__00070311__7772381601BE,exact_2023_number_name_relocated,nces:SFA_P:00070311:AGRNT_N,float,"Number of full-time first-time undergraduates awarded federal, state, local or institutional grant aid","Number of full-time first-time undergraduates awarded federal, state, local or institutional grant aid",Original IPEDS202425.accdb SHA256 98e9175e54ba719cf7f0bfcc8e043fac4d11babd1b73ba1701ebbdc23e5470f5; exact physical schema and varTable24; effective source_manifest.json records final fall revisions.
2024,SFA2324,SFA,AGRNT_P,00070316,nces:SFA:00070316:AGRNT_P,AGRNT_P__SFA_P__00070316__6D2CBF72DB63,exact_2023_number_name_relocated,nces:SFA_P:00070316:AGRNT_P,float,"Percent of full-time first-time undergraduates awarded federal, state, local or institutional grant aid","Percent of full-time first-time undergraduates awarded federal, state, local or institutional grant aid",Original IPEDS202425.accdb SHA256 98e9175e54ba719cf7f0bfcc8e043fac4d11babd1b73ba1701ebbdc23e5470f5; exact physical schema and varTable24; effective source_manifest.json records final fall revisions.
2024,SFA2324,SFA,AGRNT_T,00070451,nces:SFA:00070451:AGRNT_T,AGRNT_T,exact_2023_number_name_relocated,nces:SFA_P:00070451:AGRNT_T,float,"Total amount of federal, state, local or institutional grant aid awarded to full-time first-time undergraduates","Total amount of federal, state, local or institutional grant aid awarded to full-time first-time undergraduates",Original IPEDS202425.accdb SHA256 98e9175e54ba719cf7f0bfcc8e043fac4d11babd1b73ba1701ebbdc23e5470f5; exact physical schema and varTable24; effective source_manifest.json records final fall revisions.
2024,SFA2324,SFA,AGRNT_A,00070321,nces:SFA:00070321:AGRNT_A,AGRNT_A__SFA_P__00070321__516B07129244,exact_2023_number_name_relocated,nces:SFA_P:00070321:AGRNT_A,float,"Average amount of federal, state, local or institutional grant aid awarded","Average amount of federal, state, local or institutional grant aid awarded",Original IPEDS202425.accdb SHA256 98e9175e54ba719cf7f0bfcc8e043fac4d11babd1b73ba1701ebbdc23e5470f5; exact physical schema and varTable24; effective source_manifest.json records final fall revisions.
2024,SFA2324,SFA,FGRNT_N,00070206,nces:SFA:00070206:FGRNT_N,FGRNT_N__SFA_P__00070206__8A619698EC6E,exact_2023_number_name_relocated,nces:SFA_P:00070206:FGRNT_N,float,Number of full-time first-time undergraduates awarded federal grant aid,Number of full-time first-time undergraduates awarded federal grant aid,Original IPEDS202425.accdb SHA256 98e9175e54ba719cf7f0bfcc8e043fac4d11babd1b73ba1701ebbdc23e5470f5; exact physical schema and varTable24; effective source_manifest.json records final fall revisions.
2024,SFA2324,SFA,FGRNT_P,00070211,nces:SFA:00070211:FGRNT_P,FGRNT_P__SFA_P__00070211__6854879C86ED,exact_2023_number_name_relocated,nces:SFA_P:00070211:FGRNT_P,float,Percent of full-time first-time undergraduates awarded federal grant aid,Percent of full-time first-time undergraduates awarded federal grant aid,Original IPEDS202425.accdb SHA256 98e9175e54ba719cf7f0bfcc8e043fac4d11babd1b73ba1701ebbdc23e5470f5; exact physical schema and varTable24; effective source_manifest.json records final fall revisions.
2024,SFA2324,SFA,FGRNT_T,00070456,nces:SFA:00070456:FGRNT_T,FGRNT_T,exact_2023_number_name_relocated,nces:SFA_P:00070456:FGRNT_T,float,Total amount of federal grant aid awarded to full-time first-time undergraduates,Total amount of federal grant aid awarded to full-time first-time undergraduates,Original IPEDS202425.accdb SHA256 98e9175e54ba719cf7f0bfcc8e043fac4d11babd1b73ba1701ebbdc23e5470f5; exact physical schema and varTable24; effective source_manifest.json records final fall revisions.
2024,SFA2324,SFA,FGRNT_A,00070216,nces:SFA:00070216:FGRNT_A,FGRNT_A__SFA_P__00070216__A44C9F2D3A23,exact_2023_number_name_relocated,nces:SFA_P:00070216:FGRNT_A,float,Average amount of federal grant aid awarded to full-time first-time undergraduates,Average amount of federal grant aid awarded to full-time first-time undergraduates,Original IPEDS202425.accdb SHA256 98e9175e54ba719cf7f0bfcc8e043fac4d11babd1b73ba1701ebbdc23e5470f5; exact physical schema and varTable24; effective source_manifest.json records final fall revisions.
2024,SFA2324,SFA,PGRNT_N,00070326,nces:SFA:00070326:PGRNT_N,PGRNT_N__SFA_P__00070326__C7F9332BE1B9,exact_2023_number_name_relocated,nces:SFA_P:00070326:PGRNT_N,float,Number of full-time first-time undergraduates awarded Pell grants,Number of full-time first-time undergraduates awarded Pell grants,Original IPEDS202425.accdb SHA256 98e9175e54ba719cf7f0bfcc8e043fac4d11babd1b73ba1701ebbdc23e5470f5; exact physical schema and varTable24; effective source_manifest.json records final fall revisions.
2024,SFA2324,SFA,PGRNT_P,00070331,nces:SFA:00070331:PGRNT_P,PGRNT_P__SFA_P__00070331__68C7460741C4,exact_2023_number_name_relocated,nces:SFA_P:00070331:PGRNT_P,float,Percent of full-time first-time undergraduates awarded Pell grants,Percent of full-time first-time undergraduates awarded Pell grants,Original IPEDS202425.accdb SHA256 98e9175e54ba719cf7f0bfcc8e043fac4d11babd1b73ba1701ebbdc23e5470f5; exact physical schema and varTable24; effective source_manifest.json records final fall revisions.
2024,SFA2324,SFA,PGRNT_T,00070461,nces:SFA:00070461:PGRNT_T,PGRNT_T,exact_2023_number_name_relocated,nces:SFA_P:00070461:PGRNT_T,float,Total amount of Pell grant aid awarded to full-time first-time undergraduates,Total amount of Pell grant aid awarded to full-time first-time undergraduates,Original IPEDS202425.accdb SHA256 98e9175e54ba719cf7f0bfcc8e043fac4d11babd1b73ba1701ebbdc23e5470f5; exact physical schema and varTable24; effective source_manifest.json records final fall revisions.
2024,SFA2324,SFA,PGRNT_A,00070336,nces:SFA:00070336:PGRNT_A,PGRNT_A__SFA_P__00070336__58371BC76411,exact_2023_number_name_relocated,nces:SFA_P:00070336:PGRNT_A,float,Average amount of Pell grant aid awarded to full-time first-time undergraduates,Average amount of Pell grant aid awarded to full-time first-time undergraduates,Original IPEDS202425.accdb SHA256 98e9175e54ba719cf7f0bfcc8e043fac4d11babd1b73ba1701ebbdc23e5470f5; exact physical schema and varTable24; effective source_manifest.json records final fall revisions.
2024,SFA2324,SFA,OFGRT_N,00070341,nces:SFA:00070341:OFGRT_N,OFGRT_N__SFA_P__00070341__31E149257E89,exact_2023_number_name_relocated,nces:SFA_P:00070341:OFGRT_N,float,Number of full-time first-time undergraduates awarded other federal grant aid,Number of full-time first-time undergraduates awarded other federal grant aid,Original IPEDS202425.accdb SHA256 98e9175e54ba719cf7f0bfcc8e043fac4d11babd1b73ba1701ebbdc23e5470f5; exact physical schema and varTable24; effective source_manifest.json records final fall revisions.
2024,SFA2324,SFA,OFGRT_P,00070346,nces:SFA:00070346:OFGRT_P,OFGRT_P__SFA_P__00070346__F206221D684E,exact_2023_number_name_relocated,nces:SFA_P:00070346:OFGRT_P,float,Percent of full-time first-time undergraduates awarded other federal grant aid,Percent of full-time first-time undergraduates awarded other federal grant aid,Original IPEDS202425.accdb SHA256 98e9175e54ba719cf7f0bfcc8e043fac4d11babd1b73ba1701ebbdc23e5470f5; exact physical schema and varTable24; effective source_manifest.json records final fall revisions.
2024,SFA2324,SFA,OFGRT_T,00070466,nces:SFA:00070466:OFGRT_T,OFGRT_T,exact_2023_number_name_relocated,nces:SFA_P:00070466:OFGRT_T,float,Total amount of other federal grant aid awarded to full-time first-time undergraduates,Total amount of other federal grant aid awarded to full-time first-time undergraduates,Original IPEDS202425.accdb SHA256 98e9175e54ba719cf7f0bfcc8e043fac4d11babd1b73ba1701ebbdc23e5470f5; exact physical schema and varTable24; effective source_manifest.json records final fall revisions.
2024,SFA2324,SFA,OFGRT_A,00070351,nces:SFA:00070351:OFGRT_A,OFGRT_A__SFA_P__00070351__3DD90321F045,exact_2023_number_name_relocated,nces:SFA_P:00070351:OFGRT_A,float,Average amount of other federal grant aid awarded to full-time first-time undergraduates,Average amount of other federal grant aid awarded to full-time first-time undergraduates,Original IPEDS202425.accdb SHA256 98e9175e54ba719cf7f0bfcc8e043fac4d11babd1b73ba1701ebbdc23e5470f5; exact physical schema and varTable24; effective source_manifest.json records final fall revisions.
2024,SFA2324,SFA,SGRNT_N,00070221,nces:SFA:00070221:SGRNT_N,SGRNT_N__SFA_P__00070221__4CBF9751C590,exact_2023_number_name_relocated,nces:SFA_P:00070221:SGRNT_N,float,Number of full-time first-time undergraduates awarded state/local grant aid,Number of full-time first-time undergraduates awarded state/local grant aid,Original IPEDS202425.accdb SHA256 98e9175e54ba719cf7f0bfcc8e043fac4d11babd1b73ba1701ebbdc23e5470f5; exact physical schema and varTable24; effective source_manifest.json records final fall revisions.
2024,SFA2324,SFA,SGRNT_P,00070226,nces:SFA:00070226:SGRNT_P,SGRNT_P__SFA_P__00070226__E127A08E7B82,exact_2023_number_name_relocated,nces:SFA_P:00070226:SGRNT_P,float,Percent of full-time first-time undergraduates awarded state/local grant aid,Percent of full-time first-time undergraduates awarded state/local grant aid,Original IPEDS202425.accdb SHA256 98e9175e54ba719cf7f0bfcc8e043fac4d11babd1b73ba1701ebbdc23e5470f5; exact physical schema and varTable24; effective source_manifest.json records final fall revisions.
2024,SFA2324,SFA,SGRNT_T,00070471,nces:SFA:00070471:SGRNT_T,SGRNT_T,exact_2023_number_name_relocated,nces:SFA_P:00070471:SGRNT_T,float,Total amount of state/local grant aid awarded to full-time first-time undergraduates,Total amount of state/local grant aid awarded to full-time first-time undergraduates,Original IPEDS202425.accdb SHA256 98e9175e54ba719cf7f0bfcc8e043fac4d11babd1b73ba1701ebbdc23e5470f5; exact physical schema and varTable24; effective source_manifest.json records final fall revisions.
2024,SFA2324,SFA,SGRNT_A,00070231,nces:SFA:00070231:SGRNT_A,SGRNT_A__SFA_P__00070231__1E5CD17699BB,exact_2023_number_name_relocated,nces:SFA_P:00070231:SGRNT_A,float,Average amount of state/local grant aid awarded to full-time first-time undergraduates,Average amount of state/local grant aid awarded to full-time first-time undergraduates,Original IPEDS202425.accdb SHA256 98e9175e54ba719cf7f0bfcc8e043fac4d11babd1b73ba1701ebbdc23e5470f5; exact physical schema and varTable24; effective source_manifest.json records final fall revisions.
2024,SFA2324,SFA,IGRNT_N,00070236,nces:SFA:00070236:IGRNT_N,IGRNT_N__SFA_P__00070236__4B0668A4E245,exact_2023_number_name_relocated,nces:SFA_P:00070236:IGRNT_N,float,Number of full-time first-time undergraduates awarded  institutional grant aid,Number of full-time first-time undergraduates awarded  institutional grant aid,Original IPEDS202425.accdb SHA256 98e9175e54ba719cf7f0bfcc8e043fac4d11babd1b73ba1701ebbdc23e5470f5; exact physical schema and varTable24; effective source_manifest.json records final fall revisions.
2024,SFA2324,SFA,IGRNT_P,00070241,nces:SFA:00070241:IGRNT_P,IGRNT_P__SFA_P__00070241__C988B60A751A,exact_2023_number_name_relocated,nces:SFA_P:00070241:IGRNT_P,float,Percent of full-time first-time undergraduates awarded institutional grant aid,Percent of full-time first-time undergraduates awarded institutional grant aid,Original IPEDS202425.accdb SHA256 98e9175e54ba719cf7f0bfcc8e043fac4d11babd1b73ba1701ebbdc23e5470f5; exact physical schema and varTable24; effective source_manifest.json records final fall revisions.
2024,SFA2324,SFA,IGRNT_T,00070476,nces:SFA:00070476:IGRNT_T,IGRNT_T,exact_2023_number_name_relocated,nces:SFA_P:00070476:IGRNT_T,float,Total amount of institutional grant aid awarded to full-time first-time undergraduates,Total amount of institutional grant aid awarded to full-time first-time undergraduates,Original IPEDS202425.accdb SHA256 98e9175e54ba719cf7f0bfcc8e043fac4d11babd1b73ba1701ebbdc23e5470f5; exact physical schema and varTable24; effective source_manifest.json records final fall revisions.
2024,SFA2324,SFA,IGRNT_A,00070246,nces:SFA:00070246:IGRNT_A,IGRNT_A__SFA_P__00070246__1F4182AE6E2D,exact_2023_number_name_relocated,nces:SFA_P:00070246:IGRNT_A,float,Average amount of institutional grant aid awarded to full-time first-time undergraduates,Average amount of institutional grant aid awarded to full-time first-time undergraduates,Original IPEDS202425.accdb SHA256 98e9175e54ba719cf7f0bfcc8e043fac4d11babd1b73ba1701ebbdc23e5470f5; exact physical schema and varTable24; effective source_manifest.json records final fall revisions.
2024,SFA2324,SFA,LOAN_N,00070251,nces:SFA:00070251:LOAN_N,LOAN_N__SFA_P__00070251__693A87D05E92,exact_2023_number_name_relocated,nces:SFA_P:00070251:LOAN_N,float,Number of full-time first-time undergraduates awarded student loans,Number of full-time first-time undergraduates awarded student loans,Original IPEDS202425.accdb SHA256 98e9175e54ba719cf7f0bfcc8e043fac4d11babd1b73ba1701ebbdc23e5470f5; exact physical schema and varTable24; effective source_manifest.json records final fall revisions.
2024,SFA2324,SFA,LOAN_P,00070256,nces:SFA:00070256:LOAN_P,LOAN_P__SFA_P__00070256__88845B92CADA,exact_2023_number_name_relocated,nces:SFA_P:00070256:LOAN_P,float,Percent of full-time first-time undergraduates awarded student loans,Percent of full-time first-time undergraduates awarded student loans,Original IPEDS202425.accdb SHA256 98e9175e54ba719cf7f0bfcc8e043fac4d11babd1b73ba1701ebbdc23e5470f5; exact physical schema and varTable24; effective source_manifest.json records final fall revisions.
2024,SFA2324,SFA,LOAN_T,00070481,nces:SFA:00070481:LOAN_T,LOAN_T,exact_2023_number_name_relocated,nces:SFA_P:00070481:LOAN_T,float,Total amount of student loans awarded to full-time first-time undergraduates,Total amount of student loans awarded to full-time first-time undergraduates,Original IPEDS202425.accdb SHA256 98e9175e54ba719cf7f0bfcc8e043fac4d11babd1b73ba1701ebbdc23e5470f5; exact physical schema and varTable24; effective source_manifest.json records final fall revisions.
2024,SFA2324,SFA,LOAN_A,00070261,nces:SFA:00070261:LOAN_A,LOAN_A__SFA_P__00070261__785B5A2F13FF,exact_2023_number_name_relocated,nces:SFA_P:00070261:LOAN_A,float,Average amount of student loans awarded to full-time first-time undergraduates,Average amount of student loans awarded to full-time first-time undergraduates,Original IPEDS202425.accdb SHA256 98e9175e54ba719cf7f0bfcc8e043fac4d11babd1b73ba1701ebbdc23e5470f5; exact physical schema and varTable24; effective source_manifest.json records final fall revisions.
2024,SFA2324,SFA,FLOAN_N,00070356,nces:SFA:00070356:FLOAN_N,FLOAN_N__SFA_P__00070356__8885517A3C9A,exact_2023_number_name_relocated,nces:SFA_P:00070356:FLOAN_N,float,Number of full-time first-time undergraduates awarded federal student loans,Number of full-time first-time undergraduates awarded federal student loans,Original IPEDS202425.accdb SHA256 98e9175e54ba719cf7f0bfcc8e043fac4d11babd1b73ba1701ebbdc23e5470f5; exact physical schema and varTable24; effective source_manifest.json records final fall revisions.
2024,SFA2324,SFA,FLOAN_P,00070361,nces:SFA:00070361:FLOAN_P,FLOAN_P__SFA_P__00070361__A9AEB207431F,exact_2023_number_name_relocated,nces:SFA_P:00070361:FLOAN_P,float,Percent of full-time first-time undergraduates awarded federal student loans,Percent of full-time first-time undergraduates awarded federal student loans,Original IPEDS202425.accdb SHA256 98e9175e54ba719cf7f0bfcc8e043fac4d11babd1b73ba1701ebbdc23e5470f5; exact physical schema and varTable24; effective source_manifest.json records final fall revisions.
2024,SFA2324,SFA,FLOAN_T,00070486,nces:SFA:00070486:FLOAN_T,FLOAN_T,exact_2023_number_name_relocated,nces:SFA_P:00070486:FLOAN_T,float,Total amount of federal student loans awarded to full-time first-time undergraduates,Total amount of federal student loans awarded to full-time first-time undergraduates,Original IPEDS202425.accdb SHA256 98e9175e54ba719cf7f0bfcc8e043fac4d11babd1b73ba1701ebbdc23e5470f5; exact physical schema and varTable24; effective source_manifest.json records final fall revisions.
2024,SFA2324,SFA,FLOAN_A,00070366,nces:SFA:00070366:FLOAN_A,FLOAN_A__SFA_P__00070366__7359E5980342,exact_2023_number_name_relocated,nces:SFA_P:00070366:FLOAN_A,float,Average amount of federal student loans awarded to full-time first-time undergraduates,Average amount of federal student loans awarded to full-time first-time undergraduates,Original IPEDS202425.accdb SHA256 98e9175e54ba719cf7f0bfcc8e043fac4d11babd1b73ba1701ebbdc23e5470f5; exact physical schema and varTable24; effective source_manifest.json records final fall revisions.
2024,SFA2324,SFA,OLOAN_N,00070371,nces:SFA:00070371:OLOAN_N,OLOAN_N__SFA_P__00070371__998B77A1614F,exact_2023_number_name_relocated,nces:SFA_P:00070371:OLOAN_N,float,Number of full-time first-time undergraduates awarded other student loans,Number of full-time first-time undergraduates awarded other student loans,Original IPEDS202425.accdb SHA256 98e9175e54ba719cf7f0bfcc8e043fac4d11babd1b73ba1701ebbdc23e5470f5; exact physical schema and varTable24; effective source_manifest.json records final fall revisions.
2024,SFA2324,SFA,OLOAN_P,00070376,nces:SFA:00070376:OLOAN_P,OLOAN_P__SFA_P__00070376__5F155D73990C,exact_2023_number_name_relocated,nces:SFA_P:00070376:OLOAN_P,float,Percent of full-time first-time undergraduates awarded other student loans,Percent of full-time first-time undergraduates awarded other student loans,Original IPEDS202425.accdb SHA256 98e9175e54ba719cf7f0bfcc8e043fac4d11babd1b73ba1701ebbdc23e5470f5; exact physical schema and varTable24; effective source_manifest.json records final fall revisions.
2024,SFA2324,SFA,OLOAN_T,00070491,nces:SFA:00070491:OLOAN_T,OLOAN_T,exact_2023_number_name_relocated,nces:SFA_P:00070491:OLOAN_T,float,Total amount of other student loans awarded to full-time first-time undergraduates,Total amount of other student loans awarded to full-time first-time undergraduates,Original IPEDS202425.accdb SHA256 98e9175e54ba719cf7f0bfcc8e043fac4d11babd1b73ba1701ebbdc23e5470f5; exact physical schema and varTable24; effective source_manifest.json records final fall revisions.
2024,SFA2324,SFA,OLOAN_A,00070381,nces:SFA:00070381:OLOAN_A,OLOAN_A__SFA_P__00070381__59C3439C3DDF,exact_2023_number_name_relocated,nces:SFA_P:00070381:OLOAN_A,float,Average amount of other student loans awarded to full-time first-time undergraduates,Average amount of other student loans awarded to full-time first-time undergraduates,Original IPEDS202425.accdb SHA256 98e9175e54ba719cf7f0bfcc8e043fac4d11babd1b73ba1701ebbdc23e5470f5; exact physical schema and varTable24; effective source_manifest.json records final fall revisions.
2024,SFAV2324,SFAV,PARTVT,00072091,nces:SFAV:00072091:PARTVT,PARTVT,new_2024_identity,,categorical string,Participates in the U.S. Department of Veterans Affairs Post-9/11 GI Bill or U.S. Department of Defense Military Tuition Assistance benefit programs ,,Original IPEDS202425.accdb SHA256 98e9175e54ba719cf7f0bfcc8e043fac4d11babd1b73ba1701ebbdc23e5470f5; exact physical schema and varTable24; effective source_manifest.json records final fall revisions.
2024,SFAV2324,SFAV,PO9,00072092,nces:SFAV:00072092:PO9,PO9,new_2024_identity,,categorical string,Participates in U.S. Department of Veterans Affairs Post-9/11 GI Bill,,Original IPEDS202425.accdb SHA256 98e9175e54ba719cf7f0bfcc8e043fac4d11babd1b73ba1701ebbdc23e5470f5; exact physical schema and varTable24; effective source_manifest.json records final fall revisions.
2024,SFAV2324,SFAV,DOD,00072093,nces:SFAV:00072093:DOD,DOD,new_2024_identity,,categorical string,Participates in U.S. Department of Defense Military Tuition Assistance ,,Original IPEDS202425.accdb SHA256 98e9175e54ba719cf7f0bfcc8e043fac4d11babd1b73ba1701ebbdc23e5470f5; exact physical schema and varTable24; effective source_manifest.json records final fall revisions.
2024,SFAV2324,SFAV,UGPO9_N,00072001,nces:SFAV:00072001:UGPO9_N,UGPO9_N,same_source_variable_identity,nces:SFAV:00072001:UGPO9_N,float,Number receiving Post-9/11 GI Bill Benefits - undergraduate students,Number receiving Post-9/11 GI Bill Benefits - undergraduate students,Original IPEDS202425.accdb SHA256 98e9175e54ba719cf7f0bfcc8e043fac4d11babd1b73ba1701ebbdc23e5470f5; exact physical schema and varTable24; effective source_manifest.json records final fall revisions.
2024,SFAV2324,SFAV,UGPO9_T,00072006,nces:SFAV:00072006:UGPO9_T,UGPO9_T,same_source_variable_identity,nces:SFAV:00072006:UGPO9_T,float,Total amount of Post-9/11 GI Bill Benefits awarded - undergraduate students,Total amount of Post-9/11 GI Bill Benefits awarded - undergraduate students,Original IPEDS202425.accdb SHA256 98e9175e54ba719cf7f0bfcc8e043fac4d11babd1b73ba1701ebbdc23e5470f5; exact physical schema and varTable24; effective source_manifest.json records final fall revisions.
2024,SFAV2324,SFAV,UGPO9_A,00072011,nces:SFAV:00072011:UGPO9_A,UGPO9_A,same_source_variable_identity,nces:SFAV:00072011:UGPO9_A,float,Average amount of Post-9/11 GI Bill Benefits awarded - undergraduate students,Average amount of Post-9/11 GI Bill Benefits awarded - undergraduate students,Original IPEDS202425.accdb SHA256 98e9175e54ba719cf7f0bfcc8e043fac4d11babd1b73ba1701ebbdc23e5470f5; exact physical schema and varTable24; effective source_manifest.json records final fall revisions.
2024,SFAV2324,SFAV,GPO9_N,00072016,nces:SFAV:00072016:GPO9_N,GPO9_N,same_source_variable_identity,nces:SFAV:00072016:GPO9_N,float,Number receiving Post-9/11 GI Bill Benefits - graduate students,Number receiving Post-9/11 GI Bill Benefits - graduate students,Original IPEDS202425.accdb SHA256 98e9175e54ba719cf7f0bfcc8e043fac4d11babd1b73ba1701ebbdc23e5470f5; exact physical schema and varTable24; effective source_manifest.json records final fall revisions.
2024,SFAV2324,SFAV,GPO9_T,00072021,nces:SFAV:00072021:GPO9_T,GPO9_T,same_source_variable_identity,nces:SFAV:00072021:GPO9_T,float,Total amount of Post-9/11 GI Bill Benefits awarded - graduate students,Total amount of Post-9/11 GI Bill Benefits awarded - graduate students,Original IPEDS202425.accdb SHA256 98e9175e54ba719cf7f0bfcc8e043fac4d11babd1b73ba1701ebbdc23e5470f5; exact physical schema and varTable24; effective source_manifest.json records final fall revisions.
2024,SFAV2324,SFAV,GPO9_A,00072026,nces:SFAV:00072026:GPO9_A,GPO9_A,same_source_variable_identity,nces:SFAV:00072026:GPO9_A,float,Average amount of Post-9/11 GI Bill Benefits awarded - graduate students,Average amount of Post-9/11 GI Bill Benefits awarded - graduate students,Original IPEDS202425.accdb SHA256 98e9175e54ba719cf7f0bfcc8e043fac4d11babd1b73ba1701ebbdc23e5470f5; exact physical schema and varTable24; effective source_manifest.json records final fall revisions.
2024,SFAV2324,SFAV,PO9_N,00072031,nces:SFAV:00072031:PO9_N,PO9_N,same_source_variable_identity,nces:SFAV:00072031:PO9_N,float,Number receiving Post-9/11 GI Bill Benefits - all students,Number receiving Post-9/11 GI Bill Benefits - all students,Original IPEDS202425.accdb SHA256 98e9175e54ba719cf7f0bfcc8e043fac4d11babd1b73ba1701ebbdc23e5470f5; exact physical schema and varTable24; effective source_manifest.json records final fall revisions.
2024,SFAV2324,SFAV,PO9_T,00072036,nces:SFAV:00072036:PO9_T,PO9_T,same_source_variable_identity,nces:SFAV:00072036:PO9_T,float,Total amount of Post-9/11 GI Bill Benefits awarded - all students,Total amount of Post-9/11 GI Bill Benefits awarded - all students,Original IPEDS202425.accdb SHA256 98e9175e54ba719cf7f0bfcc8e043fac4d11babd1b73ba1701ebbdc23e5470f5; exact physical schema and varTable24; effective source_manifest.json records final fall revisions.
2024,SFAV2324,SFAV,PO9_A,00072041,nces:SFAV:00072041:PO9_A,PO9_A,same_source_variable_identity,nces:SFAV:00072041:PO9_A,float,Average amount of Post-9/11 GI Bill Benefits awarded - all students,Average amount of Post-9/11 GI Bill Benefits awarded - all students,Original IPEDS202425.accdb SHA256 98e9175e54ba719cf7f0bfcc8e043fac4d11babd1b73ba1701ebbdc23e5470f5; exact physical schema and varTable24; effective source_manifest.json records final fall revisions.
2024,SFAV2324,SFAV,UGDOD_N,00072046,nces:SFAV:00072046:UGDOD_N,UGDOD_N,same_source_variable_identity,nces:SFAV:00072046:UGDOD_N,float,Number receiving Department of Defense Tuition Assistance Program benefits - undergraduate students,Number receiving Department of Defense Tuition Assistance Program benefits - undergraduate students,Original IPEDS202425.accdb SHA256 98e9175e54ba719cf7f0bfcc8e043fac4d11babd1b73ba1701ebbdc23e5470f5; exact physical schema and varTable24; effective source_manifest.json records final fall revisions.
2024,SFAV2324,SFAV,UGDOD_T,00072051,nces:SFAV:00072051:UGDOD_T,UGDOD_T,same_source_variable_identity,nces:SFAV:00072051:UGDOD_T,float,Total amount of Department of Defense Tuition Assistance Program benefits  awarded - undergraduate students,Total amount of Department of Defense Tuition Assistance Program benefits  awarded - undergraduate students,Original IPEDS202425.accdb SHA256 98e9175e54ba719cf7f0bfcc8e043fac4d11babd1b73ba1701ebbdc23e5470f5; exact physical schema and varTable24; effective source_manifest.json records final fall revisions.
2024,SFAV2324,SFAV,UGDOD_A,00072056,nces:SFAV:00072056:UGDOD_A,UGDOD_A,same_source_variable_identity,nces:SFAV:00072056:UGDOD_A,float,Average amount of Department of Defense Tuition Assistance Program benefits awarded- undergraduate students,Average amount of Department of Defense Tuition Assistance Program benefits awarded- undergraduate students,Original IPEDS202425.accdb SHA256 98e9175e54ba719cf7f0bfcc8e043fac4d11babd1b73ba1701ebbdc23e5470f5; exact physical schema and varTable24; effective source_manifest.json records final fall revisions.
2024,SFAV2324,SFAV,GDOD_N,00072061,nces:SFAV:00072061:GDOD_N,GDOD_N,same_source_variable_identity,nces:SFAV:00072061:GDOD_N,float,Number receiving Department of Defense Tuition Assistance Program benefits - graduate students,Number receiving Department of Defense Tuition Assistance Program benefits - graduate students,Original IPEDS202425.accdb SHA256 98e9175e54ba719cf7f0bfcc8e043fac4d11babd1b73ba1701ebbdc23e5470f5; exact physical schema and varTable24; effective source_manifest.json records final fall revisions.
2024,SFAV2324,SFAV,GDOD_T,00072066,nces:SFAV:00072066:GDOD_T,GDOD_T,same_source_variable_identity,nces:SFAV:00072066:GDOD_T,float,Total amount of Department of Defense Tuition Assistance Program benefits awarded - graduate students,Total amount of Department of Defense Tuition Assistance Program benefits awarded - graduate students,Original IPEDS202425.accdb SHA256 98e9175e54ba719cf7f0bfcc8e043fac4d11babd1b73ba1701ebbdc23e5470f5; exact physical schema and varTable24; effective source_manifest.json records final fall revisions.
2024,SFAV2324,SFAV,GDOD_A,00072071,nces:SFAV:00072071:GDOD_A,GDOD_A,same_source_variable_identity,nces:SFAV:00072071:GDOD_A,float,Average amount of Department of Defense Tuition Assistance Program benefits awarded - graduate students,Average amount of Department of Defense Tuition Assistance Program benefits awarded - graduate students,Original IPEDS202425.accdb SHA256 98e9175e54ba719cf7f0bfcc8e043fac4d11babd1b73ba1701ebbdc23e5470f5; exact physical schema and varTable24; effective source_manifest.json records final fall revisions.
2024,SFAV2324,SFAV,DOD_N,00072076,nces:SFAV:00072076:DOD_N,DOD_N,same_source_variable_identity,nces:SFAV:00072076:DOD_N,float,Number receiving Department of Defense Tuition Assistance Program benefits - all students,Number receiving Department of Defense Tuition Assistance Program benefits - all students,Original IPEDS202425.accdb SHA256 98e9175e54ba719cf7f0bfcc8e043fac4d11babd1b73ba1701ebbdc23e5470f5; exact physical schema and varTable24; effective source_manifest.json records final fall revisions.
2024,SFAV2324,SFAV,DOD_T,00072081,nces:SFAV:00072081:DOD_T,DOD_T,same_source_variable_identity,nces:SFAV:00072081:DOD_T,float,Total amount of Department of Defense Tuition Assistance Program benefits awarded - all students,Total amount of Department of Defense Tuition Assistance Program benefits awarded - all students,Original IPEDS202425.accdb SHA256 98e9175e54ba719cf7f0bfcc8e043fac4d11babd1b73ba1701ebbdc23e5470f5; exact physical schema and varTable24; effective source_manifest.json records final fall revisions.
2024,SFAV2324,SFAV,DOD_A,00072086,nces:SFAV:00072086:DOD_A,DOD_A,same_source_variable_identity,nces:SFAV:00072086:DOD_A,float,Average amount of Department of Defense Tuition Assistance Program benefits awarded - all students,Average amount of Department of Defense Tuition Assistance Program benefits awarded - all students,Original IPEDS202425.accdb SHA256 98e9175e54ba719cf7f0bfcc8e043fac4d11babd1b73ba1701ebbdc23e5470f5; exact physical schema and varTable24; effective source_manifest.json records final fall revisions.
