varnumber,raw_varname,varname,declared_table,physical_tables,classification,imputationvar,imputation_flag_tables
10001,INSTNM,INSTNM,HD2024,HD2024,consistent,,
10006,ADDR,ADDR,HD2024,HD2024,consistent,,
10011,CITY,CITY,HD2024,HD2024,consistent,,
10016,STABBR,STABBR,HD2024,HD2024,consistent,,
10021,ZIP,ZIP,HD2024,HD2024,consistent,,
10026,FIPS,FIPS,HD2024,HD2024,consistent,,
10031,OBEREG,OBEREG,HD2024,HD2024,consistent,,
10036,CHFNM,CHFNM,HD2024,HD2024,consistent,,
10041,CHFTITLE,CHFTITLE,HD2024,HD2024,consistent,,
10046,GENTELE,GENTELE,HD2024,HD2024,consistent,,
10053,FAIDURL,FAIDURL,HD2024,HD2024,consistent,,
10058,ADMINURL,ADMINURL,HD2024,HD2024,consistent,,
10059,APPLURL,APPLURL,HD2024,HD2024,consistent,,
10060,DISAURL,DISAURL,HD2024,HD2024,consistent,,
10061,EIN,EIN,HD2024,HD2024,consistent,,
10069,UEIS,UEIS,HD2024,HD2024,consistent,,
10071,OPEID,OPEID,HD2024,HD2024,consistent,,
10076,OPEFLAG,OPEFLAG,HD2024,HD2024,consistent,,
10081,WEBADDR,WEBADDR,HD2024,HD2024,consistent,,
10083,NPRICURL,NPRICURL,HD2024,HD2024,consistent,,
10086,SECTOR,SECTOR,HD2024,CUSTOMCGIDS2024|HD2024,consistent,,
10091,ICLEVEL,ICLEVEL,HD2024,HD2024,consistent,,
10096,CONTROL,CONTROL,HD2024,HD2024,consistent,,
10101,HLOFFER,HLOFFER,HD2024,HD2024,consistent,,
10106,UGOFFER,UGOFFER,HD2024,HD2024,consistent,,
10111,GROFFER,GROFFER,HD2024,HD2024,consistent,,
10122,HDEGOFR1,HDEGOFR1,HD2024,HD2024,consistent,,
10126,DEGGRANT,DEGGRANT,HD2024,HD2024,consistent,,
10151,HBCU,HBCU,HD2024,HD2024,consistent,,
10156,HOSPITAL,HOSPITAL,HD2024,HD2024,consistent,,
10161,MEDICAL,MEDICAL,HD2024,HD2024,consistent,,
10166,TRIBAL,TRIBAL,HD2024,HD2024,consistent,,
10176,LOCALE,LOCALE,HD2024,HD2024,consistent,,
10181,OPENPUBL,OPENPUBL,HD2024,HD2024,consistent,,
10186,ACT,ACT,HD2024,HD2024,consistent,,
10191,NEWID,NEWID,HD2024,HD2024,consistent,,
10196,DEATHYR,DEATHYR,HD2024,HD2024,consistent,,
10201,CLOSEDAT,CLOSEDAT,HD2024,HD2024,consistent,,
10206,CYACTIVE,CYACTIVE,HD2024,CUSTOMCGIDS2024|HD2024,consistent,,
10211,POSTSEC,POSTSEC,HD2024,HD2024,consistent,,
10216,PSEFLAG,PSEFLAG,HD2024,HD2024,consistent,,
10221,PSET4FLG,PSET4FLG,HD2024,HD2024,consistent,,
10231,STAT_IC,STAT_IC,FLAGS2024,FLAGS2024,consistent,,
10236,LOCK_IC,LOCK_IC,FLAGS2024,FLAGS2024,consistent,,
10300,C00CARNEGIE,C00CARNEGIE,HD2024,HD2024,consistent,,
10305,CARNEGIEIC,CARNEGIEIC,HD2024,HD2024,consistent,,
10310,CARNEGIESAEC,CARNEGIESAEC,HD2024,HD2024,consistent,,
10315,CARNEGIESIZE,CARNEGIESIZE,HD2024,HD2024,consistent,,
10320,CARNEGIEALF,CARNEGIEALF,HD2024,HD2024,consistent,,
10325,CARNEGIEAPM,CARNEGIEAPM,HD2024,HD2024,consistent,,
10330,CARNEGIEGPM,CARNEGIEGPM,HD2024,HD2024,consistent,,
10331,CARNEGIERSCH,CARNEGIERSCH,HD2024,HD2024,consistent,,
10361,PEO1ISTR,PEO1ISTR,IC2024,IC2024,consistent,,
10366,PEO2ISTR,PEO2ISTR,IC2024,IC2024,consistent,,
10371,PEO3ISTR,PEO3ISTR,IC2024,IC2024,consistent,,
10376,PEO4ISTR,PEO4ISTR,IC2024,IC2024,consistent,,
10381,PEO5ISTR,PEO5ISTR,IC2024,IC2024,consistent,,
10386,PEO6ISTR,PEO6ISTR,IC2024,IC2024,consistent,,
10388,PEO7ISTR,PEO7ISTR,IC2024,IC2024,consistent,,
10391,CNTLAFFI,CNTLAFFI,IC2024,IC2024,consistent,,
10396,PUBPRIME,PUBPRIME,IC2024,IC2024,consistent,,
10401,PUBSECON,PUBSECON,IC2024,IC2024,consistent,,
10406,RELAFFIL,RELAFFIL,IC2024,IC2024,consistent,,
10411,LEVEL1,LEVEL1,IC2024,IC2024,consistent,,
10412,LEVEL1A,LEVEL1A,IC2024,IC2024,consistent,,
10413,LEVEL1B,LEVEL1B,IC2024,IC2024,consistent,,
10416,LEVEL2,LEVEL2,IC2024,IC2024,consistent,,
10421,LEVEL3,LEVEL3,IC2024,IC2024,consistent,,
10426,LEVEL4,LEVEL4,IC2024,IC2024,consistent,,
10431,LEVEL5,LEVEL5,IC2024,IC2024,consistent,,
10436,LEVEL6,LEVEL6,IC2024,IC2024,consistent,,
10441,LEVEL7,LEVEL7,IC2024,IC2024,consistent,,
10446,LEVEL8,LEVEL8,IC2024,IC2024,consistent,,
10452,LEVEL17,LEVEL17,IC2024,IC2024,consistent,,
10453,LEVEL18,LEVEL18,IC2024,IC2024,consistent,,
10454,LEVEL19,LEVEL19,IC2024,IC2024,consistent,,
10466,LEVEL12,LEVEL12,IC2024,IC2024,consistent,,
10516,OPENADMP,OPENADMP,IC2024,IC2024,consistent,,
10517,STAT_ADM,STAT_ADM,FLAGS2024,FLAGS2024,consistent,,
10518,LOCK_ADM,LOCK_ADM,FLAGS2024,FLAGS2024,consistent,,
10519,IMP_ADM,IMP_ADM,FLAGS2024,FLAGS2024,consistent,,
10521,ADMCON1,ADMCON1,ADM2024,ADM2024,consistent,,
10526,ADMCON2,ADMCON2,ADM2024,ADM2024,consistent,,
10531,ADMCON3,ADMCON3,ADM2024,ADM2024,consistent,,
10536,ADMCON4,ADMCON4,ADM2024,ADM2024,consistent,,
10541,ADMCON5,ADMCON5,ADM2024,ADM2024,consistent,,
10546,ADMCON6,ADMCON6,ADM2024,ADM2024,consistent,,
10548,ADMCON10,ADMCON10,ADM2024,ADM2024,consistent,,
10549,ADMCON11,ADMCON11,ADM2024,ADM2024,consistent,,
10550,ADMCON12,ADMCON12,ADM2024,ADM2024,consistent,,
10551,ADMCON7,ADMCON7,ADM2024,ADM2024,consistent,,
10556,ADMCON8,ADMCON8,ADM2024,ADM2024,consistent,,
10559,ADMCON9,ADMCON9,ADM2024,ADM2024,consistent,,
10566,APPLCNM,APPLCNM,ADM2024,ADM2024,consistent,XAPPLCNM,
10571,APPLCNW,APPLCNW,ADM2024,ADM2024,consistent,XAPPLCNW,
10573,APPLCNAN,APPLCNAN,ADM2024,ADM2024,consistent,XAPPLCNAN,
10574,APPLCNUN,APPLCNUN,ADM2024,ADM2024,consistent,XAPPLCNUN,
10576,ADMSSNM,ADMSSNM,ADM2024,ADM2024,consistent,XADMSSNM,
10578,DVADM02,DVADM02,DRVADM2024,DRVADM2024,consistent,,
10581,ADMSSNW,ADMSSNW,ADM2024,ADM2024,consistent,XADMSSNW,
10583,DVADM03,DVADM03,DRVADM2024,DRVADM2024,consistent,,
10584,ADMSSNAN,ADMSSNAN,ADM2024,ADM2024,consistent,XADMSSNAN,
10585,ADMSSNUN,ADMSSNUN,ADM2024,ADM2024,consistent,XADMSSNUN,
10586,ENRLFTM,ENRLFTM,ADM2024,ADM2024,consistent,XENRLFTM,
10588,DVADM08,DVADM08,DRVADM2024,DRVADM2024,consistent,,
10591,ENRLFTW,ENRLFTW,ADM2024,ADM2024,consistent,XENRLFTW,
10593,DVADM09,DVADM09,DRVADM2024,DRVADM2024,consistent,,
10594,ENRLFTAN,ENRLFTAN,ADM2024,ADM2024,consistent,XENRLFTAN,
10595,ENRLFTUN,ENRLFTUN,ADM2024,ADM2024,consistent,XENRLFTUN,
10596,ENRLPTM,ENRLPTM,ADM2024,ADM2024,consistent,XENRLPTM,
10598,DVADM11,DVADM11,DRVADM2024,DRVADM2024,consistent,,
10601,ENRLPTW,ENRLPTW,ADM2024,ADM2024,consistent,XENRLPTW,
10603,DVADM12,DVADM12,DRVADM2024,DRVADM2024,consistent,,
10604,ENRLPTAN,ENRLPTAN,ADM2024,ADM2024,consistent,XENRLPTAN,
10605,ENRLPTUN,ENRLPTUN,ADM2024,ADM2024,consistent,XENRLPTUN,
10611,SATNUM,SATNUM,ADM2024,ADM2024,consistent,XSATNUM,
10616,SATPCT,SATPCT,ADM2024,ADM2024,consistent,XSATPCT,
10621,ACTNUM,ACTNUM,ADM2024,ADM2024,consistent,XACTNUM,
10626,ACTPCT,ACTPCT,ADM2024,ADM2024,consistent,XACTPCT,
10631,SATVR25,SATVR25,ADM2024,ADM2024,consistent,XSATVR25,
10633,SATVR50,SATVR50,ADM2024,ADM2024,consistent,XSATVR50,
10636,SATVR75,SATVR75,ADM2024,ADM2024,consistent,XSATVR75,
10641,SATMT25,SATMT25,ADM2024,ADM2024,consistent,XSATMT25,
10642,SATMT50,SATMT50,ADM2024,ADM2024,consistent,XSATMT50,
10646,SATMT75,SATMT75,ADM2024,ADM2024,consistent,XSATMT75,
10651,ACTCM25,ACTCM25,ADM2024,ADM2024,consistent,XACTCM25,
10653,ACTCM50,ACTCM50,ADM2024,ADM2024,consistent,XACTCM50,
10656,ACTCM75,ACTCM75,ADM2024,ADM2024,consistent,XACTCM75,
10661,ACTEN25,ACTEN25,ADM2024,ADM2024,consistent,XACTEN25,
10663,ACTEN50,ACTEN50,ADM2024,ADM2024,consistent,XACTEN50,
10666,ACTEN75,ACTEN75,ADM2024,ADM2024,consistent,XACTEN75,
10671,ACTMT25,ACTMT25,ADM2024,ADM2024,consistent,XACTMT25,
10673,ACTMT50,ACTMT50,ADM2024,ADM2024,consistent,XACTMT50,
10676,ACTMT75,ACTMT75,ADM2024,ADM2024,consistent,XACTMT75,
10686,CREDITS2,CREDITS2,IC2024,IC2024,consistent,,
10691,CREDITS3,CREDITS3,IC2024,IC2024,consistent,,
10696,CREDITS4,CREDITS4,IC2024,IC2024,consistent,,
10721,SLO5,SLO5,IC2024,IC2024,consistent,,
10726,SLO51,SLO51,IC2024,IC2024,consistent,,
10731,SLO52,SLO52,IC2024,IC2024,consistent,,
10733,SLO521,SLO521,IC2024,IC2024,consistent,,
10736,SLO53,SLO53,IC2024,IC2024,consistent,,
10741,SLO6,SLO6,IC2024,IC2024,consistent,,
10746,SLO7,SLO7,IC2024,IC2024,consistent,,
10749,SLOA,SLOA,IC2024,IC2024,consistent,,
10751,SLO8,SLO8,IC2024,IC2024,consistent,,
10756,SLO81,SLO81,IC2024,IC2024,consistent,,
10761,SLO82,SLO82,IC2024,IC2024,consistent,,
10766,SLO83,SLO83,IC2024,IC2024,consistent,,
10769,SLOB,SLOB,IC2024,IC2024,consistent,,
10771,SLO9,SLO9,IC2024,IC2024,consistent,,
10776,YRSCOLL,YRSCOLL,IC2024,IC2024,consistent,,
10786,STUSRV2,STUSRV2,IC2024,IC2024,consistent,,
10791,STUSRV3,STUSRV3,IC2024,IC2024,consistent,,
10796,STUSRV4,STUSRV4,IC2024,IC2024,consistent,,
10801,STUSRV8,STUSRV8,IC2024,IC2024,consistent,,
10806,STUSRV9,STUSRV9,IC2024,IC2024,consistent,,
10816,ATHASSOC,ATHASSOC,IC2024,IC2024,consistent,,
10821,ASSOC1,ASSOC1,IC2024,IC2024,consistent,,
10826,ASSOC2,ASSOC2,IC2024,IC2024,consistent,,
10831,ASSOC3,ASSOC3,IC2024,IC2024,consistent,,
10836,ASSOC4,ASSOC4,IC2024,IC2024,consistent,,
10841,ASSOC5,ASSOC5,IC2024,IC2024,consistent,,
10846,ASSOC6,ASSOC6,IC2024,IC2024,consistent,,
10851,SPORT1,SPORT1,IC2024,IC2024,consistent,,
10856,CONFNO1,CONFNO1,IC2024,IC2024,consistent,,
10861,SPORT2,SPORT2,IC2024,IC2024,consistent,,
10866,CONFNO2,CONFNO2,IC2024,IC2024,consistent,,
10871,SPORT3,SPORT3,IC2024,IC2024,consistent,,
10876,CONFNO3,CONFNO3,IC2024,IC2024,consistent,,
10881,SPORT4,SPORT4,IC2024,IC2024,consistent,,
10886,CONFNO4,CONFNO4,IC2024,IC2024,consistent,,
10901,CALSYS,CALSYS,IC2024,IC2024,consistent,,
10911,APPLFEEU,APPLFEEU,COST1_2024,COST1_2024,consistent,XAPPFEEU,
10916,APPLFEEG,APPLFEEG,COST1_2024,COST1_2024,consistent,XAPPFEEG,
10926,FT_UG,FT_UG,IC2024,IC2024,consistent,,
10931,FT_FTUG,FT_FTUG,IC2024,IC2024,consistent,,
10946,PT_UG,PT_UG,IC2024,IC2024,consistent,,
10951,PT_FTUG,PT_FTUG,IC2024,IC2024,consistent,,
10961,TUITVARY,TUITVARY,COST1_2024,COST1_2024,consistent,,
10966,ROOM,ROOM,COST1_2024,COST1_2024,consistent,,
10971,ROOMCAP,ROOMCAP,COST1_2024,COST1_2024,consistent,XROOMCAP,
10976,BOARD,BOARD,COST1_2024,COST1_2024,consistent,,
10981,MEALSWK,MEALSWK,COST1_2024,COST1_2024,consistent,XMEALSWK,
10986,ROOMAMT,ROOMAMT,COST1_2024,COST1_2024,consistent,XROOMAMT,
11636,TUITION2,TUITION2,COST1_2024,COST1_2024,consistent,XTUIT2,
11641,FEE2,FEE2,COST1_2024,COST1_2024,consistent,XFEE2,
11646,HRCHG2,HRCHG2,COST1_2024,COST1_2024,consistent,XHRCHG2,
11656,TUITION3,TUITION3,COST1_2024,COST1_2024,consistent,XTUIT3,
11970,CHG2FGTD,CHG2FGTD,COST1_2024,COST1_2024,consistent,,
11971,chg3ay1,CHG3AY1,COST1_2024,COST1_2024,consistent,Xchg3ay1,
11972,chg3at1,CHG3AT1,COST1_2024,COST1_2024,consistent,Xchg3at1,
11973,chg3af1,CHG3AF1,COST1_2024,COST1_2024,consistent,Xchg3af1,
16246,CHG10AY2,CHG10AY2,COST1_2024,COST1_2024,consistent,XCHG10AY2,
16251,CHG10AY3,CHG10AY3,COST1_2024,COST1_2024,consistent,XCHG10AY3,
16256,CHG10PY0,CHG10PY0,COST1_2024,COST1_2024,consistent,XCHG10PY0,
16261,CHG10PY1,CHG10PY1,COST1_2024,COST1_2024,consistent,XCHG10PY1,
33481,PCERT1BDES,PCERT1BDES,C2024DEP,C2024DEP,consistent,,
35000,CIPCODE,CIPCODE,C2024_A,C2024DEP|EF2024CP|C2024_A,consistent,,
35005,AWLEVEL,AWLEVEL,C2024_A,C2024_A,consistent,,
35010,CSGUUGUN,CSGUUGUN,C2024_B,C2024_B,consistent,XCSGUUGU,
52232,HRAIANT,HRAIANT,S2024_NH,S2024_IS|S2024_NH|S2024_OC,consistent,XHRAIANT,
52234,HRAIANM,HRAIANM,S2024_NH,S2024_IS|S2024_NH|S2024_OC,consistent,XHRAIANM,
52236,HRAIANW,HRAIANW,S2024_NH,S2024_IS|S2024_NH|S2024_OC,consistent,XHRAIANW,
52238,HRASIAT,HRASIAT,S2024_NH,S2024_IS|S2024_NH|S2024_OC,consistent,XHRASIAT,
65381,F2D172,F2D172,F2324_F2,F2324_F2,consistent,XF2D172,
65386,F2D173,F2D173,F2324_F2,F2324_F2,consistent,XF2D173,
65387,F2D174,F2D174,F2324_F2,F2324_F2,consistent,XF2D174,
65390,F2D18,F2D18,F2324_F2,F2324_F2,consistent,XF2D18,
65391,F2D182,F2D182,F2324_F2,F2324_F2,consistent,XF2D182,
65396,F2D183,F2D183,F2324_F2,F2324_F2,consistent,XF2D183,
65401,F2D184,F2D184,F2324_F2,F2324_F2,consistent,XF2D184,
66101,F1CORREV,F1CORREV,DRVF2024,DRVF2024,consistent,,
66104,F1TUFEPC,F1TUFEPC,DRVF2024,DRVF2024,consistent,,
66107,F1STAPPC,F1STAPPC,DRVF2024,DRVF2024,consistent,,
10991,BOARDAMT,BOARDAMT,COST1_2024,COST1_2024,consistent,XBORDAMT,
10996,RMBRDAMT,RMBRDAMT,COST1_2024,COST1_2024,consistent,XRMBDAMT,
11001,ENRLM,ENRLM,ADM2024,ADM2024,consistent,XENRLM,
11003,DVADM05,DVADM05,DRVADM2024,DRVADM2024,consistent,,
11006,ENRLW,ENRLW,ADM2024,ADM2024,consistent,XENRLW,
11008,DVADM06,DVADM06,DRVADM2024,DRVADM2024,consistent,,
11009,ENRLAN,ENRLAN,ADM2024,ADM2024,consistent,XENRLAN,
11010,ENRLUN,ENRLUN,ADM2024,ADM2024,consistent,XENRLUN,
11011,ENRLT,ENRLT,ADM2024,ADM2024,consistent,XENRLT,
11013,DVADM04,DVADM04,DRVADM2024,DRVADM2024,consistent,,
11016,APPLCN,APPLCN,ADM2024,ADM2024,consistent,XAPPLCN,
11021,ADMSSN,ADMSSN,ADM2024,ADM2024,consistent,XADMSSN,
11023,DVADM01,DVADM01,DRVADM2024,DRVADM2024,consistent,,
11026,ENRLFT,ENRLFT,ADM2024,ADM2024,consistent,XENRLFT,
11028,DVADM07,DVADM07,DRVADM2024,DRVADM2024,consistent,,
11031,ENRLPT,ENRLPT,ADM2024,ADM2024,consistent,XENRLPT,
11033,DVADM10,DVADM10,DRVADM2024,DRVADM2024,consistent,,
11136,MISSIONURL,MISSIONURL,IC2024MISSION,IC2024MISSION,consistent,,
11141,MISSION,MISSION,IC2024MISSION,IC2024MISSION,consistent,,
11246,PRGMOFR,PRGMOFR,COST1_2024,COST1_2024,consistent,,
11256,CIPCODE1,CIPCODE1,COST1_2024,COST1_2024,consistent,,
11261,CIPLGTH1,CIPLGTH1,COST1_2024,COST1_2024,consistent,XCIPLGT1,
11262,PRGMSR1,PRGMSR1,COST1_2024,COST1_2024,consistent,,
11263,MTHCMP1,MTHCMP1,COST1_2024,COST1_2024,consistent,XMTHCMP1,
11265,chg1py0,CHG1PY0,COST1_2024,COST1_2024,consistent,Xchg1py0,
11266,chg1py1,CHG1PY1,COST1_2024,COST1_2024,consistent,Xchg1py1,
11271,chg1py2,CHG1PY2,COST1_2024,COST1_2024,consistent,Xchg1py2,
11280,chg4py0,CHG4PY0,COST1_2024,COST1_2024,consistent,Xchg4py0,
11281,chg4py1,CHG4PY1,COST1_2024,COST1_2024,consistent,Xchg4py1,
11286,chg4py2,CHG4PY2,COST1_2024,COST1_2024,consistent,Xchg4py2,
11294,chg5py0,CHG5PY0,COST1_2024,COST1_2024,consistent,xchg5py0,
11296,chg5py1,CHG5PY1,COST1_2024,COST1_2024,consistent,Xchg5py1,
11301,chg5py2,CHG5PY2,COST1_2024,COST1_2024,consistent,Xchg5py2,
11306,chg5py3,CHG5PY3,COST1_2024,COST1_2024,consistent,Xchg5py3,
11309,chg6py0,CHG6PY0,COST1_2024,COST1_2024,consistent,xchg6py0,
11311,chg6py1,CHG6PY1,COST1_2024,COST1_2024,consistent,Xchg6py1,
11316,chg6py2,CHG6PY2,COST1_2024,COST1_2024,consistent,Xchg6py2,
11321,chg6py3,CHG6PY3,COST1_2024,COST1_2024,consistent,Xchg6py3,
11324,chg7py0,CHG7PY0,COST1_2024,COST1_2024,consistent,xchg7py0,
11326,chg7py1,CHG7PY1,COST1_2024,COST1_2024,consistent,Xchg7py1,
11331,chg7py2,CHG7PY2,COST1_2024,COST1_2024,consistent,Xchg7py2,
11336,chg7py3,CHG7PY3,COST1_2024,COST1_2024,consistent,Xchg7py3,
11339,chg8py0,CHG8PY0,COST1_2024,COST1_2024,consistent,xchg8py0,
11341,chg8py1,CHG8PY1,COST1_2024,COST1_2024,consistent,Xchg8py1,
11346,chg8py2,CHG8PY2,COST1_2024,COST1_2024,consistent,Xchg8py2,
11351,chg8py3,CHG8PY3,COST1_2024,COST1_2024,consistent,Xchg8py3,
11354,chg9py0,CHG9PY0,COST1_2024,COST1_2024,consistent,Xchg9py0,
11356,chg9py1,CHG9PY1,COST1_2024,COST1_2024,consistent,Xchg9py1,
11361,chg9py2,CHG9PY2,COST1_2024,COST1_2024,consistent,Xchg9py2,
11366,chg9py3,CHG9PY3,COST1_2024,COST1_2024,consistent,Xchg9py3,
11368,CIPTUIT1,CIPTUIT1,COST1_2024,COST1_2024,consistent,XCIPTUI1,
11369,CIPSUPP1,CIPSUPP1,COST1_2024,COST1_2024,consistent,XCIPSUP1,
11371,CIPCODE2,CIPCODE2,COST1_2024,COST1_2024,consistent,,
11376,CIPTUIT2,CIPTUIT2,COST1_2024,COST1_2024,consistent,XCIPTUI2,
11381,CIPSUPP2,CIPSUPP2,COST1_2024,COST1_2024,consistent,XCIPSUP2,
11386,CIPLGTH2,CIPLGTH2,COST1_2024,COST1_2024,consistent,XCIPLGT2,
11388,PRGMSR2,PRGMSR2,COST1_2024,COST1_2024,consistent,,
11389,MTHCMP2,MTHCMP2,COST1_2024,COST1_2024,consistent,XMTHCMP2,
11391,CIPCODE3,CIPCODE3,COST1_2024,COST1_2024,consistent,,
11396,CIPTUIT3,CIPTUIT3,COST1_2024,COST1_2024,consistent,XCIPTUI3,
11401,CIPSUPP3,CIPSUPP3,COST1_2024,COST1_2024,consistent,XCIPSUP3,
11406,CIPLGTH3,CIPLGTH3,COST1_2024,COST1_2024,consistent,XCIPLGT3,
11408,PRGMSR3,PRGMSR3,COST1_2024,COST1_2024,consistent,,
11409,MTHCMP3,MTHCMP3,COST1_2024,COST1_2024,consistent,XMTHCMP3,
11411,CIPCODE4,CIPCODE4,COST1_2024,COST1_2024,consistent,,
11416,CIPTUIT4,CIPTUIT4,COST1_2024,COST1_2024,consistent,XCIPTUI4,
11421,CIPSUPP4,CIPSUPP4,COST1_2024,COST1_2024,consistent,XCIPSUP4,
11426,CIPLGTH4,CIPLGTH4,COST1_2024,COST1_2024,consistent,XCIPLGT4,
11428,PRGMSR4,PRGMSR4,COST1_2024,COST1_2024,consistent,,
11429,MTHCMP4,MTHCMP4,COST1_2024,COST1_2024,consistent,XMTHCMP4,
11431,CIPCODE5,CIPCODE5,COST1_2024,COST1_2024,consistent,,
11436,CIPTUIT5,CIPTUIT5,COST1_2024,COST1_2024,consistent,XCIPTUI5,
11441,CIPSUPP5,CIPSUPP5,COST1_2024,COST1_2024,consistent,XCIPSUP5,
11446,CIPLGTH5,CIPLGTH5,COST1_2024,COST1_2024,consistent,XCIPLGT5,
11448,PRGMSR5,PRGMSR5,COST1_2024,COST1_2024,consistent,,
11449,MTHCMP5,MTHCMP5,COST1_2024,COST1_2024,consistent,XMTHCMP5,
11451,CIPCODE6,CIPCODE6,COST1_2024,COST1_2024,consistent,,
11456,CIPTUIT6,CIPTUIT6,COST1_2024,COST1_2024,consistent,XCIPTUI6,
11461,CIPSUPP6,CIPSUPP6,COST1_2024,COST1_2024,consistent,XCIPSUP6,
11466,CIPLGTH6,CIPLGTH6,COST1_2024,COST1_2024,consistent,XCIPLGT6,
11468,PRGMSR6,PRGMSR6,COST1_2024,COST1_2024,consistent,,
11469,MTHCMP6,MTHCMP6,COST1_2024,COST1_2024,consistent,XMTHCMP6,
11471,WKCMP1,WKCMP1,COST1_2024,COST1_2024,consistent,XWKCMP1,
11476,LNAYHR1,LNAYHR1,COST1_2024,COST1_2024,consistent,XLNAYHR1,
11481,LNAYWK1,LNAYWK1,COST1_2024,COST1_2024,consistent,XLNAYWK1,
11571,CINDON,CINDON,DRVCOST2024,DRVCOST2024,consistent,,
11576,CINSON,CINSON,DRVCOST2024,DRVCOST2024,consistent,,
11581,COTSON,COTSON,DRVCOST2024,DRVCOST2024,consistent,,
11586,CINDOFF,CINDOFF,DRVCOST2024,DRVCOST2024,consistent,,
11591,CINSOFF,CINSOFF,DRVCOST2024,DRVCOST2024,consistent,,
11596,COTSOFF,COTSOFF,DRVCOST2024,DRVCOST2024,consistent,,
11601,CINDFAM,CINDFAM,DRVCOST2024,DRVCOST2024,consistent,,
11606,CINSFAM,CINSFAM,DRVCOST2024,DRVCOST2024,consistent,,
11611,COTSFAM,COTSFAM,DRVCOST2024,DRVCOST2024,consistent,,
11616,TUITION1,TUITION1,COST1_2024,COST1_2024,consistent,XTUIT1,
11621,FEE1,FEE1,COST1_2024,COST1_2024,consistent,XFEE1,
11626,HRCHG1,HRCHG1,COST1_2024,COST1_2024,consistent,XHRCHG1,
11661,FEE3,FEE3,COST1_2024,COST1_2024,consistent,XFEE3,
11666,HRCHG3,HRCHG3,COST1_2024,COST1_2024,consistent,XHRCHG3,
11676,TUITION5,TUITION5,COST1_2024,COST1_2024,consistent,XTUIT5,
11681,FEE5,FEE5,COST1_2024,COST1_2024,consistent,XFEE5,
11686,HRCHG5,HRCHG5,COST1_2024,COST1_2024,consistent,XHRCHG5,
11691,TUITION6,TUITION6,COST1_2024,COST1_2024,consistent,XTUIT6,
11696,FEE6,FEE6,COST1_2024,COST1_2024,consistent,XFEE6,
11701,HRCHG6,HRCHG6,COST1_2024,COST1_2024,consistent,XHRCHG6,
11706,TUITION7,TUITION7,COST1_2024,COST1_2024,consistent,XTUIT7,
11711,FEE7,FEE7,COST1_2024,COST1_2024,consistent,XFEE7,
11716,HRCHG7,HRCHG7,COST1_2024,COST1_2024,consistent,XHRCHG7,
11721,ISPROF1,ISPROF1,COST1_2024,COST1_2024,consistent,XISPRO1,
11726,ISPFEE1,ISPFEE1,COST1_2024,COST1_2024,consistent,XISPFE1,
11731,OSPROF1,OSPROF1,COST1_2024,COST1_2024,consistent,XOSPRO1,
11736,OSPFEE1,OSPFEE1,COST1_2024,COST1_2024,consistent,XOSPFE1,
11741,ISPROF2,ISPROF2,COST1_2024,COST1_2024,consistent,XISPRO2,
11746,ISPFEE2,ISPFEE2,COST1_2024,COST1_2024,consistent,XISPFE2,
11751,OSPROF2,OSPROF2,COST1_2024,COST1_2024,consistent,XOSPRO2,
11756,OSPFEE2,OSPFEE2,COST1_2024,COST1_2024,consistent,XOSPFE2,
11761,ISPROF3,ISPROF3,COST1_2024,COST1_2024,consistent,XISPRO3,
11766,ISPFEE3,ISPFEE3,COST1_2024,COST1_2024,consistent,XISPFE3,
11771,OSPROF3,OSPROF3,COST1_2024,COST1_2024,consistent,XOSPRO3,
11776,OSPFEE3,OSPFEE3,COST1_2024,COST1_2024,consistent,XOSPFE3,
11781,ISPROF4,ISPROF4,COST1_2024,COST1_2024,consistent,XISPRO4,
11786,ISPFEE4,ISPFEE4,COST1_2024,COST1_2024,consistent,XISPFE4,
11791,OSPROF4,OSPROF4,COST1_2024,COST1_2024,consistent,XOSPRO4,
11796,OSPFEE4,OSPFEE4,COST1_2024,COST1_2024,consistent,XOSPFE4,
11801,ISPROF5,ISPROF5,COST1_2024,COST1_2024,consistent,XISPRO5,
11806,ISPFEE5,ISPFEE5,COST1_2024,COST1_2024,consistent,XISPFE5,
11811,OSPROF5,OSPROF5,COST1_2024,COST1_2024,consistent,XOSPRO5,
11816,OSPFEE5,OSPFEE5,COST1_2024,COST1_2024,consistent,XOSPFE5,
11821,ISPROF6,ISPROF6,COST1_2024,COST1_2024,consistent,XISPRO6,
11826,ISPFEE6,ISPFEE6,COST1_2024,COST1_2024,consistent,XISPFE6,
11831,OSPROF6,OSPROF6,COST1_2024,COST1_2024,consistent,XOSPRO6,
11836,OSPFEE6,OSPFEE6,COST1_2024,COST1_2024,consistent,XOSPFE6,
11841,ISPROF7,ISPROF7,COST1_2024,COST1_2024,consistent,XISPRO7,
11846,ISPFEE7,ISPFEE7,COST1_2024,COST1_2024,consistent,XISPFE7,
11851,OSPROF7,OSPROF7,COST1_2024,COST1_2024,consistent,XOSPRO7,
11856,OSPFEE7,OSPFEE7,COST1_2024,COST1_2024,consistent,XOSPFE7,
11861,ISPROF8,ISPROF8,COST1_2024,COST1_2024,consistent,XISPRO8,
11866,ISPFEE8,ISPFEE8,COST1_2024,COST1_2024,consistent,XISPFE8,
11871,OSPROF8,OSPROF8,COST1_2024,COST1_2024,consistent,XOSPRO8,
11876,OSPFEE8,OSPFEE8,COST1_2024,COST1_2024,consistent,XOSPFE8,
11881,ISPROF9,ISPROF9,COST1_2024,COST1_2024,consistent,XISPRO9,
11886,ISPFEE9,ISPFEE9,COST1_2024,COST1_2024,consistent,XISPFE9,
11891,OSPROF9,OSPROF9,COST1_2024,COST1_2024,consistent,XOSPRO9,
11896,OSPFEE9,OSPFEE9,COST1_2024,COST1_2024,consistent,XOSPFE9,
11941,chg1ay1,CHG1AY1,COST1_2024,COST1_2024,consistent,Xchg1ay1,
11942,chg1at1,CHG1AT1,COST1_2024,COST1_2024,consistent,Xchg1at1,
11943,chg1af1,CHG1AF1,COST1_2024,COST1_2024,consistent,Xchg1af1,
11946,chg1ay2,CHG1AY2,COST1_2024,COST1_2024,consistent,Xchg1ay2,
11947,chg1at2,CHG1AT2,COST1_2024,COST1_2024,consistent,Xchg1at2,
11948,chg1af2,CHG1AF2,COST1_2024,COST1_2024,consistent,Xchg1af2,
11951,chg1ay3,CHG1AY3,COST1_2024,COST1_2024,consistent,Xchg1ay3,
11952,chg1at3,CHG1AT3,COST1_2024,COST1_2024,consistent,Xchg1at3,
11953,chg1af3,CHG1AF3,COST1_2024,COST1_2024,consistent,Xchg1af3,
11954,CHG1TGTD,CHG1TGTD,COST1_2024,COST1_2024,consistent,,
11955,CHG1FGTD,CHG1FGTD,COST1_2024,COST1_2024,consistent,,
11956,chg2ay1,CHG2AY1,COST1_2024,COST1_2024,consistent,Xchg2ay1,
11957,chg2at1,CHG2AT1,COST1_2024,COST1_2024,consistent,Xchg2at1,
11958,chg2af1,CHG2AF1,COST1_2024,COST1_2024,consistent,Xchg2af1,
11961,chg2ay2,CHG2AY2,COST1_2024,COST1_2024,consistent,Xchg2ay2,
11962,chg2at2,CHG2AT2,COST1_2024,COST1_2024,consistent,Xchg2at2,
11963,chg2af2,CHG2AF2,COST1_2024,COST1_2024,consistent,xchg2af2,
11966,chg2ay3,CHG2AY3,COST1_2024,COST1_2024,consistent,Xchg2ay3,
11967,chg2at3,CHG2AT3,COST1_2024,COST1_2024,consistent,xchg2at3,
11968,chg2af3,CHG2AF3,COST1_2024,COST1_2024,consistent,xchg2af3,
11969,CHG2TGTD,CHG2TGTD,COST1_2024,COST1_2024,consistent,,
11976,chg3ay2,CHG3AY2,COST1_2024,COST1_2024,consistent,Xchg3ay2,
11977,chg3at2,CHG3AT2,COST1_2024,COST1_2024,consistent,Xchg3at2,
11978,chg3af2,CHG3AF2,COST1_2024,COST1_2024,consistent,Xchg3af2,
11981,chg3ay3,CHG3AY3,COST1_2024,COST1_2024,consistent,Xchg3ay3,
11982,chg3at3,CHG3AT3,COST1_2024,COST1_2024,consistent,Xchg3at3,
11983,chg3af3,CHG3AF3,COST1_2024,COST1_2024,consistent,xchg3af3,
11985,chg4ay0,CHG4AY0,COST1_2024,COST1_2024,consistent,Xchg4ay0,
11986,chg4ay1,CHG4AY1,COST1_2024,COST1_2024,consistent,Xchg4ay1,
11991,chg4ay2,CHG4AY2,COST1_2024,COST1_2024,consistent,Xchg4ay2,
11996,chg4ay3,CHG4AY3,COST1_2024,COST1_2024,consistent,Xchg4ay3,
12000,chg5ay0,CHG5AY0,COST1_2024,COST1_2024,consistent,Xchg5ay0,
12001,chg5ay1,CHG5AY1,COST1_2024,COST1_2024,consistent,Xchg5ay1,
12006,chg5ay2,CHG5AY2,COST1_2024,COST1_2024,consistent,Xchg5ay2,
12011,chg5ay3,CHG5AY3,COST1_2024,COST1_2024,consistent,Xchg5ay3,
12015,chg6ay0,CHG6AY0,COST1_2024,COST1_2024,consistent,Xchg6ay0,
12016,chg6ay1,CHG6AY1,COST1_2024,COST1_2024,consistent,Xchg6ay1,
12021,chg6ay2,CHG6AY2,COST1_2024,COST1_2024,consistent,Xchg6ay2,
12026,chg6ay3,CHG6AY3,COST1_2024,COST1_2024,consistent,Xchg6ay3,
12030,chg7ay0,CHG7AY0,COST1_2024,COST1_2024,consistent,Xchg7ay0,
12031,chg7ay1,CHG7AY1,COST1_2024,COST1_2024,consistent,Xchg7ay1,
12036,chg7ay2,CHG7AY2,COST1_2024,COST1_2024,consistent,Xchg7ay2,
12041,chg7ay3,CHG7AY3,COST1_2024,COST1_2024,consistent,Xchg7ay3,
12045,chg8ay0,CHG8AY0,COST1_2024,COST1_2024,consistent,Xchg8ay0,
12046,chg8ay1,CHG8AY1,COST1_2024,COST1_2024,consistent,Xchg8ay1,
12051,chg8ay2,CHG8AY2,COST1_2024,COST1_2024,consistent,Xchg8ay2,
12056,chg8ay3,CHG8AY3,COST1_2024,COST1_2024,consistent,Xchg8ay3,
12060,chg9ay0,CHG9AY0,COST1_2024,COST1_2024,consistent,Xchg9ay0,
12061,chg9ay1,CHG9AY1,COST1_2024,COST1_2024,consistent,Xchg9ay1,
12066,chg9ay2,CHG9AY2,COST1_2024,COST1_2024,consistent,Xchg9ay2,
12071,chg9ay3,CHG9AY3,COST1_2024,COST1_2024,consistent,Xchg9ay3,
15031,chg1py3,CHG1PY3,COST1_2024,COST1_2024,consistent,Xchg1py3,
15035,chg4py3,CHG4PY3,COST1_2024,COST1_2024,consistent,Xchg4py3,
15050,IMP_IC,IMP_IC,FLAGS2024,FLAGS2024,consistent,,
15055,RPTMTH,RPTMTH,HD2024,HD2024,consistent,,
15066,ALLONCAM,ALLONCAM,COST1_2024,COST1_2024,consistent,,
15210,INSTCAT,INSTCAT,HD2024,HD2024,consistent,,
15225,LANDGRNT,LANDGRNT,HD2024,HD2024,consistent,,
15230,DFRCGID,DFRCGID,HD2024,HD2024,consistent,,
15241,TUITPL,TUITPL,COST1_2024,COST1_2024,consistent,,
15244,TUITPL1,TUITPL1,COST1_2024,COST1_2024,consistent,,
15247,TUITPL2,TUITPL2,COST1_2024,COST1_2024,consistent,,
15250,TUITPL3,TUITPL3,COST1_2024,COST1_2024,consistent,,
15253,TUITPL4,TUITPL4,COST1_2024,COST1_2024,consistent,,
15261,chg1ay0,CHG1AY0,COST1_2024,COST1_2024,consistent,Xchg1ay0,
15262,chg1at0,CHG1AT0,COST1_2024,COST1_2024,consistent,Xchg1at0,
15263,chg1af0,CHG1AF0,COST1_2024,COST1_2024,consistent,Xchg1af0,
15271,chg2ay0,CHG2AY0,COST1_2024,COST1_2024,consistent,Xchg2ay0,
15272,chg2at0,CHG2AT0,COST1_2024,COST1_2024,consistent,Xchg2at0,
15273,chg2af0,CHG2AF0,COST1_2024,COST1_2024,consistent,Xchg2af0,
15281,chg3ay0,CHG3AY0,COST1_2024,COST1_2024,consistent,Xchg3ay0,
15282,chg3at0,CHG3AT0,COST1_2024,COST1_2024,consistent,Xchg3at0,
15283,chg3af0,CHG3AF0,COST1_2024,COST1_2024,consistent,Xchg3af0,
15298,CHG3TGTD,CHG3TGTD,COST1_2024,COST1_2024,consistent,,
15299,chg3fgtd,CHG3FGTD,COST1_2024,COST1_2024,consistent,,
15301,FTGDNIDP,FTGDNIDP,IC2024,IC2024,consistent,,
15306,PTGDNIDP,PTGDNIDP,IC2024,IC2024,consistent,,
15311,DOCPP,DOCPP,IC2024,IC2024,consistent,,
15316,DOCPPSP,DOCPPSP,IC2024,IC2024,consistent,,
15400,DISTCRS,DISTCRS,IC2024,IC2024,consistent,,
15401,DISTNCED,DISTNCED,IC2024,IC2024,consistent,,
15406,DSTNCED1,DSTNCED1,IC2024,IC2024,consistent,,
15411,DSTNCED2,DSTNCED2,IC2024,IC2024,consistent,,
15416,DSTNCED3,DSTNCED3,IC2024,IC2024,consistent,,
15421,DSTNUGC,DSTNUGC,IC2024,IC2024,consistent,,
15426,DSTNUGP,DSTNUGP,IC2024,IC2024,consistent,,
15431,DSTNUGN,DSTNUGN,IC2024,IC2024,consistent,,
15436,DSTNGC,DSTNGC,IC2024,IC2024,consistent,,
15441,DSTNGP,DSTNGP,IC2024,IC2024,consistent,,
15446,DSTNGN,DSTNGN,IC2024,IC2024,consistent,,
15451,DISTPGS,DISTPGS,IC2024,IC2024,consistent,,
15620,C21BASIC,C21BASIC,HD2024,HD2024,consistent,,
16000,DFRCUSCG,DFRCUSCG,HD2024,HD2024,consistent,,
16001,CGUNITID,CGUNITID,CUSTOMCGIDS2024,CUSTOMCGIDS2024,consistent,,
16002,CGINSTNM,CGINSTNM,CUSTOMCGIDS2024,CUSTOMCGIDS2024,consistent,,
16003,CGSTABBR,CGSTABBR,CUSTOMCGIDS2024,CUSTOMCGIDS2024,consistent,,
16066,F1SYSTYP,F1SYSTYP,HD2024,HD2024,consistent,,
16070,F1SYSCOD,F1SYSCOD,HD2024,HD2024,consistent,,
16071,F1SYSNAM,F1SYSNAM,HD2024,HD2024,consistent,,
16076,NTRLDSTR,NTRLDSTR,FLAGS2024,FLAGS2024,consistent,,
16081,IALIAS,IALIAS,HD2024,HD2024,consistent,,
16086,CBSA,CBSA,HD2024,HD2024,consistent,,
16091,CBSATYPE,CBSATYPE,HD2024,HD2024,consistent,,
16096,CSA,CSA,HD2024,HD2024,consistent,,
16106,LONGITUD,LONGITUD,HD2024,HD2024,consistent,,
16111,LATITUDE,LATITUDE,HD2024,HD2024,consistent,,
16116,COUNTYCD,COUNTYCD,HD2024,HD2024,consistent,,
16121,COUNTYNM,COUNTYNM,HD2024,HD2024,consistent,,
16126,CNGDSTCD,CNGDSTCD,HD2024,HD2024,consistent,,
16131,VETURL,VETURL,HD2024,HD2024,consistent,,
16141,VET1,VET1,IC2024,IC2024,consistent,,
16142,VET2,VET2,IC2024,IC2024,consistent,,
16143,VET3,VET3,IC2024,IC2024,consistent,,
16144,VET4,VET4,IC2024,IC2024,consistent,,
16145,VET5,VET5,IC2024,IC2024,consistent,,
16149,VET9,VET9,IC2024,IC2024,consistent,,
16151,LIBRES1,LIBRES1,IC2024,IC2024,consistent,,
16153,LIBRES2,LIBRES2,IC2024,IC2024,consistent,,
16155,LIBRES3,LIBRES3,IC2024,IC2024,consistent,,
16157,LIBRES4,LIBRES4,IC2024,IC2024,consistent,,
16159,LIBRES5,LIBRES5,IC2024,IC2024,consistent,,
16161,LIBRES6,LIBRES6,IC2024,IC2024,consistent,,
16163,LIBRES9,LIBRES9,IC2024,IC2024,consistent,,
16171,APPFEEUW,APPFEEUW,COST1_2024,COST1_2024,consistent,,
16176,APPFEEGW,APPFEEGW,COST1_2024,COST1_2024,consistent,,
16181,APPLFEED,APPLFEED,COST1_2024,COST1_2024,consistent,XAPPFEED,
16186,APPFEEDW,APPFEEDW,COST1_2024,COST1_2024,consistent,,
16191,FAFSAQ1,FAFSAQ1,COST1_2024,COST1_2024,consistent,,
16196,FAFSAQ2,FAFSAQ2,COST1_2024,COST1_2024,consistent,,
16201,FAFQ2URL,FAFQ2URL,COST1_2024,COST1_2024,consistent,,
16206,HRCHF1,HRCHF1,COST1_2024,COST1_2024,consistent,XHRCHF1,
16211,HRCHF2,HRCHF2,COST1_2024,COST1_2024,consistent,XHRCHF2,
16216,HRCHF3,HRCHF3,COST1_2024,COST1_2024,consistent,XHRCHF3,
16221,HRCHF5,HRCHF5,COST1_2024,COST1_2024,consistent,XHRCHF5,
16226,HRCHF6,HRCHF6,COST1_2024,COST1_2024,consistent,XHRCHF6,
16231,HRCHF7,HRCHF7,COST1_2024,COST1_2024,consistent,XHRCHF7,
16236,CHG10AY0,CHG10AY0,COST1_2024,COST1_2024,consistent,XCHG10AY0,
16241,CHG10AY1,CHG10AY1,COST1_2024,COST1_2024,consistent,XCHG10AY1,
16266,CHG10PY2,CHG10PY2,COST1_2024,COST1_2024,consistent,XCHG10PY2,
16271,CHG10PY3,CHG10PY3,COST1_2024,COST1_2024,consistent,XCHG10PY3,
16276,STAT_COS,STAT_COS,FLAGS2024,FLAGS2024,consistent,,
16277,STAT_COS2,STAT_COS2,FLAGS2024,FLAGS2024,consistent,,
16280,STAT_COS1,STAT_COS1,FLAGS2024,FLAGS2024,consistent,,
16281,LOCK_COS1,LOCK_COS1,FLAGS2024,FLAGS2024,consistent,,
16285,LOCK_COS2,LOCK_COS2,FLAGS2024,FLAGS2024,consistent,,
16286,PRCH_COS,PRCH_COS,FLAGS2024,FLAGS2024,consistent,,
16291,IDX_COS,IDX_COS,FLAGS2024,FLAGS2024,consistent,,
16296,PCCOS_F,PCCOS_F,FLAGS2024,FLAGS2024,consistent,,
16301,IMP_COS1,IMP_COS1,FLAGS2024,FLAGS2024,consistent,,
16305,IMP_COS2,IMP_COS2,FLAGS2024,FLAGS2024,consistent,,
17001,PRCH_ADM,PRCH_ADM,FLAGS2024,FLAGS2024,consistent,,
17002,IDX_ADM,IDX_ADM,FLAGS2024,FLAGS2024,consistent,,
17003,PCADM_F,PCADM_F,FLAGS2024,FLAGS2024,consistent,,
17011,NONCRDT1,NONCRDT1,IC2024,IC2024,consistent,,
17012,NONCRDT2,NONCRDT2,IC2024,IC2024,consistent,,
17013,NONCRDT3,NONCRDT3,IC2024,IC2024,consistent,,
17014,NONCRDT4,NONCRDT4,IC2024,IC2024,consistent,,
17015,NONCRDT5,NONCRDT5,IC2024,IC2024,consistent,,
17016,NONCRDT6,NONCRDT6,IC2024,IC2024,consistent,,
17017,NONCRDT7,NONCRDT7,IC2024,IC2024,consistent,,
17018,NONCRDT8,NONCRDT8,IC2024,IC2024,consistent,,
17019,NONCRDT9,NONCRDT9,IC2024,IC2024,consistent,,
17021,PRMPGM,PRMPGM,COST1_2024,COST1_2024,consistent,,
17031,ENRHSST,ENRHSST,FLAGS2024,FLAGS2024,consistent,,
17032,ENRHSST1,ENRHSST1,FLAGS2024,FLAGS2024,consistent,,
17033,ENRHSST2,ENRHSST2,FLAGS2024,FLAGS2024,consistent,,
20001,STAT_EF,STAT_EF,FLAGS2024,FLAGS2024,consistent,,
20006,LOCK_EF,LOCK_EF,FLAGS2024,FLAGS2024,consistent,,
20011,PRCH_EF,PRCH_EF,FLAGS2024,FLAGS2024,consistent,,
20016,IDX_EF,IDX_EF,FLAGS2024,FLAGS2024,consistent,,
20018,PCEF_F,PCEF_F,FLAGS2024,FLAGS2024,consistent,,
20021,IMP_EF,IMP_EF,FLAGS2024,FLAGS2024,consistent,,
20026,PTA99_EF,PTA99_EF,FLAGS2024,FLAGS2024,consistent,,
20031,PTB_EF,PTB_EF,FLAGS2024,FLAGS2024,consistent,,
20036,PTC_EF,PTC_EF,FLAGS2024,FLAGS2024,consistent,,
20041,PTD_EF,PTD_EF,FLAGS2024,FLAGS2024,consistent,,
20061,FTE,FTE,DRVEF2024,DRVEF2024,consistent,,
20166,EFALEVEL,EFALEVEL,EF2024A,EF2024A,consistent,,
20171,EFNRALM,EFNRALM,EF2024A,EF2024A|EF2024CP,consistent,XEFNRALM,
20176,EFNRALW,EFNRALW,EF2024A,EF2024A|EF2024CP,consistent,XEFNRALW,
20231,EFUNKNM,EFUNKNM,EF2024A,EF2024A|EF2024CP,consistent,XEFUNKNM,
20236,EFUNKNW,EFUNKNW,EF2024A,EF2024A|EF2024CP,consistent,XEFUNKNW,
20241,EFTOTLM,EFTOTLM,EF2024A,EF2024A|EF2024CP,consistent,XEFTOTLM,
20246,EFTOTLW,EFTOTLW,EF2024A,EF2024A|EF2024CP,consistent,XEFTOTLW,
20251,EFNRALT,EFNRALT,EF2024A,EF2024A|EF2024CP,consistent,XEFNRALT,
20281,EFUNKNT,EFUNKNT,EF2024A,EF2024A|EF2024CP,consistent,XEFUNKNT,
20286,EFTOTLT,EFTOTLT,EF2024A,EF2024A|EF2024CP,consistent,XEFTOTLT,
20391,EFBAGE,EFBAGE,EF2024B,EF2024B,consistent,,
20396,LSTUDY,LSTUDY,EF2024B,EF2024A|EF2024B|EF2024CP|EFFY2024,consistent,,
20401,EFAGE01,EFAGE01,EF2024B,EF2024B,consistent,XEFAGE01,
20406,EFAGE02,EFAGE02,EF2024B,EF2024B,consistent,XEFAGE02,
20411,EFAGE03,EFAGE03,EF2024B,EF2024B,consistent,XEFAGE03,
20416,EFAGE04,EFAGE04,EF2024B,EF2024B,consistent,XEFAGE04,
20421,EFAGE05,EFAGE05,EF2024B,EF2024B,consistent,XEFAGE05,
20426,EFAGE06,EFAGE06,EF2024B,EF2024B,consistent,XEFAGE06,
20431,EFAGE07,EFAGE07,EF2024B,EF2024B,consistent,XEFAGE07,
20436,EFAGE08,EFAGE08,EF2024B,EF2024B,consistent,XEFAGE08,
20441,EFAGE09,EFAGE09,EF2024B,EF2024B,consistent,XEFAGE09,
20546,EFCSTATE,EFCSTATE,EF2024C,EF2024C,consistent,,
20551,EFRES01,EFRES01,EF2024C,EF2024C,consistent,XEFRES01,
20556,EFRES02,EFRES02,EF2024C,EF2024C,consistent,XEFRES02,
20661,EFFYLEV,EFFYLEV,EFFY2024,EFFY2024,consistent,,
20662,EFFYALEV,EFFYALEV,EFFY2024,EFFY2024,consistent,,
20666,EFYNRALM,EFYNRALM,EFFY2024,EFFY2024|EFFY2024_HS,consistent,XEYNRALM,
20671,EFYNRALW,EFYNRALW,EFFY2024,EFFY2024|EFFY2024_HS,consistent,XEYNRALW,
20726,EFYUNKNM,EFYUNKNM,EFFY2024,EFFY2024|EFFY2024_HS,consistent,XEYUNKNM,
20731,EFYUNKNW,EFYUNKNW,EFFY2024,EFFY2024|EFFY2024_HS,consistent,XEYUNKNW,
20736,EFYTOTLM,EFYTOTLM,EFFY2024,EFFY2024|EFFY2024_HS,consistent,XEYTOTLM,
20741,EFYTOTLW,EFYTOTLW,EFFY2024,EFFY2024|EFFY2024_HS,consistent,XEYTOTLW,
20746,EFYNRALT,EFYNRALT,EFFY2024,EFFY2024|EFFY2024_HS,consistent,XEYNRALT,
20776,EFYUNKNT,EFYUNKNT,EFFY2024,EFFY2024|EFFY2024_HS,consistent,XEYUNKNT,
20781,EFYTOTLT,EFYTOTLT,EFFY2024,EFFY2024|EFFY2024_HS,consistent,XEYTOTLT,
20886,CDACTUA,CDACTUA,EFIA2024,EFIA2024,consistent,XCDACTUA,
20891,CNACTUA,CNACTUA,EFIA2024,EFIA2024,consistent,XCNACTUA,
20896,CDACTGA,CDACTGA,EFIA2024,EFIA2024,consistent,XCDACTGA,
21001,GRCOHRT,GRCOHRT,EF2024D,EF2024D,consistent,XGRCOHRT,
21006,UGENTERN,UGENTERN,EF2024D,EF2024D,consistent,XUGENTER,
21011,PGRCOHRT,PGRCOHRT,EF2024D,EF2024D,consistent,XPGRCOHR,
21016,RET_PCF,RET_PCF,EF2024D,EF2024D,consistent,XRET_PCF,
21021,RET_PCP,RET_PCP,EF2024D,EF2024D,consistent,XRET_PCP,
21026,RRFTCT,RRFTCT,EF2024D,EF2024D,consistent,XRRFTCT,
21031,RRFTEX,RRFTEX,EF2024D,EF2024D,consistent,XRRFTEX,
21033,RRFTIN,RRFTIN,EF2024D,EF2024D,consistent,XRRFTIN,
21036,RRFTCTA,RRFTCTA,EF2024D,EF2024D,consistent,XRRFTCTA,
21041,RET_NMF,RET_NMF,EF2024D,EF2024D,consistent,XRET_NMF,
21046,RRPTCT,RRPTCT,EF2024D,EF2024D,consistent,XRRPTCT,
21051,RRPTEX,RRPTEX,EF2024D,EF2024D,consistent,XRRPTEX,
21053,RRPTIN,RRPTIN,EF2024D,EF2024D,consistent,XRRPTIN,
21056,RRPTCTA,RRPTCTA,EF2024D,EF2024D,consistent,XRRPTCTA,
21061,RET_NMP,RET_NMP,EF2024D,EF2024D,consistent,XRET_NMP,
21126,EFCIPLEV,EFCIPLEV,EF2024CP,EF2024CP,consistent,,
21131,EFNRALM,EFNRALM,EF2024CP,EF2024A|EF2024CP,consistent,XEFNRALM,
21136,EFNRALW,EFNRALW,EF2024CP,EF2024A|EF2024CP,consistent,XEFNRALW,
21191,EFUNKNM,EFUNKNM,EF2024CP,EF2024A|EF2024CP,consistent,XEFUNKNM,
21196,EFUNKNW,EFUNKNW,EF2024CP,EF2024A|EF2024CP,consistent,XEFUNKNW,
21201,EFTOTLM,EFTOTLM,EF2024CP,EF2024A|EF2024CP,consistent,XEFTOTLM,
21206,EFTOTLW,EFTOTLW,EF2024CP,EF2024A|EF2024CP,consistent,XEFTOTLW,
21211,EFNRALT,EFNRALT,EF2024CP,EF2024A|EF2024CP,consistent,XEFNRALT,
21241,EFUNKNT,EFUNKNT,EF2024CP,EF2024A|EF2024CP,consistent,XEFUNKNT,
21246,EFTOTLT,EFTOTLT,EF2024CP,EF2024A|EF2024CP,consistent,XEFTOTLT,
21985,LINE,LINE,EF2024A,EF2024A|EF2024B|EF2024CP|GR2024|EF2024C,consistent,,
21990,SECTION,SECTION,EF2024A,EF2024A|EF2024CP|GR2024,consistent,,
21991,LSTUDY,LSTUDY,EF2024A,EF2024A|EF2024B|EF2024CP|EFFY2024,consistent,,
21993,LINE,LINE,EF2024C,EF2024A|EF2024B|EF2024CP|GR2024|EF2024C,consistent,,
21994,CIPCODE,CIPCODE,EF2024CP,C2024DEP|EF2024CP|C2024_A,consistent,,
21995,LINE,LINE,EF2024CP,EF2024A|EF2024B|EF2024CP|GR2024|EF2024C,consistent,,
21996,SECTION,SECTION,EF2024CP,EF2024A|EF2024CP|GR2024,consistent,,
21997,LSTUDY,LSTUDY,EF2024CP,EF2024A|EF2024B|EF2024CP|EFFY2024,consistent,,
22023,LSTUDY,LSTUDY,EFFY2024,EF2024A|EF2024B|EF2024CP|EFFY2024,consistent,,
22024,EFTEUG,EFTEUG,EFIA2024,EFIA2024,consistent,XEFTEUG,
22025,EFTEGD,EFTEGD,EFIA2024,EFIA2024,consistent,XEFTEGD,
22026,FTEUG,FTEUG,EFIA2024,EFIA2024,consistent,XFTEUG,
22027,FTEGD,FTEGD,EFIA2024,EFIA2024,consistent,XFTEGD,
22028,ACTTYPE,ACTTYPE,EFIA2024,EFIA2024,consistent,,
22992,LINE,LINE,EF2024B,EF2024A|EF2024B|EF2024CP|GR2024|EF2024C,consistent,,
23315,PctEnrWh,PCTENRWH,DRVEF2024,DRVEF2024,consistent,,
23320,PctEnrBK,PCTENRBK,DRVEF2024,DRVEF2024,consistent,,
23325,PctEnrHS,PCTENRHS,DRVEF2024,DRVEF2024,consistent,,
23330,PctEnrAP,PCTENRAP,DRVEF2024,DRVEF2024,consistent,,
23335,PctEnrAN,PCTENRAN,DRVEF2024,DRVEF2024,consistent,,
23340,PctEnrUn,PCTENRUN,DRVEF2024,DRVEF2024,consistent,,
23345,PctEnrNr,PCTENRNR,DRVEF2024,DRVEF2024,consistent,,
23347,PCTENRW,PCTENRW,DRVEF2024,DRVEF2024,consistent,,
23350,PCTFT1ST,PCTFT1ST,DRVEF2024,DRVEF2024,consistent,,
23355,ENRTOT,ENRTOT,DRVEF2024,DRVEF2024,consistent,,
23357,INSTSIZE,INSTSIZE,HD2024,HD2024,consistent,,
23360,UNDUP,UNDUP,DRVEF122024,DRVEF122024,consistent,,
23362,UNDUPUG,UNDUPUG,DRVEF122024,DRVEF122024,consistent,,
23365,FTE12MN,FTE12MN,DRVEF122024,DRVEF122024,consistent,,
23367,PTACIPEF,PTACIPEF,FLAGS2024,FLAGS2024,consistent,,
23401,DVEF01,DVEF01,DRVEF2024,DRVEF2024,consistent,,
23402,DVEF02,DVEF02,DRVEF2024,DRVEF2024,consistent,,
23403,DVEF03,DVEF03,DRVEF2024,DRVEF2024,consistent,,
23405,DVEF05,DVEF05,DRVEF2024,DRVEF2024,consistent,,
23406,DVEF06,DVEF06,DRVEF2024,DRVEF2024,consistent,,
23407,DVEF07,DVEF07,DRVEF2024,DRVEF2024,consistent,,
23409,DVEF09,DVEF09,DRVEF2024,DRVEF2024,consistent,,
23410,DVEF10,DVEF10,DRVEF2024,DRVEF2024,consistent,,
23411,DVEF11,DVEF11,DRVEF2024,DRVEF2024,consistent,,
23413,DVEF13,DVEF13,DRVEF2024,DRVEF2024,consistent,,
23414,DVEF14,DVEF14,DRVEF2024,DRVEF2024,consistent,,
23415,DVEF15,DVEF15,DRVEF2024,DRVEF2024,consistent,,
23416,DVEF16,DVEF16,DRVEF2024,DRVEF2024,consistent,,
23805,EnrFt,ENRFT,DRVEF2024,DRVEF2024,consistent,,
23810,EnrPt,ENRPT,DRVEF2024,DRVEF2024,consistent,,
24001,STAT_E12,STAT_E12,FLAGS2024,FLAGS2024,consistent,,
24006,LOCK_E12,LOCK_E12,FLAGS2024,FLAGS2024,consistent,,
24011,PRCH_E12,PRCH_E12,FLAGS2024,FLAGS2024,consistent,,
24016,IDX_E12,IDX_E12,FLAGS2024,FLAGS2024,consistent,,
24018,PCE12_F,PCE12_F,FLAGS2024,FLAGS2024,consistent,,
24021,IMP_E12,IMP_E12,FLAGS2024,FLAGS2024,consistent,,
24051,EFLEVEL,EFLEVEL,EF2024,EF2024,consistent,,
24056,EFTOTAL,EFTOTAL,EF2024,EF2024,consistent,,
24058,EFMEN,EFMEN,EF2024,EF2024,consistent,,
24060,EFWOM,EFWOM,EF2024,EF2024,consistent,,
24062,EFFT,EFFT,EF2024,EF2024,consistent,,
24064,EFFTMEN,EFFTMEN,EF2024,EF2024,consistent,,
24066,EFFTWOM,EFFTWOM,EF2024,EF2024,consistent,,
24068,EFPT,EFPT,EF2024,EF2024,consistent,,
24070,EFPTMEN,EFPTMEN,EF2024,EF2024,consistent,,
24072,EFPTWOM,EFPTWOM,EF2024,EF2024,consistent,,
24101,EFYHISPM,EFYHISPM,EFFY2024,EFFY2024|EFFY2024_HS,consistent,XEFYHISM,
24106,EFYHISPW,EFYHISPW,EFFY2024,EFFY2024|EFFY2024_HS,consistent,XEFYHISW,
24111,EFYAIANM,EFYAIANM,EFFY2024,EFFY2024|EFFY2024_HS,consistent,XEFYAIAM,
24116,EFYAIANW,EFYAIANW,EFFY2024,EFFY2024|EFFY2024_HS,consistent,XEFYAIAW,
24121,EFYASIAM,EFYASIAM,EFFY2024,EFFY2024|EFFY2024_HS,consistent,XEFYASIM,
24126,EFYASIAW,EFYASIAW,EFFY2024,EFFY2024|EFFY2024_HS,consistent,XEFYASIW,
24131,EFYBKAAM,EFYBKAAM,EFFY2024,EFFY2024|EFFY2024_HS,consistent,XEFYBKAM,
24136,EFYBKAAW,EFYBKAAW,EFFY2024,EFFY2024|EFFY2024_HS,consistent,XEFYBKAW,
24141,EFYNHPIM,EFYNHPIM,EFFY2024,EFFY2024|EFFY2024_HS,consistent,XEFYNHPM,
24146,EFYNHPIW,EFYNHPIW,EFFY2024,EFFY2024|EFFY2024_HS,consistent,XEFYNHPW,
24151,EFYWHITM,EFYWHITM,EFFY2024,EFFY2024|EFFY2024_HS,consistent,XEFYWHIM,
24156,EFYWHITW,EFYWHITW,EFFY2024,EFFY2024|EFFY2024_HS,consistent,XEFYWHIW,
24161,EFY2MORM,EFY2MORM,EFFY2024,EFFY2024|EFFY2024_HS,consistent,XEFY2MOM,
24166,EFY2MORW,EFY2MORW,EFFY2024,EFFY2024|EFFY2024_HS,consistent,XEFY2MOW,
24171,EFYHISPT,EFYHISPT,EFFY2024,EFFY2024|EFFY2024_HS,consistent,XEFYHIST,
24176,EFYAIANT,EFYAIANT,EFFY2024,EFFY2024|EFFY2024_HS,consistent,XEFYAIAT,
24181,EFYASIAT,EFYASIAT,EFFY2024,EFFY2024|EFFY2024_HS,consistent,XEFYASIT,
24186,EFYBKAAT,EFYBKAAT,EFFY2024,EFFY2024|EFFY2024_HS,consistent,XEFYBKAT,
24191,EFYNHPIT,EFYNHPIT,EFFY2024,EFFY2024|EFFY2024_HS,consistent,XEFYNHPT,
24196,EFYWHITT,EFYWHITT,EFFY2024,EFFY2024|EFFY2024_HS,consistent,XEFYWHIT,
24201,EFY2MORT,EFY2MORT,EFFY2024,EFFY2024|EFFY2024_HS,consistent,XEFY2MOT,
24301,STUFACR,STUFACR,EF2024D,EF2024D,consistent,XSTUFACR,
24432,EFAIANT,EFAIANT,EF2024A,EF2024A|EF2024CP,consistent,XEFAIANT,
24434,EFAIANM,EFAIANM,EF2024A,EF2024A|EF2024CP,consistent,XEFAIANM,
24436,EFAIANW,EFAIANW,EF2024A,EF2024A|EF2024CP,consistent,XEFAIANW,
24438,EFASIAT,EFASIAT,EF2024A,EF2024A|EF2024CP,consistent,XEFASIAT,
24440,EFASIAM,EFASIAM,EF2024A,EF2024A|EF2024CP,consistent,XEFASIAM,
24442,EFASIAW,EFASIAW,EF2024A,EF2024A|EF2024CP,consistent,XEFASIAW,
24444,EFBKAAT,EFBKAAT,EF2024A,EF2024A|EF2024CP,consistent,XEFBKAAT,
24446,EFBKAAM,EFBKAAM,EF2024A,EF2024A|EF2024CP,consistent,XEFBKAAM,
24448,EFBKAAW,EFBKAAW,EF2024A,EF2024A|EF2024CP,consistent,XEFBKAAW,
24450,EFHISPT,EFHISPT,EF2024A,EF2024A|EF2024CP,consistent,XEFHISPT,
24452,EFHISPM,EFHISPM,EF2024A,EF2024A|EF2024CP,consistent,XEFHISPM,
24454,EFHISPW,EFHISPW,EF2024A,EF2024A|EF2024CP,consistent,XEFHISPW,
24456,EFNHPIT,EFNHPIT,EF2024A,EF2024A|EF2024CP,consistent,XEFNHPIT,
24458,EFNHPIM,EFNHPIM,EF2024A,EF2024A|EF2024CP,consistent,XEFNHPIM,
24460,EFNHPIW,EFNHPIW,EF2024A,EF2024A|EF2024CP,consistent,XEFNHPIW,
24462,EFWHITT,EFWHITT,EF2024A,EF2024A|EF2024CP,consistent,XEFWHITT,
24464,EFWHITM,EFWHITM,EF2024A,EF2024A|EF2024CP,consistent,XEFWHITM,
24466,EFWHITW,EFWHITW,EF2024A,EF2024A|EF2024CP,consistent,XEFWHITW,
24468,EF2MORT,EF2MORT,EF2024A,EF2024A|EF2024CP,consistent,XEF2MORT,
24470,EF2MORM,EF2MORM,EF2024A,EF2024A|EF2024CP,consistent,XEF2MORM,
24472,EF2MORW,EF2MORW,EF2024A,EF2024A|EF2024CP,consistent,XEF2MORW,
24504,EFAIANT,EFAIANT,EF2024CP,EF2024A|EF2024CP,consistent,XEFAIANT,
24506,EFAIANM,EFAIANM,EF2024CP,EF2024A|EF2024CP,consistent,XEFAIANM,
24508,EFAIANW,EFAIANW,EF2024CP,EF2024A|EF2024CP,consistent,XEFAIANW,
24510,EFASIAT,EFASIAT,EF2024CP,EF2024A|EF2024CP,consistent,XEFASIAT,
24512,EFASIAM,EFASIAM,EF2024CP,EF2024A|EF2024CP,consistent,XEFASIAM,
24514,EFASIAW,EFASIAW,EF2024CP,EF2024A|EF2024CP,consistent,XEFASIAW,
24516,EFBKAAT,EFBKAAT,EF2024CP,EF2024A|EF2024CP,consistent,XEFBKAAT,
24518,EFBKAAM,EFBKAAM,EF2024CP,EF2024A|EF2024CP,consistent,XEFBKAAM,
24520,EFBKAAW,EFBKAAW,EF2024CP,EF2024A|EF2024CP,consistent,XEFBKAAW,
24522,EFHISPT,EFHISPT,EF2024CP,EF2024A|EF2024CP,consistent,XEFHISPT,
24524,EFHISPM,EFHISPM,EF2024CP,EF2024A|EF2024CP,consistent,XEFHISPM,
24526,EFHISPW,EFHISPW,EF2024CP,EF2024A|EF2024CP,consistent,XEFHISPW,
24528,EFNHPIT,EFNHPIT,EF2024CP,EF2024A|EF2024CP,consistent,XEFNHPIT,
24530,EFNHPIM,EFNHPIM,EF2024CP,EF2024A|EF2024CP,consistent,XEFNHPIM,
24532,EFNHPIW,EFNHPIW,EF2024CP,EF2024A|EF2024CP,consistent,XEFNHPIW,
24534,EFWHITT,EFWHITT,EF2024CP,EF2024A|EF2024CP,consistent,XEFWHITT,
24536,EFWHITM,EFWHITM,EF2024CP,EF2024A|EF2024CP,consistent,XEFWHITM,
24538,EFWHITW,EFWHITW,EF2024CP,EF2024A|EF2024CP,consistent,XEFWHITW,
24540,EF2MORT,EF2MORT,EF2024CP,EF2024A|EF2024CP,consistent,XEF2MORT,
24542,EF2MORM,EF2MORM,EF2024CP,EF2024A|EF2024CP,consistent,XEF2MORM,
24544,EF2MORW,EF2MORW,EF2024CP,EF2024A|EF2024CP,consistent,XEF2MORW,
24561,PCTENR2M,PCTENR2M,DRVEF2024,DRVEF2024,consistent,,
24566,DISAB,DISAB,IC2024,IC2024,consistent,,
24571,DISABPCT,DISABPCT,IC2024,IC2024,consistent,XDISABPC,
24601,EFUG,EFUG,DRVEF2024,DRVEF2024,consistent,,
24606,EFUG1ST,EFUG1ST,DRVEF2024,DRVEF2024,consistent,,
24611,EFUGTRN,EFUGTRN,DRVEF2024,DRVEF2024,consistent,,
24616,EFUGCNT,EFUGCNT,DRVEF2024,DRVEF2024,consistent,,
24621,EFUGNDG,EFUGNDG,DRVEF2024,DRVEF2024,consistent,,
24626,EFGRAD,EFGRAD,DRVEF2024,DRVEF2024,consistent,,
24631,EFUGFT,EFUGFT,DRVEF2024,DRVEF2024,consistent,,
24636,EFUG1SFT,EFUG1SFT,DRVEF2024,DRVEF2024,consistent,,
24641,EFUGTRFT,EFUGTRFT,DRVEF2024,DRVEF2024,consistent,,
24646,EFUGCNFT,EFUGCNFT,DRVEF2024,DRVEF2024,consistent,,
24651,EFUGNDFT,EFUGNDFT,DRVEF2024,DRVEF2024,consistent,,
24656,EFGRADFT,EFGRADFT,DRVEF2024,DRVEF2024,consistent,,
24661,EFUGPT,EFUGPT,DRVEF2024,DRVEF2024,consistent,,
24666,EFUG1SPT,EFUG1SPT,DRVEF2024,DRVEF2024,consistent,,
24671,EFUGTRPT,EFUGTRPT,DRVEF2024,DRVEF2024,consistent,,
24676,EFUGCNPT,EFUGCNPT,DRVEF2024,DRVEF2024,consistent,,
24681,EFUGNDPT,EFUGNDPT,DRVEF2024,DRVEF2024,consistent,,
24686,EFGRADPT,EFGRADPT,DRVEF2024,DRVEF2024,consistent,,
24691,PCUENRAN,PCUENRAN,DRVEF2024,DRVEF2024,consistent,,
24696,PCUENRAP,PCUENRAP,DRVEF2024,DRVEF2024,consistent,,
24701,PCUENRBK,PCUENRBK,DRVEF2024,DRVEF2024,consistent,,
24706,PCUENRHS,PCUENRHS,DRVEF2024,DRVEF2024,consistent,,
24711,PCUENRWH,PCUENRWH,DRVEF2024,DRVEF2024,consistent,,
24716,PCUENR2M,PCUENR2M,DRVEF2024,DRVEF2024,consistent,,
24721,PCUENRUN,PCUENRUN,DRVEF2024,DRVEF2024,consistent,,
24726,PCUENRNR,PCUENRNR,DRVEF2024,DRVEF2024,consistent,,
24731,PCUENRW,PCUENRW,DRVEF2024,DRVEF2024,consistent,,
24736,PCGENRAN,PCGENRAN,DRVEF2024,DRVEF2024,consistent,,
24741,PCGENRAP,PCGENRAP,DRVEF2024,DRVEF2024,consistent,,
24746,PCGENRBK,PCGENRBK,DRVEF2024,DRVEF2024,consistent,,
24751,PCGENRHS,PCGENRHS,DRVEF2024,DRVEF2024,consistent,,
24756,PCGENRWH,PCGENRWH,DRVEF2024,DRVEF2024,consistent,,
24761,PCGENR2M,PCGENR2M,DRVEF2024,DRVEF2024,consistent,,
24766,PCGENRUN,PCGENRUN,DRVEF2024,DRVEF2024,consistent,,
24771,PCGENRNR,PCGENRNR,DRVEF2024,DRVEF2024,consistent,,
24776,PCGENRW,PCGENRW,DRVEF2024,DRVEF2024,consistent,,
24781,PCTENRAS,PCTENRAS,DRVEF2024,DRVEF2024,consistent,,
24786,PCTENRNH,PCTENRNH,DRVEF2024,DRVEF2024,consistent,,
24791,PCUENRAS,PCUENRAS,DRVEF2024,DRVEF2024,consistent,,
24796,PCUENRNH,PCUENRNH,DRVEF2024,DRVEF2024,consistent,,
24801,PCGENRAS,PCGENRAS,DRVEF2024,DRVEF2024,consistent,,
24806,PCGENRNH,PCGENRNH,DRVEF2024,DRVEF2024,consistent,,
24811,FTEDPP,FTEDPP,EFIA2024,EFIA2024,consistent,XFTEDPP,
24816,EFDELEV,EFDELEV,EF2024A_DIST,EF2024A_DIST,consistent,,
24821,EFDETOT,EFDETOT,EF2024A_DIST,EF2024A_DIST,consistent,XEFDETOT,
24826,EFDEEXC,EFDEEXC,EF2024A_DIST,EF2024A_DIST,consistent,XEFDEEXC,
24831,EFDESOM,EFDESOM,EF2024A_DIST,EF2024A_DIST,consistent,XEFDESOM,
24836,EFDENON,EFDENON,EF2024A_DIST,EF2024A_DIST,consistent,XEFDENON,
24841,EFDEEX1,EFDEEX1,EF2024A_DIST,EF2024A_DIST,consistent,XEFDEEX1,
24846,EFDEEX2,EFDEEX2,EF2024A_DIST,EF2024A_DIST,consistent,XEFDEEX2,
24851,EFDEEX3,EFDEEX3,EF2024A_DIST,EF2024A_DIST,consistent,XEFDEEX3,
24856,EFDEEX4,EFDEEX4,EF2024A_DIST,EF2024A_DIST,consistent,XEFDEEX4,
24861,EFDEEX5,EFDEEX5,EF2024A_DIST,EF2024A_DIST,consistent,XEFDEEX5,
24866,PCTDEEXC,PCTDEEXC,DRVEF2024,DRVEF2024,consistent,,
24871,PCTDESOM,PCTDESOM,DRVEF2024,DRVEF2024,consistent,,
24876,PCTDENON,PCTDENON,DRVEF2024,DRVEF2024,consistent,,
24881,PCUDEEXC,PCUDEEXC,DRVEF2024,DRVEF2024,consistent,,
24886,PCUDESOM,PCUDESOM,DRVEF2024,DRVEF2024,consistent,,
24891,PCUDENON,PCUDENON,DRVEF2024,DRVEF2024,consistent,,
24896,PCGDEEXC,PCGDEEXC,DRVEF2024,DRVEF2024,consistent,,
24901,PCGDESOM,PCGDESOM,DRVEF2024,DRVEF2024,consistent,,
24906,PCGDENON,PCGDENON,DRVEF2024,DRVEF2024,consistent,,
24911,RMINSTTN,RMINSTTN,DRVEF2024,DRVEF2024,consistent,,
24912,RMINSTTP,RMINSTTP,DRVEF2024,DRVEF2024,consistent,,
24916,RMOUSTTN,RMOUSTTN,DRVEF2024,DRVEF2024,consistent,,
24917,RMOUSTTP,RMOUSTTP,DRVEF2024,DRVEF2024,consistent,,
24921,RMFRGNCN,RMFRGNCN,DRVEF2024,DRVEF2024,consistent,,
24922,RMFRGNCP,RMFRGNCP,DRVEF2024,DRVEF2024,consistent,,
24926,RMUNKNWN,RMUNKNWN,DRVEF2024,DRVEF2024,consistent,,
24927,RMUNKNWP,RMUNKNWP,DRVEF2024,DRVEF2024,consistent,,
24931,EFGNDRUN,EFGNDRUN,EF2024A,EF2024A,consistent,XEFGNDRUN,
24933,EFGNDRAN,EFGNDRAN,EF2024A,EF2024A,consistent,XEFGNDRAN,
24935,EFGNDRUA,EFGNDRUA,EF2024A,EF2024A,consistent,XEFGNDRUA,
24937,EFGNDRKN,EFGNDRKN,EF2024A,EF2024A,consistent,XEFGNDRKN,
25001,EFFYDLEV,EFFYDLEV,EFFY2024_DIST,EFFY2024_DIST,consistent,,
25006,EFYDETOT,EFYDETOT,EFFY2024_DIST,EFFY2024_DIST,consistent,XEYDETOT,
25011,EFYDEEXC,EFYDEEXC,EFFY2024_DIST,EFFY2024_DIST,consistent,XEYDEEXC,
25016,EFYDESOM,EFYDESOM,EFFY2024_DIST,EFFY2024_DIST,consistent,XEYDESOM,
25021,EFYDENON,EFYDENON,EFFY2024_DIST,EFFY2024_DIST,consistent,XEYDENON,
26006,E12UG1ST,E12UG1ST,DRVEF122024,DRVEF122024,consistent,,
26011,E12UGTRN,E12UGTRN,DRVEF122024,DRVEF122024,consistent,,
26016,E12UGCNT,E12UGCNT,DRVEF122024,DRVEF122024,consistent,,
26021,E12UGNDG,E12UGNDG,DRVEF122024,DRVEF122024,consistent,,
26026,E12GRAD,E12GRAD,DRVEF122024,DRVEF122024,consistent,,
26031,E12UGFT,E12UGFT,DRVEF122024,DRVEF122024,consistent,,
26036,E12UG1SFT,E12UG1SFT,DRVEF122024,DRVEF122024,consistent,,
26041,E12UGTRFT,E12UGTRFT,DRVEF122024,DRVEF122024,consistent,,
26046,E12UGCNFT,E12UGCNFT,DRVEF122024,DRVEF122024,consistent,,
26051,E12UGNDFT,E12UGNDFT,DRVEF122024,DRVEF122024,consistent,,
26056,E12UGPT,E12UGPT,DRVEF122024,DRVEF122024,consistent,,
26061,E12UG1SPT,E12UG1SPT,DRVEF122024,DRVEF122024,consistent,,
26066,E12UGTRPT,E12UGTRPT,DRVEF122024,DRVEF122024,consistent,,
26071,E12UGCNPT,E12UGCNPT,DRVEF122024,DRVEF122024,consistent,,
26076,E12UGNDPT,E12UGNDPT,DRVEF122024,DRVEF122024,consistent,,
26081,PCTE12AN,PCTE12AN,DRVEF122024,DRVEF122024,consistent,,
26086,PCTE12AS,PCTE12AS,DRVEF122024,DRVEF122024,consistent,,
26091,PCTE12BK,PCTE12BK,DRVEF122024,DRVEF122024,consistent,,
26096,PCTE12HS,PCTE12HS,DRVEF122024,DRVEF122024,consistent,,
26101,PCTE12NH,PCTE12NH,DRVEF122024,DRVEF122024,consistent,,
26106,PCTE12WH,PCTE12WH,DRVEF122024,DRVEF122024,consistent,,
26111,PCTE122M,PCTE122M,DRVEF122024,DRVEF122024,consistent,,
26116,PCTE12UN,PCTE12UN,DRVEF122024,DRVEF122024,consistent,,
26121,PCTE12NR,PCTE12NR,DRVEF122024,DRVEF122024,consistent,,
26126,PCTE12W,PCTE12W,DRVEF122024,DRVEF122024,consistent,,
26131,PCTE12UGAN,PCTE12UGAN,DRVEF122024,DRVEF122024,consistent,,
26136,PCTE12UGAS,PCTE12UGAS,DRVEF122024,DRVEF122024,consistent,,
26141,PCTE12UGBK,PCTE12UGBK,DRVEF122024,DRVEF122024,consistent,,
26146,PCTE12UGHS,PCTE12UGHS,DRVEF122024,DRVEF122024,consistent,,
26151,PCTE12UGNH,PCTE12UGNH,DRVEF122024,DRVEF122024,consistent,,
26156,PCTE12UGWH,PCTE12UGWH,DRVEF122024,DRVEF122024,consistent,,
26161,PCTE12UG2M,PCTE12UG2M,DRVEF122024,DRVEF122024,consistent,,
26166,PCTE12UGUN,PCTE12UGUN,DRVEF122024,DRVEF122024,consistent,,
26171,PCTE12UGNR,PCTE12UGNR,DRVEF122024,DRVEF122024,consistent,,
26176,PCTE12UGW,PCTE12UGW,DRVEF122024,DRVEF122024,consistent,,
26181,PCTE12GRADAN,PCTE12GRADAN,DRVEF122024,DRVEF122024,consistent,,
26186,PCTE12GRADAS,PCTE12GRADAS,DRVEF122024,DRVEF122024,consistent,,
26191,PCTE12GRADBK,PCTE12GRADBK,DRVEF122024,DRVEF122024,consistent,,
26196,PCTE12GRADHS,PCTE12GRADHS,DRVEF122024,DRVEF122024,consistent,,
26201,PCTE12GRADNH,PCTE12GRADNH,DRVEF122024,DRVEF122024,consistent,,
26206,PCTE12GRADWH,PCTE12GRADWH,DRVEF122024,DRVEF122024,consistent,,
26211,PCTE12GRAD2M,PCTE12GRAD2M,DRVEF122024,DRVEF122024,consistent,,
26216,PCTE12GRADUN,PCTE12GRADUN,DRVEF122024,DRVEF122024,consistent,,
26221,PCTE12GRADNR,PCTE12GRADNR,DRVEF122024,DRVEF122024,consistent,,
26226,PCTE12GRADW,PCTE12GRADW,DRVEF122024,DRVEF122024,consistent,,
26231,PCTE12DEEXC,PCTE12DEEXC,DRVEF122024,DRVEF122024,consistent,,
26236,PCTE12DESOM,PCTE12DESOM,DRVEF122024,DRVEF122024,consistent,,
26241,PCTE12DENON,PCTE12DENON,DRVEF122024,DRVEF122024,consistent,,
26246,PCTE12UGDEEXC,PCTE12UGDEEXC,DRVEF122024,DRVEF122024,consistent,,
26251,PCTE12UGDESOM,PCTE12UGDESOM,DRVEF122024,DRVEF122024,consistent,,
26256,PCTE12UGDENON,PCTE12UGDENON,DRVEF122024,DRVEF122024,consistent,,
26261,PCTE12GRADDEEXC,PCTE12GRADDEEXC,DRVEF122024,DRVEF122024,consistent,,
26266,PCTE12GRADDESOM,PCTE12GRADDESOM,DRVEF122024,DRVEF122024,consistent,,
26271,PCTE12GRADDENON,PCTE12GRADDENON,DRVEF122024,DRVEF122024,consistent,,
26276,E12FT,E12FT,DRVEF122024,DRVEF122024,consistent,,
26281,E12PT,E12PT,DRVEF122024,DRVEF122024,consistent,,
26286,E12GRADFT,E12GRADFT,DRVEF122024,DRVEF122024,consistent,,
26291,E12GRADPT,E12GRADPT,DRVEF122024,DRVEF122024,consistent,,
26296,EFYGUUN,EFYGUUN,EFFY2024,EFFY2024,consistent,XEFYGUUN,
26301,EFYGUAN,EFYGUAN,EFFY2024,EFFY2024,consistent,XEFYGUAN,
26306,EFYGUTOT,EFYGUTOT,EFFY2024,EFFY2024,consistent,XEFYGUTO,
26311,EFYGUKN,EFYGUKN,EFFY2024,EFFY2024,consistent,XEFYGUKN,
26321,EFYTOTLT,EFYTOTLT,EFFY2024_HS,EFFY2024|EFFY2024_HS,consistent,XEYTOTLT,
26322,EFYTOTLM,EFYTOTLM,EFFY2024_HS,EFFY2024|EFFY2024_HS,consistent,XEYTOTLM,
26323,EFYTOTLW,EFYTOTLW,EFFY2024_HS,EFFY2024|EFFY2024_HS,consistent,XEYTOTLW,
26326,EFYAIANT,EFYAIANT,EFFY2024_HS,EFFY2024|EFFY2024_HS,consistent,XEFYAIAT,
26327,EFYAIANM,EFYAIANM,EFFY2024_HS,EFFY2024|EFFY2024_HS,consistent,XEFYAIAM,
26328,EFYAIANW,EFYAIANW,EFFY2024_HS,EFFY2024|EFFY2024_HS,consistent,XEFYAIAW,
26331,EFYASIAT,EFYASIAT,EFFY2024_HS,EFFY2024|EFFY2024_HS,consistent,XEFYASIT,
26332,EFYASIAM,EFYASIAM,EFFY2024_HS,EFFY2024|EFFY2024_HS,consistent,XEFYASIM,
26333,EFYASIAW,EFYASIAW,EFFY2024_HS,EFFY2024|EFFY2024_HS,consistent,XEFYASIW,
26336,EFYBKAAT,EFYBKAAT,EFFY2024_HS,EFFY2024|EFFY2024_HS,consistent,XEFYBKAT,
26337,EFYBKAAM,EFYBKAAM,EFFY2024_HS,EFFY2024|EFFY2024_HS,consistent,XEFYBKAM,
26338,EFYBKAAW,EFYBKAAW,EFFY2024_HS,EFFY2024|EFFY2024_HS,consistent,XEFYBKAW,
26341,EFYHISPT,EFYHISPT,EFFY2024_HS,EFFY2024|EFFY2024_HS,consistent,XEFYHIST,
26342,EFYHISPM,EFYHISPM,EFFY2024_HS,EFFY2024|EFFY2024_HS,consistent,XEFYHISM,
26343,EFYHISPW,EFYHISPW,EFFY2024_HS,EFFY2024|EFFY2024_HS,consistent,XEFYHISW,
26346,EFYNHPIT,EFYNHPIT,EFFY2024_HS,EFFY2024|EFFY2024_HS,consistent,XEFYNHPT,
26347,EFYNHPIM,EFYNHPIM,EFFY2024_HS,EFFY2024|EFFY2024_HS,consistent,XEFYNHPM,
26348,EFYNHPIW,EFYNHPIW,EFFY2024_HS,EFFY2024|EFFY2024_HS,consistent,XEFYNHPW,
26351,EFYWHITT,EFYWHITT,EFFY2024_HS,EFFY2024|EFFY2024_HS,consistent,XEFYWHIT,
26352,EFYWHITM,EFYWHITM,EFFY2024_HS,EFFY2024|EFFY2024_HS,consistent,XEFYWHIM,
26353,EFYWHITW,EFYWHITW,EFFY2024_HS,EFFY2024|EFFY2024_HS,consistent,XEFYWHIW,
26356,EFY2MORT,EFY2MORT,EFFY2024_HS,EFFY2024|EFFY2024_HS,consistent,XEFY2MOT,
26357,EFY2MORM,EFY2MORM,EFFY2024_HS,EFFY2024|EFFY2024_HS,consistent,XEFY2MOM,
26358,EFY2MORW,EFY2MORW,EFFY2024_HS,EFFY2024|EFFY2024_HS,consistent,XEFY2MOW,
26361,EFYUNKNT,EFYUNKNT,EFFY2024_HS,EFFY2024|EFFY2024_HS,consistent,XEYUNKNT,
26362,EFYUNKNM,EFYUNKNM,EFFY2024_HS,EFFY2024|EFFY2024_HS,consistent,XEYUNKNM,
26363,EFYUNKNW,EFYUNKNW,EFFY2024_HS,EFFY2024|EFFY2024_HS,consistent,XEYUNKNW,
26366,EFYNRALT,EFYNRALT,EFFY2024_HS,EFFY2024|EFFY2024_HS,consistent,XEYNRALT,
26367,EFYNRALM,EFYNRALM,EFFY2024_HS,EFFY2024|EFFY2024_HS,consistent,XEYNRALM,
26368,EFYNRALW,EFYNRALW,EFFY2024_HS,EFFY2024|EFFY2024_HS,consistent,XEYNRALW,
30001,STAT_C,STAT_C,FLAGS2024,FLAGS2024,consistent,,
30006,LOCK_C,LOCK_C,FLAGS2024,FLAGS2024,consistent,,
30011,PRCH_C,PRCH_C,FLAGS2024,FLAGS2024,consistent,,
30016,IDX_C,IDX_C,FLAGS2024,FLAGS2024,consistent,,
30018,PCC_F,PCC_F,FLAGS2024,FLAGS2024,consistent,,
30021,IMP_C,IMP_C,FLAGS2024,FLAGS2024,consistent,,
31005,MAJORNUM,MAJORNUM,C2024_A,C2024_A,consistent,,
31015,CNRALM,CNRALM,C2024_A,C2024_A,consistent,XCNRALM,
31020,CNRALW,CNRALW,C2024_A,C2024_A,consistent,XCNRALW,
31075,CUNKNM,CUNKNM,C2024_A,C2024_A,consistent,XCUNKNM,
31080,CUNKNW,CUNKNW,C2024_A,C2024_A,consistent,XCUNKNW,
31085,CTOTALM,CTOTALM,C2024_A,C2024_A,consistent,XCTOTALM,
31090,CTOTALW,CTOTALW,C2024_A,C2024_A,consistent,XCTOTALW,
31095,CNRALT,CNRALT,C2024_A,C2024_A,consistent,XCNRALT,
31125,CUNKNT,CUNKNT,C2024_A,C2024_A,consistent,XCUNKNT,
31130,CTOTALT,CTOTALT,C2024_A,C2024_A,consistent,XCTOTALT,
31357,DOCDEGRS,DOCDEGRS,DRVC2024,DRVC2024,consistent,,
31358,DOCDEGPP,DOCDEGPP,DRVC2024,DRVC2024,consistent,,
31359,DOCDEGOT,DOCDEGOT,DRVC2024,DRVC2024,consistent,,
31360,MASDEG,MASDEG,DRVC2024,DRVC2024,consistent,,
31362,BASDEG,BASDEG,DRVC2024,DRVC2024,consistent,,
31364,ASCDEG,ASCDEG,DRVC2024,DRVC2024,consistent,,
31366,CERT4,CERT4,DRVC2024,DRVC2024,consistent,,
31368,CERT2,CERT2,DRVC2024,DRVC2024,consistent,,
31369,CERT1,CERT1,DRVC2024,DRVC2024,consistent,,
31370,PBACERT,PBACERT,DRVC2024,DRVC2024,consistent,,
31371,PMACERT,PMACERT,DRVC2024,DRVC2024,consistent,,
31375,CERT1A,CERT1A,DRVC2024,DRVC2024,consistent,,
31376,CERT1B,CERT1B,DRVC2024,DRVC2024,consistent,,
31505,CHISPM,CHISPM,C2024_A,C2024_A,consistent,XCHISPM,
31510,CHISPW,CHISPW,C2024_A,C2024_A,consistent,XCHISPW,
31515,CAIANM,CAIANM,C2024_A,C2024_A,consistent,XCAIANM,
31520,CAIANW,CAIANW,C2024_A,C2024_A,consistent,XCAIANW,
31525,CASIAM,CASIAM,C2024_A,C2024_A,consistent,XCASIAM,
31530,CASIAW,CASIAW,C2024_A,C2024_A,consistent,XCASIAW,
31535,CBKAAM,CBKAAM,C2024_A,C2024_A,consistent,XCBKAAM,
31540,CBKAAW,CBKAAW,C2024_A,C2024_A,consistent,XCBKAAW,
31545,CNHPIM,CNHPIM,C2024_A,C2024_A,consistent,XCNHPIM,
31550,CNHPIW,CNHPIW,C2024_A,C2024_A,consistent,XCNHPIW,
31555,CWHITM,CWHITM,C2024_A,C2024_A,consistent,XCWHITM,
31560,CWHITW,CWHITW,C2024_A,C2024_A,consistent,XCWHITW,
31565,C2MORM,C2MORM,C2024_A,C2024_A,consistent,XC2MORM,
31570,C2MORW,C2MORW,C2024_A,C2024_A,consistent,XC2MORW,
31575,CHISPT,CHISPT,C2024_A,C2024_A,consistent,XCHISPT,
31580,CAIANT,CAIANT,C2024_A,C2024_A,consistent,XCAIANT,
31585,CASIAT,CASIAT,C2024_A,C2024_A,consistent,XCASIAT,
31590,CBKAAT,CBKAAT,C2024_A,C2024_A,consistent,XCBKAAT,
31595,CNHPIT,CNHPIT,C2024_A,C2024_A,consistent,XCNHPIT,
31600,CWHITT,CWHITT,C2024_A,C2024_A,consistent,XCWHITT,
31605,C2MORT,C2MORT,C2024_A,C2024_A,consistent,XC2MORT,
33100,CSTOTLT,CSTOTLT,C2024_B,C2024_B|C2024_C,consistent,XCSTOTLT,
33101,CSTOTLM,CSTOTLM,C2024_B,C2024_B|C2024_C,consistent,XCSTOTLM,
33102,CSTOTLW,CSTOTLW,C2024_B,C2024_B|C2024_C,consistent,XCSTOTLW,
33110,CSAIANT,CSAIANT,C2024_B,C2024_B|C2024_C,consistent,XCSAIANT,
33111,CSAIANM,CSAIANM,C2024_B,C2024_B,consistent,XCSAIANM,
33112,CSAIANW,CSAIANW,C2024_B,C2024_B,consistent,XCSAIANW,
33120,CSASIAT,CSASIAT,C2024_B,C2024_B|C2024_C,consistent,XCSASIAT,
33121,CSASIAM,CSASIAM,C2024_B,C2024_B,consistent,XCSASIAM,
33122,CSASIAW,CSASIAW,C2024_B,C2024_B,consistent,XCSASIAW,
33130,CSBKAAT,CSBKAAT,C2024_B,C2024_B|C2024_C,consistent,XCSBKAAT,
33131,CSBKAAM,CSBKAAM,C2024_B,C2024_B,consistent,XCSBKAAM,
33132,CSBKAAW,CSBKAAW,C2024_B,C2024_B,consistent,XCSBKAAW,
33140,CSHISPT,CSHISPT,C2024_B,C2024_B|C2024_C,consistent,XCSHISPT,
33141,CSHISPM,CSHISPM,C2024_B,C2024_B,consistent,XCSHISPM,
33142,CSHISPW,CSHISPW,C2024_B,C2024_B,consistent,XCSHISPW,
33150,CSNHPIT,CSNHPIT,C2024_B,C2024_B|C2024_C,consistent,XCSNHPIT,
33151,CSNHPIM,CSNHPIM,C2024_B,C2024_B,consistent,XCSNHPIM,
33152,CSNHPIW,CSNHPIW,C2024_B,C2024_B,consistent,XCSNHPIW,
33160,CSWHITT,CSWHITT,C2024_B,C2024_B|C2024_C,consistent,XCSWHITT,
33161,CSWHITM,CSWHITM,C2024_B,C2024_B,consistent,XCSWHITM,
33162,CSWHITW,CSWHITW,C2024_B,C2024_B,consistent,XCSWHITW,
33170,CS2MORT,CS2MORT,C2024_B,C2024_B|C2024_C,consistent,XCS2MORT,
33171,CS2MORM,CS2MORM,C2024_B,C2024_B,consistent,XCS2MORM,
33172,CS2MORW,CS2MORW,C2024_B,C2024_B,consistent,XCS2MORW,
33180,CSUNKNT,CSUNKNT,C2024_B,C2024_B|C2024_C,consistent,XCSUNKNT,
33181,CSUNKNM,CSUNKNM,C2024_B,C2024_B,consistent,XCSUNKNM,
33182,CSUNKNW,CSUNKNW,C2024_B,C2024_B,consistent,XCSUNKNW,
33190,CSNRALT,CSNRALT,C2024_B,C2024_B|C2024_C,consistent,XCSNRALT,
33191,CSNRALM,CSNRALM,C2024_B,C2024_B,consistent,XCSNRALM,
33192,CSNRALW,CSNRALW,C2024_B,C2024_B,consistent,XCSNRALW,
33201,AWLEVELC,AWLEVELC,C2024_C,C2024_C,consistent,,
33205,CSTOTLT,CSTOTLT,C2024_C,C2024_B|C2024_C,consistent,XCSTOTLT,
33210,CSTOTLM,CSTOTLM,C2024_C,C2024_B|C2024_C,consistent,XCSTOTLM,
33215,CSTOTLW,CSTOTLW,C2024_C,C2024_B|C2024_C,consistent,XCSTOTLW,
33220,CSAIANT,CSAIANT,C2024_C,C2024_B|C2024_C,consistent,XCSAIANT,
33225,CSASIAT,CSASIAT,C2024_C,C2024_B|C2024_C,consistent,XCSASIAT,
33230,CSBKAAT,CSBKAAT,C2024_C,C2024_B|C2024_C,consistent,XCSBKAAT,
33235,CSHISPT,CSHISPT,C2024_C,C2024_B|C2024_C,consistent,XCSHISPT,
33240,CSNHPIT,CSNHPIT,C2024_C,C2024_B|C2024_C,consistent,XCSNHPIT,
33245,CSWHITT,CSWHITT,C2024_C,C2024_B|C2024_C,consistent,XCSWHITT,
33250,CS2MORT,CS2MORT,C2024_C,C2024_B|C2024_C,consistent,XCS2MORT,
33255,CSUNKNT,CSUNKNT,C2024_C,C2024_B|C2024_C,consistent,XCSUNKNT,
33260,CSNRALT,CSNRALT,C2024_C,C2024_B|C2024_C,consistent,XCSNRALT,
33265,CSUND18,CSUND18,C2024_C,C2024_C,consistent,XCSUND18,
33270,CS18_24,CS18_24,C2024_C,C2024_C,consistent,XCS18_24,
33275,CS25_39,CS25_39,C2024_C,C2024_C,consistent,XCS25_39,
33280,CSABV40,CSABV40,C2024_C,C2024_C,consistent,XCSABV40,
33285,CSUNKN,CSUNKN,C2024_C,C2024_C,consistent,XCSUNKN,
33300,SDOCDEG,SDOCDEG,DRVC2024,DRVC2024,consistent,,
33305,SMASDEG,SMASDEG,DRVC2024,DRVC2024,consistent,,
33310,SBASDEG,SBASDEG,DRVC2024,DRVC2024,consistent,,
33315,SASCDEG,SASCDEG,DRVC2024,DRVC2024,consistent,,
33320,SBAMACRT,SBAMACRT,DRVC2024,DRVC2024,consistent,,
33325,SCERT24,SCERT24,DRVC2024,DRVC2024,consistent,,
33331,SCERT1A,SCERT1A,DRVC2024,DRVC2024,consistent,,
33332,SCERT1B,SCERT1B,DRVC2024,DRVC2024,consistent,,
33341,CIPCODE,CIPCODE,C2024DEP,C2024DEP|EF2024CP|C2024_A,consistent,,
33345,PTOTAL,PTOTAL,C2024DEP,C2024DEP,consistent,,
33350,PTOTALDE,PTOTALDE,C2024DEP,C2024DEP,consistent,,
33351,PTOTALDES,PTOTALDES,C2024DEP,C2024DEP,consistent,,
33355,PASSOC,PASSOC,C2024DEP,C2024DEP,consistent,,
33360,PASSOCDE,PASSOCDE,C2024DEP,C2024DEP,consistent,,
33361,PASSOCDES,PASSOCDES,C2024DEP,C2024DEP,consistent,,
33365,PBACHL,PBACHL,C2024DEP,C2024DEP,consistent,,
33370,PBACHLDE,PBACHLDE,C2024DEP,C2024DEP,consistent,,
33371,PBACHLDES,PBACHLDES,C2024DEP,C2024DEP,consistent,,
33375,PMASTR,PMASTR,C2024DEP,C2024DEP,consistent,,
33380,PMASTRDE,PMASTRDE,C2024DEP,C2024DEP,consistent,,
33381,PMASTRDES,PMASTRDES,C2024DEP,C2024DEP,consistent,,
33385,PDOCRS,PDOCRS,C2024DEP,C2024DEP,consistent,,
33390,PDOCRSDE,PDOCRSDE,C2024DEP,C2024DEP,consistent,,
33391,PDOCRSDES,PDOCRSDES,C2024DEP,C2024DEP,consistent,,
33395,PDOCPP,PDOCPP,C2024DEP,C2024DEP,consistent,,
33400,PDOCPPDE,PDOCPPDE,C2024DEP,C2024DEP,consistent,,
33401,PDOCPPDES,PDOCPPDES,C2024DEP,C2024DEP,consistent,,
33405,PDOCOT,PDOCOT,C2024DEP,C2024DEP,consistent,,
33410,PDOCOTDE,PDOCOTDE,C2024DEP,C2024DEP,consistent,,
33411,PDOCOTDES,PDOCOTDES,C2024DEP,C2024DEP,consistent,,
33425,PCERT2,PCERT2,C2024DEP,C2024DEP,consistent,,
33430,PCERT2DE,PCERT2DE,C2024DEP,C2024DEP,consistent,,
33431,PCERT2DES,PCERT2DES,C2024DEP,C2024DEP,consistent,,
33435,PCERT4,PCERT4,C2024DEP,C2024DEP,consistent,,
33440,PCERT4DE,PCERT4DE,C2024DEP,C2024DEP,consistent,,
33441,PCERT4DES,PCERT4DES,C2024DEP,C2024DEP,consistent,,
33445,PPBACC,PPBACC,C2024DEP,C2024DEP,consistent,,
33450,PPBACCDE,PPBACCDE,C2024DEP,C2024DEP,consistent,,
33451,PPBACCDES,PPBACCDES,C2024DEP,C2024DEP,consistent,,
33455,PPMAST,PPMAST,C2024DEP,C2024DEP,consistent,,
33460,PPMASTDE,PPMASTDE,C2024DEP,C2024DEP,consistent,,
33461,PPMASTDES,PPMASTDES,C2024DEP,C2024DEP,consistent,,
33465,PCERT1A,PCERT1A,C2024DEP,C2024DEP,consistent,,
33470,PCERT1ADE,PCERT1ADE,C2024DEP,C2024DEP,consistent,,
33471,PCERT1ADES,PCERT1ADES,C2024DEP,C2024DEP,consistent,,
33475,PCERT1B,PCERT1B,C2024DEP,C2024DEP,consistent,,
33480,PCERT1BDE,PCERT1BDE,C2024DEP,C2024DEP,consistent,,
35015,CSGUUGAG,CSGUUGAG,C2024_B,C2024_B,consistent,XCSGUUGA,
35020,CSGUUGTT,CSGUUGTT,C2024_B,C2024_B,consistent,XCSGUUGT,
35025,CSGUGUN,CSGUGUN,C2024_B,C2024_B,consistent,XCSGUGUN,
35030,CSGUGAG,CSGUGAG,C2024_B,C2024_B,consistent,XCSGUGAG,
35035,CSGUGTOT,CSGUGTOT,C2024_B,C2024_B,consistent,XCSGUGTT,
35040,CSGUTOTUN,CSGUTOTUN,C2024_B,C2024_B,consistent,XCSGUTTUN,
35045,CSGUTOTAG,CSGUTOTAG,C2024_B,C2024_B,consistent,XCSGUTTAG,
35050,CSGUTOT,CSGUTOT,C2024_B,C2024_B,consistent,XCSGUTOT,
35055,CSGUKN,CSGUKN,C2024_B,C2024_B,consistent,XCSGUKN,
40002,SA_EXCL,SA_EXCL,FLAGS2024,FLAGS2024,consistent,,
40106,ARANK,ARANK,SAL2024_IS,S2024_IS|SAL2024_IS,consistent,,
40107,SATOTLM,SATOTLM,SAL2024_IS,SAL2024_IS,consistent,XSATOTLM,
40110,SATOTLW,SATOTLW,SAL2024_IS,SAL2024_IS,consistent,XSATOTLW,
40113,SATOTLT,SATOTLT,SAL2024_IS,SAL2024_IS,consistent,XSATOTLT,
40224,STAT_SA,STAT_SA,FLAGS2024,FLAGS2024,consistent,,
40481,SAINSTT,SAINSTT,SAL2024_IS,SAL2024_IS,consistent,XSAINSTT,
40482,SAINSTM,SAINSTM,SAL2024_IS,SAL2024_IS,consistent,XSAINSTM,
40483,SAINSTW,SAINSTW,SAL2024_IS,SAL2024_IS,consistent,XSAINSTW,
40491,SA_9MCT,SA_9MCT,SAL2024_IS,SAL2024_IS,consistent,XSA_9MCT,
40492,SA_9MCM,SA_9MCM,SAL2024_IS,SAL2024_IS,consistent,XSA_9MCM,
40493,SA_9MCW,SA_9MCW,SAL2024_IS,SAL2024_IS,consistent,XSA_9MCW,
40501,SA09MCT,SA09MCT,SAL2024_IS,SAL2024_IS,consistent,XSA09MCT,
40506,SA09MCM,SA09MCM,SAL2024_IS,SAL2024_IS,consistent,XSA09MCM,
40511,SA09MCW,SA09MCW,SAL2024_IS,SAL2024_IS,consistent,XSA09MCW,
40516,SA10MCT,SA10MCT,SAL2024_IS,SAL2024_IS,consistent,XSA10MCT,
40521,SA10MCM,SA10MCM,SAL2024_IS,SAL2024_IS,consistent,XSA10MCM,
40526,SA10MCW,SA10MCW,SAL2024_IS,SAL2024_IS,consistent,XSA10MCW,
40531,SA11MCT,SA11MCT,SAL2024_IS,SAL2024_IS,consistent,XSA11MCT,
40536,SA11MCM,SA11MCM,SAL2024_IS,SAL2024_IS,consistent,XSA11MCM,
40541,SA11MCW,SA11MCW,SAL2024_IS,SAL2024_IS,consistent,XSA11MCW,
40546,SA12MCT,SA12MCT,SAL2024_IS,SAL2024_IS,consistent,XSA12MCT,
40551,SA12MCM,SA12MCM,SAL2024_IS,SAL2024_IS,consistent,XSA12MCM,
40556,SA12MCW,SA12MCW,SAL2024_IS,SAL2024_IS,consistent,XSA12MCW,
40576,SAOUTLT,SAOUTLT,SAL2024_IS,SAL2024_IS,consistent,XSAOUTLT,
40581,SAOUTLM,SAOUTLM,SAL2024_IS,SAL2024_IS,consistent,XSAOUTLM,
40586,SAOUTLW,SAOUTLW,SAL2024_IS,SAL2024_IS,consistent,XSAOUTLW,
40606,SANIN01,SANIN01,SAL2024_NIS,SAL2024_NIS,consistent,XSANIN01,
40611,SANIT01,SANIT01,SAL2024_NIS,SAL2024_NIS,consistent,XSANIT01,
40616,SANIN02,SANIN02,SAL2024_NIS,SAL2024_NIS,consistent,XSANIN02,
40621,SANIT02,SANIT02,SAL2024_NIS,SAL2024_NIS,consistent,XSANIT02,
40626,SANIN03,SANIN03,SAL2024_NIS,SAL2024_NIS,consistent,XSANIN03,
40631,SANIT03,SANIT03,SAL2024_NIS,SAL2024_NIS,consistent,XSANIT03,
40636,SANIN04,SANIN04,SAL2024_NIS,SAL2024_NIS,consistent,XSANIN04,
40641,SANIT04,SANIT04,SAL2024_NIS,SAL2024_NIS,consistent,XSANIT04,
40646,SANIN05,SANIN05,SAL2024_NIS,SAL2024_NIS,consistent,XSANIN05,
40651,SANIT05,SANIT05,SAL2024_NIS,SAL2024_NIS,consistent,XSANIT05,
40656,SANIN06,SANIN06,SAL2024_NIS,SAL2024_NIS,consistent,XSANIN06,
40661,SANIT06,SANIT06,SAL2024_NIS,SAL2024_NIS,consistent,XSANIT06,
40666,SANIN07,SANIN07,SAL2024_NIS,SAL2024_NIS,consistent,XSANIN07,
40671,SANIT07,SANIT07,SAL2024_NIS,SAL2024_NIS,consistent,XSANIT07,
40676,SANIN08,SANIN08,SAL2024_NIS,SAL2024_NIS,consistent,XSANIN08,
40681,SANIT08,SANIT08,SAL2024_NIS,SAL2024_NIS,consistent,XSANIT08,
40686,SANIN09,SANIN09,SAL2024_NIS,SAL2024_NIS,consistent,XSANIN09,
40691,SANIT09,SANIT09,SAL2024_NIS,SAL2024_NIS,consistent,XSANIT09,
40696,SANIN10,SANIN10,SAL2024_NIS,SAL2024_NIS,consistent,XSANIN10,
40701,SANIT10,SANIT10,SAL2024_NIS,SAL2024_NIS,consistent,XSANIT10,
40706,SANIN11,SANIN11,SAL2024_NIS,SAL2024_NIS,consistent,XSANIN11,
40711,SANIT11,SANIT11,SAL2024_NIS,SAL2024_NIS,consistent,XSANIT11,
40716,SANIN12,SANIN12,SAL2024_NIS,SAL2024_NIS,consistent,XSANIN12,
40721,SANIT12,SANIT12,SAL2024_NIS,SAL2024_NIS,consistent,XSANIT12,
40726,SANIN13,SANIN13,SAL2024_NIS,SAL2024_NIS,consistent,XSANIN13,
40731,SANIT13,SANIT13,SAL2024_NIS,SAL2024_NIS,consistent,XSANIT13,
40736,SANIN14,SANIN14,SAL2024_NIS,SAL2024_NIS,consistent,XSANIN14,
40741,SANIT14,SANIT14,SAL2024_NIS,SAL2024_NIS,consistent,XSANIT14,
40801,SALTOTL,SALTOTL,DRVHR2024,DRVHR2024,consistent,,
40806,SalProf,SALPROF,DRVHR2024,DRVHR2024,consistent,,
40811,SalAssc,SALASSC,DRVHR2024,DRVHR2024,consistent,,
40816,SalAsst,SALASST,DRVHR2024,DRVHR2024,consistent,,
40821,SalInst,SALINST,DRVHR2024,DRVHR2024,consistent,,
40826,Sallect,SALLECT,DRVHR2024,DRVHR2024,consistent,,
40831,SALNRNK,SALNRNK,DRVHR2024,DRVHR2024,consistent,,
40901,SA09MOT,SA09MOT,SAL2024_IS,SAL2024_IS,consistent,XSA09MOT,
40906,SA09MOM,SA09MOM,SAL2024_IS,SAL2024_IS,consistent,XSA09MOM,
40911,SA09MOW,SA09MOW,SAL2024_IS,SAL2024_IS,consistent,XSA09MOW,
40916,SA10MOT,SA10MOT,SAL2024_IS,SAL2024_IS,consistent,XSA10MOT,
40921,SA10MOM,SA10MOM,SAL2024_IS,SAL2024_IS,consistent,XSA10MOM,
40926,SA10MOW,SA10MOW,SAL2024_IS,SAL2024_IS,consistent,XSA10MOW,
40931,SA11MOT,SA11MOT,SAL2024_IS,SAL2024_IS,consistent,XSA11MOT,
40936,SA11MOM,SA11MOM,SAL2024_IS,SAL2024_IS,consistent,XSA11MOM,
40941,SA11MOW,SA11MOW,SAL2024_IS,SAL2024_IS,consistent,XSA11MOW,
40946,SA12MOT,SA12MOT,SAL2024_IS,SAL2024_IS,consistent,XSA12MOT,
40951,SA12MOM,SA12MOM,SAL2024_IS,SAL2024_IS,consistent,XSA12MOM,
40956,SA12MOW,SA12MOW,SAL2024_IS,SAL2024_IS,consistent,XSA12MOW,
40961,SAEQ9OT,SAEQ9OT,SAL2024_IS,SAL2024_IS,consistent,XSAEQ9OT,
40963,SAEQ9OM,SAEQ9OM,SAL2024_IS,SAL2024_IS,consistent,XSAEQ9OM,
40965,SAEQ9OW,SAEQ9OW,SAL2024_IS,SAL2024_IS,consistent,XSAEQ9OW,
40967,SAEQ9AT,SAEQ9AT,SAL2024_IS,SAL2024_IS,consistent,XSAEQ9AT,
40969,SAEQ9AM,SAEQ9AM,SAL2024_IS,SAL2024_IS,consistent,XSAEQ9AM,
40971,SAEQ9AW,SAEQ9AW,SAL2024_IS,SAL2024_IS,consistent,XSAEQ9AW,
40976,SA09MAT,SA09MAT,SAL2024_IS,SAL2024_IS,consistent,XSA09MAT,
40981,SA09MAM,SA09MAM,SAL2024_IS,SAL2024_IS,consistent,XSA09MAM,
40986,SA09MAW,SA09MAW,SAL2024_IS,SAL2024_IS,consistent,XSA09MAW,
40991,SA10MAT,SA10MAT,SAL2024_IS,SAL2024_IS,consistent,XSA10MAT,
40996,SA10MAM,SA10MAM,SAL2024_IS,SAL2024_IS,consistent,XSA10MAM,
41001,SA10MAW,SA10MAW,SAL2024_IS,SAL2024_IS,consistent,XSA10MAW,
41006,SA11MAT,SA11MAT,SAL2024_IS,SAL2024_IS,consistent,XSA11MAT,
41011,SA11MAM,SA11MAM,SAL2024_IS,SAL2024_IS,consistent,XSA11MAM,
41016,SA11MAW,SA11MAW,SAL2024_IS,SAL2024_IS,consistent,XSA11MAW,
41021,SA12MAT,SA12MAT,SAL2024_IS,SAL2024_IS,consistent,XSA12MAT,
41026,SA12MAM,SA12MAM,SAL2024_IS,SAL2024_IS,consistent,XSA12MAM,
41031,SA12MAW,SA12MAW,SAL2024_IS,SAL2024_IS,consistent,XSA12MAW,
50001,STAT_S,STAT_S,FLAGS2024,FLAGS2024,consistent,,
50026,FTEMP15,FTEMP15,FLAGS2024,FLAGS2024,consistent,,
50131,SABDTYPE,SABDTYPE,S2024_OC,S2024_OC,consistent,,
50136,HRNRALM,HRNRALM,S2024_OC,S2024_IS|S2024_NH|S2024_OC,consistent,XHRNRALM,
50141,HRNRALW,HRNRALW,S2024_OC,S2024_IS|S2024_NH|S2024_OC,consistent,XHRNRALW,
50196,HRUNKNM,HRUNKNM,S2024_OC,S2024_IS|S2024_NH|S2024_OC,consistent,XHRUNKNM,
50201,HRUNKNW,HRUNKNW,S2024_OC,S2024_IS|S2024_NH|S2024_OC,consistent,XHRUNKNW,
50206,HRTOTLM,HRTOTLM,S2024_OC,S2024_IS|S2024_NH|S2024_OC,consistent,XHRTOTLM,
50211,HRTOTLW,HRTOTLW,S2024_OC,S2024_IS|S2024_NH|S2024_OC,consistent,XHRTOTLW,
50216,HRNRALT,HRNRALT,S2024_OC,S2024_IS|S2024_NH|S2024_OC,consistent,XHRNRALT,
50246,HRUNKNT,HRUNKNT,S2024_OC,S2024_IS|S2024_NH|S2024_OC,consistent,XHRUNKNT,
50251,HRTOTLT,HRTOTLT,S2024_OC,S2024_IS|S2024_NH|S2024_OC,consistent,XHRTOTLT,
50361,HRNRALM,HRNRALM,S2024_IS,S2024_IS|S2024_NH|S2024_OC,consistent,XHRNRALM,
50366,HRNRALW,HRNRALW,S2024_IS,S2024_IS|S2024_NH|S2024_OC,consistent,XHRNRALW,
50421,HRUNKNM,HRUNKNM,S2024_IS,S2024_IS|S2024_NH|S2024_OC,consistent,XHRUNKNM,
50426,HRUNKNW,HRUNKNW,S2024_IS,S2024_IS|S2024_NH|S2024_OC,consistent,XHRUNKNW,
50431,HRTOTLM,HRTOTLM,S2024_IS,S2024_IS|S2024_NH|S2024_OC,consistent,XHRTOTLM,
50436,HRTOTLW,HRTOTLW,S2024_IS,S2024_IS|S2024_NH|S2024_OC,consistent,XHRTOTLW,
50441,HRNRALT,HRNRALT,S2024_IS,S2024_IS|S2024_NH|S2024_OC,consistent,XHRNRALT,
50471,HRUNKNT,HRUNKNT,S2024_IS,S2024_IS|S2024_NH|S2024_OC,consistent,XHRUNKNT,
50476,HRTOTLT,HRTOTLT,S2024_IS,S2024_IS|S2024_NH|S2024_OC,consistent,XHRTOTLT,
50581,SGTYPE,SGTYPE,S2024_NH,S2024_NH,consistent,,
50586,HRNRALM,HRNRALM,S2024_NH,S2024_IS|S2024_NH|S2024_OC,consistent,XHRNRALM,
50591,HRNRALW,HRNRALW,S2024_NH,S2024_IS|S2024_NH|S2024_OC,consistent,XHRNRALW,
50646,HRUNKNM,HRUNKNM,S2024_NH,S2024_IS|S2024_NH|S2024_OC,consistent,XHRUNKNM,
50651,HRUNKNW,HRUNKNW,S2024_NH,S2024_IS|S2024_NH|S2024_OC,consistent,XHRUNKNW,
50656,HRTOTLM,HRTOTLM,S2024_NH,S2024_IS|S2024_NH|S2024_OC,consistent,XHRTOTLM,
50661,HRTOTLW,HRTOTLW,S2024_NH,S2024_IS|S2024_NH|S2024_OC,consistent,XHRTOTLW,
50666,HRNRALT,HRNRALT,S2024_NH,S2024_IS|S2024_NH|S2024_OC,consistent,XHRNRALT,
50696,HRUNKNT,HRUNKNT,S2024_NH,S2024_IS|S2024_NH|S2024_OC,consistent,XHRUNKNT,
50701,HRTOTLT,HRTOTLT,S2024_NH,S2024_IS|S2024_NH|S2024_OC,consistent,XHRTOTLT,
52032,HRAIANT,HRAIANT,S2024_OC,S2024_IS|S2024_NH|S2024_OC,consistent,XHRAIANT,
52034,HRAIANM,HRAIANM,S2024_OC,S2024_IS|S2024_NH|S2024_OC,consistent,XHRAIANM,
52036,HRAIANW,HRAIANW,S2024_OC,S2024_IS|S2024_NH|S2024_OC,consistent,XHRAIANW,
52038,HRASIAT,HRASIAT,S2024_OC,S2024_IS|S2024_NH|S2024_OC,consistent,XHRASIAT,
52040,HRASIAM,HRASIAM,S2024_OC,S2024_IS|S2024_NH|S2024_OC,consistent,XHRASIAM,
52042,HRASIAW,HRASIAW,S2024_OC,S2024_IS|S2024_NH|S2024_OC,consistent,XHRASIAW,
52044,HRBKAAT,HRBKAAT,S2024_OC,S2024_IS|S2024_NH|S2024_OC,consistent,XHRBKAAT,
52046,HRBKAAM,HRBKAAM,S2024_OC,S2024_IS|S2024_NH|S2024_OC,consistent,XHRBKAAM,
52048,HRBKAAW,HRBKAAW,S2024_OC,S2024_IS|S2024_NH|S2024_OC,consistent,XHRBKAAW,
52050,HRHISPT,HRHISPT,S2024_OC,S2024_IS|S2024_NH|S2024_OC,consistent,XHRHISPT,
52052,HRHISPM,HRHISPM,S2024_OC,S2024_IS|S2024_NH|S2024_OC,consistent,XHRHISPM,
52054,HRHISPW,HRHISPW,S2024_OC,S2024_IS|S2024_NH|S2024_OC,consistent,XHRHISPW,
52056,HRNHPIT,HRNHPIT,S2024_OC,S2024_IS|S2024_NH|S2024_OC,consistent,XHRNHPIT,
52058,HRNHPIM,HRNHPIM,S2024_OC,S2024_IS|S2024_NH|S2024_OC,consistent,XHRNHPIM,
52060,HRNHPIW,HRNHPIW,S2024_OC,S2024_IS|S2024_NH|S2024_OC,consistent,XHRNHPIW,
52062,HRWHITT,HRWHITT,S2024_OC,S2024_IS|S2024_NH|S2024_OC,consistent,XHRWHITT,
52064,HRWHITM,HRWHITM,S2024_OC,S2024_IS|S2024_NH|S2024_OC,consistent,XHRWHITM,
52066,HRWHITW,HRWHITW,S2024_OC,S2024_IS|S2024_NH|S2024_OC,consistent,XHRWHITW,
52068,HR2MORT,HR2MORT,S2024_OC,S2024_IS|S2024_NH|S2024_OC,consistent,XHR2MORT,
52070,HR2MORM,HR2MORM,S2024_OC,S2024_IS|S2024_NH|S2024_OC,consistent,XHR2MORM,
52072,HR2MORW,HR2MORW,S2024_OC,S2024_IS|S2024_NH|S2024_OC,consistent,XHR2MORW,
52132,HRAIANT,HRAIANT,S2024_IS,S2024_IS|S2024_NH|S2024_OC,consistent,XHRAIANT,
52134,HRAIANM,HRAIANM,S2024_IS,S2024_IS|S2024_NH|S2024_OC,consistent,XHRAIANM,
52136,HRAIANW,HRAIANW,S2024_IS,S2024_IS|S2024_NH|S2024_OC,consistent,XHRAIANW,
52138,HRASIAT,HRASIAT,S2024_IS,S2024_IS|S2024_NH|S2024_OC,consistent,XHRASIAT,
52140,HRASIAM,HRASIAM,S2024_IS,S2024_IS|S2024_NH|S2024_OC,consistent,XHRASIAM,
52142,HRASIAW,HRASIAW,S2024_IS,S2024_IS|S2024_NH|S2024_OC,consistent,XHRASIAW,
52144,HRBKAAT,HRBKAAT,S2024_IS,S2024_IS|S2024_NH|S2024_OC,consistent,XHRBKAAT,
52146,HRBKAAM,HRBKAAM,S2024_IS,S2024_IS|S2024_NH|S2024_OC,consistent,XHRBKAAM,
52148,HRBKAAW,HRBKAAW,S2024_IS,S2024_IS|S2024_NH|S2024_OC,consistent,XHRBKAAW,
52150,HRHISPT,HRHISPT,S2024_IS,S2024_IS|S2024_NH|S2024_OC,consistent,XHRHISPT,
52152,HRHISPM,HRHISPM,S2024_IS,S2024_IS|S2024_NH|S2024_OC,consistent,XHRHISPM,
52154,HRHISPW,HRHISPW,S2024_IS,S2024_IS|S2024_NH|S2024_OC,consistent,XHRHISPW,
52156,HRNHPIT,HRNHPIT,S2024_IS,S2024_IS|S2024_NH|S2024_OC,consistent,XHRNHPIT,
52158,HRNHPIM,HRNHPIM,S2024_IS,S2024_IS|S2024_NH|S2024_OC,consistent,XHRNHPIM,
52160,HRNHPIW,HRNHPIW,S2024_IS,S2024_IS|S2024_NH|S2024_OC,consistent,XHRNHPIW,
52162,HRWHITT,HRWHITT,S2024_IS,S2024_IS|S2024_NH|S2024_OC,consistent,XHRWHITT,
52164,HRWHITM,HRWHITM,S2024_IS,S2024_IS|S2024_NH|S2024_OC,consistent,XHRWHITM,
52166,HRWHITW,HRWHITW,S2024_IS,S2024_IS|S2024_NH|S2024_OC,consistent,XHRWHITW,
52168,HR2MORT,HR2MORT,S2024_IS,S2024_IS|S2024_NH|S2024_OC,consistent,XHR2MORT,
52170,HR2MORM,HR2MORM,S2024_IS,S2024_IS|S2024_NH|S2024_OC,consistent,XHR2MORM,
52172,HR2MORW,HR2MORW,S2024_IS,S2024_IS|S2024_NH|S2024_OC,consistent,XHR2MORW,
52240,HRASIAM,HRASIAM,S2024_NH,S2024_IS|S2024_NH|S2024_OC,consistent,XHRASIAM,
52242,HRASIAW,HRASIAW,S2024_NH,S2024_IS|S2024_NH|S2024_OC,consistent,XHRASIAW,
52244,HRBKAAT,HRBKAAT,S2024_NH,S2024_IS|S2024_NH|S2024_OC,consistent,XHRBKAAT,
52246,HRBKAAM,HRBKAAM,S2024_NH,S2024_IS|S2024_NH|S2024_OC,consistent,XHRBKAAM,
52248,HRBKAAW,HRBKAAW,S2024_NH,S2024_IS|S2024_NH|S2024_OC,consistent,XHRBKAAW,
52250,HRHISPT,HRHISPT,S2024_NH,S2024_IS|S2024_NH|S2024_OC,consistent,XHRHISPT,
52252,HRHISPM,HRHISPM,S2024_NH,S2024_IS|S2024_NH|S2024_OC,consistent,XHRHISPM,
52254,HRHISPW,HRHISPW,S2024_NH,S2024_IS|S2024_NH|S2024_OC,consistent,XHRHISPW,
52256,HRNHPIT,HRNHPIT,S2024_NH,S2024_IS|S2024_NH|S2024_OC,consistent,XHRNHPIT,
52258,HRNHPIM,HRNHPIM,S2024_NH,S2024_IS|S2024_NH|S2024_OC,consistent,XHRNHPIM,
52260,HRNHPIW,HRNHPIW,S2024_NH,S2024_IS|S2024_NH|S2024_OC,consistent,XHRNHPIW,
52262,HRWHITT,HRWHITT,S2024_NH,S2024_IS|S2024_NH|S2024_OC,consistent,XHRWHITT,
52264,HRWHITM,HRWHITM,S2024_NH,S2024_IS|S2024_NH|S2024_OC,consistent,XHRWHITM,
52266,HRWHITW,HRWHITW,S2024_NH,S2024_IS|S2024_NH|S2024_OC,consistent,XHRWHITW,
52268,HR2MORT,HR2MORT,S2024_NH,S2024_IS|S2024_NH|S2024_OC,consistent,XHR2MORT,
52270,HR2MORM,HR2MORM,S2024_NH,S2024_IS|S2024_NH|S2024_OC,consistent,XHR2MORM,
52272,HR2MORW,HR2MORW,S2024_NH,S2024_IS|S2024_NH|S2024_OC,consistent,XHR2MORW,
53001,SISCAT,SISCAT,S2024_IS,S2024_IS,consistent,,
53006,FACSTAT,FACSTAT,S2024_IS,EAP2024|S2024_IS|S2024_NH|S2024_SIS,consistent,,
53011,ARANK,ARANK,S2024_IS,S2024_IS|SAL2024_IS,consistent,,
53016,STAFFCAT,STAFFCAT,S2024_OC,S2024_OC,consistent,,
53021,FTPT,FTPT,S2024_OC,S2024_OC,consistent,,
53026,OCCUPCAT,OCCUPCAT,S2024_OC,EAP2024|S2024_NH|S2024_OC,consistent,,
53036,SNHCAT,SNHCAT,S2024_NH,S2024_NH,consistent,,
53041,OCCUPCAT,OCCUPCAT,S2024_NH,EAP2024|S2024_NH|S2024_OC,consistent,,
53046,FACSTAT,FACSTAT,S2024_NH,EAP2024|S2024_IS|S2024_NH|S2024_SIS,consistent,,
53051,FACSTAT,FACSTAT,S2024_SIS,EAP2024|S2024_IS|S2024_NH|S2024_SIS,consistent,,
53056,SISTOTL,SISTOTL,S2024_SIS,S2024_SIS,consistent,XSISTOTL,
53061,SISPROF,SISPROF,S2024_SIS,S2024_SIS,consistent,XSISPROF,
53066,SISASCP,SISASCP,S2024_SIS,S2024_SIS,consistent,XSISASCP,
53071,SISASTP,SISASTP,S2024_SIS,S2024_SIS,consistent,XSISASTP,
53076,SISINST,SISINST,S2024_SIS,S2024_SIS,consistent,XSISINST,
53081,SISLECT,SISLECT,S2024_SIS,S2024_SIS,consistent,XSISLECT,
53086,SISNORK,SISNORK,S2024_SIS,S2024_SIS,consistent,XSISNORK,
60001,FORM_F,FORM_F,FLAGS2024,FLAGS2024,consistent,,
60006,STAT_F,STAT_F,FLAGS2024,FLAGS2024,consistent,,
60011,LOCK_F,LOCK_F,FLAGS2024,FLAGS2024,consistent,,
60015,PRCHTP_F,PRCHTP_F,FLAGS2024,FLAGS2024,consistent,,
60016,PRCH_F,PRCH_F,FLAGS2024,FLAGS2024,consistent,,
60021,IDX_F,IDX_F,FLAGS2024,FLAGS2024,consistent,,
60023,PCF_F,PCF_F,FLAGS2024,FLAGS2024,consistent,,
60026,IMP_F,IMP_F,FLAGS2024,FLAGS2024,consistent,,
60031,FYBEG,FYBEG,FLAGS2024,FLAGS2024,consistent,,
60036,FYEND,FYEND,FLAGS2024,FLAGS2024,consistent,,
60041,GPFS,GPFS,FLAGS2024,FLAGS2024,consistent,,
60051,F1GASBAL,F1GASBAL,FLAGS2024,FLAGS2024,consistent,,
60081,F2PELL,F2PELL,FLAGS2024,FLAGS2024,consistent,,
60082,F3PELL,F3PELL,FLAGS2024,FLAGS2024,consistent,,
60091,F_ATHRV1,F_ATHRV1,FLAGS2024,FLAGS2024,consistent,,
60092,F_ATHRV2,F_ATHRV2,FLAGS2024,FLAGS2024,consistent,,
60094,F_ATHRV9,F_ATHRV9,FLAGS2024,FLAGS2024,consistent,,
60100,FCOLATHL,FCOLATHL,FLAGS2024,FLAGS2024,consistent,,
60102,F_ATHEX1,F_ATHEX1,FLAGS2024,FLAGS2024,consistent,,
60104,F_ATHEX2,F_ATHEX2,FLAGS2024,FLAGS2024,consistent,,
60106,F_ATHEX9,F_ATHEX9,FLAGS2024,FLAGS2024,consistent,,
60110,F_ATHRV,F_ATHRV,FLAGS2024,FLAGS2024,consistent,,
60606,F2A01,F2A01,F2324_F2,F2324_F2,consistent,XF2A01,
60611,F2A02,F2A02,F2324_F2,F2324_F2,consistent,XF2A02,
60616,F2A03,F2A03,F2324_F2,F2324_F2,consistent,XF2A03,
60621,F2A04,F2A04,F2324_F2,F2324_F2,consistent,XF2A04,
60626,F2A05,F2A05,F2324_F2,F2324_F2,consistent,XF2A05,
60631,F2A06,F2A06,F2324_F2,F2324_F2,consistent,XF2A06,
60636,F2A11,F2A11,F2324_F2,F2324_F2,consistent,XF2A11,
60641,F2A12,F2A12,F2324_F2,F2324_F2,consistent,XF2A12,
60646,F2A13,F2A13,F2324_F2,F2324_F2,consistent,XF2A13,
60656,F2B01,F2B01,F2324_F2,F2324_F2,consistent,XF2B01,
60661,F2B02,F2B02,F2324_F2,F2324_F2,consistent,XF2B02,
60666,F2B03,F2B03,F2324_F2,F2324_F2,consistent,XF2B03,
60671,F2B04,F2B04,F2324_F2,F2324_F2,consistent,XF2B04,
60676,F2B05,F2B05,F2324_F2,F2324_F2,consistent,XF2B05,
60681,F2B06,F2B06,F2324_F2,F2324_F2,consistent,XF2B06,
60686,F2B07,F2B07,F2324_F2,F2324_F2,consistent,XF2B07,
60691,F2C01,F2C01,F2324_F2,F2324_F2,consistent,XF2C01,
60696,F2C02,F2C02,F2324_F2,F2324_F2,consistent,XF2C02,
60701,F2C03,F2C03,F2324_F2,F2324_F2,consistent,XF2C03,
60706,F2C04,F2C04,F2324_F2,F2324_F2,consistent,XF2C04,
60711,F2C05,F2C05,F2324_F2,F2324_F2,consistent,XF2C05,
60716,F2C06,F2C06,F2324_F2,F2324_F2,consistent,XF2C06,
60721,F2C07,F2C07,F2324_F2,F2324_F2,consistent,XF2C07,
60726,F2C08,F2C08,F2324_F2,F2324_F2,consistent,XF2C08,
60731,F2C09,F2C09,F2324_F2,F2324_F2,consistent,XF2C09,
60733,F2C10,F2C10,F2324_F2,F2324_F2,consistent,XF2C10,
60736,F2D01,F2D01,F2324_F2,F2324_F2,consistent,XF2D01,
60741,F2D02,F2D02,F2324_F2,F2324_F2,consistent,XF2D02,
60746,F2D03,F2D03,F2324_F2,F2324_F2,consistent,XF2D03,
60751,F2D04,F2D04,F2324_F2,F2324_F2,consistent,XF2D04,
60756,F2D05,F2D05,F2324_F2,F2324_F2,consistent,XF2D05,
60761,F2D06,F2D06,F2324_F2,F2324_F2,consistent,XF2D06,
60766,F2D07,F2D07,F2324_F2,F2324_F2,consistent,XF2D07,
60771,F2D08,F2D08,F2324_F2,F2324_F2,consistent,XF2D08,
60776,F2D09,F2D09,F2324_F2,F2324_F2,consistent,XF2D09,
60781,F2D10,F2D10,F2324_F2,F2324_F2,consistent,XF2D10,
60786,F2D11,F2D11,F2324_F2,F2324_F2,consistent,XF2D11,
60791,F2D12,F2D12,F2324_F2,F2324_F2,consistent,XF2D12,
60796,F2D13,F2D13,F2324_F2,F2324_F2,consistent,XF2D13,
60801,F2D14,F2D14,F2324_F2,F2324_F2,consistent,XF2D14,
60806,F2D15,F2D15,F2324_F2,F2324_F2,consistent,XF2D15,
60811,F2D16,F2D16,F2324_F2,F2324_F2,consistent,XF2D16,
60816,F2E011,F2E011,F2324_F2,F2324_F2,consistent,XF2E011,
60821,F2E012,F2E012,F2324_F2,F2324_F2,consistent,XF2E012,
60851,F2E021,F2E021,F2324_F2,F2324_F2,consistent,XF2E021,
60856,F2E022,F2E022,F2324_F2,F2324_F2,consistent,XF2E022,
60886,F2E031,F2E031,F2324_F2,F2324_F2,consistent,XF2E031,
60891,F2E032,F2E032,F2324_F2,F2324_F2,consistent,XF2E032,
60921,F2E041,F2E041,F2324_F2,F2324_F2,consistent,XF2E041,
60926,F2E042,F2E042,F2324_F2,F2324_F2,consistent,XF2E042,
60956,F2E051,F2E051,F2324_F2,F2324_F2,consistent,XF2E051,
60961,F2E052,F2E052,F2324_F2,F2324_F2,consistent,XF2E052,
60991,F2E061,F2E061,F2324_F2,F2324_F2,consistent,XF2E061,
60996,F2E062,F2E062,F2324_F2,F2324_F2,consistent,XF2E062,
61026,F2E071,F2E071,F2324_F2,F2324_F2,consistent,XF2E071,
61031,F2E072,F2E072,F2324_F2,F2324_F2,consistent,XF2E072,
61061,F2E081,F2E081,F2324_F2,F2324_F2,consistent,XF2E081,
61096,F2E091,F2E091,F2324_F2,F2324_F2,consistent,XF2E091,
61101,F2E092,F2E092,F2324_F2,F2324_F2,consistent,XF2E092,
61131,F2E101,F2E101,F2324_F2,F2324_F2,consistent,XF2E101,
61136,F2E102,F2E102,F2324_F2,F2324_F2,consistent,XF2E102,
61201,F2E121,F2E121,F2324_F2,F2324_F2,consistent,XF2E121,
61206,F2E122,F2E122,F2324_F2,F2324_F2,consistent,XF2E122,
61236,F2E131,F2E131,F2324_F2,F2324_F2,consistent,XF2E131,
61241,F2E132,F2E132,F2324_F2,F2324_F2,consistent,XF2E132,
61246,F2E133,F2E133,F2324_F2,F2324_F2,consistent,XF2E133,
61251,F2E134,F2E134,F2324_F2,F2324_F2,consistent,XF2E134,
61256,F2E135,F2E135,F2324_F2,F2324_F2,consistent,XF2E135,
61261,F2E136,F2E136,F2324_F2,F2324_F2,consistent,XF2E136,
61266,F2E137,F2E137,F2324_F2,F2324_F2,consistent,XF2E137,
61271,F2H01,F2H01,F2324_F2,F2324_F2,consistent,XF2H01,
61276,F2H02,F2H02,F2324_F2,F2324_F2,consistent,XF2H02,
61281,F2FHA,F2FHA,F2324_F2,F2324_F2,consistent,,
61283,F2C12,F2C12,F2324_F2,F2324_F2,consistent,XF2C12,
61285,F2C121,F2C121,F2324_F2,F2324_F2,consistent,XF2C121,
61287,F2C122,F2C122,F2324_F2,F2324_F2,consistent,XF2C122,
61289,F2C13,F2C13,F2324_F2,F2324_F2,consistent,XF2C13,
61291,F2C131,F2C131,F2324_F2,F2324_F2,consistent,XF2C131,
61293,F2C132,F2C132,F2324_F2,F2324_F2,consistent,XF2C132,
61295,F2C14,F2C14,F2324_F2,F2324_F2,consistent,XF2C14,
61297,F2C141,F2C141,F2324_F2,F2324_F2,consistent,XF2C141,
61299,F2C142,F2C142,F2324_F2,F2324_F2,consistent,XF2C142,
61301,F2C15,F2C15,F2324_F2,F2324_F2,consistent,XF2C15,
61303,F2C151,F2C151,F2324_F2,F2324_F2,consistent,XF2C151,
61305,F2C152,F2C152,F2324_F2,F2324_F2,consistent,XF2C152,
61307,F2C16,F2C16,F2324_F2,F2324_F2,consistent,XF2C16,
61309,F2C161,F2C161,F2324_F2,F2324_F2,consistent,XF2C161,
61311,F2C162,F2C162,F2324_F2,F2324_F2,consistent,XF2C162,
61313,F2C17,F2C17,F2324_F2,F2324_F2,consistent,XF2C17,
61315,F2C171,F2C171,F2324_F2,F2324_F2,consistent,XF2C171,
61317,F2C172,F2C172,F2324_F2,F2324_F2,consistent,XF2C172,
61319,F2H03,F2H03,F2324_F2,F2324_F2,consistent,XF2H03,
61321,F2H03A,F2H03A,F2324_F2,F2324_F2,consistent,XF2H03A,
61323,F2H03B,F2H03B,F2324_F2,F2324_F2,consistent,XF2H03B,
61325,F2H03C,F2H03C,F2324_F2,F2324_F2,consistent,XF2H03C,
61327,F2H03D,F2H03D,F2324_F2,F2324_F2,consistent,XF2H03D,
61329,F2I01,F2I01,F2324_F2,F2324_F2,consistent,XF2I01,
61331,F2I02,F2I02,F2324_F2,F2324_F2,consistent,XF2I02,
61333,F2I03,F2I03,F2324_F2,F2324_F2,consistent,XF2I03,
61335,F2I04,F2I04,F2324_F2,F2324_F2,consistent,XF2I04,
61337,F2I05,F2I05,F2324_F2,F2324_F2,consistent,XF2I05,
61339,F2I06,F2I06,F2324_F2,F2324_F2,consistent,XF2I06,
61341,F2I07,F2I07,F2324_F2,F2324_F2,consistent,XF2I07,
61386,F1A01,F1A01,F2324_F1A,F2324_F1A,consistent,XF1A01,
61401,F1A04,F1A04,F2324_F1A,F2324_F1A,consistent,XF1A04,
61406,F1A05,F1A05,F2324_F1A,F2324_F1A,consistent,XF1A05,
61411,F1A06,F1A06,F2324_F1A,F2324_F1A,consistent,XF1A06,
61416,F1A07,F1A07,F2324_F1A,F2324_F1A,consistent,XF1A07,
61421,F1A08,F1A08,F2324_F1A,F2324_F1A,consistent,XF1A08,
61426,F1A09,F1A09,F2324_F1A,F2324_F1A,consistent,XF1A09,
61431,F1A10,F1A10,F2324_F1A,F2324_F1A,consistent,XF1A10,
61436,F1A11,F1A11,F2324_F1A,F2324_F1A,consistent,XF1A11,
61441,F1A12,F1A12,F2324_F1A,F2324_F1A,consistent,XF1A12,
61446,F1A13,F1A13,F2324_F1A,F2324_F1A,consistent,XF1A13,
61451,F1A14,F1A14,F2324_F1A,F2324_F1A,consistent,XF1A14,
61456,F1A15,F1A15,F2324_F1A,F2324_F1A,consistent,XF1A15,
61461,F1A16,F1A16,F2324_F1A,F2324_F1A,consistent,XF1A16,
61466,F1A17,F1A17,F2324_F1A,F2324_F1A,consistent,XF1A17,
61471,F1A18,F1A18,F2324_F1A,F2324_F1A,consistent,XF1A18,
61473,F1A19,F1A19,F2324_F1A,F2324_F1A,consistent,XF1A19,
61474,F1A20,F1A20,F2324_F1A,F2324_F1A,consistent,XF1A20,
61491,F1A214,F1A214,F2324_F1A,F2324_F1A,consistent,XF1A214,
61511,F1A224,F1A224,F2324_F1A,F2324_F1A,consistent,XF1A224,
61531,F1A234,F1A234,F2324_F1A,F2324_F1A,consistent,XF1A234,
61611,F1A274,F1A274,F2324_F1A,F2324_F1A,consistent,XF1A274,
61615,F1A27T4,F1A27T4,F2324_F1A,F2324_F1A,consistent,XF1A27T4,
61631,F1A284,F1A284,F2324_F1A,F2324_F1A,consistent,XF1A284,
61636,F1B01,F1B01,F2324_F1A,F2324_F1A,consistent,XF1B01,
61641,F1B02,F1B02,F2324_F1A,F2324_F1A,consistent,XF1B02,
61646,F1B03,F1B03,F2324_F1A,F2324_F1A,consistent,XF1B03,
61651,F1B04,F1B04,F2324_F1A,F2324_F1A,consistent,XF1B04,
61656,F1B05,F1B05,F2324_F1A,F2324_F1A,consistent,XF1B05,
61661,F1B06,F1B06,F2324_F1A,F2324_F1A,consistent,XF1B06,
61666,F1B07,F1B07,F2324_F1A,F2324_F1A,consistent,XF1B07,
61671,F1B08,F1B08,F2324_F1A,F2324_F1A,consistent,XF1B08,
61676,F1B09,F1B09,F2324_F1A,F2324_F1A,consistent,XF1B09,
61681,F1B10,F1B10,F2324_F1A,F2324_F1A,consistent,XF1B10,
61686,F1B11,F1B11,F2324_F1A,F2324_F1A,consistent,XF1B11,
61691,F1B12,F1B12,F2324_F1A,F2324_F1A,consistent,XF1B12,
61696,F1B13,F1B13,F2324_F1A,F2324_F1A,consistent,XF1B13,
61701,F1B14,F1B14,F2324_F1A,F2324_F1A,consistent,XF1B14,
61706,F1B15,F1B15,F2324_F1A,F2324_F1A,consistent,XF1B15,
61711,F1B16,F1B16,F2324_F1A,F2324_F1A,consistent,XF1B16,
61716,F1B17,F1B17,F2324_F1A,F2324_F1A,consistent,XF1B17,
61821,F1B18,F1B18,F2324_F1A,F2324_F1A,consistent,XF1B18,
61826,F1B19,F1B19,F2324_F1A,F2324_F1A,consistent,XF1B19,
61831,F1B20,F1B20,F2324_F1A,F2324_F1A,consistent,XF1B20,
61836,F1B21,F1B21,F2324_F1A,F2324_F1A,consistent,XF1B21,
61841,F1B22,F1B22,F2324_F1A,F2324_F1A,consistent,XF1B22,
61846,F1B23,F1B23,F2324_F1A,F2324_F1A,consistent,XF1B23,
61851,F1B24,F1B24,F2324_F1A,F2324_F1A,consistent,XF1B24,
61856,F1B25,F1B25,F2324_F1A,F2324_F1A,consistent,XF1B25,
61861,F1C011,F1C011,F2324_F1A,F2324_F1A,consistent,XF1C011,
61866,F1C012,F1C012,F2324_F1A,F2324_F1A,consistent,XF1C012,
61886,F1C021,F1C021,F2324_F1A,F2324_F1A,consistent,XF1C021,
61891,F1C022,F1C022,F2324_F1A,F2324_F1A,consistent,XF1C022,
61911,F1C031,F1C031,F2324_F1A,F2324_F1A,consistent,XF1C031,
61916,F1C032,F1C032,F2324_F1A,F2324_F1A,consistent,XF1C032,
61936,F1C051,F1C051,F2324_F1A,F2324_F1A,consistent,XF1C051,
61941,F1C052,F1C052,F2324_F1A,F2324_F1A,consistent,XF1C052,
61961,F1C061,F1C061,F2324_F1A,F2324_F1A,consistent,XF1C061,
61966,F1C062,F1C062,F2324_F1A,F2324_F1A,consistent,XF1C062,
61986,F1C071,F1C071,F2324_F1A,F2324_F1A,consistent,XF1C071,
61991,F1C072,F1C072,F2324_F1A,F2324_F1A,consistent,XF1C072,
62046,F1C101,F1C101,F2324_F1A,F2324_F1A,consistent,XF1C101,
62071,F1C111,F1C111,F2324_F1A,F2324_F1A,consistent,XF1C111,
62076,F1C112,F1C112,F2324_F1A,F2324_F1A,consistent,XF1C112,
62096,F1C121,F1C121,F2324_F1A,F2324_F1A,consistent,XF1C121,
62101,F1C122,F1C122,F2324_F1A,F2324_F1A,consistent,XF1C122,
62121,F1C131,F1C131,F2324_F1A,F2324_F1A,consistent,XF1C131,
62126,F1C132,F1C132,F2324_F1A,F2324_F1A,consistent,XF1C132,
62146,F1C141,F1C141,F2324_F1A,F2324_F1A,consistent,XF1C141,
62151,F1C142,F1C142,F2324_F1A,F2324_F1A,consistent,XF1C142,
62256,F1C191,F1C191,F2324_F1A,F2324_F1A,consistent,XF1C191,
62261,F1C192,F1C192,F2324_F1A,F2324_F1A,consistent,XF1C192,
62266,F1C193,F1C193,F2324_F1A,F2324_F1A,consistent,XF1C193,
62268,F1C19OM,F1C19OM,F2324_F1A,F2324_F1A,consistent,XF1C19OM,
62271,F1C19DP,F1C19DP,F2324_F1A,F2324_F1A,consistent,XF1C19DP,
62276,F1C19OT,F1C19OT,F2324_F1A,F2324_F1A,consistent,XF1C19OT,
62281,F1D01,F1D01,F2324_F1A,F2324_F1A,consistent,XF1D01,
62286,F1D02,F1D02,F2324_F1A,F2324_F1A,consistent,XF1D02,
62291,F1D03,F1D03,F2324_F1A,F2324_F1A,consistent,XF1D03,
62296,F1D04,F1D04,F2324_F1A,F2324_F1A,consistent,XF1D04,
62301,F1D05,F1D05,F2324_F1A,F2324_F1A,consistent,XF1D05,
62306,F1D06,F1D06,F2324_F1A,F2324_F1A,consistent,XF1D06,
62311,F1H01,F1H01,F2324_F1A,F2324_F1A,consistent,XF1H01,
62316,F1H02,F1H02,F2324_F1A,F2324_F1A,consistent,XF1H02,
62321,F1E01,F1E01,F2324_F1A,F2324_F1A,consistent,XF1E01,
62326,F1E02,F1E02,F2324_F1A,F2324_F1A,consistent,XF1E02,
62331,F1E03,F1E03,F2324_F1A,F2324_F1A,consistent,XF1E03,
62336,F1E04,F1E04,F2324_F1A,F2324_F1A,consistent,XF1E04,
62341,F1E05,F1E05,F2324_F1A,F2324_F1A,consistent,XF1E05,
62346,F1E06,F1E06,F2324_F1A,F2324_F1A,consistent,XF1E06,
62351,F1E07,F1E07,F2324_F1A,F2324_F1A,consistent,XF1E07,
62356,F1E08,F1E08,F2324_F1A,F2324_F1A,consistent,XF1E08,
62361,F1E09,F1E09,F2324_F1A,F2324_F1A,consistent,XF1E09,
62366,F1E10,F1E10,F2324_F1A,F2324_F1A,consistent,XF1E10,
62371,F1E11,F1E11,F2324_F1A,F2324_F1A,consistent,XF1E11,
62376,F1FHA,F1FHA,F2324_F1A,F2324_F1A,consistent,,
62378,F1E12,F1E12,F2324_F1A,F2324_F1A,consistent,XF1E12,
62380,F1E121,F1E121,F2324_F1A,F2324_F1A,consistent,XF1E121,
62382,F1E122,F1E122,F2324_F1A,F2324_F1A,consistent,XF1E122,
62384,F1E13,F1E13,F2324_F1A,F2324_F1A,consistent,XF1E13,
62386,F1E131,F1E131,F2324_F1A,F2324_F1A,consistent,XF1E131,
62388,F1E132,F1E132,F2324_F1A,F2324_F1A,consistent,XF1E132,
62390,F1E14,F1E14,F2324_F1A,F2324_F1A,consistent,XF1E14,
62392,F1E141,F1E141,F2324_F1A,F2324_F1A,consistent,XF1E141,
62394,F1E142,F1E142,F2324_F1A,F2324_F1A,consistent,XF1E142,
62396,F1E15,F1E15,F2324_F1A,F2324_F1A,consistent,XF1E15,
62398,F1E151,F1E151,F2324_F1A,F2324_F1A,consistent,XF1E151,
62400,F1E152,F1E152,F2324_F1A,F2324_F1A,consistent,XF1E152,
62402,F1E16,F1E16,F2324_F1A,F2324_F1A,consistent,XF1E16,
62404,F1E161,F1E161,F2324_F1A,F2324_F1A,consistent,XF1E161,
62406,F1E162,F1E162,F2324_F1A,F2324_F1A,consistent,XF1E162,
62408,F1E17,F1E17,F2324_F1A,F2324_F1A,consistent,XF1E17,
62410,F1E171,F1E171,F2324_F1A,F2324_F1A,consistent,XF1E171,
62412,F1E172,F1E172,F2324_F1A,F2324_F1A,consistent,XF1E172,
62414,F1H03,F1H03,F2324_F1A,F2324_F1A,consistent,XF1H03,
62416,F1H03A,F1H03A,F2324_F1A,F2324_F1A,consistent,XF1H03A,
62418,F1H03B,F1H03B,F2324_F1A,F2324_F1A,consistent,XF1H03B,
62420,F1H03C,F1H03C,F2324_F1A,F2324_F1A,consistent,XF1H03C,
62422,F1H03D,F1H03D,F2324_F1A,F2324_F1A,consistent,XF1H03D,
62426,F1N01,F1N01,F2324_F1A,F2324_F1A,consistent,XF1N01,
62428,F1N02,F1N02,F2324_F1A,F2324_F1A,consistent,XF1N02,
62430,F1N03,F1N03,F2324_F1A,F2324_F1A,consistent,XF1N03,
62432,F1N04,F1N04,F2324_F1A,F2324_F1A,consistent,XF1N04,
62434,F1N05,F1N05,F2324_F1A,F2324_F1A,consistent,XF1N05,
62436,F1N06,F1N06,F2324_F1A,F2324_F1A,consistent,XF1N06,
62438,F1N07,F1N07,F2324_F1A,F2324_F1A,consistent,XF1N07,
62821,F3A01,F3A01,F2324_F3,F2324_F3,consistent,XF3A01,
62826,F3A02,F3A02,F2324_F3,F2324_F3,consistent,XF3A02,
62831,F3A03,F3A03,F2324_F3,F2324_F3,consistent,XF3A03,
62836,F3A04,F3A04,F2324_F3,F2324_F3,consistent,XF3A04,
62841,F3B01,F3B01,F2324_F3,F2324_F3,consistent,XF3B01,
62846,F3B02,F3B02,F2324_F3,F2324_F3,consistent,XF3B02,
62851,F3B03,F3B03,F2324_F3,F2324_F3,consistent,XF3B03,
62856,F3B04,F3B04,F2324_F3,F2324_F3,consistent,XF3B04,
62861,F3B05,F3B05,F2324_F3,F2324_F3,consistent,XF3B05,
62866,F3B06,F3B06,F2324_F3,F2324_F3,consistent,XF3B06,
62871,F3B07,F3B07,F2324_F3,F2324_F3,consistent,XF3B07,
62876,F3B08,F3B08,F2324_F3,F2324_F3,consistent,XF3B08,
62881,F3C01,F3C01,F2324_F3,F2324_F3,consistent,XF3C01,
62886,F3C02,F3C02,F2324_F3,F2324_F3,consistent,XF3C02,
62891,F3C03,F3C03,F2324_F3,F2324_F3,consistent,XF3C03,
62896,F3C04,F3C04,F2324_F3,F2324_F3,consistent,XF3C04,
62901,F3C05,F3C05,F2324_F3,F2324_F3,consistent,XF3C05,
62906,F3C06,F3C06,F2324_F3,F2324_F3,consistent,XF3C06,
62911,F3C07,F3C07,F2324_F3,F2324_F3,consistent,XF3C07,
62913,F3C08,F3C08,F2324_F3,F2324_F3,consistent,XF3C08,
62916,F3D01,F3D01,F2324_F3,F2324_F3,consistent,XF3D01,
62921,F3D02,F3D02,F2324_F3,F2324_F3,consistent,XF3D02,
62926,F3D03,F3D03,F2324_F3,F2324_F3,consistent,XF3D03,
62931,F3D04,F3D04,F2324_F3,F2324_F3,consistent,XF3D04,
62936,F3D05,F3D05,F2324_F3,F2324_F3,consistent,XF3D05,
62941,F3D06,F3D06,F2324_F3,F2324_F3,consistent,XF3D06,
62946,F3D07,F3D07,F2324_F3,F2324_F3,consistent,XF3D07,
62951,F3D08,F3D08,F2324_F3,F2324_F3,consistent,XF3D08,
62956,F3D09,F3D09,F2324_F3,F2324_F3,consistent,XF3D09,
62961,F3E011,F3E011,F2324_F3,F2324_F3,consistent,XF3E011,
62976,F3E041,F3E041,F2324_F3,F2324_F3,consistent,XF3E041,
62981,F3E051,F3E051,F2324_F3,F2324_F3,consistent,XF3E051,
62986,F3E061,F3E061,F2324_F3,F2324_F3,consistent,XF3E061,
62991,F3E071,F3E071,F2324_F3,F2324_F3,consistent,XF3E071,
64825,F2A05A,F2A05A,F2324_F2,F2324_F2,consistent,XF2A05A,
65001,F1A31,F1A31,F2324_F1A,F2324_F1A,consistent,XF1A31,
65006,F1A324,F1A324,F2324_F1A,F2324_F1A,consistent,XF1A324,
65011,F1A334,F1A334,F2324_F1A,F2324_F1A,consistent,XF1A334,
65016,F1A344,F1A344,F2324_F1A,F2324_F1A,consistent,XF1A344,
65021,F1B04A,F1B04A,F2324_F1A,F2324_F1A,consistent,XF1B04A,
65026,F1B04B,F1B04B,F2324_F1A,F2324_F1A,consistent,XF1B04B,
65031,F1B26,F1B26,F2324_F1A,F2324_F1A,consistent,XF1B26,
65033,F1B27,F1B27,F2324_F1A,F2324_F1A,consistent,XF1B27,
65088,F1C19IN,F1C19IN,F2324_F1A,F2324_F1A,consistent,XF1C19IN,
65091,F2A03A,F2A03A,F2324_F2,F2324_F2,consistent,XF2A03A,
65096,F2A05B,F2A05B,F2324_F2,F2324_F2,consistent,XF2A05B,
65101,F2A15,F2A15,F2324_F2,F2324_F2,consistent,XF2A15,
65106,F2A16,F2A16,F2324_F2,F2324_F2,consistent,XF2A16,
65111,F2A17,F2A17,F2324_F2,F2324_F2,consistent,XF2A17,
65116,F2A18,F2A18,F2324_F2,F2324_F2,consistent,XF2A18,
65121,F2A19,F2A19,F2324_F2,F2324_F2,consistent,XF2A19,
65126,F2A20,F2A20,F2324_F2,F2324_F2,consistent,XF2A20,
65131,F2D012,F2D012,F2324_F2,F2324_F2,consistent,XF2D012,
65136,F2D013,F2D013,F2324_F2,F2324_F2,consistent,XF2D013,
65141,F2D014,F2D014,F2324_F2,F2324_F2,consistent,XF2D014,
65146,F2D022,F2D022,F2324_F2,F2324_F2,consistent,XF2D022,
65151,F2D023,F2D023,F2324_F2,F2324_F2,consistent,XF2D023,
65156,F2D024,F2D024,F2324_F2,F2324_F2,consistent,XF2D024,
65161,F2D032,F2D032,F2324_F2,F2324_F2,consistent,XF2D032,
65166,F2D033,F2D033,F2324_F2,F2324_F2,consistent,XF2D033,
65171,F2D034,F2D034,F2324_F2,F2324_F2,consistent,XF2D034,
65176,F2D042,F2D042,F2324_F2,F2324_F2,consistent,XF2D042,
65181,F2D043,F2D043,F2324_F2,F2324_F2,consistent,XF2D043,
65186,F2D044,F2D044,F2324_F2,F2324_F2,consistent,XF2D044,
65191,F2D052,F2D052,F2324_F2,F2324_F2,consistent,XF2D052,
65196,F2D053,F2D053,F2324_F2,F2324_F2,consistent,XF2D053,
65201,F2D054,F2D054,F2324_F2,F2324_F2,consistent,XF2D054,
65206,F2D062,F2D062,F2324_F2,F2324_F2,consistent,XF2D062,
65211,F2D063,F2D063,F2324_F2,F2324_F2,consistent,XF2D063,
65216,F2D064,F2D064,F2324_F2,F2324_F2,consistent,XF2D064,
65221,F2D072,F2D072,F2324_F2,F2324_F2,consistent,XF2D072,
65226,F2D073,F2D073,F2324_F2,F2324_F2,consistent,XF2D073,
65231,F2D074,F2D074,F2324_F2,F2324_F2,consistent,XF2D074,
65236,F2D082,F2D082,F2324_F2,F2324_F2,consistent,XF2D082,
65241,F2D082A,F2D082A,F2324_F2,F2324_F2,consistent,XF2D082A,
65246,F2D082B,F2D082B,F2324_F2,F2324_F2,consistent,XF2D082B,
65251,F2D083,F2D083,F2324_F2,F2324_F2,consistent,XF2D083,
65256,F2D083A,F2D083A,F2324_F2,F2324_F2,consistent,XF2D083A,
65261,F2D083B,F2D083B,F2324_F2,F2324_F2,consistent,XF2D083B,
65266,F2D084,F2D084,F2324_F2,F2324_F2,consistent,XF2D084,
65271,F2D084A,F2D084A,F2324_F2,F2324_F2,consistent,XF2D084A,
65276,F2D084B,F2D084B,F2324_F2,F2324_F2,consistent,XF2D084B,
65281,F2D08A,F2D08A,F2324_F2,F2324_F2,consistent,XF2D08A,
65286,F2D08B,F2D08B,F2324_F2,F2324_F2,consistent,XF2D08B,
65291,F2D092,F2D092,F2324_F2,F2324_F2,consistent,XF2D092,
65296,F2D093,F2D093,F2324_F2,F2324_F2,consistent,XF2D093,
65301,F2D094,F2D094,F2324_F2,F2324_F2,consistent,XF2D094,
65306,F2D102,F2D102,F2324_F2,F2324_F2,consistent,XF2D102,
65311,F2D103,F2D103,F2324_F2,F2324_F2,consistent,XF2D103,
65316,F2D104,F2D104,F2324_F2,F2324_F2,consistent,XF2D104,
65321,F2D112,F2D112,F2324_F2,F2324_F2,consistent,XF2D112,
65326,F2D122,F2D122,F2324_F2,F2324_F2,consistent,XF2D122,
65331,F2D132,F2D132,F2324_F2,F2324_F2,consistent,XF2D132,
65336,F2D142,F2D142,F2324_F2,F2324_F2,consistent,XF2D142,
65341,F2D143,F2D143,F2324_F2,F2324_F2,consistent,XF2D143,
65346,F2D144,F2D144,F2324_F2,F2324_F2,consistent,XF2D144,
65351,F2D152,F2D152,F2324_F2,F2324_F2,consistent,XF2D152,
65356,F2D153,F2D153,F2324_F2,F2324_F2,consistent,XF2D153,
65361,F2D154,F2D154,F2324_F2,F2324_F2,consistent,XF2D154,
65366,F2D162,F2D162,F2324_F2,F2324_F2,consistent,XF2D162,
65371,F2D163,F2D163,F2324_F2,F2324_F2,consistent,XF2D163,
65376,F2D164,F2D164,F2324_F2,F2324_F2,consistent,XF2D164,
65380,F2D17,F2D17,F2324_F2,F2324_F2,consistent,XF2D17,
66110,F1LCAPPC,F1LCAPPC,DRVF2024,DRVF2024,consistent,,
66113,F1GVGCPC,F1GVGCPC,DRVF2024,DRVF2024,consistent,,
66115,F1PGGCPC,F1PGGCPC,DRVF2024,DRVF2024,consistent,,
66117,F1INVRPC,F1INVRPC,DRVF2024,DRVF2024,consistent,,
66119,F1OTRVPC,F1OTRVPC,DRVF2024,DRVF2024,consistent,,
66134,F1TUFEFT,F1TUFEFT,DRVF2024,DRVF2024,consistent,,
66137,F1STAPFT,F1STAPFT,DRVF2024,DRVF2024,consistent,,
66140,F1LCAPFT,F1LCAPFT,DRVF2024,DRVF2024,consistent,,
66143,F1GVGCFT,F1GVGCFT,DRVF2024,DRVF2024,consistent,,
66145,F1PGGCFT,F1PGGCFT,DRVF2024,DRVF2024,consistent,,
66147,F1INVRFT,F1INVRFT,DRVF2024,DRVF2024,consistent,,
66149,F1OTRVFT,F1OTRVFT,DRVF2024,DRVF2024,consistent,,
66150,F1COREXP,F1COREXP,DRVF2024,DRVF2024,consistent,,
66151,F1INSTPC,F1INSTPC,DRVF2024,DRVF2024,consistent,,
66152,F1RSRCPC,F1RSRCPC,DRVF2024,DRVF2024,consistent,,
66153,F1PBSVPC,F1PBSVPC,DRVF2024,DRVF2024,consistent,,
66154,F1ACSPPC,F1ACSPPC,DRVF2024,DRVF2024,consistent,,
66155,F1STSVPC,F1STSVPC,DRVF2024,DRVF2024,consistent,,
66156,F1INSUPC,F1INSUPC,DRVF2024,DRVF2024,consistent,,
66159,F1OTEXPC,F1OTEXPC,DRVF2024,DRVF2024,consistent,,
66161,F1INSTFT,F1INSTFT,DRVF2024,DRVF2024,consistent,,
66162,F1RSRCFT,F1RSRCFT,DRVF2024,DRVF2024,consistent,,
66163,F1PBSVFT,F1PBSVFT,DRVF2024,DRVF2024,consistent,,
66164,F1ACSPFT,F1ACSPFT,DRVF2024,DRVF2024,consistent,,
66165,F1STSVFT,F1STSVFT,DRVF2024,DRVF2024,consistent,,
66166,F1INSUFT,F1INSUFT,DRVF2024,DRVF2024,consistent,,
66169,F1OTEXFT,F1OTEXFT,DRVF2024,DRVF2024,consistent,,
66180,F1SAFBPC,F1SAFBPC,DRVF2024,DRVF2024,consistent,,
66181,F1SALRPC,F1SALRPC,DRVF2024,DRVF2024,consistent,,
66185,F1ENDMFT,F1ENDMFT,DRVF2024,DRVF2024,consistent,,
66187,F1EQUITR,F1EQUITR,DRVF2024,DRVF2024,consistent,,
66201,F2CORREV,F2CORREV,DRVF2024,DRVF2024,consistent,,
66204,F2TUFEPC,F2TUFEPC,DRVF2024,DRVF2024,consistent,,
66213,F2GVGCPC,F2GVGCPC,DRVF2024,DRVF2024,consistent,,
66215,F2PGGCPC,F2PGGCPC,DRVF2024,DRVF2024,consistent,,
66217,F2INVRPC,F2INVRPC,DRVF2024,DRVF2024,consistent,,
66219,F2OTRVPC,F2OTRVPC,DRVF2024,DRVF2024,consistent,,
66234,F2TUFEFT,F2TUFEFT,DRVF2024,DRVF2024,consistent,,
66243,F2GVGCFT,F2GVGCFT,DRVF2024,DRVF2024,consistent,,
66245,F2PGGCFT,F2PGGCFT,DRVF2024,DRVF2024,consistent,,
66247,F2INVRFT,F2INVRFT,DRVF2024,DRVF2024,consistent,,
66249,F2OTRVFT,F2OTRVFT,DRVF2024,DRVF2024,consistent,,
66250,F2COREXP,F2COREXP,DRVF2024,DRVF2024,consistent,,
66251,F2INSTPC,F2INSTPC,DRVF2024,DRVF2024,consistent,,
66252,F2RSRCPC,F2RSRCPC,DRVF2024,DRVF2024,consistent,,
66253,F2PBSVPC,F2PBSVPC,DRVF2024,DRVF2024,consistent,,
66254,F2ACSPPC,F2ACSPPC,DRVF2024,DRVF2024,consistent,,
66255,F2STSVPC,F2STSVPC,DRVF2024,DRVF2024,consistent,,
66256,F2INSUPC,F2INSUPC,DRVF2024,DRVF2024,consistent,,
66259,F2OTEXPC,F2OTEXPC,DRVF2024,DRVF2024,consistent,,
66261,F2INSTFT,F2INSTFT,DRVF2024,DRVF2024,consistent,,
66262,F2RSRCFT,F2RSRCFT,DRVF2024,DRVF2024,consistent,,
66263,F2PBSVFT,F2PBSVFT,DRVF2024,DRVF2024,consistent,,
66264,F2ACSPFT,F2ACSPFT,DRVF2024,DRVF2024,consistent,,
66265,F2STSVFT,F2STSVFT,DRVF2024,DRVF2024,consistent,,
66266,F2INSUFT,F2INSUFT,DRVF2024,DRVF2024,consistent,,
66269,F2OTEXFT,F2OTEXFT,DRVF2024,DRVF2024,consistent,,
66280,F2SAFBPC,F2SAFBPC,DRVF2024,DRVF2024,consistent,,
66281,F2SALRPC,F2SALRPC,DRVF2024,DRVF2024,consistent,,
66285,F2ENDMFT,F2ENDMFT,DRVF2024,DRVF2024,consistent,,
66287,F2EQUITR,F2EQUITR,DRVF2024,DRVF2024,consistent,,
66301,F3CORREV,F3CORREV,DRVF2024,DRVF2024,consistent,,
66304,F3TUFEPC,F3TUFEPC,DRVF2024,DRVF2024,consistent,,
66318,F3SSEAPC,F3SSEAPC,DRVF2024,DRVF2024,consistent,,
66319,F3OTRVPC,F3OTRVPC,DRVF2024,DRVF2024,consistent,,
66334,F3TUFEFT,F3TUFEFT,DRVF2024,DRVF2024,consistent,,
66348,F3SSEAFT,F3SSEAFT,DRVF2024,DRVF2024,consistent,,
66349,F3OTRVFT,F3OTRVFT,DRVF2024,DRVF2024,consistent,,
66350,F3COREXP,F3COREXP,DRVF2024,DRVF2024,consistent,,
66351,F3INSTPC,F3INSTPC,DRVF2024,DRVF2024,consistent,,
66359,F3OTEXPC,F3OTEXPC,DRVF2024,DRVF2024,consistent,,
66361,F3INSTFT,F3INSTFT,DRVF2024,DRVF2024,consistent,,
66369,F3OTEXFT,F3OTEXFT,DRVF2024,DRVF2024,consistent,,
66387,F3EQUITR,F3EQUITR,DRVF2024,DRVF2024,consistent,,
66405,F3A01A,F3A01A,F2324_F3,F2324_F3,consistent,XF3A01A,
66410,F3A01B,F3A01B,F2324_F3,F2324_F3,consistent,XF3A01B,
66415,F3A01C,F3A01C,F2324_F3,F2324_F3,consistent,XF3A01C,
66420,F3A02A,F3A02A,F2324_F3,F2324_F3,consistent,XF3A02A,
66425,F3A05,F3A05,F2324_F3,F2324_F3,consistent,XF3A05,
66430,F3A06,F3A06,F2324_F3,F2324_F3,consistent,XF3A06,
66435,F3A07,F3A07,F2324_F3,F2324_F3,consistent,XF3A07,
66440,F3A08,F3A08,F2324_F3,F2324_F3,consistent,XF3A08,
66445,F3A09,F3A09,F2324_F3,F2324_F3,consistent,XF3A09,
66450,F3A10,F3A10,F2324_F3,F2324_F3,consistent,XF3A10,
66455,F3A11,F3A11,F2324_F3,F2324_F3,consistent,XF3A11,
66460,F3A12,F3A12,F2324_F3,F2324_F3,consistent,XF3A12,
66465,F3C03A,F3C03A,F2324_F3,F2324_F3,consistent,XF3C03A,
66470,F3C03B,F3C03B,F2324_F3,F2324_F3,consistent,XF3C03B,
66475,F3D02A,F3D02A,F2324_F3,F2324_F3,consistent,XF3D02A,
66480,F3D02B,F3D02B,F2324_F3,F2324_F3,consistent,XF3D02B,
66485,F3D03A,F3D03A,F2324_F3,F2324_F3,consistent,XF3D03A,
66490,F3D03B,F3D03B,F2324_F3,F2324_F3,consistent,XF3D03B,
66495,F3D03C,F3D03C,F2324_F3,F2324_F3,consistent,XF3D03C,
66500,F3D03D,F3D03D,F2324_F3,F2324_F3,consistent,XF3D03D,
66505,F3D12,F3D12,F2324_F3,F2324_F3,consistent,XF3D12,
66515,F3E012,F3E012,F2324_F3,F2324_F3,consistent,XF3E012,
66545,F3E02A1,F3E02A1,F2324_F3,F2324_F3,consistent,XF3E02A1,
66550,F3E02A2,F3E02A2,F2324_F3,F2324_F3,consistent,XF3E02A2,
66580,F3E02B1,F3E02B1,F2324_F3,F2324_F3,consistent,XF3E02B1,
66585,F3E02B2,F3E02B2,F2324_F3,F2324_F3,consistent,XF3E02B2,
66615,F3E03A1,F3E03A1,F2324_F3,F2324_F3,consistent,XF3E03A1,
66620,F3E03A2,F3E03A2,F2324_F3,F2324_F3,consistent,XF3E03A2,
66650,F3E03B1,F3E03B1,F2324_F3,F2324_F3,consistent,XF3E03B1,
66655,F3E03B2,F3E03B2,F2324_F3,F2324_F3,consistent,XF3E03B2,
66685,F3E03C1,F3E03C1,F2324_F3,F2324_F3,consistent,XF3E03C1,
66690,F3E03C2,F3E03C2,F2324_F3,F2324_F3,consistent,XF3E03C2,
66725,F3E042,F3E042,F2324_F3,F2324_F3,consistent,XF3E042,
66770,F3E062,F3E062,F2324_F3,F2324_F3,consistent,XF3E062,
66805,F3E072,F3E072,F2324_F3,F2324_F3,consistent,XF3E072,
66810,F3E073,F3E073,F2324_F3,F2324_F3,consistent,XF3E073,
66812,F3E074,F3E074,F2324_F3,F2324_F3,consistent,XF3E074,
66815,F3E075,F3E075,F2324_F3,F2324_F3,consistent,XF3E075,
66820,F3E076,F3E076,F2324_F3,F2324_F3,consistent,XF3E076,
66825,F3E077,F3E077,F2324_F3,F2324_F3,consistent,XF3E077,
66830,F3E101,F3E101,F2324_F3,F2324_F3,consistent,XF3E101,
66835,F3E102,F3E102,F2324_F3,F2324_F3,consistent,XF3E102,
66900,F3F01,F3F01,F2324_F3,F2324_F3,consistent,XF3F01,
66905,F3F02,F3F02,F2324_F3,F2324_F3,consistent,XF3F02,
66910,F3F03,F3F03,F2324_F3,F2324_F3,consistent,,
66915,F3BIST,F3BIST,FLAGS2024,FLAGS2024,consistent,,
70516,GISTUN2,GISTUN2,COST2_2024_FINANCIALAID,COST2_2024_FINANCIALAID,consistent,XGISTUN2,
70521,GISTT2,GISTT2,COST2_2024_FINANCIALAID,COST2_2024_FINANCIALAID,consistent,XGISTT2,
71491,GIS4A40,GIS4A40,COST2_2024_FINANCIALAID,COST2_2024_FINANCIALAID,consistent,XGIS4A40,
71496,GIS4N50,GIS4N50,COST2_2024_FINANCIALAID,COST2_2024_FINANCIALAID,consistent,XGIS4N50,
71501,GIS4T50,GIS4T50,COST2_2024_FINANCIALAID,COST2_2024_FINANCIALAID,consistent,XGIS4T50,
71907,GRN4G32,GRN4G32,COST2_2024_FINANCIALAID,COST2_2024_FINANCIALAID,consistent,XGRN4G32,
71912,GRN4G42,GRN4G42,COST2_2024_FINANCIALAID,COST2_2024_FINANCIALAID,consistent,XGRN4G42,
71917,GRN4G52,GRN4G52,COST2_2024_FINANCIALAID,COST2_2024_FINANCIALAID,consistent,XGRN4G52,
71981,SFAFORM,SFAFORM,FLAGS2024,FLAGS2024,consistent,,
72001,UGPO9_N,UGPO9_N,SFAV2324,SFAV2324,consistent,XUGPO9_N,
72006,UGPO9_T,UGPO9_T,SFAV2324,SFAV2324,consistent,XUGPO9_T,
72011,UGPO9_A,UGPO9_A,SFAV2324,SFAV2324,consistent,XUGPO9_A,
72016,GPO9_N,GPO9_N,SFAV2324,SFAV2324,consistent,XGPO9_N,
81338,BASTEND,BASTEND,GR200_24,GR200_24,consistent,XBASTEND,
81341,L4REVCT,L4REVCT,GR200_24,GR200_24,consistent,XL4REVCT,
81346,L4EXCLU,L4EXCLU,GR200_24,GR200_24,consistent,XL4EXCLU,
81601,TTEXCLU,TTEXCLU,GR2024_PELL_SSL,GR2024_PELL_SSL,consistent,XTTEXCLU,
81606,TTADJCT,TTADJCT,GR2024_PELL_SSL,GR2024_PELL_SSL,consistent,XTTADJCT,
81611,TTCMBAC,TTCMBAC,GR2024_PELL_SSL,GR2024_PELL_SSL,consistent,XTTCMBAC,
66920,F3GVGCPC,F3GVGCPC,DRVF2024,DRVF2024,consistent,,
66925,F3PGGCPC,F3PGGCPC,DRVF2024,DRVF2024,consistent,,
66930,F3INVRPC,F3INVRPC,DRVF2024,DRVF2024,consistent,,
66935,F3GVGCFT,F3GVGCFT,DRVF2024,DRVF2024,consistent,,
66940,F3PGGCFT,F3PGGCFT,DRVF2024,DRVF2024,consistent,,
66945,F3INVRFT,F3INVRFT,DRVF2024,DRVF2024,consistent,,
66950,F3RSRCFT,F3RSRCFT,DRVF2024,DRVF2024,consistent,,
66955,F3PBSVFT,F3PBSVFT,DRVF2024,DRVF2024,consistent,,
66960,F3ACSPFT,F3ACSPFT,DRVF2024,DRVF2024,consistent,,
66965,F3STSVFT,F3STSVFT,DRVF2024,DRVF2024,consistent,,
66970,F3INSUFT,F3INSUFT,DRVF2024,DRVF2024,consistent,,
66975,F3RSRCPC,F3RSRCPC,DRVF2024,DRVF2024,consistent,,
66980,F3PBSVPC,F3PBSVPC,DRVF2024,DRVF2024,consistent,,
66985,F3ACSPPC,F3ACSPPC,DRVF2024,DRVF2024,consistent,,
66990,F3STSVPC,F3STSVPC,DRVF2024,DRVF2024,consistent,,
66995,F3INSUPC,F3INSUPC,DRVF2024,DRVF2024,consistent,,
67040,F3SAFBPC,F3SAFBPC,DRVF2024,DRVF2024,consistent,,
67045,F3SALRPC,F3SALRPC,DRVF2024,DRVF2024,consistent,,
67051,F1MHP,F1MHP,F2324_F1A,F2324_F1A,consistent,,
67052,F1MHOP,F1MHOP,F2324_F1A,F2324_F1A,consistent,,
67056,F1M01,F1M01,F2324_F1A,F2324_F1A,consistent,XF1M01,
67061,F1M02,F1M02,F2324_F1A,F2324_F1A,consistent,XF1M02,
67066,F1M03,F1M03,F2324_F1A,F2324_F1A,consistent,XF1M03,
67071,F1M04,F1M04,F2324_F1A,F2324_F1A,consistent,XF1M04,
67076,F1M05,F1M05,F2324_F1A,F2324_F1A,consistent,XF1M05,
67081,F1M06,F1M06,F2324_F1A,F2324_F1A,consistent,XF1M06,
67086,F1M07,F1M07,F2324_F1A,F2324_F1A,consistent,XF1M07,
67091,F1M08,F1M08,F2324_F1A,F2324_F1A,consistent,XF1M08,
68000,F3SWINSP,F3SWINSP,DRVF2024,DRVF2024,consistent,,
68005,F3SWRSRP,F3SWRSRP,DRVF2024,DRVF2024,consistent,,
68010,F3SWPBSP,F3SWPBSP,DRVF2024,DRVF2024,consistent,,
68015,F3SWACSP,F3SWACSP,DRVF2024,DRVF2024,consistent,,
68020,F3SWSTSP,F3SWSTSP,DRVF2024,DRVF2024,consistent,,
68025,F3SWISPP,F3SWISPP,DRVF2024,DRVF2024,consistent,,
68030,F3SWOTEP,F3SWOTEP,DRVF2024,DRVF2024,consistent,,
68035,F3SWCREP,F3SWCREP,DRVF2024,DRVF2024,consistent,,
68170,F1SWCREP,F1SWCREP,DRVF2024,DRVF2024,consistent,,
68171,F1SWINSP,F1SWINSP,DRVF2024,DRVF2024,consistent,,
68172,F1SWRSRP,F1SWRSRP,DRVF2024,DRVF2024,consistent,,
68173,F1SWPBSP,F1SWPBSP,DRVF2024,DRVF2024,consistent,,
68174,F1SWACSP,F1SWACSP,DRVF2024,DRVF2024,consistent,,
68175,F1SWSTSP,F1SWSTSP,DRVF2024,DRVF2024,consistent,,
68176,F1SWISPP,F1SWISPP,DRVF2024,DRVF2024,consistent,,
68179,F1SWOTEP,F1SWOTEP,DRVF2024,DRVF2024,consistent,,
68270,F2SWCREP,F2SWCREP,DRVF2024,DRVF2024,consistent,,
68271,F2SWINSP,F2SWINSP,DRVF2024,DRVF2024,consistent,,
68272,F2SWRSRP,F2SWRSRP,DRVF2024,DRVF2024,consistent,,
68273,F2SWPBSP,F2SWPBSP,DRVF2024,DRVF2024,consistent,,
68274,F2SWACSP,F2SWACSP,DRVF2024,DRVF2024,consistent,,
68275,F2SWSTSP,F2SWSTSP,DRVF2024,DRVF2024,consistent,,
68276,F2SWISPP,F2SWISPP,DRVF2024,DRVF2024,consistent,,
68279,F2SWOTEP,F2SWOTEP,DRVF2024,DRVF2024,consistent,,
68283,F3C12,F3C12,F2324_F3,F2324_F3,consistent,XF3C12,
68285,F3C121,F3C121,F2324_F3,F2324_F3,consistent,XF3C121,
68287,F3C122,F3C122,F2324_F3,F2324_F3,consistent,XF3C122,
68289,F3C13,F3C13,F2324_F3,F2324_F3,consistent,XF3C13,
68291,F3C131,F3C131,F2324_F3,F2324_F3,consistent,XF3C131,
68293,F3C132,F3C132,F2324_F3,F2324_F3,consistent,XF3C132,
68295,F3C14,F3C14,F2324_F3,F2324_F3,consistent,XF3C14,
68297,F3C141,F3C141,F2324_F3,F2324_F3,consistent,XF3C141,
68299,F3C142,F3C142,F2324_F3,F2324_F3,consistent,XF3C142,
68301,F3C15,F3C15,F2324_F3,F2324_F3,consistent,XF3C15,
68303,F3C151,F3C151,F2324_F3,F2324_F3,consistent,XF3C151,
68305,F3C152,F3C152,F2324_F3,F2324_F3,consistent,XF3C152,
68307,F3C16,F3C16,F2324_F3,F2324_F3,consistent,XF3C16,
68309,F3C161,F3C161,F2324_F3,F2324_F3,consistent,XF3C161,
68311,F3C162,F3C162,F2324_F3,F2324_F3,consistent,XF3C162,
68313,F3C17,F3C17,F2324_F3,F2324_F3,consistent,XF3C17,
68315,F3C171,F3C171,F2324_F3,F2324_F3,consistent,XF3C171,
68317,F3C172,F3C172,F2324_F3,F2324_F3,consistent,XF3C172,
68319,F3G01,F3G01,F2324_F3,F2324_F3,consistent,XF3G01,
68321,F3G02,F3G02,F2324_F3,F2324_F3,consistent,XF3G02,
68323,F3G03,F3G03,F2324_F3,F2324_F3,consistent,XF3G03,
68325,F3G04,F3G04,F2324_F3,F2324_F3,consistent,XF3G04,
68327,F3G05,F3G05,F2324_F3,F2324_F3,consistent,XF3G05,
68329,F3G06,F3G06,F2324_F3,F2324_F3,consistent,XF3G06,
68331,F3G07,F3G07,F2324_F3,F2324_F3,consistent,XF3G07,
70001,STAT_SFA,STAT_SFA,FLAGS2024,FLAGS2024,consistent,,
70006,LOCK_SFA,LOCK_SFA,FLAGS2024,FLAGS2024,consistent,,
70011,PRCH_SFA,PRCH_SFA,FLAGS2024,FLAGS2024,consistent,,
70016,IDX_SFA,IDX_SFA,FLAGS2024,FLAGS2024,consistent,,
70018,PCSFA_F,PCSFA_F,FLAGS2024,FLAGS2024,consistent,,
70021,IMP_SFA,IMP_SFA,FLAGS2024,FLAGS2024,consistent,,
70126,SCFA1N,SCFA1N,SFA2324,SFA2324,consistent,XSCFA1N,
70131,SCFA1P,SCFA1P,SFA2324,SFA2324,consistent,XSCFA1P,
70136,SCFA11N,SCFA11N,COST2_2024_FINANCIALAID,COST2_2024_FINANCIALAID,consistent,XSCFA11N,
70141,SCFA11P,SCFA11P,COST2_2024_FINANCIALAID,COST2_2024_FINANCIALAID,consistent,XSCFA11P,
70146,SCFA12N,SCFA12N,COST2_2024_FINANCIALAID,COST2_2024_FINANCIALAID,consistent,XSCFA12N,
70151,SCFA12P,SCFA12P,COST2_2024_FINANCIALAID,COST2_2024_FINANCIALAID,consistent,XSCFA12P,
70156,SCFA13N,SCFA13N,COST2_2024_FINANCIALAID,COST2_2024_FINANCIALAID,consistent,XSCFA13N,
70161,SCFA13P,SCFA13P,COST2_2024_FINANCIALAID,COST2_2024_FINANCIALAID,consistent,XSCFA13P,
70166,SCFA14N,SCFA14N,COST2_2024_FINANCIALAID,COST2_2024_FINANCIALAID,consistent,XSCFA14N,
70171,SCFA14P,SCFA14P,COST2_2024_FINANCIALAID,COST2_2024_FINANCIALAID,consistent,XSCFA14P,
70176,SCFA2,SCFA2,SFA2324,SFA2324,consistent,XSCFA2,
70181,SCFY1N,SCFY1N,SFA2324,SFA2324,consistent,XSCFY1N,
70186,SCFY1P,SCFY1P,SFA2324,SFA2324,consistent,XSCFY1P,
70191,SCFY2,SCFY2,SFA2324,SFA2324,consistent,XSCFY2,
70196,ANYAIDN,ANYAIDN,SFA2324,SFA2324,consistent,XANYAIDN,
70201,ANYAIDP,ANYAIDP,SFA2324,SFA2324,consistent,XANYAIDP,
70206,FGRNT_N,FGRNT_N,SFA2324,SFA2324,consistent,XFGRNT_N,
70211,FGRNT_P,FGRNT_P,SFA2324,SFA2324,consistent,XFGRNT_P,
70216,FGRNT_A,FGRNT_A,SFA2324,SFA2324,consistent,XFGRNT_A,
70221,SGRNT_N,SGRNT_N,SFA2324,SFA2324,consistent,XSGRNT_N,
70226,SGRNT_P,SGRNT_P,SFA2324,SFA2324,consistent,XSGRNT_P,
70231,SGRNT_A,SGRNT_A,SFA2324,SFA2324,consistent,XSGRNT_A,
70236,IGRNT_N,IGRNT_N,SFA2324,SFA2324,consistent,XIGRNT_N,
70241,IGRNT_P,IGRNT_P,SFA2324,SFA2324,consistent,XIGRNT_P,
70246,IGRNT_A,IGRNT_A,SFA2324,SFA2324,consistent,XIGRNT_A,
70251,LOAN_N,LOAN_N,SFA2324,SFA2324,consistent,XLOAN_N,
70256,LOAN_P,LOAN_P,SFA2324,SFA2324,consistent,XLOAN_P,
70261,LOAN_A,LOAN_A,SFA2324,SFA2324,consistent,XLOAN_A,
70286,SCUGFFN,SCUGFFN,SFA2324,SFA2324,consistent,XSCUGFFN,
70291,SCUGRAD,SCUGRAD,SFA2324,SFA2324,consistent,XSCUGRAD,
70296,SCUGFFP,SCUGFFP,SFA2324,SFA2324,consistent,XSCUGFFP,
70301,UAGRNTT,UAGRNTT,SFA2324,SFA2324,consistent,XUAGRNTT,
70306,UPGRNTN,UPGRNTN,SFA2324,SFA2324,consistent,XUPGRNTN,
70311,AGRNT_N,AGRNT_N,SFA2324,SFA2324,consistent,XAGRNT_N,
70316,AGRNT_P,AGRNT_P,SFA2324,SFA2324,consistent,XAGRNT_P,
70321,AGRNT_A,AGRNT_A,SFA2324,SFA2324,consistent,XAGRNT_A,
70326,PGRNT_N,PGRNT_N,SFA2324,SFA2324,consistent,XPGRNT_N,
70331,PGRNT_P,PGRNT_P,SFA2324,SFA2324,consistent,XPGRNT_P,
70336,PGRNT_A,PGRNT_A,SFA2324,SFA2324,consistent,XPGRNT_A,
70341,OFGRT_N,OFGRT_N,SFA2324,SFA2324,consistent,XOFGRT_N,
70346,OFGRT_P,OFGRT_P,SFA2324,SFA2324,consistent,XOFGRT_P,
70351,OFGRT_A,OFGRT_A,SFA2324,SFA2324,consistent,XOFGRT_A,
70356,FLOAN_N,FLOAN_N,SFA2324,SFA2324,consistent,XFLOAN_N,
70361,FLOAN_P,FLOAN_P,SFA2324,SFA2324,consistent,XFLOAN_P,
70366,FLOAN_A,FLOAN_A,SFA2324,SFA2324,consistent,XFLOAN_A,
70371,OLOAN_N,OLOAN_N,SFA2324,SFA2324,consistent,XOLOAN_N,
70376,OLOAN_P,OLOAN_P,SFA2324,SFA2324,consistent,XOLOAN_P,
70381,OLOAN_A,OLOAN_A,SFA2324,SFA2324,consistent,XOLOAN_A,
70401,UAGRNTN,UAGRNTN,SFA2324,SFA2324,consistent,XUAGRNTN,
70406,UAGRNTP,UAGRNTP,SFA2324,SFA2324,consistent,XUAGRNTP,
70411,UAGRNTA,UAGRNTA,SFA2324,SFA2324,consistent,XUAGRNTA,
70416,UPGRNTP,UPGRNTP,SFA2324,SFA2324,consistent,XUPGRNTP,
70421,UPGRNTT,UPGRNTT,SFA2324,SFA2324,consistent,XUPGRNTT,
70426,UPGRNTA,UPGRNTA,SFA2324,SFA2324,consistent,XUPGRNTA,
70431,UFLOANN,UFLOANN,SFA2324,SFA2324,consistent,XUFLOANN,
70436,UFLOANP,UFLOANP,SFA2324,SFA2324,consistent,XUFLOANP,
70441,UFLOANT,UFLOANT,SFA2324,SFA2324,consistent,XUFLOANT,
70446,UFLOANA,UFLOANA,SFA2324,SFA2324,consistent,XUFLOANA,
70451,AGRNT_T,AGRNT_T,SFA2324,SFA2324,consistent,XAGRNT_T,
70456,FGRNT_T,FGRNT_T,SFA2324,SFA2324,consistent,XFGRNT_T,
70461,PGRNT_T,PGRNT_T,SFA2324,SFA2324,consistent,XPGRNT_T,
70466,OFGRT_T,OFGRT_T,SFA2324,SFA2324,consistent,XOFGRT_T,
70471,SGRNT_T,SGRNT_T,SFA2324,SFA2324,consistent,XSGRNT_T,
70476,IGRNT_T,IGRNT_T,SFA2324,SFA2324,consistent,XIGRNT_T,
70481,LOAN_T,LOAN_T,SFA2324,SFA2324,consistent,XLOAN_T,
70486,FLOAN_T,FLOAN_T,SFA2324,SFA2324,consistent,XFLOAN_T,
70491,OLOAN_T,OLOAN_T,SFA2324,SFA2324,consistent,XOLOAN_T,
70496,GISTN2,GISTN2,COST2_2024_FINANCIALAID,COST2_2024_FINANCIALAID,consistent,XGISTN2,
70501,GISTON2,GISTON2,COST2_2024_FINANCIALAID,COST2_2024_FINANCIALAID,consistent,XGISTON2,
70506,GISTWF2,GISTWF2,COST2_2024_FINANCIALAID,COST2_2024_FINANCIALAID,consistent,XGISTWF2,
70511,GISTOF2,GISTOF2,COST2_2024_FINANCIALAID,COST2_2024_FINANCIALAID,consistent,XGISTOF2,
70526,GISTA2,GISTA2,COST2_2024_FINANCIALAID,COST2_2024_FINANCIALAID,consistent,XGISTA2,
70531,GISTN1,GISTN1,COST2_2024_FINANCIALAID,COST2_2024_FINANCIALAID,consistent,XGISTN1,
70536,GISTON1,GISTON1,COST2_2024_FINANCIALAID,COST2_2024_FINANCIALAID,consistent,XGISTON1,
70541,GISTWF1,GISTWF1,COST2_2024_FINANCIALAID,COST2_2024_FINANCIALAID,consistent,XGISTWF1,
70546,GISTOF1,GISTOF1,COST2_2024_FINANCIALAID,COST2_2024_FINANCIALAID,consistent,XGISTOF1,
70551,GISTUN1,GISTUN1,COST2_2024_FINANCIALAID,COST2_2024_FINANCIALAID,consistent,XGISTUN1,
70556,GISTT1,GISTT1,COST2_2024_FINANCIALAID,COST2_2024_FINANCIALAID,consistent,XGISTT1,
70561,GISTA1,GISTA1,COST2_2024_FINANCIALAID,COST2_2024_FINANCIALAID,consistent,XGISTA1,
70566,GISTN0,GISTN0,COST2_2024_FINANCIALAID,COST2_2024_FINANCIALAID,consistent,XGISTN0,
70571,GISTON0,GISTON0,COST2_2024_FINANCIALAID,COST2_2024_FINANCIALAID,consistent,XGISTON0,
70576,GISTWF0,GISTWF0,COST2_2024_FINANCIALAID,COST2_2024_FINANCIALAID,consistent,XGISTWF0,
70581,GISTOF0,GISTOF0,COST2_2024_FINANCIALAID,COST2_2024_FINANCIALAID,consistent,XGISTOF0,
70586,GISTUN0,GISTUN0,COST2_2024_FINANCIALAID,COST2_2024_FINANCIALAID,consistent,XGISTUN0,
70591,GISTT0,GISTT0,COST2_2024_FINANCIALAID,COST2_2024_FINANCIALAID,consistent,XGISTT0,
70596,GISTA0,GISTA0,COST2_2024_FINANCIALAID,COST2_2024_FINANCIALAID,consistent,XGISTA0,
70601,GIS4N2,GIS4N2,COST2_2024_FINANCIALAID,COST2_2024_FINANCIALAID,consistent,XGIS4N2,
70606,GIS4ON2,GIS4ON2,COST2_2024_FINANCIALAID,COST2_2024_FINANCIALAID,consistent,XGIS4ON2,
70611,GIS4WF2,GIS4WF2,COST2_2024_FINANCIALAID,COST2_2024_FINANCIALAID,consistent,XGIS4WF2,
70616,GIS4OF2,GIS4OF2,COST2_2024_FINANCIALAID,COST2_2024_FINANCIALAID,consistent,XGIS4OF2,
70621,GIS4UN2,GIS4UN2,COST2_2024_FINANCIALAID,COST2_2024_FINANCIALAID,consistent,XGIS4UN2,
70626,GIS4T2,GIS4T2,COST2_2024_FINANCIALAID,COST2_2024_FINANCIALAID,consistent,XGIS4T2,
70631,GIS4A2,GIS4A2,COST2_2024_FINANCIALAID,COST2_2024_FINANCIALAID,consistent,XGIS4A2,
70636,GIS4N12,GIS4N12,COST2_2024_FINANCIALAID,COST2_2024_FINANCIALAID,consistent,XGIS4N12,
70641,GIS4T12,GIS4T12,COST2_2024_FINANCIALAID,COST2_2024_FINANCIALAID,consistent,XGIS4T12,
70646,GIS4A12,GIS4A12,COST2_2024_FINANCIALAID,COST2_2024_FINANCIALAID,consistent,XGIS4A12,
70651,GIS4N22,GIS4N22,COST2_2024_FINANCIALAID,COST2_2024_FINANCIALAID,consistent,XGIS4N22,
70656,GIS4T22,GIS4T22,COST2_2024_FINANCIALAID,COST2_2024_FINANCIALAID,consistent,XGIS4T22,
70661,GIS4A22,GIS4A22,COST2_2024_FINANCIALAID,COST2_2024_FINANCIALAID,consistent,XGIS4A22,
70666,GIS4N32,GIS4N32,COST2_2024_FINANCIALAID,COST2_2024_FINANCIALAID,consistent,XGIS4N32,
70671,GIS4T32,GIS4T32,COST2_2024_FINANCIALAID,COST2_2024_FINANCIALAID,consistent,XGIS4T32,
70676,GIS4A32,GIS4A32,COST2_2024_FINANCIALAID,COST2_2024_FINANCIALAID,consistent,XGIS4A32,
70681,GIS4N42,GIS4N42,COST2_2024_FINANCIALAID,COST2_2024_FINANCIALAID,consistent,XGIS4N42,
70686,GIS4T42,GIS4T42,COST2_2024_FINANCIALAID,COST2_2024_FINANCIALAID,consistent,XGIS4T42,
70691,GIS4A42,GIS4A42,COST2_2024_FINANCIALAID,COST2_2024_FINANCIALAID,consistent,XGIS4A42,
70696,GIS4N52,GIS4N52,COST2_2024_FINANCIALAID,COST2_2024_FINANCIALAID,consistent,XGIS4N52,
70701,GIS4T52,GIS4T52,COST2_2024_FINANCIALAID,COST2_2024_FINANCIALAID,consistent,XGIS4T52,
70706,GIS4A52,GIS4A52,COST2_2024_FINANCIALAID,COST2_2024_FINANCIALAID,consistent,XGIS4A52,
70711,NPIST2,NPIST2,COST2_2024_NETPRICE,COST2_2024_NETPRICE,consistent,XNPIST2,
70716,NPIST1,NPIST1,COST2_2024_NETPRICE,COST2_2024_NETPRICE,consistent,XNPIST1,
70721,NPIST0,NPIST0,COST2_2024_NETPRICE,COST2_2024_NETPRICE,consistent,XNPIST0,
70726,NPIS412,NPIS412,COST2_2024_NETPRICE,COST2_2024_NETPRICE,consistent,XNPIS412,
70731,NPIS422,NPIS422,COST2_2024_NETPRICE,COST2_2024_NETPRICE,consistent,XNPIS422,
70736,NPIS432,NPIS432,COST2_2024_NETPRICE,COST2_2024_NETPRICE,consistent,XNPIS432,
70741,NPIS442,NPIS442,COST2_2024_NETPRICE,COST2_2024_NETPRICE,consistent,XNPIS442,
70746,NPIS452,NPIS452,COST2_2024_NETPRICE,COST2_2024_NETPRICE,consistent,XNPIS452,
70751,GRNTN2,GRNTN2,COST2_2024_FINANCIALAID,COST2_2024_FINANCIALAID,consistent,XGRNTN2,
70756,GRNTON2,GRNTON2,COST2_2024_FINANCIALAID,COST2_2024_FINANCIALAID,consistent,XGRNTON2,
70761,GRNTWF2,GRNTWF2,COST2_2024_FINANCIALAID,COST2_2024_FINANCIALAID,consistent,XGRNTWF2,
70766,GRNTOF2,GRNTOF2,COST2_2024_FINANCIALAID,COST2_2024_FINANCIALAID,consistent,XGRNTOF2,
70771,GRNTUN2,GRNTUN2,COST2_2024_FINANCIALAID,COST2_2024_FINANCIALAID,consistent,XGRNTUN2,
70776,GRNTT2,GRNTT2,COST2_2024_FINANCIALAID,COST2_2024_FINANCIALAID,consistent,XGRNTT2,
70781,GRNTA2,GRNTA2,COST2_2024_FINANCIALAID,COST2_2024_FINANCIALAID,consistent,XGRNTA2,
70786,GRNTN1,GRNTN1,COST2_2024_FINANCIALAID,COST2_2024_FINANCIALAID,consistent,XGRNTN1,
70791,GRNTON1,GRNTON1,COST2_2024_FINANCIALAID,COST2_2024_FINANCIALAID,consistent,XGRNTON1,
70796,GRNTWF1,GRNTWF1,COST2_2024_FINANCIALAID,COST2_2024_FINANCIALAID,consistent,XGRNTWF1,
70801,GRNTOF1,GRNTOF1,COST2_2024_FINANCIALAID,COST2_2024_FINANCIALAID,consistent,XGRNTOF1,
70806,GRNTUN1,GRNTUN1,COST2_2024_FINANCIALAID,COST2_2024_FINANCIALAID,consistent,XGRNTUN1,
70811,GRNTT1,GRNTT1,COST2_2024_FINANCIALAID,COST2_2024_FINANCIALAID,consistent,XGRNTT1,
70816,GRNTA1,GRNTA1,COST2_2024_FINANCIALAID,COST2_2024_FINANCIALAID,consistent,XGRNTA1,
70821,GRNTN0,GRNTN0,COST2_2024_FINANCIALAID,COST2_2024_FINANCIALAID,consistent,XGRNTN0,
70826,GRNTON0,GRNTON0,COST2_2024_FINANCIALAID,COST2_2024_FINANCIALAID,consistent,XGRNTON0,
70831,GRNTWF0,GRNTWF0,COST2_2024_FINANCIALAID,COST2_2024_FINANCIALAID,consistent,XGRNTWF0,
70836,GRNTOF0,GRNTOF0,COST2_2024_FINANCIALAID,COST2_2024_FINANCIALAID,consistent,XGRNTOF0,
70841,GRNTUN0,GRNTUN0,COST2_2024_FINANCIALAID,COST2_2024_FINANCIALAID,consistent,XGRNTUN0,
70846,GRNTT0,GRNTT0,COST2_2024_FINANCIALAID,COST2_2024_FINANCIALAID,consistent,XGRNTT0,
70851,GRNTA0,GRNTA0,COST2_2024_FINANCIALAID,COST2_2024_FINANCIALAID,consistent,XGRNTA0,
70856,GRN4N2,GRN4N2,COST2_2024_FINANCIALAID,COST2_2024_FINANCIALAID,consistent,XGRN4N2,
70861,GRN4ON2,GRN4ON2,COST2_2024_FINANCIALAID,COST2_2024_FINANCIALAID,consistent,XGRN4ON2,
70866,GRN4WF2,GRN4WF2,COST2_2024_FINANCIALAID,COST2_2024_FINANCIALAID,consistent,XGRN4WF2,
70871,GRN4OF2,GRN4OF2,COST2_2024_FINANCIALAID,COST2_2024_FINANCIALAID,consistent,XGRN4OF2,
70876,GRN4UN2,GRN4UN2,COST2_2024_FINANCIALAID,COST2_2024_FINANCIALAID,consistent,XGRN4UN2,
70881,GRN4T2,GRN4T2,COST2_2024_FINANCIALAID,COST2_2024_FINANCIALAID,consistent,XGRN4T2,
70886,GRN4A2,GRN4A2,COST2_2024_FINANCIALAID,COST2_2024_FINANCIALAID,consistent,XGRN4A2,
70891,GRN4N12,GRN4N12,COST2_2024_FINANCIALAID,COST2_2024_FINANCIALAID,consistent,XGRN4N12,
70896,GRN4T12,GRN4T12,COST2_2024_FINANCIALAID,COST2_2024_FINANCIALAID,consistent,XGRN4T12,
70901,GRN4A12,GRN4A12,COST2_2024_FINANCIALAID,COST2_2024_FINANCIALAID,consistent,XGRN4A12,
70906,GRN4N22,GRN4N22,COST2_2024_FINANCIALAID,COST2_2024_FINANCIALAID,consistent,XGRN4N22,
70911,GRN4T22,GRN4T22,COST2_2024_FINANCIALAID,COST2_2024_FINANCIALAID,consistent,XGRN4T22,
70916,GRN4A22,GRN4A22,COST2_2024_FINANCIALAID,COST2_2024_FINANCIALAID,consistent,XGRN4A22,
70921,GRN4N32,GRN4N32,COST2_2024_FINANCIALAID,COST2_2024_FINANCIALAID,consistent,XGRN4N32,
70926,GRN4T32,GRN4T32,COST2_2024_FINANCIALAID,COST2_2024_FINANCIALAID,consistent,XGRN4T32,
70931,GRN4A32,GRN4A32,COST2_2024_FINANCIALAID,COST2_2024_FINANCIALAID,consistent,XGRN4A32,
70936,GRN4N42,GRN4N42,COST2_2024_FINANCIALAID,COST2_2024_FINANCIALAID,consistent,XGRN4N42,
70941,GRN4T42,GRN4T42,COST2_2024_FINANCIALAID,COST2_2024_FINANCIALAID,consistent,XGRN4T42,
70946,GRN4A42,GRN4A42,COST2_2024_FINANCIALAID,COST2_2024_FINANCIALAID,consistent,XGRN4A42,
70951,GRN4N52,GRN4N52,COST2_2024_FINANCIALAID,COST2_2024_FINANCIALAID,consistent,XGRN4N52,
70956,GRN4T52,GRN4T52,COST2_2024_FINANCIALAID,COST2_2024_FINANCIALAID,consistent,XGRN4T52,
70961,GRN4A52,GRN4A52,COST2_2024_FINANCIALAID,COST2_2024_FINANCIALAID,consistent,XGRN4A52,
70966,NPGRN2,NPGRN2,COST2_2024_NETPRICE,COST2_2024_NETPRICE,consistent,XNPGRN2,
70971,NPGRN1,NPGRN1,COST2_2024_NETPRICE,COST2_2024_NETPRICE,consistent,XNPGRN1,
70976,NPGRN0,NPGRN0,COST2_2024_NETPRICE,COST2_2024_NETPRICE,consistent,XNPGRN0,
70981,NPT412,NPT412,COST2_2024_NETPRICE,COST2_2024_NETPRICE,consistent,XNPT412,
70986,NPT422,NPT422,COST2_2024_NETPRICE,COST2_2024_NETPRICE,consistent,XNPT422,
70991,NPT432,NPT432,COST2_2024_NETPRICE,COST2_2024_NETPRICE,consistent,XNPT432,
70996,NPT442,NPT442,COST2_2024_NETPRICE,COST2_2024_NETPRICE,consistent,XNPT442,
71001,NPT452,NPT452,COST2_2024_NETPRICE,COST2_2024_NETPRICE,consistent,XNPT452,
71099,AIDFSIN,AIDFSIN,SFA2324,SFA2324,consistent,XAIDFSIN,
71100,AIDFSIP,AIDFSIP,SFA2324,SFA2324,consistent,XAIDFSIP,
71101,GIS4N1,GIS4N1,COST2_2024_FINANCIALAID,COST2_2024_FINANCIALAID,consistent,XGIS4N1,
71106,GIS4ON1,GIS4ON1,COST2_2024_FINANCIALAID,COST2_2024_FINANCIALAID,consistent,XGIS4ON1,
71111,GIS4WF1,GIS4WF1,COST2_2024_FINANCIALAID,COST2_2024_FINANCIALAID,consistent,XGIS4WF1,
71116,GIS4OF1,GIS4OF1,COST2_2024_FINANCIALAID,COST2_2024_FINANCIALAID,consistent,XGIS4OF1,
71121,GIS4UN1,GIS4UN1,COST2_2024_FINANCIALAID,COST2_2024_FINANCIALAID,consistent,XGIS4UN1,
71126,GIS4T1,GIS4T1,COST2_2024_FINANCIALAID,COST2_2024_FINANCIALAID,consistent,XGIS4T1,
71131,GIS4A1,GIS4A1,COST2_2024_FINANCIALAID,COST2_2024_FINANCIALAID,consistent,XGIS4A1,
71136,GIS4N11,GIS4N11,COST2_2024_FINANCIALAID,COST2_2024_FINANCIALAID,consistent,XGIS4N11,
71141,GIS4T11,GIS4T11,COST2_2024_FINANCIALAID,COST2_2024_FINANCIALAID,consistent,XGIS4T11,
71146,GIS4A11,GIS4A11,COST2_2024_FINANCIALAID,COST2_2024_FINANCIALAID,consistent,XGIS4A11,
71151,GIS4N21,GIS4N21,COST2_2024_FINANCIALAID,COST2_2024_FINANCIALAID,consistent,XGIS4N21,
71156,GIS4T21,GIS4T21,COST2_2024_FINANCIALAID,COST2_2024_FINANCIALAID,consistent,XGIS4T21,
71161,GIS4A21,GIS4A21,COST2_2024_FINANCIALAID,COST2_2024_FINANCIALAID,consistent,XGIS4A21,
71166,GIS4N31,GIS4N31,COST2_2024_FINANCIALAID,COST2_2024_FINANCIALAID,consistent,XGIS4N31,
71171,GIS4T31,GIS4T31,COST2_2024_FINANCIALAID,COST2_2024_FINANCIALAID,consistent,XGIS4T31,
71176,GIS4A31,GIS4A31,COST2_2024_FINANCIALAID,COST2_2024_FINANCIALAID,consistent,XGIS4A31,
71181,GIS4N41,GIS4N41,COST2_2024_FINANCIALAID,COST2_2024_FINANCIALAID,consistent,XGIS4N41,
71186,GIS4T41,GIS4T41,COST2_2024_FINANCIALAID,COST2_2024_FINANCIALAID,consistent,XGIS4T41,
71191,GIS4A41,GIS4A41,COST2_2024_FINANCIALAID,COST2_2024_FINANCIALAID,consistent,XGIS4A41,
71196,GIS4N51,GIS4N51,COST2_2024_FINANCIALAID,COST2_2024_FINANCIALAID,consistent,XGIS4N51,
71201,GIS4T51,GIS4T51,COST2_2024_FINANCIALAID,COST2_2024_FINANCIALAID,consistent,XGIS4T51,
71206,GIS4A51,GIS4A51,COST2_2024_FINANCIALAID,COST2_2024_FINANCIALAID,consistent,XGIS4A51,
71216,NPIS411,NPIS411,COST2_2024_NETPRICE,COST2_2024_NETPRICE,consistent,XNPIS411,
71221,NPIS421,NPIS421,COST2_2024_NETPRICE,COST2_2024_NETPRICE,consistent,XNPIS421,
71226,NPIS431,NPIS431,COST2_2024_NETPRICE,COST2_2024_NETPRICE,consistent,XNPIS431,
71231,NPIS441,NPIS441,COST2_2024_NETPRICE,COST2_2024_NETPRICE,consistent,XNPIS441,
71236,NPIS451,NPIS451,COST2_2024_NETPRICE,COST2_2024_NETPRICE,consistent,XNPIS451,
71241,GRN4N1,GRN4N1,COST2_2024_FINANCIALAID,COST2_2024_FINANCIALAID,consistent,XGRN4N1,
71246,GRN4ON1,GRN4ON1,COST2_2024_FINANCIALAID,COST2_2024_FINANCIALAID,consistent,XGRN4ON1,
71251,GRN4WF1,GRN4WF1,COST2_2024_FINANCIALAID,COST2_2024_FINANCIALAID,consistent,XGRN4WF1,
71256,GRN4OF1,GRN4OF1,COST2_2024_FINANCIALAID,COST2_2024_FINANCIALAID,consistent,XGRN4OF1,
71261,GRN4UN1,GRN4UN1,COST2_2024_FINANCIALAID,COST2_2024_FINANCIALAID,consistent,XGRN4UN1,
71266,GRN4T1,GRN4T1,COST2_2024_FINANCIALAID,COST2_2024_FINANCIALAID,consistent,XGRN4T1,
71271,GRN4A1,GRN4A1,COST2_2024_FINANCIALAID,COST2_2024_FINANCIALAID,consistent,XGRN4A1,
71276,GRN4N11,GRN4N11,COST2_2024_FINANCIALAID,COST2_2024_FINANCIALAID,consistent,XGRN4N11,
71281,GRN4T11,GRN4T11,COST2_2024_FINANCIALAID,COST2_2024_FINANCIALAID,consistent,XGRN4T11,
71286,GRN4A11,GRN4A11,COST2_2024_FINANCIALAID,COST2_2024_FINANCIALAID,consistent,XGRN4A11,
71291,GRN4N21,GRN4N21,COST2_2024_FINANCIALAID,COST2_2024_FINANCIALAID,consistent,XGRN4N21,
71296,GRN4T21,GRN4T21,COST2_2024_FINANCIALAID,COST2_2024_FINANCIALAID,consistent,XGRN4T21,
71301,GRN4A21,GRN4A21,COST2_2024_FINANCIALAID,COST2_2024_FINANCIALAID,consistent,XGRN4A21,
71306,GRN4N31,GRN4N31,COST2_2024_FINANCIALAID,COST2_2024_FINANCIALAID,consistent,XGRN4N31,
71311,GRN4T31,GRN4T31,COST2_2024_FINANCIALAID,COST2_2024_FINANCIALAID,consistent,XGRN4T31,
71316,GRN4A31,GRN4A31,COST2_2024_FINANCIALAID,COST2_2024_FINANCIALAID,consistent,XGRN4A31,
71321,GRN4N41,GRN4N41,COST2_2024_FINANCIALAID,COST2_2024_FINANCIALAID,consistent,XGRN4N41,
71326,GRN4T41,GRN4T41,COST2_2024_FINANCIALAID,COST2_2024_FINANCIALAID,consistent,XGRN4T41,
71331,GRN4A41,GRN4A41,COST2_2024_FINANCIALAID,COST2_2024_FINANCIALAID,consistent,XGRN4A41,
71336,GRN4N51,GRN4N51,COST2_2024_FINANCIALAID,COST2_2024_FINANCIALAID,consistent,XGRN4N51,
71341,GRN4T51,GRN4T51,COST2_2024_FINANCIALAID,COST2_2024_FINANCIALAID,consistent,XGRN4T51,
71346,GRN4A51,GRN4A51,COST2_2024_FINANCIALAID,COST2_2024_FINANCIALAID,consistent,XGRN4A51,
71351,NPT411,NPT411,COST2_2024_NETPRICE,COST2_2024_NETPRICE,consistent,XNPT411,
71356,NPT421,NPT421,COST2_2024_NETPRICE,COST2_2024_NETPRICE,consistent,XNPT421,
71361,NPT431,NPT431,COST2_2024_NETPRICE,COST2_2024_NETPRICE,consistent,XNPT431,
71366,NPT441,NPT441,COST2_2024_NETPRICE,COST2_2024_NETPRICE,consistent,XNPT441,
71371,NPT451,NPT451,COST2_2024_NETPRICE,COST2_2024_NETPRICE,consistent,XNPT451,
71401,GIS4N0,GIS4N0,COST2_2024_FINANCIALAID,COST2_2024_FINANCIALAID,consistent,XGIS4N0,
71406,GIS4ON0,GIS4ON0,COST2_2024_FINANCIALAID,COST2_2024_FINANCIALAID,consistent,XGIS4ON0,
71411,GIS4WF0,GIS4WF0,COST2_2024_FINANCIALAID,COST2_2024_FINANCIALAID,consistent,XGIS4WF0,
71416,GIS4OF0,GIS4OF0,COST2_2024_FINANCIALAID,COST2_2024_FINANCIALAID,consistent,XGIS4OF0,
71421,GIS4UN0,GIS4UN0,COST2_2024_FINANCIALAID,COST2_2024_FINANCIALAID,consistent,XGIS4UN0,
71426,GIS4T0,GIS4T0,COST2_2024_FINANCIALAID,COST2_2024_FINANCIALAID,consistent,XGIS4T0,
71431,GIS4A0,GIS4A0,COST2_2024_FINANCIALAID,COST2_2024_FINANCIALAID,consistent,XGIS4A0,
71436,GIS4N10,GIS4N10,COST2_2024_FINANCIALAID,COST2_2024_FINANCIALAID,consistent,XGIS4N10,
71441,GIS4T10,GIS4T10,COST2_2024_FINANCIALAID,COST2_2024_FINANCIALAID,consistent,XGIS4T10,
71446,GIS4A10,GIS4A10,COST2_2024_FINANCIALAID,COST2_2024_FINANCIALAID,consistent,XGIS4A10,
71451,GIS4N20,GIS4N20,COST2_2024_FINANCIALAID,COST2_2024_FINANCIALAID,consistent,XGIS4N20,
71456,GIS4T20,GIS4T20,COST2_2024_FINANCIALAID,COST2_2024_FINANCIALAID,consistent,XGIS4T20,
71461,GIS4A20,GIS4A20,COST2_2024_FINANCIALAID,COST2_2024_FINANCIALAID,consistent,XGIS4A20,
71466,GIS4N30,GIS4N30,COST2_2024_FINANCIALAID,COST2_2024_FINANCIALAID,consistent,XGIS4N30,
71471,GIS4T30,GIS4T30,COST2_2024_FINANCIALAID,COST2_2024_FINANCIALAID,consistent,XGIS4T30,
71476,GIS4A30,GIS4A30,COST2_2024_FINANCIALAID,COST2_2024_FINANCIALAID,consistent,XGIS4A30,
71481,GIS4N40,GIS4N40,COST2_2024_FINANCIALAID,COST2_2024_FINANCIALAID,consistent,XGIS4N40,
71486,GIS4T40,GIS4T40,COST2_2024_FINANCIALAID,COST2_2024_FINANCIALAID,consistent,XGIS4T40,
71506,GIS4A50,GIS4A50,COST2_2024_FINANCIALAID,COST2_2024_FINANCIALAID,consistent,XGIS4A50,
71516,NPIS410,NPIS410,COST2_2024_NETPRICE,COST2_2024_NETPRICE,consistent,XNPIS410,
71521,NPIS420,NPIS420,COST2_2024_NETPRICE,COST2_2024_NETPRICE,consistent,XNPIS420,
71526,NPIS430,NPIS430,COST2_2024_NETPRICE,COST2_2024_NETPRICE,consistent,XNPIS430,
71531,NPIS440,NPIS440,COST2_2024_NETPRICE,COST2_2024_NETPRICE,consistent,XNPIS440,
71536,NPIS450,NPIS450,COST2_2024_NETPRICE,COST2_2024_NETPRICE,consistent,XNPIS450,
71541,GRN4N0,GRN4N0,COST2_2024_FINANCIALAID,COST2_2024_FINANCIALAID,consistent,XGRN4N0,
71546,GRN4ON0,GRN4ON0,COST2_2024_FINANCIALAID,COST2_2024_FINANCIALAID,consistent,XGRN4ON0,
71551,GRN4WF0,GRN4WF0,COST2_2024_FINANCIALAID,COST2_2024_FINANCIALAID,consistent,XGRN4WF0,
71556,GRN4OF0,GRN4OF0,COST2_2024_FINANCIALAID,COST2_2024_FINANCIALAID,consistent,XGRN4OF0,
71561,GRN4UN0,GRN4UN0,COST2_2024_FINANCIALAID,COST2_2024_FINANCIALAID,consistent,XGRN4UN0,
71566,GRN4T0,GRN4T0,COST2_2024_FINANCIALAID,COST2_2024_FINANCIALAID,consistent,XGRN4T0,
71571,GRN4A0,GRN4A0,COST2_2024_FINANCIALAID,COST2_2024_FINANCIALAID,consistent,XGRN4A0,
71576,GRN4N10,GRN4N10,COST2_2024_FINANCIALAID,COST2_2024_FINANCIALAID,consistent,XGRN4N10,
71581,GRN4T10,GRN4T10,COST2_2024_FINANCIALAID,COST2_2024_FINANCIALAID,consistent,XGRN4T10,
71586,GRN4A10,GRN4A10,COST2_2024_FINANCIALAID,COST2_2024_FINANCIALAID,consistent,XGRN4A10,
71591,GRN4N20,GRN4N20,COST2_2024_FINANCIALAID,COST2_2024_FINANCIALAID,consistent,XGRN4N20,
71596,GRN4T20,GRN4T20,COST2_2024_FINANCIALAID,COST2_2024_FINANCIALAID,consistent,XGRN4T20,
71601,GRN4A20,GRN4A20,COST2_2024_FINANCIALAID,COST2_2024_FINANCIALAID,consistent,XGRN4A20,
71606,GRN4N30,GRN4N30,COST2_2024_FINANCIALAID,COST2_2024_FINANCIALAID,consistent,XGRN4N30,
71611,GRN4T30,GRN4T30,COST2_2024_FINANCIALAID,COST2_2024_FINANCIALAID,consistent,XGRN4T30,
71616,GRN4A30,GRN4A30,COST2_2024_FINANCIALAID,COST2_2024_FINANCIALAID,consistent,XGRN4A30,
71621,GRN4N40,GRN4N40,COST2_2024_FINANCIALAID,COST2_2024_FINANCIALAID,consistent,XGRN4N40,
71626,GRN4T40,GRN4T40,COST2_2024_FINANCIALAID,COST2_2024_FINANCIALAID,consistent,XGRN4T40,
71631,GRN4A40,GRN4A40,COST2_2024_FINANCIALAID,COST2_2024_FINANCIALAID,consistent,XGRN4A40,
71636,GRN4N50,GRN4N50,COST2_2024_FINANCIALAID,COST2_2024_FINANCIALAID,consistent,XGRN4N50,
71641,GRN4T50,GRN4T50,COST2_2024_FINANCIALAID,COST2_2024_FINANCIALAID,consistent,XGRN4T50,
71646,GRN4A50,GRN4A50,COST2_2024_FINANCIALAID,COST2_2024_FINANCIALAID,consistent,XGRN4A50,
71651,NPT410,NPT410,COST2_2024_NETPRICE,COST2_2024_NETPRICE,consistent,XNPT410,
71656,NPT420,NPT420,COST2_2024_NETPRICE,COST2_2024_NETPRICE,consistent,XNPT420,
71661,NPT430,NPT430,COST2_2024_NETPRICE,COST2_2024_NETPRICE,consistent,XNPT430,
71666,NPT440,NPT440,COST2_2024_NETPRICE,COST2_2024_NETPRICE,consistent,XNPT440,
71671,NPT450,NPT450,COST2_2024_NETPRICE,COST2_2024_NETPRICE,consistent,XNPT450,
71802,GIS4G2,GIS4G2,COST2_2024_FINANCIALAID,COST2_2024_FINANCIALAID,consistent,XGIS4G2,
71807,GIS4G12,GIS4G12,COST2_2024_FINANCIALAID,COST2_2024_FINANCIALAID,consistent,XGIS4G12,
71812,GIS4G22,GIS4G22,COST2_2024_FINANCIALAID,COST2_2024_FINANCIALAID,consistent,XGIS4G22,
71817,GIS4G32,GIS4G32,COST2_2024_FINANCIALAID,COST2_2024_FINANCIALAID,consistent,XGIS4G32,
71822,GIS4G42,GIS4G42,COST2_2024_FINANCIALAID,COST2_2024_FINANCIALAID,consistent,XGIS4G42,
71827,GIS4G52,GIS4G52,COST2_2024_FINANCIALAID,COST2_2024_FINANCIALAID,consistent,XGIS4G52,
71832,GIS4G1,GIS4G1,COST2_2024_FINANCIALAID,COST2_2024_FINANCIALAID,consistent,XGIS4G1,
71837,GIS4G11,GIS4G11,COST2_2024_FINANCIALAID,COST2_2024_FINANCIALAID,consistent,XGIS4G11,
71842,GIS4G21,GIS4G21,COST2_2024_FINANCIALAID,COST2_2024_FINANCIALAID,consistent,XGIS4G21,
71847,GIS4G31,GIS4G31,COST2_2024_FINANCIALAID,COST2_2024_FINANCIALAID,consistent,XGIS4G31,
71852,GIS4G41,GIS4G41,COST2_2024_FINANCIALAID,COST2_2024_FINANCIALAID,consistent,XGIS4G41,
71857,GIS4G51,GIS4G51,COST2_2024_FINANCIALAID,COST2_2024_FINANCIALAID,consistent,XGIS4G51,
71862,GIS4G0,GIS4G0,COST2_2024_FINANCIALAID,COST2_2024_FINANCIALAID,consistent,XGIS4G0,
71867,GIS4G10,GIS4G10,COST2_2024_FINANCIALAID,COST2_2024_FINANCIALAID,consistent,XGIS4G10,
71872,GIS4G20,GIS4G20,COST2_2024_FINANCIALAID,COST2_2024_FINANCIALAID,consistent,XGIS4G20,
71877,GIS4G30,GIS4G30,COST2_2024_FINANCIALAID,COST2_2024_FINANCIALAID,consistent,XGIS4G30,
71882,GIS4G40,GIS4G40,COST2_2024_FINANCIALAID,COST2_2024_FINANCIALAID,consistent,XGIS4G40,
71887,GIS4G50,GIS4G50,COST2_2024_FINANCIALAID,COST2_2024_FINANCIALAID,consistent,XGIS4G50,
71892,GRN4G2,GRN4G2,COST2_2024_FINANCIALAID,COST2_2024_FINANCIALAID,consistent,XGRN4G2,
71897,GRN4G12,GRN4G12,COST2_2024_FINANCIALAID,COST2_2024_FINANCIALAID,consistent,XGRN4G12,
71902,GRN4G22,GRN4G22,COST2_2024_FINANCIALAID,COST2_2024_FINANCIALAID,consistent,XGRN4G22,
71922,GRN4G1,GRN4G1,COST2_2024_FINANCIALAID,COST2_2024_FINANCIALAID,consistent,XGRN4G1,
71927,GRN4G11,GRN4G11,COST2_2024_FINANCIALAID,COST2_2024_FINANCIALAID,consistent,XGRN4G11,
71932,GRN4G21,GRN4G21,COST2_2024_FINANCIALAID,COST2_2024_FINANCIALAID,consistent,XGRN4G21,
71937,GRN4G31,GRN4G31,COST2_2024_FINANCIALAID,COST2_2024_FINANCIALAID,consistent,XGRN4G31,
71942,GRN4G41,GRN4G41,COST2_2024_FINANCIALAID,COST2_2024_FINANCIALAID,consistent,XGRN4G41,
71947,GRN4G51,GRN4G51,COST2_2024_FINANCIALAID,COST2_2024_FINANCIALAID,consistent,XGRN4G51,
71952,GRN4G0,GRN4G0,COST2_2024_FINANCIALAID,COST2_2024_FINANCIALAID,consistent,XGRN4G0,
71957,GRN4G10,GRN4G10,COST2_2024_FINANCIALAID,COST2_2024_FINANCIALAID,consistent,XGRN4G10,
71962,GRN4G20,GRN4G20,COST2_2024_FINANCIALAID,COST2_2024_FINANCIALAID,consistent,XGRN4G20,
71967,GRN4G30,GRN4G30,COST2_2024_FINANCIALAID,COST2_2024_FINANCIALAID,consistent,XGRN4G30,
71972,GRN4G40,GRN4G40,COST2_2024_FINANCIALAID,COST2_2024_FINANCIALAID,consistent,XGRN4G40,
71977,GRN4G50,GRN4G50,COST2_2024_FINANCIALAID,COST2_2024_FINANCIALAID,consistent,XGRN4G50,
72021,GPO9_T,GPO9_T,SFAV2324,SFAV2324,consistent,XGPO9_T,
72026,GPO9_A,GPO9_A,SFAV2324,SFAV2324,consistent,XGPO9_A,
72031,PO9_N,PO9_N,SFAV2324,SFAV2324,consistent,XPO9_N,
72036,PO9_T,PO9_T,SFAV2324,SFAV2324,consistent,XPO9_T,
72041,PO9_A,PO9_A,SFAV2324,SFAV2324,consistent,XPO9_A,
72046,UGDOD_N,UGDOD_N,SFAV2324,SFAV2324,consistent,XUGDOD_N,
72051,UGDOD_T,UGDOD_T,SFAV2324,SFAV2324,consistent,XUGDOD_T,
72056,UGDOD_A,UGDOD_A,SFAV2324,SFAV2324,consistent,XUGDOD_A,
72061,GDOD_N,GDOD_N,SFAV2324,SFAV2324,consistent,XGDOD_N,
72066,GDOD_T,GDOD_T,SFAV2324,SFAV2324,consistent,XGDOD_T,
72071,GDOD_A,GDOD_A,SFAV2324,SFAV2324,consistent,XGDOD_A,
72076,DOD_N,DOD_N,SFAV2324,SFAV2324,consistent,XDOD_N,
72081,DOD_T,DOD_T,SFAV2324,SFAV2324,consistent,XDOD_T,
72086,DOD_A,DOD_A,SFAV2324,SFAV2324,consistent,XDOD_A,
72091,PARTVT,PARTVT,SFAV2324,SFAV2324,consistent,,
72092,PO9,PO9,SFAV2324,SFAV2324,consistent,,
72093,DOD,DOD,SFAV2324,SFAV2324,consistent,,
73004,SCUGDGSK,SCUGDGSK,SFA2324,SFA2324,consistent,XSCUGDGSK,
73006,SCUGNDGS,SCUGNDGS,SFA2324,SFA2324,consistent,XSCUGNDGS,
73014,SCFA2DG,SCFA2DG,SFA2324,SFA2324,consistent,XSCFA2DG,
73016,SCFA2ND,SCFA2ND,SFA2324,SFA2324,consistent,XSCFA2ND,
73040,SCFY2DG,SCFY2DG,SFA2324,SFA2324,consistent,XSCFY2DG,
73042,SCFY2ND,SCFY2ND,SFA2324,SFA2324,consistent,XSCFY2ND,
73056,UDGAGRNTN,UDGAGRNTN,SFA2324,SFA2324,consistent,XUDGAGRNTN,
73058,UDGAGRNTP,UDGAGRNTP,SFA2324,SFA2324,consistent,XUDGAGRNTP,
73060,UDGAGRNTT,UDGAGRNTT,SFA2324,SFA2324,consistent,XUDGAGRNTT,
73062,UDGAGRNTA,UDGAGRNTA,SFA2324,SFA2324,consistent,XUDGAGRNTA,
73064,UNDAGRNTN,UNDAGRNTN,SFA2324,SFA2324,consistent,XUNDAGRNTN,
73066,UNDAGRNTP,UNDAGRNTP,SFA2324,SFA2324,consistent,XUNDAGRNTP,
73068,UNDAGRNTT,UNDAGRNTT,SFA2324,SFA2324,consistent,XUNDAGRNTT,
73070,UNDAGRNTA,UNDAGRNTA,SFA2324,SFA2324,consistent,XUNDAGRNTA,
73079,UDGPGRNTN,UDGPGRNTN,SFA2324,SFA2324,consistent,XUDGPGRNTN,
73080,UDGPGRNTP,UDGPGRNTP,SFA2324,SFA2324,consistent,XUDGPGRNTP,
73081,UDGPGRNTT,UDGPGRNTT,SFA2324,SFA2324,consistent,XUDGPGRNTT,
73082,UDGPGRNTA,UDGPGRNTA,SFA2324,SFA2324,consistent,XUDGPGRNTA,
73084,UNDPGRNTN,UNDPGRNTN,SFA2324,SFA2324,consistent,XUNDPGRNTN,
73085,UNDPGRNTP,UNDPGRNTP,SFA2324,SFA2324,consistent,XUNDPGRNTP,
73086,UNDPGRNTT,UNDPGRNTT,SFA2324,SFA2324,consistent,XUNDPGRNTT,
73087,UNDPGRNTA,UNDPGRNTA,SFA2324,SFA2324,consistent,XUNDPGRNTA,
73089,UDGFLOANN,UDGFLOANN,SFA2324,SFA2324,consistent,XUDGFLOANN,
73090,UDGFLOANP,UDGFLOANP,SFA2324,SFA2324,consistent,XUDGFLOANP,
73091,UDGFLOANT,UDGFLOANT,SFA2324,SFA2324,consistent,XUDGFLOANT,
73092,UDGFLOANA,UDGFLOANA,SFA2324,SFA2324,consistent,XUDGFLOANA,
73094,UNDFLOANN,UNDFLOANN,SFA2324,SFA2324,consistent,XUNDFLOANN,
73095,UNDFLOANP,UNDFLOANP,SFA2324,SFA2324,consistent,XUNDFLOANP,
73096,UNDFLOANT,UNDFLOANT,SFA2324,SFA2324,consistent,XUNDFLOANT,
73097,UNDFLOANA,UNDFLOANA,SFA2324,SFA2324,consistent,XUNDFLOANA,
73101,COAISGS2,COAISGS2,COST2_2024_NETPRICE,COST2_2024_NETPRICE,consistent,,
73106,COAISGS1,COAISGS1,COST2_2024_NETPRICE,COST2_2024_NETPRICE,consistent,,
73111,COAISGS0,COAISGS0,COST2_2024_NETPRICE,COST2_2024_NETPRICE,consistent,,
73116,COAIST42,COAIST42,COST2_2024_NETPRICE,COST2_2024_NETPRICE,consistent,,
73121,COAIST41,COAIST41,COST2_2024_NETPRICE,COST2_2024_NETPRICE,consistent,,
73126,COAIST40,COAIST40,COST2_2024_NETPRICE,COST2_2024_NETPRICE,consistent,,
73131,NPIS42,NPIS42,COST2_2024_NETPRICE,COST2_2024_NETPRICE,consistent,XNPIS42,
73136,NPIS41,NPIS41,COST2_2024_NETPRICE,COST2_2024_NETPRICE,consistent,XNPIS41,
73141,NPIS40,NPIS40,COST2_2024_NETPRICE,COST2_2024_NETPRICE,consistent,XNPIS40,
73146,COAGS2,COAGS2,COST2_2024_NETPRICE,COST2_2024_NETPRICE,consistent,,
73151,COAGS1,COAGS1,COST2_2024_NETPRICE,COST2_2024_NETPRICE,consistent,,
73156,COAGS0,COAGS0,COST2_2024_NETPRICE,COST2_2024_NETPRICE,consistent,,
73161,COAT42,COAT42,COST2_2024_NETPRICE,COST2_2024_NETPRICE,consistent,,
73166,COAT41,COAT41,COST2_2024_NETPRICE,COST2_2024_NETPRICE,consistent,,
73171,COAT40,COAT40,COST2_2024_NETPRICE,COST2_2024_NETPRICE,consistent,,
73176,NPT42,NPT42,COST2_2024_NETPRICE,COST2_2024_NETPRICE,consistent,XNPT42,
73181,NPT41,NPT41,COST2_2024_NETPRICE,COST2_2024_NETPRICE,consistent,XNPT41,
73186,NPT40,NPT40,COST2_2024_NETPRICE,COST2_2024_NETPRICE,consistent,XNPT40,
73191,CSCUGFFN,CSCUGFFN,COST2_2024_FINANCIALAID,COST2_2024_FINANCIALAID,consistent,XCSCUGFN,
73192,CSCFA1N,CSCFA1N,COST2_2024_FINANCIALAID,COST2_2024_FINANCIALAID,consistent,XCSCFA1N,
73193,CSCFY1N,CSCFY1N,COST2_2024_FINANCIALAID,COST2_2024_FINANCIALAID,consistent,XCSCFY1N,
80001,STAT_GR,STAT_GR,FLAGS2024,FLAGS2024,consistent,,
80006,LOCK_GR,LOCK_GR,FLAGS2024,FLAGS2024,consistent,,
80011,PRCH_GR,PRCH_GR,FLAGS2024,FLAGS2024,consistent,,
80016,IDX_GR,IDX_GR,FLAGS2024,FLAGS2024,consistent,,
80018,PCGR_F,PCGR_F,FLAGS2024,FLAGS2024,consistent,,
80021,IMP_GR,IMP_GR,FLAGS2024,FLAGS2024,consistent,,
80026,COHRTSTU,COHRTSTU,FLAGS2024,FLAGS2024,consistent,,
80081,ATHURL,ATHURL,HD2024,HD2024,consistent,,
80101,STAT_GR2,STAT_GR2,FLAGS2024,FLAGS2024,consistent,,
80106,LOCK_GR2,LOCK_GR2,FLAGS2024,FLAGS2024,consistent,,
80111,PRCH_GR2,PRCH_GR2,FLAGS2024,FLAGS2024,consistent,,
80116,IDX_GR2,IDX_GR2,FLAGS2024,FLAGS2024,consistent,,
80117,PCGR2_F,PCGR2_F,FLAGS2024,FLAGS2024,consistent,,
80121,IMP_GR2,IMP_GR2,FLAGS2024,FLAGS2024,consistent,,
80176,GRTYPE,GRTYPE,GR2024,GR2024,consistent,,
80181,GRNRALM,GRNRALM,GR2024,GR2024,consistent,XGRNRALM,
80186,GRNRALW,GRNRALW,GR2024,GR2024,consistent,XGRNRALW,
80241,GRUNKNM,GRUNKNM,GR2024,GR2024,consistent,XGRUNKNM,
80246,GRUNKNW,GRUNKNW,GR2024,GR2024,consistent,XGRUNKNW,
80251,GRTOTLM,GRTOTLM,GR2024,GR2024,consistent,XGRTOTLM,
80256,GRTOTLW,GRTOTLW,GR2024,GR2024,consistent,XGRTOTLW,
80261,GRNRALT,GRNRALT,GR2024,GR2024,consistent,XGRNRALT,
80291,GRUNKNT,GRUNKNT,GR2024,GR2024,consistent,XGRUNKNT,
80296,GRTOTLT,GRTOTLT,GR2024,GR2024,consistent,XGRTOTLT,
80900,CHRTSTAT,CHRTSTAT,GR2024,GR2024,consistent,,
80901,COHORT,COHORT,GR2024,GR2024,consistent,,
80902,SECTION,SECTION,GR2024,EF2024A|EF2024CP|GR2024,consistent,,
80903,LINE,LINE,GR2024,EF2024A|EF2024B|EF2024CP|GR2024|EF2024C,consistent,,
80906,LINE_10,LINE_10,GR2024_L2,GR2024_L2,consistent,XLINE_10,
80907,LINE_45,LINE_45,GR2024_L2,GR2024_L2,consistent,XLINE_45,
80908,LINE_51,LINE_51,GR2024_L2,GR2024_L2,consistent,XLINE_51,
80909,LINE_52,LINE_52,GR2024_L2,GR2024_L2,consistent,XLINE_52,
80915,LINE_50,LINE_50,GR2024_L2,GR2024_L2,consistent,XLINE_50,
80916,LINE_11,LINE_11,GR2024_L2,GR2024_L2,consistent,XLINE_11,
80917,LINE_30,LINE_30,GR2024_L2,GR2024_L2,consistent,XLINE_30,
81000,GRRTTOT,GRRTTOT,DRVGR2024,DRVGR2024,consistent,,
81003,GRRTWH,GRRTWH,DRVGR2024,DRVGR2024,consistent,,
81006,GRRTBK,GRRTBK,DRVGR2024,DRVGR2024,consistent,,
81009,GRRTHS,GRRTHS,DRVGR2024,DRVGR2024,consistent,,
81012,GRRTAP,GRRTAP,DRVGR2024,DRVGR2024,consistent,,
81015,GRRTAN,GRRTAN,DRVGR2024,DRVGR2024,consistent,,
81017,GRRTUN,GRRTUN,DRVGR2024,DRVGR2024,consistent,,
81019,GRRTNR,GRRTNR,DRVGR2024,DRVGR2024,consistent,,
81021,GRRTM,GRRTM,DRVGR2024,DRVGR2024,consistent,,
81023,GRRTW,GRRTW,DRVGR2024,DRVGR2024,consistent,,
81025,TRRTTOT,TRRTTOT,DRVGR2024,DRVGR2024,consistent,,
81027,GBA4RTT,GBA4RTT,DRVGR2024,DRVGR2024,consistent,,
81029,GBA5RTT,GBA5RTT,DRVGR2024,DRVGR2024,consistent,,
81031,GBA6RTT,GBA6RTT,DRVGR2024,DRVGR2024,consistent,,
81033,GBA6RTM,GBA6RTM,DRVGR2024,DRVGR2024,consistent,,
81035,GBA6RTW,GBA6RTW,DRVGR2024,DRVGR2024,consistent,,
81037,GBA6RTWH,GBA6RTWH,DRVGR2024,DRVGR2024,consistent,,
81039,GBA6RTBK,GBA6RTBK,DRVGR2024,DRVGR2024,consistent,,
81041,GBA6RTHS,GBA6RTHS,DRVGR2024,DRVGR2024,consistent,,
81043,GBA6RTAP,GBA6RTAP,DRVGR2024,DRVGR2024,consistent,,
81045,GBA6RTAN,GBA6RTAN,DRVGR2024,DRVGR2024,consistent,,
81047,GBA6RTUN,GBA6RTUN,DRVGR2024,DRVGR2024,consistent,,
81049,GBA6RTNR,GBA6RTNR,DRVGR2024,DRVGR2024,consistent,,
81051,GBATRRT,GBATRRT,DRVGR2024,DRVGR2024,consistent,,
81061,GRRT2M,GRRT2M,DRVGR2024,DRVGR2024,consistent,,
81066,GBA6RT2M,GBA6RT2M,DRVGR2024,DRVGR2024,consistent,,
81101,GRHISPM,GRHISPM,GR2024,GR2024,consistent,XGRHISPM,
81106,GRHISPW,GRHISPW,GR2024,GR2024,consistent,XGRHISPW,
81111,GRAIANM,GRAIANM,GR2024,GR2024,consistent,XGRAIANM,
81116,GRAIANW,GRAIANW,GR2024,GR2024,consistent,XGRAIANW,
81121,GRASIAM,GRASIAM,GR2024,GR2024,consistent,XGRASIAM,
81126,GRASIAW,GRASIAW,GR2024,GR2024,consistent,XGRASIAW,
81131,GRBKAAM,GRBKAAM,GR2024,GR2024,consistent,XGRBKAAM,
81136,GRBKAAW,GRBKAAW,GR2024,GR2024,consistent,XGRBKAAW,
81141,GRNHPIM,GRNHPIM,GR2024,GR2024,consistent,XGRNHPIM,
81146,GRNHPIW,GRNHPIW,GR2024,GR2024,consistent,XGRNHPIW,
81151,GRWHITM,GRWHITM,GR2024,GR2024,consistent,XGRWHITM,
81156,GRWHITW,GRWHITW,GR2024,GR2024,consistent,XGRWHITW,
81161,GR2MORM,GR2MORM,GR2024,GR2024,consistent,XGR2MORM,
81166,GR2MORW,GR2MORW,GR2024,GR2024,consistent,XGR2MORW,
81171,GRHISPT,GRHISPT,GR2024,GR2024,consistent,XGRHISPT,
81176,GRAIANT,GRAIANT,GR2024,GR2024,consistent,XGRAIANT,
81181,GRASIAT,GRASIAT,GR2024,GR2024,consistent,XGRASIAT,
81186,GRBKAAT,GRBKAAT,GR2024,GR2024,consistent,XGRBKAAT,
81191,GRNHPIT,GRNHPIT,GR2024,GR2024,consistent,XGRNHPIT,
81196,GRWHITT,GRWHITT,GR2024,GR2024,consistent,XGRWHITT,
81201,GR2MORT,GR2MORT,GR2024,GR2024,consistent,XGR2MORT,
81281,BAREVCT,BAREVCT,GR200_24,GR200_24,consistent,XBAREVCT,
81286,BAEXCLU,BAEXCLU,GR200_24,GR200_24,consistent,XBAEXCLU,
81291,BAAC150,BAAC150,GR200_24,GR200_24,consistent,XBAAC150,
81296,BANC100,BANC100,GR200_24,GR200_24,consistent,XBANC100,
81301,BAGR100,BAGR100,GR200_24,GR200_24,consistent,XBAGR100,
81306,BANC150,BANC150,GR200_24,GR200_24,consistent,XBANC150,
81311,BAGR150,BAGR150,GR200_24,GR200_24,consistent,XBAGR150,
81316,BAAEXCL,BAAEXCL,GR200_24,GR200_24,consistent,XBAAEXCL,
81321,BAAC200,BAAC200,GR200_24,GR200_24,consistent,XBAAC200,
81326,BANC200A,BANC200A,GR200_24,GR200_24,consistent,XBANC20A,
81331,BANC200,BANC200,GR200_24,GR200_24,consistent,XBANC200,
81336,BAGR200,BAGR200,GR200_24,GR200_24,consistent,XBAGR200,
81351,L4AC150,L4AC150,GR200_24,GR200_24,consistent,XL4AC150,
81356,L4NC100,L4NC100,GR200_24,GR200_24,consistent,XL4NC100,
81361,L4GR100,L4GR100,GR200_24,GR200_24,consistent,XL4GR100,
81366,L4NC150,L4NC150,GR200_24,GR200_24,consistent,XL4NC150,
81371,L4GR150,L4GR150,GR200_24,GR200_24,consistent,XL4GR150,
81376,L4AEXCL,L4AEXCL,GR200_24,GR200_24,consistent,XL4AEXCL,
81381,L4AC200,L4AC200,GR200_24,GR200_24,consistent,XL4AC200,
81386,L4NC200a,L4NC200A,GR200_24,GR200_24,consistent,XL4NC20a,
81391,L4NC200,L4NC200,GR200_24,GR200_24,consistent,XL4NC200,
81396,L4GR200,L4GR200,GR200_24,GR200_24,consistent,XL4GR200,
81398,L4STEND,L4STEND,GR200_24,GR200_24,consistent,XL4STEND,
81401,LINE_55,LINE_55,GR2024_L2,GR2024_L2,consistent,XLINE_55,
81406,GRRTAS,GRRTAS,DRVGR2024,DRVGR2024,consistent,,
81411,GRRTNH,GRRTNH,DRVGR2024,DRVGR2024,consistent,,
81416,GBA6RTAS,GBA6RTAS,DRVGR2024,DRVGR2024,consistent,,
81421,GBA6RTNH,GBA6RTNH,DRVGR2024,DRVGR2024,consistent,,
81501,PSGRTYPE,PSGRTYPE,GR2024_PELL_SSL,GR2024_PELL_SSL,consistent,,
81506,PGREVCT,PGREVCT,GR2024_PELL_SSL,GR2024_PELL_SSL,consistent,XPGREVCT,
81511,PGEXCLU,PGEXCLU,GR2024_PELL_SSL,GR2024_PELL_SSL,consistent,XPGEXCLU,
81516,PGADJCT,PGADJCT,GR2024_PELL_SSL,GR2024_PELL_SSL,consistent,XPGADJCT,
81521,PGCMBAC,PGCMBAC,GR2024_PELL_SSL,GR2024_PELL_SSL,consistent,XPGCMBAC,
81526,PGCMOBA,PGCMOBA,GR2024_PELL_SSL,GR2024_PELL_SSL,consistent,XPGCMOBA,
81531,PGCMTOT,PGCMTOT,GR2024_PELL_SSL,GR2024_PELL_SSL,consistent,XPGCMTOT,
81536,SSREVCT,SSREVCT,GR2024_PELL_SSL,GR2024_PELL_SSL,consistent,XSSREVCT,
81541,SSEXCLU,SSEXCLU,GR2024_PELL_SSL,GR2024_PELL_SSL,consistent,XSSEXCLU,
81546,SSADJCT,SSADJCT,GR2024_PELL_SSL,GR2024_PELL_SSL,consistent,XSSADJCT,
81551,SSCMBAC,SSCMBAC,GR2024_PELL_SSL,GR2024_PELL_SSL,consistent,XSSCMBAC,
81556,SSCMOBA,SSCMOBA,GR2024_PELL_SSL,GR2024_PELL_SSL,consistent,XSSCMOBA,
81561,SSCMTOT,SSCMTOT,GR2024_PELL_SSL,GR2024_PELL_SSL,consistent,XSSCMTOT,
81566,NRREVCT,NRREVCT,GR2024_PELL_SSL,GR2024_PELL_SSL,consistent,XNRREVCT,
81571,NREXCLU,NREXCLU,GR2024_PELL_SSL,GR2024_PELL_SSL,consistent,XNREXCLU,
81576,NRADJCT,NRADJCT,GR2024_PELL_SSL,GR2024_PELL_SSL,consistent,XNRADJCT,
81581,NRCMBAC,NRCMBAC,GR2024_PELL_SSL,GR2024_PELL_SSL,consistent,XNRCMBAC,
81586,NRCMOBA,NRCMOBA,GR2024_PELL_SSL,GR2024_PELL_SSL,consistent,XNRCMOBA,
81591,NRCMTOT,NRCMTOT,GR2024_PELL_SSL,GR2024_PELL_SSL,consistent,XNRCMTOT,
81596,TTREVCT,TTREVCT,GR2024_PELL_SSL,GR2024_PELL_SSL,consistent,XTTREVCT,
81616,TTCMOBA,TTCMOBA,GR2024_PELL_SSL,GR2024_PELL_SSL,consistent,XTTCMOBA,
81621,TTCMTOT,TTCMTOT,GR2024_PELL_SSL,GR2024_PELL_SSL,consistent,XTTCMTOT,
81626,PGLIN10,PGLIN10,GR2024_L2,GR2024_L2,consistent,XPGLIN10,
81631,PGLIN45,PGLIN45,GR2024_L2,GR2024_L2,consistent,XPGLIN45,
81636,PGLIN50,PGLIN50,GR2024_L2,GR2024_L2,consistent,XPGLIN50,
81641,PGLIN11,PGLIN11,GR2024_L2,GR2024_L2,consistent,XPGLIN11,
81646,SSLIN10,SSLIN10,GR2024_L2,GR2024_L2,consistent,XSSLIN10,
81651,SSLIN45,SSLIN45,GR2024_L2,GR2024_L2,consistent,XSSLIN45,
81656,SSLIN50,SSLIN50,GR2024_L2,GR2024_L2,consistent,XSSLIN50,
81661,SSLIN11,SSLIN11,GR2024_L2,GR2024_L2,consistent,XSSLIN11,
81666,NRLIN10,NRLIN10,GR2024_L2,GR2024_L2,consistent,XNRLIN10,
81671,NRLIN45,NRLIN45,GR2024_L2,GR2024_L2,consistent,XNRLIN45,
81676,NRLIN50,NRLIN50,GR2024_L2,GR2024_L2,consistent,XNRLIN50,
81681,NRLIN11,NRLIN11,GR2024_L2,GR2024_L2,consistent,XNRLIN11,
81686,PGGRRTT,PGGRRTT,DRVGR2024,DRVGR2024,consistent,,
81691,PGBA6RT,PGBA6RT,DRVGR2024,DRVGR2024,consistent,,
81696,SSGRRTT,SSGRRTT,DRVGR2024,DRVGR2024,consistent,,
81701,SSBA6RT,SSBA6RT,DRVGR2024,DRVGR2024,consistent,,
81706,NRGRRTT,NRGRRTT,DRVGR2024,DRVGR2024,consistent,,
81711,NRBA6RT,NRBA6RT,DRVGR2024,DRVGR2024,consistent,,
82101,STAT_OM,STAT_OM,FLAGS2024,FLAGS2024,consistent,,
82106,LOCK_OM,LOCK_OM,FLAGS2024,FLAGS2024,consistent,,
82111,PRCH_OM,PRCH_OM,FLAGS2024,FLAGS2024,consistent,,
82116,IDX_OM,IDX_OM,FLAGS2024,FLAGS2024,consistent,,
82121,PCOM_F,PCOM_F,FLAGS2024,FLAGS2024,consistent,,
82126,IMP_OM,IMP_OM,FLAGS2024,FLAGS2024,consistent,,
83001,OMCHRT,OMCHRT,OM2024,OM2024,consistent,,
83002,OMRCHRT,OMRCHRT,OM2024,OM2024,consistent,XOMRCHRT,
83003,OMEXCLS,OMEXCLS,OM2024,OM2024,consistent,XOMEXCLS,
83004,OMACHRT,OMACHRT,OM2024,OM2024,consistent,XOMACHRT,
83011,OMCERT4,OMCERT4,OM2024,OM2024,consistent,XOMCERT4,
83012,OMASSC4 ,OMASSC4,OM2024,OM2024,consistent,XOMASSC4,
83013,OMBACH4,OMBACH4,OM2024,OM2024,consistent,XOMBACH4,
83014,OMAWDN4,OMAWDN4,OM2024,OM2024,consistent,XOMAWDN4,
83015,OMAWDP4,OMAWDP4,OM2024,OM2024,consistent,XOMAWDP4,
83021,OMCERT6,OMCERT6,OM2024,OM2024,consistent,XOMCERT6,
83022,OMASSC6,OMASSC6,OM2024,OM2024,consistent,XOMASSC6,
83023,OMBACH6,OMBACH6,OM2024,OM2024,consistent,XOMBACH6,
83024,OMAWDN6,OMAWDN6,OM2024,OM2024,consistent,XOMAWDN6,
83025,OMAWDP6,OMAWDP6,OM2024,OM2024,consistent,XOMAWDP6,
83031,OMCERT8,OMCERT8,OM2024,OM2024,consistent,XOMCERT8,
83032,OMASSC8,OMASSC8,OM2024,OM2024,consistent,XOMASSC8,
83033,OMBACH8,OMBACH8,OM2024,OM2024,consistent,XOMBACH8,
83034,OMAWDN8,OMAWDN8,OM2024,OM2024,consistent,XOMAWDN8,
83035,OMAWDP8,OMAWDP8,OM2024,OM2024,consistent,XOMAWDP8,
83051,OMENRYI,OMENRYI,OM2024,OM2024,consistent,XOMENRYI,
83056,OMENRAI,OMENRAI,OM2024,OM2024,consistent,XOMENRAI,
83061,OMENRUN,OMENRUN,OM2024,OM2024,consistent,XOMENRUN,
83066,OMNOAWD,OMNOAWD,OM2024,OM2024,consistent,XOMNOAWD,
83076,OMENRTP,OMENRTP,OM2024,OM2024,consistent,XOMENRTP,
83081,OMENRYP,OMENRYP,OM2024,OM2024,consistent,XOMENRYP,
83086,OMENRAP,OMENRAP,OM2024,OM2024,consistent,XOMENRAP,
83091,OMENRUP,OMENRUP,OM2024,OM2024,consistent,XOMENRUP,
84101,OM1TotlAwdp4,OM1TOTLAWDP4,DRVOM2024,DRVOM2024,consistent,,
84102,OM1TotlAwdp6,OM1TOTLAWDP6,DRVOM2024,DRVOM2024,consistent,,
84103,OM1TotlAwdp8,OM1TOTLAWDP8,DRVOM2024,DRVOM2024,consistent,,
84104,OM1TotlEnYp8,OM1TOTLENYP8,DRVOM2024,DRVOM2024,consistent,,
84105,OM1TotlEnAp8,OM1TOTLENAP8,DRVOM2024,DRVOM2024,consistent,,
84106,OM1TotlEnUp8,OM1TOTLENUP8,DRVOM2024,DRVOM2024,consistent,,
84107,OM1TotlCRTp8,OM1TOTLCRTP8,DRVOM2024,DRVOM2024,consistent,,
84108,OM1TotlASCp8,OM1TOTLASCP8,DRVOM2024,DRVOM2024,consistent,,
84109,OM1TotlBACp8,OM1TOTLBACP8,DRVOM2024,DRVOM2024,consistent,,
84111,OM1PellAwdp4,OM1PELLAWDP4,DRVOM2024,DRVOM2024,consistent,,
84112,OM1PellAwdp6,OM1PELLAWDP6,DRVOM2024,DRVOM2024,consistent,,
84113,OM1PellAwdp8,OM1PELLAWDP8,DRVOM2024,DRVOM2024,consistent,,
84114,OM1PellEnYp8,OM1PELLENYP8,DRVOM2024,DRVOM2024,consistent,,
84115,OM1PellEnAp8,OM1PELLENAP8,DRVOM2024,DRVOM2024,consistent,,
84116,OM1PellEnUp8,OM1PELLENUP8,DRVOM2024,DRVOM2024,consistent,,
84117,OM1PellCRTp8,OM1PELLCRTP8,DRVOM2024,DRVOM2024,consistent,,
84118,OM1PellASCp8,OM1PELLASCP8,DRVOM2024,DRVOM2024,consistent,,
84119,OM1PellBACp8,OM1PELLBACP8,DRVOM2024,DRVOM2024,consistent,,
84121,OM1nPelAwdp4,OM1NPELAWDP4,DRVOM2024,DRVOM2024,consistent,,
84122,OM1nPelAwdp6,OM1NPELAWDP6,DRVOM2024,DRVOM2024,consistent,,
84123,OM1nPelAwdp8,OM1NPELAWDP8,DRVOM2024,DRVOM2024,consistent,,
84124,OM1nPelEnYp8,OM1NPELENYP8,DRVOM2024,DRVOM2024,consistent,,
84125,OM1nPelEnAp8,OM1NPELENAP8,DRVOM2024,DRVOM2024,consistent,,
84126,OM1nPelEnUp8,OM1NPELENUP8,DRVOM2024,DRVOM2024,consistent,,
84127,OM1nPelCRTp8,OM1NPELCRTP8,DRVOM2024,DRVOM2024,consistent,,
84128,OM1nPelASCp8,OM1NPELASCP8,DRVOM2024,DRVOM2024,consistent,,
84129,OM1nPelBACp8,OM1NPELBACP8,DRVOM2024,DRVOM2024,consistent,,
84201,OM2TotlAwdp4,OM2TOTLAWDP4,DRVOM2024,DRVOM2024,consistent,,
84202,OM2TotlAwdp6,OM2TOTLAWDP6,DRVOM2024,DRVOM2024,consistent,,
84203,OM2TotlAwdp8,OM2TOTLAWDP8,DRVOM2024,DRVOM2024,consistent,,
84204,OM2TotlEnYp8,OM2TOTLENYP8,DRVOM2024,DRVOM2024,consistent,,
84205,OM2TotlEnAp8,OM2TOTLENAP8,DRVOM2024,DRVOM2024,consistent,,
84206,OM2TotlEnUp8,OM2TOTLENUP8,DRVOM2024,DRVOM2024,consistent,,
84207,OM2TotlCRTp8,OM2TOTLCRTP8,DRVOM2024,DRVOM2024,consistent,,
84208,OM2TotlASCp8,OM2TOTLASCP8,DRVOM2024,DRVOM2024,consistent,,
84209,OM2TotlBACp8,OM2TOTLBACP8,DRVOM2024,DRVOM2024,consistent,,
84211,OM2PellAwdp4,OM2PELLAWDP4,DRVOM2024,DRVOM2024,consistent,,
84212,OM2PellAwdp6,OM2PELLAWDP6,DRVOM2024,DRVOM2024,consistent,,
84213,OM2PellAwdp8,OM2PELLAWDP8,DRVOM2024,DRVOM2024,consistent,,
84214,OM2PellEnYp8,OM2PELLENYP8,DRVOM2024,DRVOM2024,consistent,,
84215,OM2PellEnAp8,OM2PELLENAP8,DRVOM2024,DRVOM2024,consistent,,
84216,OM2PellEnUp8,OM2PELLENUP8,DRVOM2024,DRVOM2024,consistent,,
84217,OM2PellCRTp8,OM2PELLCRTP8,DRVOM2024,DRVOM2024,consistent,,
84218,OM2PellASCp8,OM2PELLASCP8,DRVOM2024,DRVOM2024,consistent,,
84219,OM2PellBACp8,OM2PELLBACP8,DRVOM2024,DRVOM2024,consistent,,
84221,OM2nPelAwdp4,OM2NPELAWDP4,DRVOM2024,DRVOM2024,consistent,,
84222,OM2nPelAwdp6,OM2NPELAWDP6,DRVOM2024,DRVOM2024,consistent,,
84223,OM2nPelAwdp8,OM2NPELAWDP8,DRVOM2024,DRVOM2024,consistent,,
84224,OM2nPelEnYp8,OM2NPELENYP8,DRVOM2024,DRVOM2024,consistent,,
84225,OM2nPelEnAp8,OM2NPELENAP8,DRVOM2024,DRVOM2024,consistent,,
84226,OM2nPelEnUp8,OM2NPELENUP8,DRVOM2024,DRVOM2024,consistent,,
84227,OM2nPelCRTp8,OM2NPELCRTP8,DRVOM2024,DRVOM2024,consistent,,
84228,OM2nPelASCp8,OM2NPELASCP8,DRVOM2024,DRVOM2024,consistent,,
84229,OM2nPelBACp8,OM2NPELBACP8,DRVOM2024,DRVOM2024,consistent,,
84301,OM3TotlAwdp4,OM3TOTLAWDP4,DRVOM2024,DRVOM2024,consistent,,
84302,OM3TotlAwdp6,OM3TOTLAWDP6,DRVOM2024,DRVOM2024,consistent,,
84303,OM3TotlAwdp8,OM3TOTLAWDP8,DRVOM2024,DRVOM2024,consistent,,
84304,OM3TotlEnYp8,OM3TOTLENYP8,DRVOM2024,DRVOM2024,consistent,,
84305,OM3TotlEnAp8,OM3TOTLENAP8,DRVOM2024,DRVOM2024,consistent,,
84306,OM3TotlEnUp8,OM3TOTLENUP8,DRVOM2024,DRVOM2024,consistent,,
84307,OM3TotlCRTp8,OM3TOTLCRTP8,DRVOM2024,DRVOM2024,consistent,,
84308,OM3TotlASCp8,OM3TOTLASCP8,DRVOM2024,DRVOM2024,consistent,,
84309,OM3TotlBACp8,OM3TOTLBACP8,DRVOM2024,DRVOM2024,consistent,,
84311,OM3PellAwdp4,OM3PELLAWDP4,DRVOM2024,DRVOM2024,consistent,,
84312,OM3PellAwdp6,OM3PELLAWDP6,DRVOM2024,DRVOM2024,consistent,,
84313,OM3PellAwdp8,OM3PELLAWDP8,DRVOM2024,DRVOM2024,consistent,,
84314,OM3PellEnYp8,OM3PELLENYP8,DRVOM2024,DRVOM2024,consistent,,
84315,OM3PellEnAp8,OM3PELLENAP8,DRVOM2024,DRVOM2024,consistent,,
84316,OM3PellEnUp8,OM3PELLENUP8,DRVOM2024,DRVOM2024,consistent,,
84317,OM3PellCRTp8,OM3PELLCRTP8,DRVOM2024,DRVOM2024,consistent,,
84318,OM3PellASCp8,OM3PELLASCP8,DRVOM2024,DRVOM2024,consistent,,
84319,OM3PellBACp8,OM3PELLBACP8,DRVOM2024,DRVOM2024,consistent,,
84321,OM3nPelAwdp4,OM3NPELAWDP4,DRVOM2024,DRVOM2024,consistent,,
84322,OM3nPelAwdp6,OM3NPELAWDP6,DRVOM2024,DRVOM2024,consistent,,
84323,OM3nPelAwdp8,OM3NPELAWDP8,DRVOM2024,DRVOM2024,consistent,,
84324,OM3nPelEnYp8,OM3NPELENYP8,DRVOM2024,DRVOM2024,consistent,,
84325,OM3nPelEnAp8,OM3NPELENAP8,DRVOM2024,DRVOM2024,consistent,,
84326,OM3nPelEnUp8,OM3NPELENUP8,DRVOM2024,DRVOM2024,consistent,,
84327,OM3nPelCRTp8,OM3NPELCRTP8,DRVOM2024,DRVOM2024,consistent,,
84328,OM3nPelASCp8,OM3NPELASCP8,DRVOM2024,DRVOM2024,consistent,,
84329,OM3nPelBACp8,OM3NPELBACP8,DRVOM2024,DRVOM2024,consistent,,
84401,OM4TotlAwdp4,OM4TOTLAWDP4,DRVOM2024,DRVOM2024,consistent,,
84402,OM4TotlAwdp6,OM4TOTLAWDP6,DRVOM2024,DRVOM2024,consistent,,
84403,OM4TotlAwdp8,OM4TOTLAWDP8,DRVOM2024,DRVOM2024,consistent,,
84404,OM4TotlEnYp8,OM4TOTLENYP8,DRVOM2024,DRVOM2024,consistent,,
84405,OM4TotlEnAp8,OM4TOTLENAP8,DRVOM2024,DRVOM2024,consistent,,
84406,OM4TotlEnUp8,OM4TOTLENUP8,DRVOM2024,DRVOM2024,consistent,,
84407,OM4TotlCRTp8,OM4TOTLCRTP8,DRVOM2024,DRVOM2024,consistent,,
84408,OM4TotlASCp8,OM4TOTLASCP8,DRVOM2024,DRVOM2024,consistent,,
84409,OM4TotlBACp8,OM4TOTLBACP8,DRVOM2024,DRVOM2024,consistent,,
84411,OM4PellAwdp4,OM4PELLAWDP4,DRVOM2024,DRVOM2024,consistent,,
84412,OM4PellAwdp6,OM4PELLAWDP6,DRVOM2024,DRVOM2024,consistent,,
84413,OM4PellAwdp8,OM4PELLAWDP8,DRVOM2024,DRVOM2024,consistent,,
84414,OM4PellEnYp8,OM4PELLENYP8,DRVOM2024,DRVOM2024,consistent,,
84415,OM4PellEnAp8,OM4PELLENAP8,DRVOM2024,DRVOM2024,consistent,,
84416,OM4PellEnUp8,OM4PELLENUP8,DRVOM2024,DRVOM2024,consistent,,
84417,OM4PellCRTp8,OM4PELLCRTP8,DRVOM2024,DRVOM2024,consistent,,
84418,OM4PellASCp8,OM4PELLASCP8,DRVOM2024,DRVOM2024,consistent,,
84419,OM4PellBACp8,OM4PELLBACP8,DRVOM2024,DRVOM2024,consistent,,
84421,OM4nPelAwdp4,OM4NPELAWDP4,DRVOM2024,DRVOM2024,consistent,,
84422,OM4nPelAwdp6,OM4NPELAWDP6,DRVOM2024,DRVOM2024,consistent,,
84423,OM4nPelAwdp8,OM4NPELAWDP8,DRVOM2024,DRVOM2024,consistent,,
84424,OM4nPelEnYp8,OM4NPELENYP8,DRVOM2024,DRVOM2024,consistent,,
84425,OM4nPelEnAp8,OM4NPELENAP8,DRVOM2024,DRVOM2024,consistent,,
84426,OM4nPelEnUp8,OM4NPELENUP8,DRVOM2024,DRVOM2024,consistent,,
84427,OM4nPelCRTp8,OM4NPELCRTP8,DRVOM2024,DRVOM2024,consistent,,
84428,OM4nPelASCp8,OM4NPELASCP8,DRVOM2024,DRVOM2024,consistent,,
84429,OM4nPelBACp8,OM4NPELBACP8,DRVOM2024,DRVOM2024,consistent,,
90001,STAT_EAP,STAT_EAP,FLAGS2024,FLAGS2024,consistent,,
90003,STAT_HR,STAT_HR,FLAGS2024,FLAGS2024,consistent,,
90005,IMP_HR,IMP_HR,FLAGS2024,FLAGS2024,consistent,,
90007,LOCK_HR,LOCK_HR,FLAGS2024,FLAGS2024,consistent,,
90009,PRCH_HR,PRCH_HR,FLAGS2024,FLAGS2024,consistent,,
90013,IDX_HR,IDX_HR,FLAGS2024,FLAGS2024,consistent,,
90019,PCHR_F,PCHR_F,FLAGS2024,FLAGS2024,consistent,,
90101,EAPCAT,EAPCAT,EAP2024,EAP2024,consistent,,
90106,OCCUPCAT,OCCUPCAT,EAP2024,EAP2024|S2024_NH|S2024_OC,consistent,,
90111,FACSTAT,FACSTAT,EAP2024,EAP2024|S2024_IS|S2024_NH|S2024_SIS,consistent,,
90131,EAPTYP,EAPTYP,EAP2024,EAP2024,consistent,XEAPTYP,
90136,EAPMED,EAPMED,EAP2024,EAP2024,consistent,XEAPMED,
90141,EAPTOT,EAPTOT,EAP2024,EAP2024,consistent,XEAPTOT,
90146,EAPFT,EAPFT,EAP2024,EAP2024,consistent,XEAPFT,
90151,EAPFTTYP,EAPFTTYP,EAP2024,EAP2024,consistent,XEAPFTTY,
90156,EAPFTMED,EAPFTMED,EAP2024,EAP2024,consistent,XEAPFTMD,
90161,EAPPT,EAPPT,EAP2024,EAP2024,consistent,XEAPPT,
90166,EAPPTTYP,EAPPTTYP,EAP2024,EAP2024,consistent,XEAPPTTY,
90171,EAPPTMED,EAPPTMED,EAP2024,EAP2024,consistent,XEAPPTMD,
90200,TENURSYS,TENURSYS,FLAGS2024,FLAGS2024,consistent,,
90305,SFTETOTL,SFTETOTL,DRVHR2024,DRVHR2024,consistent,,
90310,SFTEPSTC,SFTEPSTC,DRVHR2024,DRVHR2024,consistent,,
90350,SFTEINST,SFTEINST,DRVHR2024,DRVHR2024,consistent,,
90355,SFTERSRC,SFTERSRC,DRVHR2024,DRVHR2024,consistent,,
90360,SFTEPBSV,SFTEPBSV,DRVHR2024,DRVHR2024,consistent,,
90365,SFTELCAI,SFTELCAI,DRVHR2024,DRVHR2024,consistent,,
90370,SFTELCA,SFTELCA,DRVHR2024,DRVHR2024,consistent,,
90375,SFTEOTIS,SFTEOTIS,DRVHR2024,DRVHR2024,consistent,,
90380,SFTEMNGM,SFTEMNGM,DRVHR2024,DRVHR2024,consistent,,
90385,SFTEBFO,SFTEBFO,DRVHR2024,DRVHR2024,consistent,,
90390,SFTECES,SFTECES,DRVHR2024,DRVHR2024,consistent,,
90395,SFTECLAM,SFTECLAM,DRVHR2024,DRVHR2024,consistent,,
90400,SFTEHLTH,SFTEHLTH,DRVHR2024,DRVHR2024,consistent,,
90405,SFTEOTHR,SFTEOTHR,DRVHR2024,DRVHR2024,consistent,,
90410,SFTESRVC,SFTESRVC,DRVHR2024,DRVHR2024,consistent,,
90415,SFTESALE,SFTESALE,DRVHR2024,DRVHR2024,consistent,,
90420,SFTEOFAS,SFTEOFAS,DRVHR2024,DRVHR2024,consistent,,
90425,SFTENRCM,SFTENRCM,DRVHR2024,DRVHR2024,consistent,,
90430,SFTEPTMM,SFTEPTMM,DRVHR2024,DRVHR2024,consistent,,
100603,TUFEYR0,TUFEYR0,DRVCOST2024,DRVCOST2024,consistent,,
100605,TUFEYR1,TUFEYR1,DRVCOST2024,DRVCOST2024,consistent,,
100607,TUFEYR2,TUFEYR2,DRVCOST2024,DRVCOST2024,consistent,,
100609,TUFEYR3,TUFEYR3,DRVCOST2024,DRVCOST2024,consistent,,
160001,STAT_AL,STAT_AL,FLAGS2024,FLAGS2024,consistent,,
160006,LOCK_AL,LOCK_AL,FLAGS2024,FLAGS2024,consistent,,
160011,PRCH_AL,PRCH_AL,FLAGS2024,FLAGS2024,consistent,,
160016,IDX_AL,IDX_AL,FLAGS2024,FLAGS2024,consistent,,
160018,PCAL_F,PCAL_F,FLAGS2024,FLAGS2024,consistent,,
160021,IMP_AL,IMP_AL,FLAGS2024,FLAGS2024,consistent,,
160026,HASAL,HASAL,FLAGS2024,FLAGS2024,consistent,,
160100,LCOLELYN,LCOLELYN,AL2024,AL2024,consistent,,
160105,LPBOOKS,LPBOOKS,AL2024,AL2024,consistent,XLPBOOKS,
160110,LEBOOKS,LEBOOKS,AL2024,AL2024,consistent,XLEBOOKS,
160115,LEDATAB,LEDATAB,AL2024,AL2024,consistent,XLEDATAB,
160120,LPMEDIA,LPMEDIA,AL2024,AL2024,consistent,XLPMEDIA,
160125,LEMEDIA,LEMEDIA,AL2024,AL2024,consistent,XLEMEDIA,
160130,LPCLLCT,LPCLLCT,AL2024,AL2024,consistent,XLPCOLLC,
160135,LECLLCT,LECLLCT,AL2024,AL2024,consistent,XLECOLLC,
160136,LTCLLCT,LTCLLCT,AL2024,AL2024,consistent,XLTCLLCT,
160140,LPCRCLT,LPCRCLT,AL2024,AL2024,consistent,XLPCRCLT,
160145,LECRCLT,LECRCLT,AL2024,AL2024,consistent,XLECRCLT,
160146,LTCRCLT,LTCRCLT,AL2024,AL2024,consistent,XLTCRCLT,
160150,LBRANCH,LBRANCH,AL2024,AL2024,consistent,XLBRANCH,
160153,LEXP100K,LEXP100K,AL2024,AL2024,consistent,,
160155,LSALWAG,LSALWAG,AL2024,AL2024,consistent,XSALWAG,
160160,LFRNGBYN,LFRNGBYN,AL2024,AL2024,consistent,,
160165,LFRNGBN,LFRNGBN,AL2024,AL2024,consistent,XLFRNGBN,
160170,LEXMSBB,LEXMSBB,AL2024,AL2024,consistent,XLEXMSBB,
160175,LEXMSCS,LEXMSCS,AL2024,AL2024,consistent,XLEXMSCS,
160180,LEXMSOT,LEXMSOT,AL2024,AL2024,consistent,XLEXMSOT,
160185,LEXMSTL,LEXMSTL,AL2024,AL2024,consistent,XLEXMSTL,
160190,LEXOMPS,LEXOMPS,AL2024,AL2024,consistent,XLEXOMPS,
160195,LEXOMOT,LEXOMOT,AL2024,AL2024,consistent,XLEXOMOT,
160200,LEXOMTL,LEXOMTL,AL2024,AL2024,consistent,XLEXOMTL,
160205,LEXPTOT,LEXPTOT,AL2024,AL2024,consistent,XLEXPTOT,
160206,LSWMSOM,LSWMSOM,AL2024,AL2024,consistent,,
160210,LILLDPR,LILLDPR,AL2024,AL2024,consistent,XLILLDPR,
160215,LILLDRC,LILLDRC,AL2024,AL2024,consistent,XLILLDRC,
160225,LPBOOKSP,LPBOOKSP,DRVAL2024,DRVAL2024,consistent,,
160230,LPMEDIAP,LPMEDIAP,DRVAL2024,DRVAL2024,consistent,,
160235,LEBOOKSP,LEBOOKSP,DRVAL2024,DRVAL2024,consistent,,
160240,LEDATABP,LEDATABP,DRVAL2024,DRVAL2024,consistent,,
160245,LEMEDIAP,LEMEDIAP,DRVAL2024,DRVAL2024,consistent,,
160250,LSALWAGP,LSALWAGP,DRVAL2024,DRVAL2024,consistent,,
160255,LFRNGBNP,LFRNGBNP,DRVAL2024,DRVAL2024,consistent,,
160260,LEXMSBBP,LEXMSBBP,DRVAL2024,DRVAL2024,consistent,,
160265,LEXMSCSP,LEXMSCSP,DRVAL2024,DRVAL2024,consistent,,
160270,LEXMSOTP,LEXMSOTP,DRVAL2024,DRVAL2024,consistent,,
160275,LEXOMTLP,LEXOMTLP,DRVAL2024,DRVAL2024,consistent,,
160280,LEXPTOTF,LEXPTOTF,DRVAL2024,DRVAL2024,consistent,,
160300,LPSERIA,LPSERIA,AL2024,AL2024,consistent,XLPSERIA,
160305,LESERIA,LESERIA,AL2024,AL2024,consistent,XLESERIA,
160310,LILLDYN,LILLDYN,AL2024,AL2024,consistent,,
160315,LPSERIAP,LPSERIAP,DRVAL2024,DRVAL2024,consistent,,
160320,LESERIAP,LESERIAP,DRVAL2024,DRVAL2024,consistent,,
160325,LILSYN,LILSYN,AL2024,AL2024,consistent,,
160330,LSTOTAL,LSTOTAL,AL2024,AL2024,consistent,XLSTOTAL,
160335,LSLIBRN,LSLIBRN,AL2024,AL2024,consistent,XLSLIBRN,
160340,LSOPROF,LSOPROF,AL2024,AL2024,consistent,XLSOPROF,
160345,LSOPAID,LSOPAID,AL2024,AL2024,consistent,XLSOPAID,
160350,LSSTAST,LSSTAST,AL2024,AL2024,consistent,XLSSTAST,
160355,LTOTLFTE,LTOTLFTE,DRVAL2024,DRVAL2024,consistent,,
160360,LLIBRFTE,LLIBRFTE,DRVAL2024,DRVAL2024,consistent,,
160365,LPROFFTE,LPROFFTE,DRVAL2024,DRVAL2024,consistent,,
160370,LPAIDFTE,LPAIDFTE,DRVAL2024,DRVAL2024,consistent,,
160375,LSTUDFTE,LSTUDFTE,DRVAL2024,DRVAL2024,consistent,,
